f0,f1,f2,f3,f4,f5,f6,f7,true_label,pred,confidence,proba_class1
1.84398,1.88496,0.71628,1.49703,1.6146,3.14159,0.0,0.0,0,0,0.5067,0.4933
2.49279,2.51327,0.62721,1.47099,2.2279,0.0,3.14159,0.0,0,1,0.5208,0.5208
1.22932,0.98175,0.27278,1.95265,0.13768,0.0,0.0,3.14159,0,1,0.5031,0.5031
1.94642,2.15984,0.39525,1.60985,0.20026,0.0,0.0,3.14159,0,0,0.5058,0.4942
1.05858,1.45299,0.89998,0.87218,0.85111,0.0,0.0,3.14159,0,0,0.5103,0.4897
0.99028,1.25664,0.43236,1.74003,0.85111,0.0,0.0,3.14159,0,1,0.5013,0.5013
1.33176,1.06029,0.90184,1.07613,2.49074,0.0,3.14159,0.0,0,1,0.505,0.505
1.05858,0.90321,0.43607,1.47533,2.47823,0.0,0.0,3.14159,1,1,0.5125,0.5125
0.92199,0.86394,0.43793,2.03075,1.71473,0.0,0.0,3.14159,0,1,0.5243,0.5243
1.19517,1.09956,0.49174,1.42326,0.13768,0.0,3.14159,0.0,0,0,0.5052,0.4948
1.84398,2.12058,2.21934,0.43826,1.6897,0.0,3.14159,0.0,0,0,0.5047,0.4953
1.16102,1.37445,0.42494,1.79644,0.58827,0.0,0.0,3.14159,0,0,0.5037,0.4963
0.99028,1.21737,0.58824,1.37987,0.48814,0.0,3.14159,0.0,0,0,0.5075,0.4925
0.64881,1.09956,0.72927,1.37119,1.18905,0.0,3.14159,0.0,0,1,0.5135,0.5135
1.84398,1.92423,0.56968,1.51873,2.36558,0.0,0.0,3.14159,0,0,0.5021,0.4979
1.67324,2.31692,0.43422,2.23904,1.02634,0.0,0.0,3.14159,0,0,0.5099,0.4901
2.80012,2.474,0.48247,2.28243,1.10143,0.0,3.14159,0.0,0,1,0.5159,0.5159
1.77568,2.31692,0.64391,1.65758,2.04016,0.0,3.14159,0.0,0,0,0.5006,0.4994
1.22932,1.80642,0.5103,1.73135,1.47692,0.0,3.14159,0.0,0,0,0.5018,0.4982
1.43421,1.33518,0.54741,1.8919,2.79114,0.0,3.14159,0.0,0,1,0.5061,0.5061
0.34148,0.66759,0.527,1.86152,2.69101,0.0,3.14159,0.0,0,1,0.5261,0.5261
2.73182,2.55254,0.51216,1.58381,0.60078,0.0,3.14159,0.0,0,1,0.5073,0.5073
0.7171,1.02102,1.24884,0.7637,0.30039,0.0,3.14159,0.0,0,0,0.5053,0.4947
1.74154,2.12058,0.40082,2.02207,2.36558,0.0,3.14159,0.0,0,1,0.5004,0.5004
1.16102,1.53153,1.14864,0.89388,0.97627,0.0,0.0,3.14159,0,0,0.5109,0.4891
2.25375,1.80642,0.56411,1.82681,0.30039,0.0,3.14159,0.0,0,0,0.5026,0.4974
2.80012,2.74889,0.4435,1.94831,0.52568,0.0,0.0,3.14159,0,1,0.5168,0.5168
0.88784,0.7854,0.5771,1.71399,0.73846,0.0,3.14159,0.0,0,1,0.5121,0.5121
1.12688,1.49226,0.45463,1.78776,0.47562,0.0,0.0,3.14159,0,0,0.5037,0.4963
1.29761,1.88496,0.27463,2.19998,0.72595,0.0,3.14159,0.0,0,0,0.5059,0.4941
0.61466,0.82467,0.48618,1.72267,1.71473,0.0,0.0,3.14159,0,1,0.5304,0.5304
1.63909,1.49226,0.49917,1.55778,1.25163,0.0,3.14159,0.0,0,0,0.5132,0.4868
1.87813,2.08131,0.73669,1.74436,1.0764,0.0,3.14159,0.0,0,0,0.5073,0.4927
2.59523,2.55254,0.29505,2.32582,1.12647,0.0,3.14159,0.0,0,1,0.5117,0.5117
1.5708,1.72788,0.33587,2.26073,2.24042,0.0,0.0,3.14159,0,1,0.5058,0.5058
2.11716,1.92423,0.55669,1.84851,0.25033,0.0,3.14159,0.0,0,0,0.5013,0.4987
1.60494,1.33518,0.83504,1.04575,1.37679,0.0,3.14159,0.0,0,0,0.511,0.489
1.70739,1.64934,0.64205,1.61419,0.02503,0.0,3.14159,0.0,0,0,0.5016,0.4984
1.22932,1.53153,0.19113,2.21734,2.07771,0.0,0.0,3.14159,0,1,0.5097,0.5097
1.67324,2.31692,0.78865,1.16291,2.49074,0.0,3.14159,0.0,0,1,0.5082,0.5082
1.53665,1.53153,0.30618,2.12622,1.18905,0.0,0.0,3.14159,0,0,0.5057,0.4943
1.63909,1.88496,0.5771,2.02641,1.38931,0.0,3.14159,0.0,0,0,0.5051,0.4949
3.03915,3.02378,0.54556,1.56212,1.2266,0.0,3.14159,0.0,0,1,0.5223,0.5223
2.35619,2.19911,1.0707,0.96331,0.05007,3.14159,0.0,0.0,0,1,0.5058,0.5058
0.75125,1.25664,0.95565,1.15857,1.66467,0.0,3.14159,0.0,0,1,0.5125,0.5125
1.26347,1.45299,0.95009,1.12386,1.05137,0.0,3.14159,0.0,0,0,0.5097,0.4903
0.99028,1.21737,0.89998,1.18461,0.37549,0.0,3.14159,0.0,0,0,0.5078,0.4922
2.11716,1.88496,0.66246,1.74003,0.5382,3.14159,0.0,0.0,0,0,0.5058,0.4942
1.67324,2.31692,0.66617,1.45364,0.88866,0.0,3.14159,0.0,0,0,0.5072,0.4928
1.94642,2.31692,0.50659,1.55344,1.75228,0.0,0.0,3.14159,0,0,0.5035,0.4965
2.08301,1.88496,0.86473,1.26271,1.06389,0.0,3.14159,0.0,0,0,0.5105,0.4895
1.84398,2.39546,0.41937,1.65758,2.80365,0.0,0.0,3.14159,0,1,0.5026,0.5026
0.51222,0.90321,0.6105,1.5274,0.36297,0.0,3.14159,0.0,0,1,0.5091,0.5091
0.88784,1.09956,0.2301,1.86586,1.94003,0.0,3.14159,0.0,0,1,0.5203,0.5203
1.02443,1.06029,0.64391,1.43628,2.00261,0.0,3.14159,0.0,0,1,0.5134,0.5134
1.91227,1.49226,0.53442,1.70097,1.57705,3.14159,0.0,0.0,0,0,0.5066,0.4934
1.22932,1.68861,0.2635,2.1132,1.32673,0.0,0.0,3.14159,0,0,0.5005,0.4995
2.2196,2.04204,0.30618,1.75304,1.77732,0.0,0.0,3.14159,0,0,0.5008,0.4992
1.91227,2.70962,0.69401,1.57947,1.36428,0.0,0.0,3.14159,0,0,0.5015,0.4985
2.39034,2.39546,1.29523,0.81577,1.55202,0.0,0.0,3.14159,0,1,0.5059,0.5059
1.77568,1.92423,0.36556,2.05245,2.07771,3.14159,0.0,0.0,0,0,0.5014,0.4986
2.35619,2.19911,0.54556,1.92661,1.3017,0.0,3.14159,0.0,0,1,0.5001,0.5001
2.52693,2.474,1.41585,0.74635,0.88866,0.0,0.0,3.14159,0,0,0.5061,0.4939
1.63909,1.37445,0.44535,1.66192,0.76349,0.0,3.14159,0.0,0,0,0.5139,0.4861
0.61466,0.94248,0.83875,1.26271,2.40313,0.0,3.14159,0.0,0,1,0.5193,0.5193
1.77568,2.31692,0.60865,1.86586,2.52829,0.0,3.14159,0.0,0,1,0.504,0.504
2.35619,2.15984,0.82761,1.25837,0.92621,0.0,0.0,3.14159,0,0,0.5058,0.4942
1.80983,1.76715,0.25422,2.03075,0.10013,0.0,3.14159,0.0,0,0,0.5043,0.4957
2.76597,2.27765,0.5938,1.38855,0.86363,0.0,3.14159,0.0,0,1,0.5012,0.5012
1.19517,1.5708,0.50473,1.88756,1.26415,0.0,0.0,3.14159,0,1,0.502,0.502
0.75125,0.90321,0.70329,1.51005,1.7648,0.0,0.0,3.14159,0,1,0.5234,0.5234
2.49279,1.84569,0.43422,2.07848,0.1502,0.0,3.14159,0.0,0,1,0.5043,0.5043
1.77568,1.88496,0.9538,0.97632,0.35046,0.0,3.14159,0.0,0,0,0.5108,0.4892
2.15131,1.61007,0.75524,1.28875,1.11395,0.0,3.14159,0.0,0,0,0.5122,0.4878
0.75125,1.21737,1.19317,0.85916,2.24042,3.14159,0.0,0.0,0,1,0.5062,0.5062
2.86841,2.63108,0.67731,1.28007,1.86493,0.0,0.0,3.14159,0,1,0.527,0.527
2.86841,2.63108,0.85545,1.21932,2.57836,0.0,0.0,3.14159,0,1,0.5315,0.5315
1.05858,1.06029,0.55298,1.51873,0.72595,3.14159,0.0,0.0,0,0,0.5023,0.4977
1.80983,1.61007,0.83133,1.4493,2.02764,0.0,3.14159,0.0,0,0,0.5013,0.4987
1.98057,1.72788,0.51216,1.53608,2.69101,0.0,3.14159,0.0,0,0,0.502,0.498
0.81955,0.98175,0.57154,1.68362,1.88996,3.14159,0.0,0.0,0,1,0.5232,0.5232
2.18546,1.9635,0.57896,2.03509,1.08892,0.0,3.14159,0.0,0,0,0.5048,0.4952
1.80983,1.68861,0.55112,1.39289,1.18905,0.0,0.0,3.14159,0,0,0.5161,0.4839
0.81955,0.58905,0.62535,1.37119,2.44068,0.0,3.14159,0.0,0,1,0.5264,0.5264
1.5025,1.33518,0.78308,1.48835,2.12777,0.0,0.0,3.14159,0,1,0.5019,0.5019
1.12688,1.5708,1.38059,0.77672,0.08761,0.0,3.14159,0.0,0,0,0.5161,0.4839
1.05858,1.1781,0.38041,1.76606,1.6897,0.0,3.14159,0.0,0,1,0.5118,0.5118
1.12688,1.33518,0.66061,1.36685,2.47823,0.0,3.14159,0.0,0,1,0.5027,0.5027
1.84398,2.08131,0.70143,1.67494,1.51447,0.0,0.0,3.14159,0,0,0.5062,0.4938
1.91227,2.08131,0.71628,1.3061,1.62712,0.0,0.0,3.14159,0,0,0.5048,0.4952
2.90256,2.94524,0.37113,2.0915,1.75228,3.14159,0.0,0.0,0,1,0.5315,0.5315
2.97085,2.94524,0.80535,1.45798,1.58957,0.0,3.14159,0.0,0,1,0.5242,0.5242
2.90256,2.90597,1.73688,0.62485,0.27536,0.0,0.0,3.14159,0,1,0.5086,0.5086
1.02443,1.53153,0.67731,1.38855,2.21539,3.14159,0.0,0.0,0,1,0.5046,0.5046
1.91227,2.63108,0.33958,2.09584,1.56454,0.0,3.14159,0.0,0,0,0.5033,0.4967
0.99028,1.29591,0.42494,1.88322,0.95124,0.0,0.0,3.14159,0,1,0.5057,0.5057
0.92199,0.7854,0.44721,1.79644,1.75228,0.0,3.14159,0.0,0,1,0.5225,0.5225
0.75125,1.33518,0.61978,1.34082,2.66597,0.0,3.14159,0.0,0,1,0.5042,0.5042
2.93671,2.74889,0.29319,2.52108,1.95254,0.0,3.14159,0.0,0,1,0.5329,0.5329
0.7171,0.90321,0.48061,1.65758,2.3781,0.0,0.0,3.14159,0,1,0.5233,0.5233
1.67324,1.53153,0.48432,1.95265,0.76349,3.14159,0.0,0.0,0,0,0.5072,0.4928
1.33176,1.06029,0.38041,2.16527,0.32542,0.0,3.14159,0.0,0,1,0.5044,0.5044
2.18546,1.64934,0.7905,1.45364,1.16402,0.0,3.14159,0.0,0,0,0.5086,0.4914
1.63909,2.31692,0.46762,2.04811,0.95124,0.0,0.0,3.14159,0,0,0.5091,0.4909
2.11716,1.88496,0.96679,1.06311,1.6897,0.0,3.14159,0.0,0,1,0.5006,0.5006
2.08301,1.84569,0.70143,1.5274,2.49074,0.0,3.14159,0.0,0,1,0.5031,0.5031
1.70739,1.64934,0.77937,1.19328,2.25293,0.0,3.14159,0.0,0,0,0.501,0.499
1.84398,1.92423,1.5309,0.64654,1.27666,0.0,0.0,3.14159,0,0,0.5102,0.4898
2.2879,1.92423,0.74597,1.34516,2.14029,0.0,3.14159,0.0,0,1,0.5069,0.5069
1.84398,1.64934,0.37484,1.7487,2.20287,0.0,3.14159,0.0,0,0,0.5032,0.4968
2.42449,2.08131,0.69401,1.57947,2.56584,0.0,3.14159,0.0,0,1,0.5125,0.5125
2.01472,1.92423,1.16905,0.85916,1.05137,0.0,3.14159,0.0,0,0,0.5117,0.4883
2.80012,2.31692,0.707,1.30176,1.33924,0.0,0.0,3.14159,0,1,0.5104,0.5104
2.76597,2.27765,0.45092,2.02207,1.60209,0.0,3.14159,0.0,0,1,0.5191,0.5191
1.77568,2.39546,0.77009,1.3278,1.08892,0.0,3.14159,0.0,0,0,0.5059,0.4941
2.35619,2.27765,0.8072,1.29309,0.23781,0.0,3.14159,0.0,0,1,0.5041,0.5041
0.75125,1.45299,1.15421,0.88954,1.2266,0.0,3.14159,0.0,0,1,0.5028,0.5028
2.18546,2.08131,0.21711,2.33884,2.10274,0.0,0.0,3.14159,0,1,0.5079,0.5079
1.84398,2.08131,0.52143,1.63588,1.57705,0.0,3.14159,0.0,0,0,0.5085,0.4915
2.25375,2.04204,0.5604,1.42326,0.43807,0.0,0.0,3.14159,0,0,0.5088,0.4912
2.90256,2.90597,0.51401,1.6489,0.31291,0.0,3.14159,0.0,0,1,0.5221,0.5221
2.39034,2.35619,0.2969,1.82681,2.42816,0.0,0.0,3.14159,0,1,0.5133,0.5133
1.29761,1.80642,0.48247,1.72267,1.17653,0.0,0.0,3.14159,0,0,0.5063,0.4937
0.68295,1.13883,0.60123,1.27139,0.17523,0.0,3.14159,0.0,0,0,0.5032,0.4968
1.77568,1.64934,0.68844,1.60985,1.45189,0.0,0.0,3.14159,0,0,0.508,0.492
1.70739,2.23838,0.64019,1.48835,1.26415,0.0,3.14159,0.0,0,0,0.5085,0.4915
1.02443,1.25664,1.26369,0.98934,2.1528,0.0,3.14159,0.0,0,1,0.5032,0.5032
0.61466,1.06029,0.46576,2.13489,2.49074,0.0,0.0,3.14159,0,1,0.5224,0.5224
2.2196,1.68861,1.11338,0.85483,2.47823,0.0,0.0,3.14159,0,1,0.5069,0.5069
0.58051,0.86394,0.57896,1.32346,0.71343,0.0,0.0,3.14159,0,1,0.5083,0.5083
2.04886,1.84569,0.43236,2.04811,2.49074,0.0,3.14159,0.0,0,1,0.5056,0.5056
2.49279,2.08131,0.66988,1.54042,1.7648,0.0,0.0,3.14159,0,1,0.5094,0.5094
1.12688,1.5708,0.91112,1.01104,0.67588,3.14159,0.0,0.0,0,0,0.5125,0.4875
2.01472,2.00277,0.51958,1.57947,0.58827,0.0,3.14159,0.0,0,0,0.5113,0.4887
1.53665,1.45299,0.69401,1.3278,1.52699,0.0,3.14159,0.0,0,0,0.5079,0.4921
1.67324,2.08131,2.20635,0.45562,1.80235,0.0,0.0,3.14159,0,0,0.5022,0.4978
2.04886,2.00277,0.43979,1.78776,0.73846,0.0,0.0,3.14159,0,0,0.5112,0.4888
0.37563,0.70686,0.68287,1.38421,0.72595,0.0,3.14159,0.0,0,1,0.5171,0.5171
1.16102,1.09956,0.48803,2.16961,0.77601,0.0,3.14159,0.0,0,1,0.5093,0.5093
1.91227,1.9635,0.56411,1.59683,2.26545,0.0,0.0,3.14159,0,0,0.5012,0.4988
0.95614,1.41372,0.48618,1.78342,0.87614,0.0,3.14159,0.0,0,1,0.5027,0.5027
1.36591,1.1781,0.4435,2.00038,2.60339,0.0,0.0,3.14159,0,1,0.5101,0.5101
1.84398,2.39546,0.28762,2.35186,2.36558,0.0,3.14159,0.0,1,1,0.5043,0.5043
0.7171,1.21737,0.54185,1.82247,2.09022,0.0,3.14159,0.0,0,1,0.5229,0.5229
1.46835,2.00277,0.58824,1.85285,1.45189,0.0,3.14159,0.0,0,0,0.5051,0.4949
2.35619,2.39546,0.81091,1.37987,1.97758,0.0,3.14159,0.0,0,1,0.5133,0.5133
1.77568,1.92423,0.67174,1.38855,0.37549,0.0,3.14159,0.0,0,0,0.509,0.491
0.75125,0.94248,0.83504,1.14555,1.82738,0.0,3.14159,0.0,0,1,0.5191,0.5191
1.43421,1.33518,0.4435,1.96567,0.06258,0.0,0.0,3.14159,0,1,0.5028,0.5028
1.74154,1.53153,0.80349,1.13254,2.01513,0.0,0.0,3.14159,0,0,0.5014,0.4986
0.95614,1.1781,0.85545,1.13254,0.03755,0.0,3.14159,0.0,0,0,0.5045,0.4955
2.18546,1.76715,0.47133,1.90492,0.1502,0.0,3.14159,0.0,0,0,0.501,0.499
2.39034,2.27765,0.60494,1.44496,0.6884,0.0,3.14159,0.0,0,0,0.5046,0.4954
2.11716,1.92423,0.57339,1.90492,1.01382,0.0,3.14159,0.0,0,0,0.5074,0.4926
2.42449,2.12058,1.31008,0.78974,2.46571,0.0,0.0,3.14159,0,1,0.5125,0.5125
1.77568,2.43473,0.41195,1.80077,0.67588,0.0,3.14159,0.0,0,0,0.5082,0.4918
2.39034,2.23838,0.46948,1.56646,1.66467,0.0,3.14159,0.0,0,1,0.5051,0.5051
2.80012,2.82743,0.81091,1.13687,1.62712,0.0,0.0,3.14159,0,1,0.5221,0.5221
0.10244,0.11781,0.39896,2.0915,0.0,3.14159,0.0,0.0,0,1,0.5281,0.5281
0.75125,1.06029,0.57154,1.53174,1.20157,0.0,3.14159,0.0,0,1,0.5136,0.5136
1.22932,1.72788,0.58267,1.67928,2.19035,0.0,3.14159,0.0,0,1,0.502,0.502
0.47807,0.7854,0.59566,1.72267,1.05137,0.0,3.14159,0.0,0,1,0.5243,0.5243
2.66352,2.74889,0.31917,2.06547,1.21408,0.0,3.14159,0.0,0,1,0.516,0.516
1.33176,1.80642,0.52329,1.50571,2.00261,0.0,3.14159,0.0,0,0,0.5032,0.4968
2.04886,1.92423,0.6105,1.48835,0.58827,0.0,3.14159,0.0,0,0,0.5114,0.4886
2.90256,2.82743,0.48432,1.91359,0.65085,0.0,3.14159,0.0,0,1,0.519,0.519
0.75125,1.25664,0.48618,1.70531,0.0,0.0,3.14159,0.0,0,1,0.5016,0.5016
0.92199,1.64934,0.41195,1.88756,0.5382,0.0,3.14159,0.0,0,0,0.5005,0.4995
0.7171,1.29591,0.58638,1.63155,1.80235,0.0,0.0,3.14159,0,1,0.5204,0.5204
3.005,2.98451,0.92596,1.08914,1.97758,0.0,0.0,3.14159,0,1,0.5318,0.5318
1.74154,1.61007,0.44535,1.86586,0.0,0.0,0.0,3.14159,0,0,0.5004,0.4996
1.84398,2.15984,0.40453,1.89624,1.0013,0.0,3.14159,0.0,0,0,0.5118,0.4882
2.83426,2.59181,0.50102,1.70097,1.48944,0.0,3.14159,0.0,0,1,0.5199,0.5199
2.76597,2.78816,0.33216,2.02207,1.17653,0.0,3.14159,0.0,0,1,0.5189,0.5189
0.23903,0.3927,1.60141,0.7854,0.60078,0.0,0.0,3.14159,0,1,0.5122,0.5122
1.80983,1.45299,0.34515,2.56014,0.56323,0.0,0.0,3.14159,1,0,0.5046,0.4954
1.91227,2.51327,0.52143,1.81379,2.07771,0.0,3.14159,0.0,0,1,0.5024,0.5024
1.70739,1.49226,0.89813,1.18027,0.40052,0.0,0.0,3.14159,0,0,0.5138,0.4862
1.98057,2.59181,0.65504,1.51005,1.6146,0.0,3.14159,0.0,0,1,0.5007,0.5007
1.33176,1.09956,0.56782,1.60551,1.75228,0.0,3.14159,0.0,0,1,0.5046,0.5046
1.63909,2.23838,0.46205,1.59249,1.16402,0.0,3.14159,0.0,0,0,0.5112,0.4888
1.60494,1.53153,0.81091,1.06311,0.66336,0.0,3.14159,0.0,0,0,0.5187,0.4813
1.19517,1.61007,1.35461,0.75502,1.57705,3.14159,0.0,0.0,0,0,0.5005,0.4995
1.84398,2.43473,0.44164,1.88756,2.24042,0.0,3.14159,0.0,0,1,0.5012,0.5012
3.03915,2.98451,0.52515,1.80945,0.60078,0.0,3.14159,0.0,0,1,0.5226,0.5226
2.59523,2.63108,0.68473,1.41892,2.42816,0.0,3.14159,0.0,0,1,0.5269,0.5269
0.7171,1.13883,0.47875,2.06981,2.35307,0.0,3.14159,0.0,0,1,0.5228,0.5228
0.92199,0.82467,0.50473,1.45364,1.48944,0.0,3.14159,0.0,0,1,0.514,0.514
0.92199,1.1781,0.55298,2.35619,2.20287,0.0,0.0,3.14159,1,1,0.5222,0.5222
1.29761,1.92423,0.36927,1.75738,2.12777,0.0,3.14159,0.0,0,0,0.5018,0.4982
2.18546,2.00277,0.76638,1.22366,2.55333,0.0,0.0,3.14159,0,1,0.5065,0.5065
2.18546,1.9635,0.85359,1.20196,2.40313,0.0,3.14159,0.0,0,1,0.5072,0.5072
0.99028,1.29591,1.11153,1.08914,1.13898,0.0,3.14159,0.0,0,0,0.5025,0.4975
0.37563,0.70686,0.41195,2.10886,1.17653,3.14159,0.0,0.0,0,1,0.5343,0.5343
1.87813,2.00277,0.94266,1.24536,1.88996,0.0,3.14159,0.0,0,1,0.5005,0.5005
1.80983,1.76715,0.57154,1.8919,0.26284,0.0,3.14159,0.0,0,0,0.502,0.498
1.33176,1.06029,0.47319,1.63155,0.35046,0.0,3.14159,0.0,0,0,0.5041,0.4959
2.25375,2.00277,0.69772,1.3495,0.81356,0.0,0.0,3.14159,0,0,0.5103,0.4897
1.87813,2.00277,0.51958,1.60985,0.66336,0.0,0.0,3.14159,0,0,0.5118,0.4882
2.76597,2.55254,0.70514,1.47533,0.56323,0.0,0.0,3.14159,0,1,0.509,0.509
0.85369,1.25664,0.18742,2.33884,1.35176,0.0,3.14159,0.0,0,1,0.5198,0.5198
2.49279,1.76715,0.83504,1.16291,1.25163,0.0,0.0,3.14159,0,0,0.5026,0.4974
1.77568,1.49226,0.25793,1.98302,0.73846,0.0,0.0,3.14159,0,0,0.5127,0.4873
1.33176,1.06029,0.66246,1.46666,1.2266,0.0,0.0,3.14159,0,0,0.5035,0.4965
0.37563,0.58905,1.05215,0.91557,1.80235,0.0,3.14159,0.0,0,1,0.5272,0.5272
1.80983,1.72788,0.56411,1.98302,0.23781,0.0,3.14159,0.0,0,0,0.5004,0.4996
0.0683,0.11781,0.26907,2.02207,0.22529,0.0,0.0,3.14159,0,1,0.5253,0.5253
2.11716,1.92423,0.73669,1.29743,1.50196,0.0,3.14159,0.0,0,0,0.5052,0.4948
2.73182,2.23838,0.94823,1.02839,0.6884,3.14159,0.0,0.0,0,0,0.5006,0.4994
3.03915,3.18086,0.55669,1.76606,1.70222,0.0,0.0,3.14159,0,1,0.5301,0.5301
2.56108,2.63108,0.75896,1.31044,0.80104,0.0,3.14159,0.0,0,1,0.5047,0.5047
0.7171,1.29591,0.93524,1.14989,2.21539,0.0,0.0,3.14159,0,1,0.5103,0.5103
0.92199,0.94248,0.41195,1.76172,1.85241,0.0,0.0,3.14159,0,1,0.521,0.521
1.02443,1.33518,0.53999,1.55778,0.38801,0.0,3.14159,0.0,0,0,0.5057,0.4943
1.94642,2.27765,0.64762,1.72267,2.06519,0.0,0.0,3.14159,0,1,0.5016,0.5016
1.12688,1.33518,0.56782,1.69229,2.57836,0.0,0.0,3.14159,0,1,0.5062,0.5062
2.76597,2.59181,0.89442,1.28875,0.97627,0.0,3.14159,0.0,0,1,0.5074,0.5074
0.75125,1.21737,0.33216,2.01774,2.3781,0.0,3.14159,0.0,0,1,0.5207,0.5207
2.25375,1.61007,0.60494,1.75738,1.63964,0.0,3.14159,0.0,0,1,0.5006,0.5006
0.13659,0.15708,0.42123,1.89624,1.46441,0.0,3.14159,0.0,0,1,0.5337,0.5337
0.51222,0.90321,0.58638,1.62721,2.89127,0.0,3.14159,0.0,0,1,0.5155,0.5155
1.84398,1.76715,0.30989,2.19564,0.62582,0.0,3.14159,0.0,0,0,0.509,0.491
0.92199,0.82467,1.22101,0.80276,0.98879,0.0,3.14159,0.0,0,0,0.5026,0.4974
2.93671,2.90597,0.23938,2.54712,1.62712,0.0,3.14159,0.0,0,1,0.5313,0.5313
1.36591,1.09956,0.22824,2.44732,0.10013,0.0,0.0,3.14159,0,1,0.5034,0.5034
2.86841,2.63108,0.5437,1.50137,1.73977,0.0,0.0,3.14159,0,1,0.5255,0.5255
0.85369,1.02102,0.58824,1.8702,2.00261,0.0,3.14159,0.0,0,1,0.5234,0.5234
2.39034,2.39546,0.54556,1.67494,0.47562,3.14159,0.0,0.0,0,1,0.5013,0.5013
1.84398,2.12058,0.55112,1.84851,2.06519,0.0,3.14159,0.0,0,0,0.5013,0.4987
1.12688,1.68861,0.62349,1.51005,0.05007,0.0,3.14159,0.0,0,0,0.5043,0.4957
0.7171,1.06029,0.7237,1.5274,0.0,0.0,3.14159,0.0,0,1,0.5058,0.5058
1.84398,1.9635,0.48432,1.69229,0.6133,0.0,3.14159,0.0,0,0,0.5113,0.4887
1.74154,1.45299,0.56782,1.50571,2.31552,3.14159,0.0,0.0,0,0,0.5016,0.4984
1.67324,1.72788,0.56411,1.57514,2.35307,0.0,0.0,3.14159,0,0,0.5031,0.4969
0.68295,1.02102,0.75896,1.35817,0.73846,0.0,3.14159,0.0,0,1,0.5058,0.5058
1.84398,2.59181,0.73483,1.25837,1.25163,0.0,3.14159,0.0,0,0,0.5031,0.4969
2.18546,1.72788,0.52143,1.47967,0.6133,3.14159,0.0,0.0,0,0,0.5151,0.4849
1.84398,1.53153,0.63834,1.40157,0.88866,0.0,0.0,3.14159,0,0,0.5167,0.4833
2.80012,2.78816,1.29152,0.7854,1.20157,0.0,3.14159,0.0,0,1,0.5078,0.5078
2.04886,2.00277,0.64947,2.13489,0.71343,0.0,3.14159,0.0,0,0,0.5037,0.4963
1.91227,2.00277,0.38783,1.57947,1.63964,3.14159,0.0,0.0,0,0,0.51,0.49
0.68295,1.02102,0.6736,1.62721,0.0751,0.0,0.0,3.14159,0,1,0.5075,0.5075
1.40006,1.33518,0.90741,1.37553,0.85111,0.0,3.14159,0.0,0,0,0.5093,0.4907
1.87813,1.80642,0.51401,1.70097,0.0,0.0,0.0,3.14159,0,0,0.5013,0.4987
2.39034,2.23838,0.35443,1.81379,1.0764,3.14159,0.0,0.0,0,0,0.5038,0.4962
2.93671,2.74889,0.40824,1.98736,1.6146,3.14159,0.0,0.0,0,1,0.5286,0.5286
2.2196,1.92423,0.51587,1.56212,1.60209,0.0,0.0,3.14159,0,0,0.5032,0.4968
2.42449,2.08131,0.52143,1.92227,1.01382,0.0,3.14159,0.0,0,0,0.5021,0.4979
1.74154,1.61007,0.42309,1.87888,1.72725,3.14159,0.0,0.0,0,0,0.505,0.495
1.53665,1.5708,1.35276,0.7637,1.7648,0.0,0.0,3.14159,0,1,0.5011,0.5011
3.0733,3.06305,1.9744,0.47297,2.1528,0.0,0.0,3.14159,0,1,0.5162,0.5162
1.33176,1.09956,0.5437,1.86586,1.65215,0.0,0.0,3.14159,0,1,0.5079,0.5079
1.80983,1.53153,0.4268,1.62287,1.75228,0.0,3.14159,0.0,0,0,0.5079,0.4921
2.49279,2.43473,0.32103,1.90058,0.83859,0.0,3.14159,0.0,0,1,0.5008,0.5008
1.91227,1.88496,2.05419,0.51637,1.06389,0.0,3.14159,0.0,0,0,0.5265,0.4735
0.75125,1.09956,0.29505,2.30846,1.78983,0.0,3.14159,0.0,0,1,0.5287,0.5287
1.22932,1.92423,0.41752,1.71833,0.1502,0.0,3.14159,0.0,0,0,0.5038,0.4962
1.22932,1.64934,0.41381,1.54476,0.77601,0.0,3.14159,0.0,0,0,0.5124,0.4876
2.04886,1.9635,1.1839,0.92425,0.57575,0.0,0.0,3.14159,0,0,0.5128,0.4872
2.35619,2.15984,0.86844,1.25837,0.11265,0.0,3.14159,0.0,0,1,0.5047,0.5047
1.84398,1.49226,0.94823,1.13254,0.80104,0.0,3.14159,0.0,0,0,0.5167,0.4833
2.04886,2.15984,0.91668,1.21064,0.1502,0.0,3.14159,0.0,0,1,0.5021,0.5021
1.19517,1.61007,1.06142,1.01104,1.62712,0.0,3.14159,0.0,0,1,0.5003,0.5003
2.35619,2.23838,1.06328,0.985,0.41304,0.0,3.14159,0.0,0,0,0.5024,0.4976
2.49279,2.51327,0.48989,1.64022,2.26545,0.0,0.0,3.14159,0,1,0.5201,0.5201
1.60494,1.33518,1.13194,1.04141,1.35176,0.0,3.14159,0.0,0,0,0.5093,0.4907
1.29761,1.09956,0.91854,1.16291,0.86363,0.0,3.14159,0.0,0,0,0.5107,0.4893
1.33176,1.9635,0.6569,1.66626,0.21278,0.0,3.14159,0.0,0,0,0.501,0.499
1.87813,1.84569,0.49917,1.5274,0.77601,0.0,0.0,3.14159,0,0,0.5158,0.4842
1.46835,1.29591,0.86658,1.27573,0.87614,0.0,3.14159,0.0,0,0,0.5126,0.4874
2.08301,2.00277,0.67174,1.41892,1.21408,0.0,3.14159,0.0,0,0,0.5094,0.4906
1.80983,1.92423,0.45649,2.10886,0.93872,0.0,0.0,3.14159,0,0,0.5091,0.4909
0.75125,1.33518,0.66617,1.48835,2.20287,0.0,0.0,3.14159,0,1,0.5144,0.5144
0.95614,1.41372,0.2802,2.03075,0.90117,3.14159,0.0,0.0,0,1,0.5047,0.5047
2.18546,2.00277,0.59566,1.31044,1.96506,0.0,0.0,3.14159,0,1,0.5022,0.5022
2.04886,1.92423,0.55669,1.59249,0.71343,0.0,3.14159,0.0,0,0,0.512,0.488
1.40006,1.33518,0.86102,1.05877,0.71343,0.0,3.14159,0.0,0,0,0.5169,0.4831
2.93671,2.8667,1.07256,1.05009,0.92621,0.0,3.14159,0.0,0,1,0.5121,0.5121
1.36591,1.06029,0.41752,1.87454,0.03755,0.0,3.14159,0.0,0,1,0.5047,0.5047
1.19517,1.13883,0.92596,1.09348,1.18905,0.0,3.14159,0.0,0,0,0.5053,0.4947
1.53665,1.29591,0.53071,1.43628,2.41565,3.14159,0.0,0.0,0,0,0.5007,0.4993
2.42449,2.51327,0.50844,1.5708,0.35046,0.0,3.14159,0.0,0,1,0.505,0.505
1.98057,1.92423,0.42494,1.72267,0.91369,0.0,0.0,3.14159,0,0,0.5139,0.4861
2.42449,1.76715,0.31546,1.77474,2.10274,0.0,3.14159,0.0,1,1,0.509,0.509
1.84398,1.76715,1.29152,0.89388,0.80104,3.14159,0.0,0.0,0,0,0.5176,0.4824
1.91227,2.27765,1.21544,0.7637,0.1502,0.0,0.0,3.14159,0,1,0.5016,0.5016
2.86841,2.55254,0.56782,1.29309,1.17653,0.0,3.14159,0.0,0,1,0.5114,0.5114
2.18546,2.00277,0.37855,2.01774,1.66467,0.0,3.14159,0.0,0,0,0.5005,0.4995
0.51222,0.70686,0.62164,1.41025,1.6897,0.0,0.0,3.14159,0,1,0.5302,0.5302
2.90256,2.82743,0.7571,1.43194,2.54081,0.0,3.14159,0.0,0,1,0.5356,0.5356
0.64881,1.02102,0.46391,1.71399,0.57575,0.0,0.0,3.14159,0,1,0.5079,0.5079
0.99028,1.25664,0.34515,1.7704,1.06389,0.0,3.14159,0.0,0,1,0.5033,0.5033
0.30733,0.54978,0.48803,1.84417,2.42816,0.0,3.14159,0.0,0,1,0.5331,0.5331
1.67324,2.39546,0.36742,2.03075,0.57575,0.0,3.14159,0.0,0,0,0.5078,0.4922
1.70739,2.35619,0.84246,1.19762,1.95254,0.0,3.14159,0.0,0,1,0.5042,0.5042
2.35619,2.27765,1.00947,1.29309,2.12777,0.0,3.14159,0.0,0,1,0.5138,0.5138
1.67324,1.61007,0.46205,2.20432,1.27666,0.0,3.14159,0.0,0,0,0.5034,0.4966
0.81955,1.29591,0.66246,1.69229,0.37549,0.0,3.14159,0.0,0,1,0.502,0.502
1.43421,2.04204,0.73483,1.31912,1.99009,0.0,0.0,3.14159,0,0,0.5014,0.4986
0.7171,0.94248,0.81462,1.17159,1.78983,0.0,0.0,3.14159,0,1,0.5201,0.5201
1.77568,1.5708,0.2969,2.02641,1.71473,0.0,0.0,3.14159,0,0,0.5042,0.4958
2.59523,2.51327,0.28391,2.1913,1.10143,0.0,3.14159,0.0,0,1,0.5099,0.5099
2.08301,2.04204,0.69772,1.52306,2.17784,0.0,0.0,3.14159,0,1,0.5033,0.5033
1.43421,1.9635,0.7571,1.27139,0.06258,0.0,3.14159,0.0,0,0,0.5027,0.4973
1.29761,1.02102,0.46391,2.08716,0.47562,0.0,3.14159,0.0,0,1,0.5053,0.5053
1.36591,1.29591,0.4936,2.00472,1.75228,0.0,3.14159,0.0,0,1,0.5077,0.5077
1.91227,2.474,0.35999,2.25205,2.27797,0.0,0.0,3.14159,0,1,0.5047,0.5047
1.36591,1.33518,0.77751,1.3495,0.65085,0.0,0.0,3.14159,0,0,0.5113,0.4887
0.64881,1.06029,0.51772,1.64456,0.51317,0.0,3.14159,0.0,0,1,0.5056,0.5056
2.39034,2.04204,0.51587,1.33648,0.40052,0.0,3.14159,0.0,0,0,0.5092,0.4908
1.12688,1.61007,0.6736,1.1282,1.41434,0.0,3.14159,0.0,0,0,0.5029,0.4971
2.01472,1.9635,0.67174,1.24536,0.50065,0.0,0.0,3.14159,0,0,0.5122,0.4878
2.45864,2.43473,0.47504,1.84417,0.81356,0.0,3.14159,0.0,0,1,0.5008,0.5008
1.09273,1.1781,0.49917,1.72267,0.35046,3.14159,0.0,0.0,0,0,0.5002,0.4998
1.87813,1.9635,1.37874,0.78974,0.45059,0.0,0.0,3.14159,0,0,0.5156,0.4844
2.76597,2.27765,0.5604,1.68362,1.46441,0.0,0.0,3.14159,0,1,0.514,0.514
1.84398,1.80642,0.34886,2.01774,0.1502,3.14159,0.0,0.0,0,0,0.503,0.497
1.29761,1.88496,0.65133,1.40591,0.77601,0.0,3.14159,0.0,0,0,0.5092,0.4908
2.32205,1.92423,0.26907,2.38223,1.10143,0.0,0.0,3.14159,1,0,0.502,0.498
1.16102,1.37445,0.44906,1.93963,2.34055,0.0,0.0,3.14159,0,1,0.5108,0.5108
1.80983,1.45299,0.66803,1.34516,1.31421,0.0,0.0,3.14159,0,0,0.5132,0.4868
2.59523,2.63108,1.57544,0.64654,2.40313,0.0,3.14159,0.0,0,1,0.5186,0.5186
1.02443,1.49226,0.66988,1.41025,1.67718,0.0,3.14159,0.0,0,1,0.5054,0.5054
2.49279,2.51327,0.59566,1.8702,2.14029,0.0,3.14159,0.0,0,1,0.5197,0.5197
0.44392,0.66759,0.347,1.77474,2.31552,0.0,3.14159,0.0,0,1,0.5325,0.5325
0.7171,0.98175,0.65318,1.44062,1.43938,0.0,3.14159,0.0,0,1,0.5189,0.5189
2.25375,2.08131,0.37669,1.87454,1.51447,0.0,0.0,3.14159,0,0,0.502,0.498
2.2196,1.88496,0.68102,1.29743,1.16402,0.0,3.14159,0.0,0,0,0.51,0.49
2.08301,1.88496,0.36927,1.91793,1.63964,0.0,3.14159,0.0,0,0,0.5045,0.4955
1.36591,2.04204,0.90555,1.22366,0.06258,0.0,3.14159,0.0,0,1,0.5,0.5
2.80012,2.39546,1.41585,0.83747,1.99009,0.0,3.14159,0.0,0,1,0.515,0.515
0.64881,1.02102,0.95009,1.03273,2.35307,0.0,3.14159,0.0,0,1,0.5146,0.5146
2.90256,2.98451,0.41752,2.07848,2.07771,0.0,3.14159,0.0,0,1,0.5335,0.5335
0.95614,1.21737,0.82947,1.4493,0.1502,0.0,0.0,3.14159,0,0,0.5011,0.4989
0.61466,0.86394,0.5103,1.98736,2.07771,0.0,3.14159,0.0,0,1,0.5306,0.5306
1.70739,1.92423,1.15977,0.87652,1.10143,0.0,3.14159,0.0,0,0,0.5111,0.4889
0.99028,1.29591,0.77937,1.37119,0.5382,0.0,3.14159,0.0,0,0,0.5056,0.4944
1.80983,1.9635,0.4769,1.92227,0.97627,0.0,3.14159,0.0,1,0,0.5106,0.4894
1.29761,1.76715,0.25237,2.19564,2.89127,0.0,3.14159,0.0,1,1,0.504,0.504
1.5708,1.53153,0.20969,1.97434,1.57705,0.0,3.14159,0.0,0,0,0.5066,0.4934
1.36591,1.13883,0.5437,1.97,2.39061,0.0,3.14159,0.0,0,1,0.5118,0.5118
1.80983,1.80642,0.86658,1.14121,2.71604,0.0,3.14159,0.0,1,1,0.5002,0.5002
1.91227,2.23838,0.46948,1.78776,1.47692,0.0,0.0,3.14159,0,0,0.5079,0.4921
1.84398,1.49226,1.53276,0.67258,0.02503,3.14159,0.0,0.0,0,0,0.5159,0.4841
1.40006,1.1781,0.20041,2.44298,1.3017,0.0,0.0,3.14159,0,1,0.5045,0.5045
1.40006,1.33518,2.30099,0.43392,0.71343,0.0,3.14159,0.0,0,0,0.5416,0.4584
0.85369,1.21737,0.68102,1.41892,0.80104,0.0,3.14159,0.0,0,1,0.5002,0.5002
1.53665,1.41372,0.20412,2.26507,2.35307,0.0,3.14159,0.0,0,1,0.5078,0.5078
1.84398,1.92423,0.31175,2.18263,0.23781,0.0,0.0,3.14159,0,0,0.5034,0.4966
1.33176,1.13883,0.34515,1.88322,2.10274,0.0,0.0,3.14159,0,1,0.5088,0.5088
0.58051,0.7854,0.14845,2.03509,1.62712,0.0,0.0,3.14159,0,1,0.5327,0.5327
2.45864,1.80642,0.68659,1.43628,2.10274,0.0,3.14159,0.0,0,1,0.51,0.51
2.18546,2.19911,0.44535,1.80945,1.06389,0.0,3.14159,0.0,0,0,0.5077,0.4923
0.99028,0.98175,0.55112,1.9917,2.07771,0.0,3.14159,0.0,0,1,0.5215,0.5215
1.05858,0.86394,1.48451,0.82445,0.20026,0.0,3.14159,0.0,0,0,0.5133,0.4867
2.04886,1.92423,0.69586,1.51005,0.90117,0.0,3.14159,0.0,0,0,0.5108,0.4892
2.80012,2.31692,0.33401,1.83549,0.77601,0.0,3.14159,0.0,1,1,0.5057,0.5057
1.22932,1.72788,0.2969,2.18263,0.63833,0.0,3.14159,0.0,0,0,0.5029,0.4971
1.74154,1.5708,0.74782,1.23234,0.88866,0.0,3.14159,0.0,0,0,0.5172,0.4828
1.26347,1.72788,1.30822,0.73767,0.16271,0.0,3.14159,0.0,0,0,0.5136,0.4864
1.22932,1.5708,0.41937,1.92661,2.01513,3.14159,0.0,0.0,0,1,0.5064,0.5064
0.7854,1.13883,1.04472,1.05443,0.52568,0.0,3.14159,0.0,0,0,0.5047,0.4953
1.5708,1.37445,0.68102,1.36685,1.21408,0.0,0.0,3.14159,0,0,0.5122,0.4878
0.75125,1.13883,0.48061,1.50137,0.36297,0.0,0.0,3.14159,0,0,0.5023,0.4977
1.84398,1.88496,0.65875,1.87454,2.40313,0.0,3.14159,0.0,0,1,0.503,0.503
2.2196,2.27765,0.48618,1.69663,1.67718,0.0,3.14159,0.0,0,1,0.5011,0.5011
1.26347,1.68861,0.74411,1.20196,0.63833,0.0,3.14159,0.0,0,0,0.5127,0.4873
1.84398,2.00277,1.17462,0.74635,0.73846,0.0,3.14159,0.0,0,0,0.5143,0.4857
1.16102,1.64934,0.76452,1.66192,1.82738,0.0,3.14159,0.0,0,1,0.5042,0.5042
0.99028,0.82467,0.82761,1.18461,0.80104,0.0,3.14159,0.0,0,1,0.5001,0.5001
1.09273,1.45299,0.63277,1.87454,0.25033,0.0,0.0,3.14159,0,1,0.5028,0.5028
2.32205,2.15984,0.34886,2.02207,2.05267,0.0,3.14159,0.0,0,1,0.5095,0.5095
2.2879,1.84569,0.49545,1.70097,2.09022,0.0,3.14159,0.0,0,1,0.5055,0.5055
2.08301,1.9635,0.75896,1.39289,0.5382,0.0,3.14159,0.0,0,0,0.5088,0.4912
0.54636,0.90321,0.43607,1.85285,1.31421,3.14159,0.0,0.0,0,1,0.5282,0.5282
2.04886,1.80642,0.24494,2.23036,1.58957,0.0,3.14159,0.0,0,0,0.5032,0.4968
2.73182,2.23838,0.58638,1.81379,2.92882,0.0,3.14159,0.0,1,1,0.5193,0.5193
0.75125,1.09956,0.89256,1.13254,0.32542,0.0,0.0,3.14159,0,0,0.5027,0.4973
0.7171,1.06029,0.48247,1.84851,1.45189,0.0,0.0,3.14159,0,1,0.5243,0.5243
1.74154,1.61007,0.47133,1.70965,2.54081,0.0,0.0,3.14159,0,0,0.5014,0.4986
0.34148,0.62832,0.35443,2.32148,0.41304,0.0,3.14159,0.0,0,1,0.5237,0.5237
0.85369,0.58905,1.29709,0.81577,2.20287,0.0,3.14159,0.0,0,1,0.5144,0.5144
0.95614,0.98175,0.4435,2.59051,0.23781,0.0,0.0,3.14159,1,1,0.51,0.51
0.75125,1.06029,0.75339,1.38421,1.2266,3.14159,0.0,0.0,0,1,0.5125,0.5125
1.5025,1.41372,0.48989,1.66626,0.0,0.0,3.14159,0.0,0,0,0.5022,0.4978
1.05858,1.1781,0.75524,1.33648,1.23911,0.0,3.14159,0.0,0,1,0.5016,0.5016
1.70739,2.31692,1.15049,0.84181,1.21408,3.14159,0.0,0.0,0,0,0.5048,0.4952
2.39034,2.39546,0.70143,1.31044,2.39061,0.0,0.0,3.14159,0,1,0.5175,0.5175
2.2879,2.04204,0.71071,1.51005,0.18774,0.0,3.14159,0.0,0,1,0.5005,0.5005
2.2196,2.04204,0.79421,1.19328,2.52829,0.0,3.14159,0.0,0,1,0.5081,0.5081
2.52693,1.92423,0.31175,2.03943,0.0751,0.0,0.0,3.14159,1,1,0.5046,0.5046
1.22932,1.29591,1.17091,0.94161,2.17784,0.0,0.0,3.14159,0,1,0.503,0.503
0.81955,1.06029,0.20041,2.04377,1.02634,0.0,3.14159,0.0,0,1,0.5141,0.5141
1.26347,1.72788,0.56782,1.87888,1.53951,0.0,0.0,3.14159,0,1,0.5015,0.5015
2.45864,1.84569,1.45853,0.69861,0.62582,0.0,3.14159,0.0,0,0,0.5148,0.4852
1.87813,2.00277,1.03916,0.99368,0.48814,0.0,3.14159,0.0,0,0,0.5103,0.4897
2.76597,2.51327,0.59009,1.5274,2.46571,0.0,0.0,3.14159,0,1,0.5284,0.5284
1.91227,2.04204,1.054,0.96331,0.50065,0.0,3.14159,0.0,0,0,0.5099,0.4901
1.63909,2.19911,0.2301,2.62523,0.82608,0.0,3.14159,0.0,0,0,0.5127,0.4873
0.64881,1.21737,0.50102,1.68796,0.85111,0.0,3.14159,0.0,0,1,0.5088,0.5088
1.98057,2.15984,0.71071,1.42326,2.06519,0.0,3.14159,0.0,0,1,0.5019,0.5019
2.08301,2.00277,0.57339,1.46666,2.10274,0.0,3.14159,0.0,0,1,0.5008,0.5008
2.83426,2.67035,0.46391,1.94397,2.02764,0.0,3.14159,0.0,0,1,0.5309,0.5309
2.08301,2.12058,0.53442,1.41892,1.66467,0.0,3.14159,0.0,0,0,0.5041,0.4959
2.2196,2.00277,0.5103,1.83983,0.43807,0.0,3.14159,0.0,0,0,0.5043,0.4957
1.12688,1.61007,1.22658,0.68994,1.77732,0.0,3.14159,0.0,0,1,0.5054,0.5054
1.60494,1.41372,0.40082,2.03943,2.16532,0.0,3.14159,0.0,0,1,0.5051,0.5051
1.5708,1.84569,0.42123,1.48401,1.80235,0.0,3.14159,0.0,0,0,0.5096,0.4904
2.18546,1.72788,0.4101,1.9917,0.03755,0.0,3.14159,0.0,0,1,0.5011,0.5011
2.15131,1.92423,0.6903,1.50571,0.0,0.0,0.0,3.14159,0,1,0.5018,0.5018
0.10244,0.15708,0.37484,1.93095,1.8399,0.0,3.14159,0.0,0,1,0.5368,0.5368
1.5025,2.08131,1.19874,0.91991,2.42816,0.0,3.14159,0.0,0,1,0.5084,0.5084
1.77568,2.23838,0.69586,1.78342,0.72595,0.0,3.14159,0.0,0,0,0.5053,0.4947
1.46835,2.04204,0.88514,1.03273,0.95124,0.0,3.14159,0.0,0,0,0.5092,0.4908
2.93671,2.90597,0.48061,1.60117,0.1502,0.0,3.14159,0.0,0,1,0.5256,0.5256
1.84398,2.00277,0.56597,1.4276,2.32803,0.0,3.14159,0.0,0,0,0.502,0.498
1.63909,1.53153,0.85545,1.31478,0.66336,0.0,3.14159,0.0,0,0,0.5135,0.4865
0.68295,1.02102,0.68473,1.42326,0.67588,0.0,3.14159,0.0,0,1,0.5055,0.5055
2.39034,2.39546,0.34886,2.25639,2.60339,0.0,3.14159,0.0,1,1,0.5177,0.5177
0.7854,0.54978,0.58453,1.51873,0.1502,0.0,3.14159,0.0,0,1,0.5191,0.5191
1.5025,1.33518,0.60679,1.60551,1.90248,0.0,0.0,3.14159,0,1,0.5001,0.5001
0.81955,1.06029,0.19855,1.96567,1.13898,3.14159,0.0,0.0,0,1,0.5145,0.5145
0.7854,1.13883,0.31546,2.03075,0.4631,0.0,3.14159,0.0,0,1,0.5075,0.5075
0.95614,0.7854,0.63463,1.45364,1.0013,0.0,3.14159,0.0,0,1,0.5072,0.5072
0.61466,1.09956,0.45278,1.55344,0.43807,0.0,3.14159,0.0,0,1,0.501,0.501
0.68295,1.06029,0.53442,1.84417,0.81356,0.0,3.14159,0.0,0,1,0.5147,0.5147
3.03915,3.10232,0.45092,1.71399,1.88996,0.0,0.0,3.14159,0,1,0.5334,0.5334
1.80983,1.5708,0.53628,1.71833,0.22529,3.14159,0.0,0.0,0,0,0.5055,0.4945
0.85369,1.06029,0.35814,1.86152,1.87745,0.0,3.14159,0.0,0,1,0.5228,0.5228
1.77568,1.76715,0.38041,1.90926,2.81617,0.0,0.0,3.14159,0,0,0.5002,0.4998
1.09273,1.37445,0.49731,1.83115,1.03885,0.0,0.0,3.14159,0,1,0.5033,0.5033
1.19517,1.68861,0.56597,1.48835,0.6884,0.0,0.0,3.14159,0,0,0.5097,0.4903
0.85369,0.58905,0.58824,1.47099,2.35307,0.0,3.14159,0.0,0,1,0.5262,0.5262
0.81955,0.62832,0.12618,2.54278,0.58827,3.14159,0.0,0.0,0,1,0.5138,0.5138
0.92199,1.37445,0.64205,1.22366,1.23911,0.0,3.14159,0.0,0,1,0.5011,0.5011
0.92199,1.37445,0.4769,1.67928,1.26415,0.0,0.0,3.14159,0,1,0.5074,0.5074
1.80983,1.61007,0.66803,1.38855,2.07771,3.14159,0.0,0.0,0,0,0.503,0.497
1.80983,2.35619,0.38597,2.07848,2.62842,0.0,0.0,3.14159,0,1,0.5033,0.5033
1.33176,1.09956,0.4769,1.83983,0.78853,0.0,3.14159,0.0,0,0,0.5012,0.4988
0.75125,1.21737,0.50844,1.81813,1.8399,0.0,0.0,3.14159,0,1,0.5233,0.5233
2.35619,2.00277,1.19874,0.85049,0.11265,0.0,3.14159,0.0,0,0,0.5026,0.4974
0.68295,1.13883,0.46391,2.11754,2.00261,0.0,0.0,3.14159,0,1,0.5281,0.5281
0.37563,0.70686,0.27835,1.8919,1.23911,0.0,3.14159,0.0,0,1,0.5315,0.5315
2.2196,1.9635,0.67916,1.62721,0.90117,0.0,3.14159,0.0,0,0,0.5079,0.4921
2.76597,2.55254,0.69215,1.41458,1.06389,3.14159,0.0,0.0,0,1,0.5083,0.5083
1.94642,2.59181,0.68473,1.33214,1.38931,0.0,3.14159,0.0,0,0,0.5018,0.4982
2.52693,2.08131,0.95194,1.11084,1.87745,0.0,3.14159,0.0,0,1,0.5118,0.5118
2.2879,2.27765,0.34329,2.08716,0.67588,0.0,0.0,3.14159,0,0,0.5034,0.4966
2.2879,2.08131,0.71442,1.45798,2.72855,0.0,3.14159,0.0,0,1,0.5084,0.5084
1.80983,1.76715,0.55112,1.55778,0.06258,0.0,0.0,3.14159,0,0,0.5048,0.4952
0.68295,0.86394,0.51958,1.44496,2.01513,3.14159,0.0,0.0,0,1,0.5264,0.5264
2.42449,1.76715,0.56411,1.80945,0.62582,0.0,0.0,3.14159,0,0,0.5054,0.4946
1.67324,1.61007,0.40267,2.19564,0.48814,0.0,3.14159,0.0,0,0,0.5039,0.4961
2.39034,2.43473,0.35814,2.0915,1.92751,3.14159,0.0,0.0,0,1,0.5132,0.5132
0.61466,1.13883,0.99462,1.17593,0.76349,0.0,0.0,3.14159,0,1,0.5031,0.5031
2.52693,2.67035,0.43793,2.05245,0.23781,0.0,0.0,3.14159,0,1,0.5142,0.5142
1.80983,2.04204,0.53999,1.88322,0.93872,0.0,3.14159,0.0,0,0,0.5095,0.4905
1.63909,1.5708,0.77937,1.37119,2.00261,0.0,3.14159,0.0,0,0,0.5025,0.4975
0.99028,0.98175,0.49174,1.47533,0.76349,0.0,3.14159,0.0,0,0,0.5017,0.4983
1.53665,2.04204,0.67545,1.58381,2.07771,0.0,3.14159,0.0,0,0,0.5026,0.4974
2.39034,2.04204,0.63463,1.69229,2.62842,0.0,0.0,3.14159,0,1,0.5112,0.5112
1.29761,1.25664,0.53071,1.86586,2.72855,0.0,3.14159,0.0,0,1,0.5076,0.5076
2.2196,1.53153,0.46576,1.71399,1.72725,0.0,3.14159,0.0,0,0,0.5002,0.4998
2.2196,1.9635,0.51958,1.73569,0.6133,0.0,3.14159,0.0,0,0,0.5083,0.4917
1.12688,1.61007,0.77194,1.37553,2.66597,0.0,3.14159,0.0,0,0,0.5016,0.4984
2.04886,1.80642,0.51772,1.61853,2.46571,0.0,3.14159,0.0,0,1,0.5006,0.5006
1.36591,1.1781,1.15235,0.94595,1.62712,0.0,3.14159,0.0,0,0,0.5013,0.4987
2.62938,2.15984,1.14864,0.84615,0.76349,0.0,3.14159,0.0,0,0,0.505,0.495
1.43421,1.45299,0.70885,1.61853,2.29048,0.0,3.14159,0.0,0,1,0.5022,0.5022
1.33176,1.21737,0.66988,1.51873,2.24042,0.0,3.14159,0.0,0,1,0.5054,0.5054
1.26347,1.72788,0.82019,1.24969,2.62842,0.0,3.14159,0.0,0,0,0.5023,0.4977
1.77568,1.68861,0.7404,1.42326,2.26545,0.0,0.0,3.14159,0,0,0.5014,0.4986
1.80983,1.53153,0.42309,1.65758,0.71343,0.0,3.14159,0.0,0,0,0.516,0.484
1.74154,1.92423,0.67545,1.36251,0.20026,0.0,0.0,3.14159,0,0,0.5063,0.4937
2.2196,1.80642,0.94081,1.06745,0.38801,0.0,3.14159,0.0,0,0,0.5104,0.4896
1.84398,1.53153,0.66803,1.31912,1.63964,0.0,3.14159,0.0,0,0,0.5082,0.4918
1.26347,1.13883,0.52886,1.83115,1.40183,0.0,3.14159,0.0,0,1,0.5059,0.5059
0.99028,1.1781,0.42123,1.82681,0.03755,0.0,3.14159,0.0,0,1,0.5036,0.5036
0.64881,1.02102,1.13751,1.01104,0.47562,0.0,0.0,3.14159,0,0,0.5008,0.4992
2.42449,1.72788,0.45463,1.84851,1.18905,0.0,3.14159,0.0,0,0,0.5027,0.4973
1.91227,2.04204,1.06514,1.02839,1.85241,0.0,3.14159,0.0,0,1,0.5038,0.5038
1.70739,1.64934,0.39525,1.84417,2.62842,3.14159,0.0,0.0,1,0,0.5006,0.4994
2.56108,2.59181,0.58081,1.44496,2.47823,0.0,3.14159,0.0,0,1,0.5246,0.5246
2.2196,2.15984,1.22286,0.97198,2.52829,0.0,3.14159,0.0,0,1,0.512,0.512
1.63909,1.37445,1.11709,1.00236,1.47692,0.0,3.14159,0.0,0,0,0.5069,0.4931
1.84398,1.49226,0.93524,1.16725,0.33794,0.0,3.14159,0.0,0,0,0.5125,0.4875
0.7171,1.06029,0.72741,1.31478,2.56584,0.0,3.14159,0.0,0,1,0.5129,0.5129
0.88784,1.5708,1.87976,0.54674,0.33794,0.0,3.14159,0.0,0,0,0.5276,0.4724
0.85369,0.82467,0.50288,1.54476,0.26284,0.0,3.14159,0.0,0,1,0.5068,0.5068
1.36591,1.37445,0.527,1.61853,1.58957,0.0,3.14159,0.0,0,0,0.5019,0.4981
2.45864,1.76715,0.70885,1.3278,1.87745,0.0,3.14159,0.0,0,1,0.5078,0.5078
2.45864,2.43473,0.21711,2.3128,0.71343,0.0,0.0,3.14159,0,1,0.5038,0.5038
1.05858,0.98175,0.74782,1.59683,2.39061,0.0,0.0,3.14159,0,1,0.5148,0.5148
0.44392,0.74613,1.16534,0.9069,1.0764,0.0,3.14159,0.0,0,1,0.5156,0.5156
1.63909,1.37445,0.43979,1.54476,2.7661,0.0,0.0,3.14159,0,0,0.5036,0.4964
0.75125,0.98175,0.44164,1.92227,1.35176,0.0,3.14159,0.0,0,1,0.5239,0.5239
1.87813,2.70962,0.36185,2.14357,1.48944,0.0,3.14159,0.0,0,0,0.5035,0.4965
0.88784,1.29591,0.74597,1.41025,1.3017,0.0,3.14159,0.0,0,1,0.5073,0.5073
1.80983,2.43473,0.45278,1.76606,2.80365,0.0,3.14159,0.0,0,1,0.5039,0.5039
1.74154,2.23838,0.45092,1.75304,1.58957,0.0,3.14159,0.0,0,0,0.5084,0.4916
0.88784,1.33518,0.63092,1.38421,0.18774,0.0,3.14159,0.0,0,0,0.5064,0.4936
1.77568,1.88496,0.50288,1.67928,0.36297,0.0,3.14159,0.0,0,0,0.5083,0.4917
2.52693,1.9635,0.34886,1.87888,0.13768,0.0,3.14159,0.0,1,1,0.5016,0.5016
0.58051,0.86394,1.3008,0.86784,1.21408,0.0,0.0,3.14159,0,1,0.5103,0.5103
2.83426,2.63108,0.38412,1.63588,2.7661,0.0,3.14159,0.0,0,1,0.5274,0.5274
0.99028,1.02102,0.49545,1.69663,2.49074,0.0,0.0,3.14159,0,1,0.5147,0.5147
2.2879,2.00277,0.50659,1.40591,0.0,0.0,3.14159,0.0,0,0,0.5013,0.4987
0.54636,0.70686,2.85768,0.2213,0.22529,0.0,3.14159,0.0,1,0,0.5083,0.4917
1.40006,1.1781,0.56782,2.10018,2.56584,0.0,0.0,3.14159,0,1,0.5124,0.5124
1.98057,2.59181,0.76823,1.20196,1.67718,0.0,3.14159,0.0,0,1,0.5045,0.5045
0.61466,0.94248,0.31731,1.74436,0.0,0.0,0.0,3.14159,0,1,0.506,0.506
1.19517,1.53153,0.23752,2.30846,2.31552,3.14159,0.0,0.0,0,1,0.5127,0.5127
1.91227,2.08131,0.59009,1.46666,1.38931,0.0,3.14159,0.0,0,0,0.5095,0.4905
1.16102,1.37445,0.75153,1.18027,2.25293,0.0,3.14159,0.0,0,1,0.5029,0.5029
0.95614,1.13883,0.47875,1.76606,2.56584,0.0,3.14159,0.0,0,1,0.5128,0.5128
0.30733,0.58905,0.32474,1.70965,0.27536,0.0,3.14159,0.0,0,1,0.516,0.516
1.26347,1.72788,0.97235,1.12386,1.05137,0.0,0.0,3.14159,0,0,0.5085,0.4915
1.74154,1.72788,0.56226,1.46666,2.47823,3.14159,0.0,0.0,0,0,0.5036,0.4964
1.80983,1.41372,0.6105,1.81379,1.08892,0.0,0.0,3.14159,0,0,0.5076,0.4924
0.92199,1.13883,0.79607,1.25403,0.70091,0.0,3.14159,0.0,0,0,0.5034,0.4966
1.77568,2.43473,0.98163,1.05009,1.97758,0.0,3.14159,0.0,0,1,0.5094,0.5094
2.86841,2.82743,0.59566,1.57514,0.0,0.0,3.14159,0.0,0,1,0.5294,0.5294
2.18546,2.00277,0.70143,1.7487,1.6897,0.0,3.14159,0.0,0,1,0.5006,0.5006
1.40006,2.00277,0.36185,2.15659,2.69101,0.0,3.14159,0.0,1,1,0.5045,0.5045
1.77568,1.92423,0.81648,1.2063,2.303,0.0,0.0,3.14159,0,1,0.5013,0.5013
2.90256,2.8667,0.45649,1.68362,0.0,0.0,3.14159,0.0,0,1,0.5279,0.5279
1.84398,2.04204,0.6569,1.4276,1.41434,0.0,3.14159,0.0,0,0,0.5091,0.4909
1.74154,2.23838,1.40101,0.85483,1.63964,0.0,3.14159,0.0,0,1,0.5023,0.5023
2.25375,1.88496,0.54927,1.65758,1.60209,0.0,3.14159,0.0,0,0,0.5015,0.4985
2.80012,2.67035,0.36927,1.81813,2.07771,0.0,3.14159,0.0,0,1,0.5303,0.5303
1.16102,1.72788,0.85916,1.29743,0.57575,0.0,0.0,3.14159,0,0,0.5088,0.4912
2.73182,2.39546,0.68102,1.27139,0.93872,0.0,0.0,3.14159,0,1,0.5032,0.5032
1.46835,1.9635,1.37503,0.82879,2.56584,0.0,3.14159,0.0,1,1,0.5047,0.5047
2.83426,2.78816,0.96493,1.15423,0.1502,0.0,3.14159,0.0,0,1,0.525,0.525
1.5708,1.33518,0.30432,2.28243,0.12516,0.0,0.0,3.14159,0,1,0.5017,0.5017
1.26347,1.1781,0.66061,1.67494,2.52829,0.0,3.14159,0.0,0,1,0.5082,0.5082
0.51222,0.94248,0.5771,1.71399,2.77862,3.14159,0.0,0.0,0,1,0.5172,0.5172
2.86841,2.74889,0.65133,1.6706,2.42816,0.0,0.0,3.14159,0,1,0.534,0.534
2.62938,2.19911,0.34144,2.25639,1.82738,0.0,3.14159,0.0,1,1,0.5192,0.5192
1.26347,1.21737,0.37298,2.35619,2.49074,3.14159,0.0,0.0,0,1,0.5153,0.5153
1.60494,2.19911,0.41937,1.8702,2.60339,0.0,3.14159,0.0,0,0,0.5002,0.4998
1.05858,1.33518,0.63834,1.52306,1.0764,0.0,0.0,3.14159,0,0,0.5,0.5
1.63909,1.41372,0.29505,2.24771,1.62712,0.0,3.14159,0.0,0,1,0.5014,0.5014
0.30733,0.58905,0.37298,2.07415,2.51578,0.0,3.14159,0.0,0,1,0.5295,0.5295
0.44392,0.74613,0.90926,1.06745,1.35176,0.0,3.14159,0.0,0,1,0.5224,0.5224
0.27318,0.47124,0.66803,1.23234,0.41304,3.14159,0.0,0.0,0,1,0.5225,0.5225
1.80983,1.49226,1.27297,0.81577,3.02895,0.0,3.14159,0.0,0,0,0.5079,0.4921
2.45864,2.00277,0.73483,1.41892,1.97758,0.0,3.14159,0.0,0,1,0.5105,0.5105
1.80983,1.84569,0.58081,1.8702,1.47692,0.0,3.14159,0.0,0,0,0.5067,0.4933
2.08301,1.84569,0.67174,1.59249,2.3781,0.0,3.14159,0.0,0,1,0.5031,0.5031
1.87813,2.04204,0.92225,1.03707,0.78853,0.0,0.0,3.14159,0,0,0.5117,0.4883
2.01472,2.04204,0.53071,1.4276,1.91499,0.0,3.14159,0.0,0,0,0.5028,0.4972
0.64881,0.86394,0.28948,2.33884,2.303,0.0,3.14159,0.0,0,1,0.5271,0.5271
1.77568,1.61007,0.60494,1.66192,1.46441,0.0,3.14159,0.0,0,0,0.5084,0.4916
0.92199,0.70686,0.63648,1.39289,1.2266,0.0,0.0,3.14159,0,1,0.5111,0.5111
1.05858,1.37445,1.73873,0.58579,2.62842,0.0,3.14159,0.0,0,0,0.5103,0.4897
1.29761,1.80642,0.49731,1.58381,0.50065,0.0,3.14159,0.0,0,0,0.5095,0.4905
2.18546,1.72788,2.80943,0.36449,0.12516,0.0,3.14159,0.0,0,0,0.5234,0.4766
1.09273,1.45299,0.70329,1.46232,0.4631,0.0,3.14159,0.0,0,0,0.507,0.493
1.09273,1.72788,1.16534,1.07179,0.25033,0.0,3.14159,0.0,0,0,0.5117,0.4883
0.40977,0.74613,0.66803,1.48835,1.2266,0.0,3.14159,0.0,0,1,0.5251,0.5251
1.84398,2.35619,0.51772,1.81813,0.18774,0.0,3.14159,0.0,0,1,0.5016,0.5016
0.85369,0.7854,0.60123,1.54042,0.31291,0.0,3.14159,0.0,0,1,0.5094,0.5094
1.43421,2.00277,0.7237,1.47533,0.92621,0.0,3.14159,0.0,0,0,0.5078,0.4922
0.7854,1.09956,0.33216,1.92661,0.96376,0.0,0.0,3.14159,0,1,0.5133,0.5133
2.66352,2.15984,0.39525,1.78342,1.80235,0.0,3.14159,0.0,0,1,0.5172,0.5172
1.02443,1.45299,0.36556,2.08716,0.1502,0.0,3.14159,0.0,0,1,0.5037,0.5037
1.5025,1.29591,0.527,1.94397,1.97758,0.0,0.0,3.14159,0,1,0.5061,0.5061
2.35619,2.23838,0.35443,2.20866,0.11265,0.0,0.0,3.14159,0,1,0.5085,0.5085
2.11716,1.84569,0.7404,1.36685,2.01513,3.14159,0.0,0.0,0,1,0.5016,0.5016
3.005,2.94524,1.57172,0.63786,0.56323,0.0,0.0,3.14159,0,1,0.5092,0.5092
0.68295,0.94248,0.71442,1.36685,1.95254,0.0,3.14159,0.0,0,1,0.5237,0.5237
1.33176,1.06029,0.39339,1.91793,0.43807,0.0,3.14159,0.0,0,1,0.5001,0.5001
2.01472,2.59181,0.68102,1.47967,1.08892,0.0,0.0,3.14159,0,0,0.5036,0.4964
1.94642,1.88496,0.77937,1.25837,0.96376,0.0,3.14159,0.0,0,0,0.5132,0.4868
0.64881,1.02102,0.26907,2.29978,1.25163,0.0,0.0,3.14159,0,1,0.5282,0.5282
2.45864,2.31692,0.40638,2.16093,2.4532,0.0,3.14159,0.0,0,1,0.5191,0.5191
1.46835,1.92423,0.83875,1.30176,1.88996,0.0,0.0,3.14159,0,0,0.502,0.498
1.22932,1.76715,0.3303,2.28677,2.07771,0.0,3.14159,0.0,0,1,0.5099,0.5099
2.76597,2.39546,0.23195,2.46467,2.69101,0.0,3.14159,0.0,1,1,0.5286,0.5286
2.2196,1.49226,0.63834,1.53608,2.8412,0.0,3.14159,0.0,0,1,0.5017,0.5017
0.58051,0.82467,0.43236,1.87888,2.10274,0.0,3.14159,0.0,0,1,0.5316,0.5316
1.29761,1.02102,0.45463,1.55778,0.75098,0.0,3.14159,0.0,0,0,0.5083,0.4917
2.73182,2.63108,0.60123,1.50571,0.85111,0.0,0.0,3.14159,0,1,0.5079,0.5079
1.33176,1.09956,0.35072,2.0915,0.76349,0.0,3.14159,0.0,0,1,0.5012,0.5012
2.45864,2.43473,0.43236,2.05679,2.56584,0.0,0.0,3.14159,0,1,0.5195,0.5195
1.91227,2.15984,0.62535,1.33648,1.12647,3.14159,0.0,0.0,0,0,0.5109,0.4891
1.91227,2.19911,0.78308,1.19762,2.3781,0.0,0.0,3.14159,0,1,0.5066,0.5066
2.39034,2.08131,0.63092,1.3278,0.90117,0.0,0.0,3.14159,0,0,0.5084,0.4916
0.7171,1.06029,0.75524,1.228,2.59088,0.0,3.14159,0.0,0,1,0.5116,0.5116
2.80012,2.70962,0.78122,1.30176,1.35176,0.0,3.14159,0.0,0,1,0.5151,0.5151
3.0733,3.02378,0.55855,1.71833,0.51317,0.0,0.0,3.14159,0,1,0.5235,0.5235
2.49279,2.27765,0.48432,2.4126,2.11526,0.0,3.14159,0.0,1,1,0.5191,0.5191
2.35619,2.23838,0.79421,1.21064,0.51317,0.0,3.14159,0.0,0,0,0.5033,0.4967
2.90256,2.94524,0.60308,1.85285,1.92751,3.14159,0.0,0.0,0,1,0.5311,0.5311
2.04886,1.92423,0.59009,1.38421,2.04016,0.0,0.0,3.14159,0,0,0.5008,0.4992
2.52693,2.55254,0.28762,1.84851,2.24042,0.0,3.14159,0.0,0,1,0.5207,0.5207
2.62938,2.12058,0.77194,1.41025,2.39061,0.0,0.0,3.14159,0,1,0.5177,0.5177
1.74154,1.5708,0.37669,1.77474,1.99009,0.0,3.14159,0.0,0,0,0.5043,0.4957
0.85369,1.09956,0.70514,1.82681,2.42816,0.0,3.14159,0.0,0,1,0.5172,0.5172
1.74154,1.49226,0.31175,2.00472,0.37549,0.0,3.14159,0.0,0,0,0.5073,0.4927
0.61466,0.98175,0.64576,1.46232,2.29048,0.0,0.0,3.14159,0,1,0.5231,0.5231
1.12688,1.64934,0.62349,1.29309,2.69101,0.0,0.0,3.14159,0,0,0.5037,0.4963
1.60494,2.23838,0.5604,1.79644,2.34055,0.0,3.14159,0.0,0,1,0.5001,0.5001
2.08301,1.64934,0.51772,1.86586,0.27536,3.14159,0.0,0.0,0,0,0.5039,0.4961
1.46835,2.04204,0.56782,1.66192,2.05267,0.0,3.14159,0.0,0,0,0.5031,0.4969
0.17074,0.27489,0.26721,2.25639,0.81356,0.0,3.14159,0.0,0,1,0.5323,0.5323
1.80983,1.68861,0.24494,2.1132,1.16402,0.0,3.14159,0.0,0,0,0.5113,0.4887
0.0683,0.15708,1.18946,0.87218,2.05267,0.0,0.0,3.14159,0,1,0.5311,0.5311
1.80983,1.84569,2.47356,0.39921,2.69101,0.0,3.14159,0.0,0,0,0.5088,0.4912
1.84398,1.49226,0.90184,1.14121,0.36297,3.14159,0.0,0.0,0,0,0.5137,0.4863
1.46835,2.04204,0.83318,1.11084,2.57836,0.0,0.0,3.14159,0,1,0.503,0.503
1.80983,1.84569,0.41937,2.03509,1.96506,0.0,0.0,3.14159,0,0,0.5014,0.4986
2.01472,1.9635,0.71813,1.47967,0.6133,0.0,3.14159,0.0,0,0,0.5092,0.4908
1.19517,1.09956,0.73483,1.25837,0.0,0.0,0.0,3.14159,0,0,0.5013,0.4987
0.54636,0.82467,0.54927,1.43194,2.00261,0.0,0.0,3.14159,0,1,0.5304,0.5304
1.09273,0.98175,0.71071,1.44496,0.18774,0.0,0.0,3.14159,0,1,0.5024,0.5024
2.11716,1.88496,0.31546,2.1132,1.45189,0.0,3.14159,0.0,0,0,0.5049,0.4951
0.99028,1.02102,0.54556,1.98302,0.58827,0.0,3.14159,0.0,0,1,0.5108,0.5108
1.09273,1.41372,0.53813,1.75738,1.48944,0.0,3.14159,0.0,0,1,0.507,0.507
2.39034,2.04204,1.07812,0.88086,0.91369,0.0,0.0,3.14159,0,0,0.5083,0.4917
1.70739,2.27765,0.68102,1.21498,0.31291,0.0,3.14159,0.0,0,0,0.5019,0.4981
1.94642,2.08131,0.44906,1.49269,2.49074,0.0,0.0,3.14159,0,0,0.5014,0.4986
2.39034,2.23838,0.28206,2.71201,2.56584,0.0,3.14159,0.0,1,1,0.5192,0.5192
0.68295,1.06029,0.49731,1.74436,0.42555,0.0,0.0,3.14159,0,1,0.5066,0.5066
1.22932,1.72788,0.61607,1.61853,1.0013,0.0,0.0,3.14159,0,0,0.5052,0.4948
0.88784,1.49226,0.38783,1.89624,1.58957,0.0,3.14159,0.0,0,1,0.5145,0.5145
1.36591,1.13883,0.62906,1.28007,0.95124,0.0,3.14159,0.0,0,0,0.5133,0.4867
0.7854,1.06029,0.41937,2.213,1.0764,0.0,3.14159,0.0,0,1,0.5224,0.5224
2.2879,2.12058,0.35628,2.2347,1.96506,0.0,3.14159,0.0,0,1,0.5091,0.5091
2.56108,2.04204,0.84431,1.33648,0.47562,0.0,3.14159,0.0,0,0,0.5031,0.4969
1.19517,1.92423,1.15421,0.91991,2.61591,0.0,3.14159,0.0,0,1,0.5025,0.5025
2.69767,2.15984,0.45649,1.79644,0.31291,0.0,3.14159,0.0,0,1,0.5046,0.5046
1.5708,1.49226,0.42865,2.33016,0.73846,0.0,0.0,3.14159,0,0,0.5023,0.4977
0.99028,0.98175,0.47319,1.99604,0.5382,0.0,3.14159,0.0,0,1,0.5101,0.5101
0.64881,1.09956,0.63648,1.61419,2.40313,3.14159,0.0,0.0,0,1,0.5191,0.5191
1.77568,2.00277,0.48989,1.83983,1.94003,0.0,3.14159,0.0,0,0,0.5042,0.4958
1.77568,1.88496,2.69438,0.34714,0.21278,0.0,3.14159,0.0,1,0,0.529,0.471
0.68295,1.1781,0.71999,1.28875,1.16402,3.14159,0.0,0.0,0,1,0.5099,0.5099
1.53665,1.76715,0.72741,1.26271,2.10274,3.14159,0.0,0.0,0,0,0.5027,0.4973
2.49279,1.88496,0.61236,1.43194,2.46571,0.0,3.14159,0.0,0,1,0.5103,0.5103
1.53665,1.61007,0.45649,1.77908,1.32673,0.0,0.0,3.14159,0,0,0.5084,0.4916
2.01472,2.04204,0.51772,1.84417,2.07771,0.0,0.0,3.14159,0,1,0.5007,0.5007
0.7854,1.02102,0.4769,1.8919,1.05137,0.0,3.14159,0.0,0,1,0.5176,0.5176
1.05858,0.90321,0.7237,1.44062,0.62582,0.0,3.14159,0.0,0,1,0.5013,0.5013
2.35619,2.23838,0.54927,1.62721,0.18774,0.0,3.14159,0.0,0,1,0.5035,0.5035
1.74154,1.53153,0.67174,1.47099,2.61591,0.0,3.14159,0.0,0,0,0.5011,0.4989
1.60494,2.19911,0.83133,1.21064,0.6884,0.0,0.0,3.14159,0,0,0.5066,0.4934
1.87813,1.9635,0.38041,1.64456,2.12777,0.0,0.0,3.14159,0,0,0.5053,0.4947
1.09273,0.90321,0.36742,1.97,1.90248,0.0,3.14159,0.0,0,1,0.5186,0.5186
0.95614,1.1781,0.71813,1.24536,0.12516,0.0,3.14159,0.0,0,0,0.5049,0.4951
1.19517,1.13883,1.01874,0.94161,0.73846,0.0,3.14159,0.0,0,0,0.5134,0.4866
0.88784,0.7854,0.71628,1.32346,0.92621,0.0,3.14159,0.0,0,1,0.5065,0.5065
2.45864,1.76715,0.50659,1.68362,1.35176,0.0,3.14159,0.0,0,0,0.5005,0.4995
2.76597,2.39546,0.59009,1.7704,0.20026,0.0,3.14159,0.0,0,1,0.5147,0.5147
1.33176,1.06029,0.46948,1.84851,0.02503,0.0,3.14159,0.0,0,1,0.5058,0.5058
0.99028,1.06029,0.6105,1.5491,1.67718,0.0,0.0,3.14159,0,1,0.5139,0.5139
0.17074,0.31416,0.65504,1.46232,1.10143,0.0,3.14159,0.0,0,1,0.5257,0.5257
2.18546,1.72788,0.88885,1.08914,0.90117,3.14159,0.0,0.0,0,0,0.5136,0.4864
0.7171,1.21737,0.31917,1.96133,2.35307,0.0,3.14159,0.0,0,1,0.5211,0.5211
1.98057,2.12058,0.4602,1.66192,1.53951,0.0,3.14159,0.0,0,0,0.5079,0.4921
2.93671,2.98451,0.71628,1.33648,2.10274,0.0,0.0,3.14159,0,1,0.5347,0.5347
0.68295,1.1781,0.75339,1.37119,1.85241,0.0,3.14159,0.0,0,1,0.5193,0.5193
2.86841,2.59181,0.78865,1.44062,1.28918,0.0,3.14159,0.0,0,1,0.514,0.514
2.80012,2.474,0.54556,1.67928,1.06389,0.0,0.0,3.14159,0,1,0.5096,0.5096
2.73182,2.39546,0.94823,1.14555,0.22529,0.0,3.14159,0.0,0,1,0.5105,0.5105
0.85369,0.86394,0.77751,1.27139,0.16271,3.14159,0.0,0.0,0,1,0.506,0.506
1.16102,1.80642,0.55669,1.61853,1.03885,0.0,0.0,3.14159,0,0,0.5046,0.4954
0.30733,0.43197,0.38597,2.13056,1.65215,0.0,3.14159,0.0,0,1,0.5383,0.5383
2.18546,2.04204,0.47133,1.90058,0.82608,0.0,0.0,3.14159,0,0,0.5079,0.4921
1.91227,2.51327,0.44906,1.56212,0.78853,0.0,3.14159,0.0,0,0,0.5078,0.4922
1.67324,1.76715,0.43422,1.97,0.26284,0.0,3.14159,0.0,0,0,0.5035,0.4965
0.58051,0.94248,2.52181,0.39487,1.2266,3.14159,0.0,0.0,0,0,0.5059,0.4941
1.36591,1.88496,0.18556,2.4126,0.18774,0.0,3.14159,0.0,0,0,0.5017,0.4983
0.7171,1.41372,0.81834,1.33648,1.53951,0.0,0.0,3.14159,0,1,0.5126,0.5126
0.92199,1.25664,0.38783,2.15659,1.10143,0.0,3.14159,0.0,0,1,0.5152,0.5152
0.10244,0.19635,0.83689,1.21498,0.95124,3.14159,0.0,0.0,0,1,0.5221,0.5221
1.26347,1.68861,0.56597,1.31912,1.13898,0.0,0.0,3.14159,0,0,0.5103,0.4897
2.01472,2.08131,0.71628,1.34082,0.80104,0.0,3.14159,0.0,0,0,0.5106,0.4894
1.67324,2.23838,1.3175,0.79842,1.0764,0.0,3.14159,0.0,0,0,0.5093,0.4907
2.90256,2.94524,1.02246,1.10216,1.8399,0.0,0.0,3.14159,0,1,0.5268,0.5268
1.36591,1.37445,0.61236,1.43194,1.6146,0.0,3.14159,0.0,0,0,0.5033,0.4967
1.98057,1.5708,0.90369,1.15423,1.97758,0.0,3.14159,0.0,0,1,0.5009,0.5009
1.67324,2.31692,1.51791,0.72899,0.23781,0.0,3.14159,0.0,0,0,0.5067,0.4933
0.61466,1.09956,0.2635,1.74436,2.59088,0.0,3.14159,0.0,1,1,0.516,0.516
2.2879,2.00277,1.42327,0.67258,0.82608,0.0,3.14159,0.0,0,0,0.5148,0.4852
1.94642,2.23838,0.56226,1.38855,2.35307,0.0,3.14159,0.0,0,1,0.5027,0.5027
2.97085,2.74889,0.5103,2.03943,2.00261,0.0,0.0,3.14159,0,1,0.5337,0.5337
0.85369,0.70686,0.35443,2.16527,1.96506,0.0,3.14159,0.0,0,1,0.5273,0.5273
1.63909,2.23838,0.3637,2.27809,0.62582,3.14159,0.0,0.0,0,0,0.5086,0.4914
1.05858,1.41372,0.68287,1.58815,1.73977,0.0,3.14159,0.0,0,1,0.5081,0.5081
2.32205,2.23838,0.53071,1.70097,0.41304,0.0,0.0,3.14159,0,0,0.5013,0.4987
2.86841,2.78816,1.20802,0.84181,0.43807,0.0,3.14159,0.0,0,1,0.5139,0.5139
1.5025,1.84569,0.80349,1.38855,1.35176,0.0,3.14159,0.0,0,0,0.5075,0.4925
1.26347,1.68861,0.90184,1.11952,0.66336,0.0,0.0,3.14159,0,0,0.5123,0.4877
0.75125,1.21737,0.23752,2.30412,0.0,0.0,3.14159,0.0,0,1,0.5067,0.5067
2.62938,2.15984,0.42309,1.63588,1.2266,0.0,3.14159,0.0,0,1,0.503,0.503
1.84398,2.39546,0.71071,1.41458,0.13768,0.0,3.14159,0.0,0,1,0.5062,0.5062
2.97085,2.90597,0.53999,1.7921,2.07771,3.14159,0.0,0.0,0,1,0.5345,0.5345
0.75125,1.21737,0.59566,1.80945,1.87745,0.0,3.14159,0.0,0,1,0.5228,0.5228
1.74154,1.5708,0.93524,1.21932,2.09022,0.0,0.0,3.14159,0,0,0.5001,0.4999
1.02443,0.94248,0.60123,1.81813,1.0013,0.0,3.14159,0.0,0,1,0.5116,0.5116
1.16102,1.5708,0.20783,2.38223,1.56454,0.0,3.14159,0.0,0,1,0.5087,0.5087
1.36591,1.13883,0.37669,2.14357,2.72855,0.0,3.14159,0.0,1,1,0.5107,0.5107
2.42449,2.43473,0.44721,1.83115,2.42816,0.0,0.0,3.14159,0,1,0.5173,0.5173
0.75125,1.13883,0.67731,1.28441,1.73977,0.0,3.14159,0.0,0,1,0.5175,0.5175
2.42449,2.15984,0.52886,1.72267,1.90248,0.0,3.14159,0.0,0,1,0.5102,0.5102
1.74154,1.5708,0.67916,1.46666,2.26545,0.0,0.0,3.14159,0,0,0.5016,0.4984
1.43421,1.41372,0.62906,1.65324,1.86493,0.0,3.14159,0.0,0,1,0.5008,0.5008
2.45864,2.43473,0.30804,2.17395,1.56454,0.0,0.0,3.14159,0,1,0.5104,0.5104
2.01472,2.35619,0.46762,1.95699,2.57836,0.0,3.14159,0.0,0,1,0.5065,0.5065
2.2879,2.15984,0.16515,2.65126,2.27797,0.0,3.14159,0.0,1,1,0.5149,0.5149
1.87813,2.19911,0.60123,1.7921,1.7648,0.0,3.14159,0.0,0,0,0.5037,0.4963
1.33176,0.98175,0.91483,1.04141,0.17523,0.0,0.0,3.14159,0,0,0.5061,0.4939
1.29761,1.72788,0.56597,1.58381,0.48814,0.0,3.14159,0.0,0,0,0.5083,0.4917
0.7854,1.21737,0.43607,1.80945,1.26415,0.0,0.0,3.14159,0,1,0.516,0.516
1.60494,1.61007,0.35443,1.53608,1.31421,0.0,3.14159,0.0,0,0,0.516,0.484
2.2879,2.12058,0.41752,2.00906,2.34055,0.0,3.14159,0.0,0,1,0.5107,0.5107
1.91227,2.00277,0.7237,1.5491,0.63833,0.0,3.14159,0.0,0,0,0.5081,0.4919
0.7171,1.02102,0.46391,1.68362,1.41434,0.0,3.14159,0.0,0,1,0.5212,0.5212
0.75125,1.13883,0.30804,2.29111,1.65215,0.0,0.0,3.14159,0,1,0.5281,0.5281
2.76597,2.35619,0.61978,1.73569,2.10274,0.0,0.0,3.14159,0,1,0.5257,0.5257
1.77568,2.23838,0.24309,2.04811,0.75098,0.0,0.0,3.14159,0,0,0.513,0.487
0.81955,0.94248,0.53442,1.93529,2.29048,0.0,0.0,3.14159,0,1,0.5236,0.5236
1.09273,1.45299,0.43793,1.60551,1.94003,3.14159,0.0,0.0,0,1,0.506,0.506
1.40006,1.29591,0.60494,1.59683,2.66597,0.0,3.14159,0.0,0,1,0.5026,0.5026
1.5025,1.80642,0.52143,1.5708,0.23781,3.14159,0.0,0.0,0,0,0.5079,0.4921
1.70739,2.12058,0.55484,1.83983,2.31552,0.0,3.14159,0.0,0,0,0.5002,0.4998
1.74154,1.49226,0.98349,1.0848,2.69101,0.0,3.14159,0.0,0,0,0.5007,0.4993
2.35619,2.12058,0.45463,2.0134,1.26415,3.14159,0.0,0.0,0,0,0.5008,0.4992
1.80983,1.49226,0.62164,1.51005,1.77732,0.0,3.14159,0.0,0,0,0.5055,0.4945
1.67324,1.37445,0.46391,2.04377,0.71343,0.0,3.14159,0.0,0,0,0.5048,0.4952
0.61466,0.98175,0.40453,1.66626,2.42816,0.0,3.14159,0.0,0,1,0.5225,0.5225
1.5025,1.53153,0.44164,1.77474,2.12777,0.0,3.14159,0.0,0,0,0.5004,0.4996
1.80983,2.19911,0.64947,1.48835,0.0,0.0,3.14159,0.0,0,1,0.5041,0.5041
1.26347,1.68861,0.33216,1.90492,0.4631,0.0,3.14159,0.0,0,0,0.5064,0.4936
2.2879,1.84569,1.2006,0.95897,1.02634,0.0,0.0,3.14159,0,0,0.5099,0.4901
2.76597,2.82743,0.23381,2.17395,0.85111,0.0,0.0,3.14159,0,1,0.5183,0.5183
2.25375,2.00277,0.87029,1.11084,1.17653,0.0,3.14159,0.0,0,0,0.5069,0.4931
1.19517,1.80642,0.97792,0.99368,0.97627,3.14159,0.0,0.0,0,0,0.5083,0.4917
2.01472,2.08131,0.6736,1.52306,2.71604,0.0,3.14159,0.0,0,1,0.504,0.504
2.25375,1.61007,1.00761,1.01104,1.57705,3.14159,0.0,0.0,0,0,0.5004,0.4996
0.64881,0.94248,0.29505,2.47769,2.59088,0.0,0.0,3.14159,1,1,0.5204,0.5204
0.85369,1.5708,0.2969,1.95265,2.60339,0.0,3.14159,0.0,0,1,0.5103,0.5103
1.46835,1.37445,0.45278,1.80945,1.66467,0.0,3.14159,0.0,0,0,0.5008,0.4992
1.22932,1.76715,0.58824,1.99604,2.00261,0.0,3.14159,0.0,0,1,0.5069,0.5069
2.2879,2.15984,1.23214,1.00236,0.56323,0.0,3.14159,0.0,0,0,0.5078,0.4922
0.81955,1.45299,0.39154,1.73135,1.75228,0.0,3.14159,0.0,0,1,0.516,0.516
1.80983,1.88496,0.60865,1.68796,0.38801,0.0,3.14159,0.0,0,0,0.5061,0.4939
1.09273,0.86394,0.85174,1.25403,1.82738,0.0,0.0,3.14159,0,1,0.5123,0.5123
2.11716,1.88496,0.75339,1.28441,0.71343,3.14159,0.0,0.0,0,0,0.5127,0.4873
0.64881,1.02102,0.73669,1.45798,0.03755,0.0,0.0,3.14159,0,1,0.506,0.506
0.85369,1.61007,1.14493,0.92425,2.54081,0.0,0.0,3.14159,0,0,0.5012,0.4988
1.46835,1.76715,0.82761,1.40591,0.21278,0.0,3.14159,0.0,0,0,0.5057,0.4943
1.70739,2.27765,0.41195,2.42562,0.72595,0.0,3.14159,0.0,0,0,0.5093,0.4907
2.25375,2.04204,0.23752,1.90058,1.55202,0.0,3.14159,0.0,0,0,0.5026,0.4974
1.22932,1.1781,0.59937,1.63155,2.06519,0.0,3.14159,0.0,0,1,0.5087,0.5087
1.77568,1.49226,0.94637,1.01538,0.83859,0.0,0.0,3.14159,0,0,0.5183,0.4817
1.53665,2.12058,0.50288,1.8702,2.35307,0.0,3.14159,0.0,0,0,0.5002,0.4998
2.08301,2.00277,1.11524,0.96765,0.0751,0.0,0.0,3.14159,0,0,0.5013,0.4987
1.19517,1.06029,0.54185,1.60117,1.60209,0.0,3.14159,0.0,0,1,0.5068,0.5068
1.77568,1.5708,0.93524,1.09348,1.75228,0.0,0.0,3.14159,0,0,0.5031,0.4969
1.94642,1.5708,0.61236,1.52306,1.82738,0.0,0.0,3.14159,0,0,0.5043,0.4957
2.83426,2.67035,0.19484,2.52542,1.26415,0.0,3.14159,0.0,0,1,0.5235,0.5235
1.94642,1.9635,0.22082,2.29978,2.17784,0.0,3.14159,0.0,0,1,0.5032,0.5032
1.36591,1.25664,1.0874,0.89388,2.4532,0.0,0.0,3.14159,0,1,0.5017,0.5017
1.19517,1.68861,0.64576,1.48835,0.96376,0.0,0.0,3.14159,0,0,0.5066,0.4934
1.53665,2.12058,0.22082,2.60353,2.06519,0.0,3.14159,0.0,0,1,0.5044,0.5044
0.7171,1.21737,0.66246,1.60551,1.57705,0.0,3.14159,0.0,0,1,0.5196,0.5196
1.94642,1.64934,0.60494,1.63155,0.23781,0.0,3.14159,0.0,0,0,0.506,0.494
2.01472,1.64934,1.49008,0.67258,2.11526,0.0,3.14159,0.0,0,1,0.5073,0.5073
2.2879,1.84569,1.32492,0.82445,2.01513,0.0,3.14159,0.0,0,1,0.5082,0.5082
0.10244,0.23562,1.35461,0.72465,0.92621,0.0,3.14159,0.0,0,1,0.5189,0.5189
1.09273,1.21737,0.69772,1.37987,0.26284,0.0,0.0,3.14159,0,0,0.5056,0.4944
1.19517,1.80642,0.64391,1.4276,1.23911,0.0,0.0,3.14159,0,0,0.5049,0.4951
2.04886,1.92423,0.47319,1.73569,0.95124,0.0,3.14159,0.0,0,0,0.5122,0.4878
1.19517,1.61007,0.6105,1.73569,0.43807,3.14159,0.0,0.0,0,0,0.503,0.497
2.2196,1.9635,0.77194,1.15423,0.92621,0.0,3.14159,0.0,0,0,0.5115,0.4885
1.94642,1.88496,0.12433,2.48203,0.96376,0.0,3.14159,0.0,0,0,0.5116,0.4884
0.7171,0.94248,1.01689,1.19328,2.55333,0.0,3.14159,0.0,0,1,0.5126,0.5126
0.75125,0.98175,0.70885,1.47533,0.18774,0.0,3.14159,0.0,0,1,0.5055,0.5055
0.7171,1.06029,0.91668,1.09782,0.73846,0.0,0.0,3.14159,0,1,0.5014,0.5014
1.19517,1.25664,0.36742,1.84417,2.55333,0.0,3.14159,0.0,0,1,0.5077,0.5077
1.80983,1.61007,0.94081,1.05877,1.6897,0.0,3.14159,0.0,0,0,0.5037,0.4963
0.88784,0.86394,0.42865,1.7487,1.06389,0.0,3.14159,0.0,0,1,0.5129,0.5129
2.69767,2.27765,0.28762,2.34318,0.02503,0.0,0.0,3.14159,1,1,0.5189,0.5189
2.2196,1.80642,0.89998,1.23668,0.23781,0.0,0.0,3.14159,0,0,0.506,0.494
1.26347,1.84569,0.34144,1.94831,2.82869,0.0,3.14159,0.0,1,1,0.5015,0.5015
1.19517,1.5708,0.55484,1.47099,1.96506,0.0,0.0,3.14159,0,1,0.5011,0.5011
0.7171,1.09956,0.58638,1.39723,0.70091,0.0,0.0,3.14159,0,1,0.5016,0.5016
2.04886,1.68861,1.64595,0.59013,2.20287,0.0,0.0,3.14159,0,1,0.5072,0.5072
2.49279,2.08131,0.60308,1.43194,1.18905,0.0,3.14159,0.0,0,0,0.5023,0.4977
2.83426,2.51327,1.45853,0.72465,0.02503,0.0,0.0,3.14159,0,1,0.5118,0.5118
1.87813,2.19911,0.527,1.69229,1.41434,0.0,0.0,3.14159,0,0,0.5086,0.4914
0.10244,0.19635,0.79978,1.17159,1.63964,0.0,3.14159,0.0,0,1,0.5306,0.5306
1.12688,1.64934,0.76452,1.44062,0.58827,0.0,3.14159,0.0,0,0,0.5071,0.4929
1.22932,1.72788,1.72203,0.59881,0.76349,0.0,3.14159,0.0,0,0,0.5257,0.4743
1.80983,1.80642,1.13751,0.87652,2.64094,0.0,3.14159,0.0,0,1,0.504,0.504
0.99028,1.1781,1.11153,1.02839,0.43807,0.0,3.14159,0.0,0,0,0.5105,0.4895
2.80012,2.8667,1.33791,0.75502,0.75098,0.0,0.0,3.14159,0,1,0.5069,0.5069
2.2196,2.00277,0.60123,1.60551,0.41304,0.0,3.14159,0.0,0,0,0.5057,0.4943
2.11716,1.9635,0.50659,1.5274,0.21278,0.0,0.0,3.14159,0,0,0.5065,0.4935
0.61466,1.06029,0.3303,1.83983,2.20287,3.14159,0.0,0.0,0,1,0.5267,0.5267
1.05858,1.45299,0.39154,1.9917,1.46441,0.0,3.14159,0.0,0,1,0.5099,0.5099
0.92199,1.1781,0.83133,1.3061,2.39061,0.0,3.14159,0.0,0,1,0.509,0.509
0.7171,1.13883,0.53442,1.66626,1.0013,0.0,0.0,3.14159,0,1,0.5118,0.5118
1.5708,1.88496,0.66432,1.24102,2.66597,0.0,3.14159,0.0,0,0,0.5028,0.4972
2.18546,1.92423,0.94637,1.01972,1.31421,0.0,0.0,3.14159,0,0,0.5058,0.4942
2.62938,2.12058,0.45834,1.54476,2.26545,0.0,0.0,3.14159,0,1,0.5179,0.5179
1.46835,1.29591,0.35443,2.43864,1.86493,0.0,3.14159,0.0,0,1,0.5116,0.5116
0.7171,1.09956,0.34886,2.12622,0.5382,0.0,3.14159,0.0,0,1,0.5125,0.5125
2.25375,1.53153,0.47875,1.62721,2.51578,0.0,0.0,3.14159,0,1,0.5038,0.5038
2.39034,2.35619,0.48432,1.62721,1.58957,0.0,0.0,3.14159,0,1,0.5054,0.5054
2.39034,2.31692,0.40267,1.94831,1.48944,0.0,3.14159,0.0,0,1,0.5044,0.5044
1.84398,1.76715,0.71999,1.24102,0.38801,0.0,3.14159,0.0,0,0,0.5129,0.4871
1.29761,1.72788,0.4602,1.67928,1.20157,3.14159,0.0,0.0,0,0,0.507,0.493
0.13659,0.19635,0.52515,1.82247,1.1515,0.0,3.14159,0.0,0,1,0.5297,0.5297
2.18546,2.08131,0.24123,1.84851,1.70222,0.0,0.0,3.14159,0,0,0.5026,0.4974
2.66352,2.19911,0.58081,1.6706,2.7661,3.14159,0.0,0.0,0,1,0.5178,0.5178
2.08301,1.84569,0.46762,1.70097,1.0764,0.0,3.14159,0.0,0,0,0.5123,0.4877
0.54636,0.86394,0.82576,1.11518,2.21539,0.0,3.14159,0.0,0,1,0.5244,0.5244
2.45864,2.27765,0.63092,1.73135,0.4631,0.0,3.14159,0.0,0,1,0.5024,0.5024
1.26347,1.72788,0.46576,1.98736,0.56323,3.14159,0.0,0.0,0,0,0.5023,0.4977
1.16102,1.5708,0.95751,1.11084,0.92621,3.14159,0.0,0.0,0,0,0.5094,0.4906
1.84398,2.08131,0.28391,2.15659,1.87745,0.0,0.0,3.14159,0,0,0.5035,0.4965
2.2196,1.92423,0.63277,1.71833,0.87614,0.0,3.14159,0.0,0,0,0.5078,0.4922
2.11716,1.88496,0.76452,1.24536,1.94003,0.0,3.14159,0.0,0,1,0.5017,0.5017
2.18546,1.9635,0.48432,1.60117,1.11395,0.0,0.0,3.14159,0,0,0.5109,0.4891
2.01472,1.84569,0.61978,1.48401,0.63833,0.0,3.14159,0.0,0,0,0.5127,0.4873
1.05858,1.41372,0.64947,1.44062,0.20026,0.0,3.14159,0.0,0,0,0.5066,0.4934
2.86841,2.74889,0.39711,2.15659,1.53951,0.0,3.14159,0.0,0,1,0.5267,0.5267
1.22932,1.80642,0.11505,2.55146,2.04016,3.14159,0.0,0.0,0,1,0.5091,0.5091
1.84398,2.00277,0.65504,1.60985,0.86363,0.0,3.14159,0.0,0,0,0.51,0.49
2.73182,2.39546,0.24866,2.50807,0.52568,0.0,3.14159,0.0,1,1,0.5154,0.5154
1.70739,2.35619,0.73854,1.27573,0.73846,0.0,3.14159,0.0,0,0,0.5055,0.4945
2.35619,2.08131,0.52329,1.84851,1.87745,0.0,3.14159,0.0,0,1,0.5076,0.5076
1.63909,2.15984,0.50288,1.65758,2.3781,0.0,0.0,3.14159,0,0,0.5021,0.4979
1.12688,1.49226,1.01874,1.1282,0.51317,0.0,3.14159,0.0,0,0,0.5123,0.4877
2.35619,2.23838,0.49731,1.83549,0.75098,0.0,3.14159,0.0,0,0,0.5035,0.4965
1.77568,2.43473,0.61236,1.7487,0.37549,0.0,0.0,3.14159,0,1,0.5003,0.5003
1.36591,1.09956,1.09668,0.95029,0.65085,0.0,3.14159,0.0,0,0,0.5165,0.4835
1.19517,1.02102,0.8406,1.02839,0.1502,0.0,3.14159,0.0,0,0,0.5062,0.4938
2.93671,2.82743,0.64019,1.66192,2.42816,0.0,3.14159,0.0,0,1,0.5357,0.5357
1.33176,1.21737,0.63463,1.50571,1.40183,0.0,0.0,3.14159,0,0,0.5022,0.4978
0.61466,0.86394,0.4435,1.54476,2.40313,3.14159,0.0,0.0,0,1,0.5247,0.5247
1.26347,1.80642,0.74411,1.26271,2.21539,0.0,0.0,3.14159,0,0,0.5002,0.4998
1.46835,1.76715,1.04287,0.89388,1.23911,0.0,3.14159,0.0,0,0,0.5085,0.4915
0.7854,1.13883,0.63277,1.42326,1.32673,0.0,3.14159,0.0,0,1,0.5124,0.5124
1.80983,1.76715,0.09649,2.08716,0.28788,0.0,0.0,3.14159,0,0,0.5111,0.4889
2.42449,2.39546,0.50473,1.64456,1.31421,0.0,0.0,3.14159,0,1,0.5022,0.5022
0.51222,0.66759,0.68287,1.91359,1.31421,0.0,3.14159,0.0,0,1,0.5309,0.5309
1.02443,0.82467,0.56411,1.64022,0.16271,0.0,0.0,3.14159,0,1,0.5092,0.5092
1.43421,1.21737,1.30822,0.72465,1.46441,0.0,0.0,3.14159,0,0,0.5064,0.4936
1.53665,1.45299,0.83318,1.22366,0.66336,0.0,3.14159,0.0,0,0,0.5154,0.4846
1.26347,1.88496,0.28762,2.28243,1.70222,3.14159,0.0,0.0,0,1,0.5031,0.5031
2.52693,2.35619,1.11895,0.9069,2.21539,0.0,0.0,3.14159,0,1,0.5191,0.5191
1.5025,1.45299,0.33587,2.06981,1.46441,0.0,3.14159,0.0,0,0,0.5016,0.4984
2.2879,2.04204,0.92411,1.07613,2.77862,3.14159,0.0,0.0,0,1,0.5078,0.5078
1.87813,1.92423,0.89442,1.14555,1.73977,0.0,3.14159,0.0,0,0,0.5018,0.4982
0.92199,0.82467,0.38041,2.30412,1.8399,0.0,3.14159,0.0,0,1,0.5256,0.5256
0.17074,0.35343,0.60679,1.83549,1.23911,0.0,3.14159,0.0,0,1,0.5313,0.5313
2.39034,2.23838,0.54741,1.43628,0.25033,0.0,3.14159,0.0,0,1,0.5001,0.5001
2.42449,2.04204,0.48803,1.58381,2.17784,3.14159,0.0,0.0,0,1,0.5107,0.5107
1.46835,1.45299,0.85545,1.13254,1.0013,0.0,0.0,3.14159,0,0,0.5144,0.4856
1.67324,1.5708,0.49545,1.41458,0.17523,0.0,3.14159,0.0,0,0,0.5125,0.4875
2.35619,2.00277,0.44721,1.85718,0.03755,0.0,0.0,3.14159,0,1,0.5041,0.5041
2.86841,2.90597,0.32288,1.94831,2.35307,0.0,3.14159,0.0,0,1,0.5335,0.5335
1.84398,1.88496,0.70514,1.25837,0.60078,0.0,3.14159,0.0,0,0,0.5138,0.4862
1.43421,1.21737,1.45482,0.70295,2.05267,0.0,3.14159,0.0,0,1,0.502,0.502
2.39034,2.15984,0.68287,1.57947,0.82608,0.0,3.14159,0.0,0,0,0.5044,0.4956
2.62938,2.78816,0.86658,1.21064,1.3017,0.0,0.0,3.14159,0,1,0.5116,0.5116
2.39034,2.27765,0.48989,1.76172,0.81356,0.0,0.0,3.14159,0,0,0.5035,0.4965
0.68295,1.09956,0.62906,1.65758,2.14029,0.0,0.0,3.14159,0,1,0.5228,0.5228
2.15131,2.00277,0.39154,1.65758,0.03755,0.0,3.14159,0.0,0,0,0.5026,0.4974
2.35619,2.12058,0.82947,1.14555,1.31421,3.14159,0.0,0.0,0,0,0.5018,0.4982
0.95614,1.06029,0.47319,1.84417,1.28918,0.0,3.14159,0.0,0,1,0.5146,0.5146
1.26347,1.76715,0.58081,1.57947,0.83859,0.0,3.14159,0.0,0,0,0.5078,0.4922
1.67324,1.80642,0.27835,2.07848,0.37549,0.0,3.14159,0.0,0,0,0.5077,0.4923
2.39034,2.35619,0.347,2.14357,2.06519,0.0,0.0,3.14159,0,1,0.5144,0.5144
0.7171,1.13883,0.88328,1.25403,1.95254,0.0,0.0,3.14159,0,1,0.5167,0.5167
1.77568,2.31692,0.63834,1.4493,2.39061,0.0,3.14159,0.0,0,1,0.5031,0.5031
3.005,2.94524,0.45649,1.85285,1.53951,0.0,0.0,3.14159,0,1,0.5288,0.5288
1.77568,2.19911,0.54556,1.82681,0.6133,0.0,3.14159,0.0,0,0,0.5067,0.4933
0.64881,1.02102,0.4602,1.64022,0.0751,0.0,0.0,3.14159,0,1,0.5047,0.5047
1.60494,1.49226,1.02802,1.07179,1.02634,3.14159,0.0,0.0,0,0,0.5147,0.4853
1.40006,1.1781,0.49174,2.54712,1.67718,0.0,3.14159,0.0,1,1,0.5132,0.5132
1.53665,1.37445,0.92225,1.11084,2.52829,0.0,0.0,3.14159,0,1,0.5001,0.5001
0.51222,0.86394,0.43051,1.83549,1.51447,0.0,3.14159,0.0,0,1,0.5319,0.5319
2.80012,2.82743,0.2802,2.1132,0.82608,0.0,3.14159,0.0,0,1,0.5186,0.5186
1.74154,1.64934,0.61607,1.49703,0.95124,3.14159,0.0,0.0,0,0,0.5145,0.4855
0.68295,1.09956,0.64391,1.7487,1.75228,0.0,3.14159,0.0,0,1,0.5251,0.5251
1.19517,1.72788,0.99833,1.06745,2.57836,0.0,0.0,3.14159,0,0,0.5011,0.4989
0.85369,0.62832,0.24866,2.16093,2.25293,0.0,0.0,3.14159,0,1,0.5254,0.5254
2.39034,2.00277,0.61236,1.90492,0.30039,0.0,3.14159,0.0,0,1,0.5026,0.5026
1.16102,1.76715,0.41381,2.00038,0.67588,0.0,3.14159,0.0,0,0,0.5021,0.4979
1.60494,1.49226,0.91668,1.1282,0.13768,0.0,3.14159,0.0,0,0,0.51,0.49
1.33176,1.06029,0.43422,1.70531,0.66336,0.0,0.0,3.14159,0,0,0.5055,0.4945
1.36591,1.29591,0.61236,1.8919,1.85241,0.0,3.14159,0.0,0,1,0.5075,0.5075
1.94642,2.12058,0.10206,2.61221,2.21539,0.0,3.14159,0.0,1,1,0.5058,0.5058
0.54636,0.82467,0.68287,1.37119,2.57836,3.14159,0.0,0.0,1,1,0.5229,0.5229
1.29761,1.25664,0.48989,1.70097,2.46571,0.0,3.14159,0.0,0,1,0.5057,0.5057
2.93671,2.90597,0.5604,1.86586,0.88866,0.0,0.0,3.14159,0,1,0.5197,0.5197
1.33176,1.80642,0.31731,1.93963,2.97888,0.0,3.14159,0.0,1,0,0.5005,0.4995
0.7171,1.09956,0.58267,1.45798,2.64094,0.0,3.14159,0.0,0,1,0.5119,0.5119
1.33176,1.80642,0.79607,1.26271,2.9163,0.0,3.14159,0.0,0,0,0.5035,0.4965
2.18546,2.15984,0.62349,1.65758,1.41434,0.0,3.14159,0.0,0,0,0.5035,0.4965
1.63909,1.45299,0.71813,1.54042,0.52568,0.0,3.14159,0.0,0,0,0.5093,0.4907
1.98057,2.12058,1.31379,0.85049,2.12777,0.0,3.14159,0.0,0,1,0.5114,0.5114
2.01472,1.80642,0.68102,1.49269,0.73846,0.0,3.14159,0.0,0,0,0.5122,0.4878
2.39034,1.9635,0.4101,2.02641,1.96506,0.0,3.14159,0.0,0,1,0.5102,0.5102
0.95614,1.49226,0.64762,1.56212,0.81356,3.14159,0.0,0.0,0,0,0.5016,0.4984
0.64881,0.86394,0.66617,1.4276,2.05267,0.0,3.14159,0.0,0,1,0.5266,0.5266
0.30733,0.47124,0.62164,1.51439,1.72725,0.0,3.14159,0.0,0,1,0.5349,0.5349
1.46835,1.29591,0.53999,1.93529,0.90117,0.0,3.14159,0.0,0,0,0.5019,0.4981
1.22932,1.68861,1.94842,0.57278,1.88996,0.0,3.14159,0.0,0,0,0.5018,0.4982
1.87813,2.39546,0.45649,1.69663,2.25293,0.0,3.14159,0.0,0,1,0.501,0.501
2.42449,2.23838,1.20616,0.985,1.51447,0.0,3.14159,0.0,0,1,0.5044,0.5044
2.04886,1.92423,0.51401,1.90058,1.3017,0.0,3.14159,0.0,0,0,0.5075,0.4925
1.70739,2.39546,0.5604,1.77474,2.26545,0.0,0.0,3.14159,0,1,0.5011,0.5011
1.43421,2.04204,0.58453,1.48835,2.02764,0.0,3.14159,0.0,0,0,0.5035,0.4965
1.12688,0.98175,0.69401,1.41458,0.45059,3.14159,0.0,0.0,0,0,0.502,0.498
1.80983,1.92423,1.20431,0.95463,0.97627,3.14159,0.0,0.0,0,0,0.5131,0.4869
0.92199,1.1781,0.48618,1.95699,0.65085,0.0,3.14159,0.0,0,1,0.5085,0.5085
1.43421,1.41372,1.46781,0.65522,2.21539,0.0,3.14159,0.0,0,1,0.5032,0.5032
0.99028,1.02102,0.7571,1.25837,1.17653,0.0,3.14159,0.0,0,1,0.5029,0.5029
1.02443,0.86394,0.68659,1.28441,0.90117,0.0,3.14159,0.0,0,0,0.5003,0.4997
1.5708,1.45299,1.31379,0.94595,0.0751,0.0,0.0,3.14159,0,0,0.5138,0.4862
1.05858,1.45299,0.66617,1.69229,1.7648,0.0,3.14159,0.0,0,1,0.5092,0.5092
2.35619,2.27765,1.26554,0.93293,1.06389,0.0,0.0,3.14159,0,0,0.5054,0.4946
2.66352,2.15984,0.50288,2.1132,0.13768,0.0,3.14159,0.0,0,1,0.5135,0.5135
1.53665,1.49226,0.4435,1.84417,1.70222,3.14159,0.0,0.0,0,0,0.5025,0.4975
1.80983,2.35619,0.6569,1.26271,1.1515,3.14159,0.0,0.0,0,0,0.5079,0.4921
1.74154,1.76715,0.46391,1.69229,0.0,3.14159,0.0,0.0,0,0,0.5032,0.4968
2.39034,2.39546,0.69772,1.29743,2.31552,0.0,0.0,3.14159,0,1,0.5173,0.5173
2.2879,2.00277,1.11709,0.82011,2.3781,0.0,0.0,3.14159,0,1,0.5122,0.5122
2.08301,1.9635,0.91297,1.02406,2.26545,0.0,3.14159,0.0,0,1,0.5077,0.5077
1.5708,2.15984,0.33958,1.97,0.62582,3.14159,0.0,0.0,0,0,0.5097,0.4903
2.76597,2.78816,0.81834,1.34082,1.33924,0.0,0.0,3.14159,0,1,0.5149,0.5149
1.80983,2.35619,0.58638,1.70965,2.47823,0.0,3.14159,0.0,0,1,0.5034,0.5034
1.29761,1.84569,0.60123,1.81813,2.20287,0.0,3.14159,0.0,0,1,0.5025,0.5025
1.53665,1.49226,0.66988,1.56646,1.7648,0.0,3.14159,0.0,0,0,0.5031,0.4969
3.10744,3.10232,0.60494,1.68796,0.16271,0.0,3.14159,0.0,0,1,0.5299,0.5299
1.98057,1.72788,0.71071,1.41458,0.08761,0.0,3.14159,0.0,0,0,0.5044,0.4956
1.91227,2.23838,0.38226,1.6706,1.51447,3.14159,0.0,0.0,0,0,0.5092,0.4908
1.77568,2.35619,0.42309,2.1913,1.3017,0.0,3.14159,0.0,0,0,0.5088,0.4912
2.76597,2.74889,0.65504,1.35817,1.2266,0.0,3.14159,0.0,0,1,0.5133,0.5133
1.12688,1.72788,0.77009,1.24969,0.18774,0.0,0.0,3.14159,0,0,0.5083,0.4917
1.91227,1.64934,0.527,1.67928,2.61591,0.0,0.0,3.14159,0,0,0.5001,0.4999
0.99028,1.33518,0.4602,1.92227,2.05267,0.0,3.14159,0.0,0,1,0.5161,0.5161
1.19517,1.64934,0.43422,2.12622,2.42816,0.0,0.0,3.14159,0,1,0.5103,0.5103
1.19517,1.33518,0.61607,1.56646,2.00261,0.0,3.14159,0.0,0,1,0.506,0.506
2.35619,1.68861,0.5604,1.93095,0.25033,0.0,3.14159,0.0,0,0,0.5003,0.4997
2.86841,2.90597,0.44906,1.60551,1.55202,0.0,3.14159,0.0,0,1,0.5249,0.5249
1.19517,1.33518,0.33587,1.78776,1.41434,0.0,3.14159,0.0,0,1,0.5014,0.5014
2.35619,2.04204,0.60308,1.29309,0.6133,0.0,3.14159,0.0,0,0,0.5105,0.4895
2.52693,1.88496,0.61236,1.45364,0.75098,0.0,3.14159,0.0,0,0,0.5082,0.4918
0.51222,0.90321,0.38968,2.17829,0.21278,0.0,3.14159,0.0,0,1,0.5141,0.5141
1.36591,1.84569,1.00947,0.98066,2.09022,0.0,3.14159,0.0,0,1,0.5037,0.5037
1.12688,1.68861,0.61422,1.44496,0.33794,0.0,0.0,3.14159,0,0,0.5085,0.4915
1.84398,1.84569,0.34329,2.10018,2.56584,0.0,3.14159,0.0,0,1,0.503,0.503
2.93671,2.90597,0.61793,1.60117,1.51447,0.0,0.0,3.14159,0,1,0.5242,0.5242
1.87813,1.80642,1.10596,1.12386,0.47562,3.14159,0.0,0.0,0,0,0.512,0.488
0.47807,0.82467,0.53257,1.51873,0.43807,0.0,3.14159,0.0,0,1,0.5107,0.5107
0.47807,0.90321,0.6569,1.41458,2.62842,0.0,3.14159,0.0,0,1,0.5206,0.5206
1.60494,1.37445,0.71442,1.31044,0.22529,0.0,3.14159,0.0,0,0,0.5103,0.4897
2.08301,1.72788,0.59566,1.83983,0.4631,0.0,3.14159,0.0,0,0,0.5053,0.4947
1.36591,1.06029,0.4769,1.65324,0.0,0.0,0.0,3.14159,0,1,0.5028,0.5028
1.74154,2.15984,0.47319,2.28243,2.16532,0.0,3.14159,0.0,0,1,0.5041,0.5041
1.87813,1.88496,0.55855,1.51005,0.58827,0.0,3.14159,0.0,0,0,0.513,0.487
1.43421,1.9635,0.33958,1.96567,0.0,0.0,0.0,3.14159,0,0,0.5002,0.4998
2.08301,2.08131,0.45649,1.69229,0.16271,0.0,0.0,3.14159,0,0,0.5026,0.4974
2.01472,1.9635,0.64205,1.60117,0.66336,0.0,0.0,3.14159,0,0,0.5094,0.4906
1.84398,2.08131,0.36556,1.60551,1.16402,0.0,0.0,3.14159,0,0,0.5151,0.4849
2.62938,2.15984,1.02802,0.95029,2.42816,0.0,3.14159,0.0,0,1,0.5162,0.5162
0.95614,1.68861,0.65504,1.28007,0.58827,0.0,3.14159,0.0,0,0,0.5091,0.4909
0.92199,1.1781,0.81277,1.55778,0.56323,0.0,3.14159,0.0,0,1,0.5019,0.5019
1.12688,1.61007,0.84617,1.31912,2.59088,0.0,3.14159,0.0,0,0,0.5013,0.4987
0.61466,0.82467,0.65875,1.5708,1.1515,0.0,3.14159,0.0,0,1,0.5206,0.5206
2.32205,2.15984,0.51772,1.85285,2.47823,0.0,3.14159,0.0,0,1,0.5117,0.5117
1.19517,1.64934,0.55855,1.51439,0.56323,0.0,3.14159,0.0,0,0,0.5096,0.4904
1.09273,1.41372,0.68659,1.32346,1.51447,0.0,0.0,3.14159,0,1,0.5018,0.5018
0.75125,1.06029,0.61236,1.67494,2.61591,0.0,3.14159,0.0,0,1,0.5154,0.5154
1.84398,1.49226,0.31731,1.72701,1.57705,0.0,0.0,3.14159,0,0,0.5102,0.4898
1.36591,2.00277,0.5604,1.70531,0.18774,0.0,3.14159,0.0,0,0,0.5015,0.4985
1.19517,1.13883,0.27835,2.54278,1.01382,0.0,3.14159,0.0,0,1,0.5078,0.5078
0.81955,0.70686,0.36742,1.69663,1.38931,0.0,3.14159,0.0,0,1,0.5198,0.5198
0.88784,0.74613,0.55669,1.46666,0.50065,0.0,3.14159,0.0,0,1,0.5064,0.5064
2.11716,1.88496,0.79792,1.28441,1.80235,0.0,3.14159,0.0,0,1,0.5,0.5
2.25375,2.04204,0.85359,1.25837,0.03755,0.0,0.0,3.14159,0,1,0.503,0.503
0.81955,1.09956,0.50473,1.7921,1.0764,0.0,3.14159,0.0,0,1,0.514,0.514
0.64881,1.02102,0.71999,1.17159,0.78853,0.0,3.14159,0.0,0,1,0.5043,0.5043
1.43421,1.9635,0.56968,1.53174,1.18905,0.0,0.0,3.14159,0,0,0.5093,0.4907
1.87813,2.15984,0.36185,1.90492,2.1528,0.0,3.14159,0.0,0,0,0.502,0.498
2.35619,2.23838,0.40267,1.86586,2.52829,0.0,0.0,3.14159,0,1,0.5123,0.5123
1.94642,2.19911,0.77194,1.51873,0.82608,3.14159,0.0,0.0,0,0,0.5069,0.4931
1.84398,1.84569,0.67174,1.8702,2.54081,0.0,3.14159,0.0,0,1,0.5038,0.5038
2.2879,1.84569,0.79236,1.25403,1.21408,0.0,0.0,3.14159,0,0,0.5072,0.4928
2.42449,2.27765,1.1208,0.89388,0.56323,0.0,3.14159,0.0,0,0,0.5043,0.4957
2.2196,1.9635,1.05771,1.08914,1.66467,0.0,3.14159,0.0,0,1,0.5023,0.5023
2.2879,1.92423,0.66432,1.44062,1.20157,0.0,0.0,3.14159,0,0,0.5071,0.4929
2.01472,2.31692,0.51958,2.1132,2.60339,0.0,3.14159,0.0,1,1,0.5085,0.5085
0.88784,1.61007,0.51958,2.00906,0.47562,0.0,3.14159,0.0,0,1,0.5044,0.5044
1.84398,1.53153,0.65875,1.43194,0.23781,0.0,0.0,3.14159,0,0,0.5093,0.4907
1.91227,1.72788,1.68677,0.59013,1.66467,0.0,3.14159,0.0,0,0,0.5006,0.4994
1.5708,2.19911,0.35257,2.08716,2.09022,0.0,3.14159,0.0,0,0,0.5018,0.4982
0.61466,0.82467,0.45834,1.71399,2.24042,0.0,3.14159,0.0,0,1,0.5289,0.5289
2.08301,1.72788,0.82019,1.21932,0.48814,3.14159,0.0,0.0,0,0,0.5128,0.4872
0.85369,1.06029,0.55298,1.70531,1.78983,0.0,0.0,3.14159,0,1,0.5211,0.5211
0.85369,0.70686,0.83504,1.11518,1.80235,0.0,3.14159,0.0,0,1,0.5192,0.5192
1.22932,1.68861,0.36556,1.95699,0.22529,0.0,3.14159,0.0,0,0,0.502,0.498
1.84398,1.49226,0.60679,1.5491,0.73846,0.0,3.14159,0.0,0,0,0.514,0.486
0.81955,1.37445,0.38968,1.7487,1.99009,0.0,3.14159,0.0,0,1,0.5177,0.5177
1.19517,1.68861,0.56226,1.76606,1.0013,0.0,0.0,3.14159,0,0,0.5025,0.4975
1.19517,1.33518,0.54927,1.65758,1.97758,0.0,3.14159,0.0,0,1,0.5068,0.5068
1.77568,2.23838,0.92411,1.01104,0.73846,3.14159,0.0,0.0,0,0,0.508,0.492
1.80983,2.23838,0.53257,1.5708,0.6884,0.0,0.0,3.14159,0,0,0.5092,0.4908
1.94642,2.04204,0.73669,1.48401,0.6133,0.0,3.14159,0.0,0,0,0.508,0.492
1.77568,2.27765,0.25051,1.97434,0.6884,0.0,3.14159,0.0,0,0,0.5126,0.4874
1.02443,1.25664,0.97792,1.03273,0.52568,0.0,3.14159,0.0,0,0,0.511,0.489
0.17074,0.31416,0.61793,1.45364,0.75098,0.0,0.0,3.14159,0,1,0.5236,0.5236
2.32205,2.27765,0.2969,2.02207,1.23911,0.0,0.0,3.14159,0,0,0.5019,0.4981
0.7854,1.02102,0.45092,2.15659,1.65215,0.0,3.14159,0.0,0,1,0.5279,0.5279
1.02443,1.25664,0.9538,1.14989,2.17784,0.0,3.14159,0.0,0,1,0.5065,0.5065
1.40006,1.64934,0.71628,1.57947,1.08892,0.0,0.0,3.14159,0,0,0.5067,0.4933
0.68295,1.06029,0.51587,1.5274,0.73846,0.0,3.14159,0.0,0,1,0.5053,0.5053
1.87813,1.80642,0.37484,1.83983,0.23781,0.0,3.14159,0.0,0,0,0.5071,0.4929
2.35619,2.23838,0.8239,1.35384,0.87614,3.14159,0.0,0.0,0,0,0.5042,0.4958
0.95614,1.02102,0.92596,1.28007,2.31552,0.0,0.0,3.14159,0,1,0.5121,0.5121
2.39034,2.04204,0.33216,1.72701,0.83859,0.0,0.0,3.14159,1,0,0.5093,0.4907
1.53665,1.53153,0.46948,1.90058,1.02634,0.0,0.0,3.14159,0,0,0.507,0.493
1.05858,0.98175,0.64391,1.38855,2.4532,0.0,3.14159,0.0,0,1,0.512,0.512
2.49279,1.84569,0.42309,2.13056,0.65085,3.14159,0.0,0.0,0,0,0.5006,0.4994
1.46835,1.41372,0.73483,1.54476,0.60078,0.0,0.0,3.14159,0,0,0.5081,0.4919
1.67324,1.45299,0.51587,1.72267,0.48814,0.0,0.0,3.14159,0,0,0.509,0.491
1.74154,2.00277,0.62906,1.4493,1.88996,0.0,3.14159,0.0,0,0,0.5051,0.4949
1.77568,1.61007,0.30432,2.53844,1.91499,0.0,3.14159,0.0,0,1,0.507,0.507
1.26347,1.13883,0.21525,2.16961,1.37679,0.0,3.14159,0.0,0,1,0.5068,0.5068
2.76597,2.31692,0.49731,1.62721,1.65215,0.0,3.14159,0.0,0,1,0.5183,0.5183
1.70739,2.35619,0.46576,1.88756,0.76349,3.14159,0.0,0.0,0,0,0.5083,0.4917
0.99028,0.86394,0.64576,1.40591,1.31421,0.0,0.0,3.14159,0,1,0.5089,0.5089
2.01472,1.9635,0.80535,1.33214,1.18905,0.0,0.0,3.14159,0,0,0.5093,0.4907
1.67324,2.27765,0.61978,1.41458,0.33794,3.14159,0.0,0.0,0,0,0.5023,0.4977
2.11716,1.88496,0.65504,1.52306,1.48944,0.0,3.14159,0.0,0,0,0.5058,0.4942
0.7171,1.02102,0.53999,1.7921,0.02503,0.0,3.14159,0.0,0,1,0.5086,0.5086
2.42449,2.43473,0.34329,1.8702,2.02764,3.14159,0.0,0.0,0,1,0.5145,0.5145
1.74154,2.08131,0.46762,1.81813,2.49074,0.0,0.0,3.14159,0,0,0.5007,0.4993
2.04886,2.00277,0.82947,1.21498,0.5382,0.0,3.14159,0.0,0,0,0.5096,0.4904
1.02443,1.13883,0.7571,1.4276,1.71473,0.0,0.0,3.14159,0,1,0.5108,0.5108
0.75125,1.45299,0.25422,2.34318,1.82738,0.0,3.14159,0.0,0,1,0.5249,0.5249
3.0733,2.98451,1.10225,0.89822,0.48814,0.0,3.14159,0.0,0,1,0.5212,0.5212
1.63909,1.41372,0.53442,1.72267,0.25033,0.0,0.0,3.14159,0,0,0.5048,0.4952
0.81955,1.41372,1.32121,0.8852,0.18774,0.0,3.14159,0.0,0,0,0.5146,0.4854
2.76597,2.39546,0.25051,2.02641,0.86363,0.0,0.0,3.14159,1,1,0.5095,0.5095
1.80983,2.04204,0.30247,1.84417,1.66467,0.0,3.14159,0.0,0,0,0.5098,0.4902
1.77568,2.23838,1.65337,0.63353,0.93872,0.0,0.0,3.14159,0,0,0.5186,0.4814
0.81955,1.29591,0.60494,1.47533,1.17653,0.0,3.14159,0.0,0,1,0.5071,0.5071
2.11716,1.84569,0.27463,1.83983,0.30039,0.0,3.14159,0.0,0,0,0.5098,0.4902
1.60494,2.23838,0.85359,1.31478,1.94003,3.14159,0.0,0.0,0,1,0.5009,0.5009
2.49279,2.00277,0.56597,1.39723,2.00261,0.0,3.14159,0.0,0,1,0.5111,0.5111
0.61466,1.1781,0.5437,1.65324,0.80104,0.0,3.14159,0.0,0,1,0.5088,0.5088
2.39034,2.12058,0.67174,1.44496,0.91369,3.14159,0.0,0.0,0,0,0.5062,0.4938
0.54636,1.02102,0.5437,1.51873,2.21539,3.14159,0.0,0.0,0,1,0.5257,0.5257
2.2196,2.15984,0.43793,2.24337,1.95254,0.0,3.14159,0.0,0,1,0.5077,0.5077
2.35619,2.35619,0.27649,2.18697,1.92751,0.0,3.14159,0.0,0,1,0.5116,0.5116
0.7854,1.13883,0.64576,1.78342,0.18774,0.0,3.14159,0.0,0,1,0.5066,0.5066
2.35619,2.00277,0.42123,1.84851,0.6133,0.0,0.0,3.14159,0,0,0.5064,0.4936
2.25375,1.80642,1.46781,0.74201,0.83859,0.0,3.14159,0.0,0,0,0.5167,0.4833
1.91227,2.51327,0.80906,1.16291,1.85241,0.0,0.0,3.14159,0,1,0.5065,0.5065
0.68295,0.94248,0.34886,2.07415,2.67849,0.0,0.0,3.14159,0,1,0.5193,0.5193
1.60494,1.37445,1.07256,1.02839,0.06258,0.0,3.14159,0.0,0,0,0.5094,0.4906
2.42449,2.39546,0.86658,1.11952,1.52699,0.0,3.14159,0.0,0,1,0.5072,0.5072
1.5025,1.37445,0.22453,2.22602,1.08892,3.14159,0.0,0.0,0,0,0.5043,0.4957
0.81955,1.09956,1.00019,1.11518,2.62842,3.14159,0.0,0.0,0,1,0.5054,0.5054
1.22932,1.09956,0.59751,1.57947,1.81486,0.0,3.14159,0.0,0,1,0.5078,0.5078
1.84398,1.9635,0.49917,1.70097,1.0013,0.0,3.14159,0.0,0,0,0.5126,0.4874
1.02443,1.06029,0.74968,1.14555,1.58957,0.0,3.14159,0.0,0,1,0.5071,0.5071
2.59523,2.08131,0.53442,1.93095,1.62712,3.14159,0.0,0.0,0,1,0.5119,0.5119
2.25375,2.08131,0.53071,1.90492,0.5382,0.0,0.0,3.14159,0,0,0.5034,0.4966
0.68295,0.98175,1.234,0.88086,0.51317,0.0,0.0,3.14159,0,0,0.5024,0.4976
1.26347,1.64934,1.30451,0.92859,1.25163,3.14159,0.0,0.0,0,0,0.5085,0.4915
0.7171,1.06029,0.55112,1.82247,1.18905,0.0,0.0,3.14159,0,1,0.5202,0.5202
1.67324,1.49226,0.46948,2.05245,2.36558,0.0,0.0,3.14159,0,1,0.5059,0.5059
2.90256,2.70962,0.41752,1.86152,2.02764,0.0,0.0,3.14159,0,1,0.5328,0.5328
2.39034,2.35619,0.50473,1.60551,1.8399,0.0,3.14159,0.0,0,1,0.5098,0.5098
1.87813,1.9635,0.32845,1.90492,2.47823,0.0,3.14159,0.0,0,0,0.501,0.499
1.5708,1.49226,0.71628,1.35817,2.14029,0.0,3.14159,0.0,0,0,0.5017,0.4983
0.88784,1.61007,0.28762,2.92463,0.38801,0.0,3.14159,0.0,1,1,0.5035,0.5035
1.16102,1.64934,0.46948,2.11754,1.80235,0.0,0.0,3.14159,0,1,0.51,0.51
1.19517,1.06029,0.78493,1.09782,0.17523,0.0,0.0,3.14159,0,0,0.5069,0.4931
0.64881,0.86394,1.49935,0.69861,2.32803,0.0,3.14159,0.0,0,1,0.5052,0.5052
1.94642,2.04204,1.36389,0.77238,0.52568,3.14159,0.0,0.0,0,0,0.5148,0.4852
1.84398,2.39546,0.4435,1.85718,1.48944,0.0,3.14159,0.0,0,0,0.5072,0.4928
2.18546,2.08131,0.67731,1.68362,0.28788,0.0,3.14159,0.0,0,1,0.5001,0.5001
0.7171,1.06029,0.2969,2.08282,0.6133,0.0,3.14159,0.0,0,1,0.5123,0.5123
2.08301,1.88496,0.57154,1.70531,1.2266,0.0,3.14159,0.0,0,0,0.509,0.491
2.11716,1.84569,2.70552,0.33846,0.26284,0.0,0.0,3.14159,1,0,0.5267,0.4733
1.87813,2.00277,0.43422,1.7487,1.08892,0.0,0.0,3.14159,0,0,0.513,0.487
1.22932,1.02102,1.2507,0.85049,0.41304,0.0,3.14159,0.0,0,0,0.5158,0.4842
2.80012,2.43473,0.41566,1.79644,0.12516,0.0,3.14159,0.0,0,1,0.5157,0.5157
1.67324,1.72788,0.5437,1.72701,2.47823,0.0,0.0,3.14159,0,0,0.5009,0.4991
0.7171,1.02102,0.5604,1.63588,0.58827,0.0,0.0,3.14159,0,1,0.507,0.507
0.51222,0.86394,0.43979,1.89624,1.58957,0.0,0.0,3.14159,0,1,0.5333,0.5333
1.02443,1.02102,0.36742,1.90058,2.26545,0.0,0.0,3.14159,0,1,0.5178,0.5178
2.15131,1.88496,0.76452,1.31478,1.27666,0.0,3.14159,0.0,0,0,0.5081,0.4919
1.84398,1.72788,0.66988,1.35817,2.39061,0.0,3.14159,0.0,0,0,0.5016,0.4984
0.44392,0.66759,0.83504,1.33648,2.10274,0.0,3.14159,0.0,0,1,0.5312,0.5312
2.45864,2.23838,0.70143,1.4493,2.61591,0.0,3.14159,0.0,0,1,0.5153,0.5153
0.7854,1.33518,0.39525,1.98736,0.77601,0.0,3.14159,0.0,0,1,0.5091,0.5091
1.63909,1.5708,0.92596,1.28441,1.75228,0.0,3.14159,0.0,0,0,0.5037,0.4963
1.94642,2.31692,0.22268,2.20432,0.11265,0.0,0.0,3.14159,0,0,0.501,0.499
1.80983,1.5708,0.45834,1.66626,0.28788,0.0,0.0,3.14159,0,0,0.5098,0.4902
1.5708,2.23838,0.82761,1.41025,1.47692,0.0,3.14159,0.0,0,0,0.5043,0.4957
1.74154,2.15984,0.57154,1.78342,2.25293,3.14159,0.0,0.0,0,0,0.5006,0.4994
1.77568,1.49226,1.10596,0.84181,0.0,0.0,3.14159,0.0,0,0,0.5088,0.4912
1.43421,1.9635,0.44906,2.26941,0.08761,0.0,0.0,3.14159,0,1,0.5039,0.5039
0.99028,1.02102,1.19317,0.86784,0.6133,3.14159,0.0,0.0,0,0,0.5103,0.4897
1.09273,1.21737,0.90741,1.10216,0.16271,0.0,3.14159,0.0,0,0,0.5084,0.4916
1.05858,1.37445,0.87215,1.05443,1.7648,0.0,3.14159,0.0,0,1,0.5049,0.5049
1.02443,1.49226,0.70329,1.41892,1.63964,0.0,0.0,3.14159,0,1,0.5054,0.5054
0.64881,0.90321,1.27668,0.91991,2.04016,0.0,3.14159,0.0,0,1,0.5135,0.5135
1.77568,1.5708,1.31008,0.87218,0.35046,0.0,3.14159,0.0,0,0,0.5183,0.4817
0.95614,0.70686,0.57896,1.71399,1.91499,0.0,3.14159,0.0,0,1,0.5228,0.5228
1.29761,1.84569,0.34886,2.18263,1.3017,3.14159,0.0,0.0,0,0,0.5019,0.4981
1.60494,1.33518,0.5437,1.77908,1.90248,0.0,0.0,3.14159,0,1,0.5009,0.5009
1.84398,2.12058,0.26536,2.08282,1.06389,0.0,3.14159,0.0,0,0,0.5131,0.4869
1.12688,1.61007,0.18185,2.24337,1.90248,3.14159,0.0,0.0,0,1,0.5106,0.5106
1.26347,1.1781,1.98368,0.53806,2.60339,0.0,3.14159,0.0,0,0,0.5135,0.4865
1.74154,2.39546,0.34515,2.29978,0.12516,0.0,3.14159,0.0,0,1,0.5006,0.5006
1.70739,1.37445,0.75339,1.18027,0.5382,0.0,3.14159,0.0,0,0,0.5177,0.4823
1.05858,1.5708,0.64762,1.49269,2.01513,0.0,3.14159,0.0,0,1,0.5053,0.5053
1.26347,1.13883,0.27463,2.44298,1.50196,0.0,3.14159,0.0,0,1,0.5121,0.5121
2.76597,2.39546,0.38968,1.6706,2.46571,0.0,0.0,3.14159,0,1,0.5257,0.5257
3.005,2.98451,0.94266,1.228,1.67718,3.14159,0.0,0.0,0,1,0.5251,0.5251
1.77568,2.43473,0.46391,1.96133,0.4631,0.0,3.14159,0.0,0,0,0.504,0.496
0.68295,1.06029,0.43793,1.8919,0.38801,0.0,3.14159,0.0,0,1,0.5086,0.5086
1.02443,1.45299,0.60865,1.30176,1.7648,0.0,0.0,3.14159,0,1,0.5051,0.5051
1.80983,2.08131,0.40824,2.18697,1.17653,0.0,0.0,3.14159,0,0,0.5096,0.4904
2.90256,2.90597,0.13917,2.36487,2.66597,0.0,3.14159,0.0,1,1,0.5302,0.5302
2.52693,2.51327,0.55112,1.37987,2.39061,3.14159,0.0,0.0,0,1,0.522,0.522
1.02443,0.86394,1.08555,0.96765,1.81486,0.0,3.14159,0.0,0,1,0.5102,0.5102
2.56108,2.51327,0.43979,2.04811,0.67588,0.0,3.14159,0.0,0,1,0.5069,0.5069
1.05858,1.53153,0.55298,1.45798,1.80235,0.0,3.14159,0.0,0,1,0.5046,0.5046
1.94642,2.08131,0.74225,1.42326,1.58957,0.0,3.14159,0.0,0,0,0.5048,0.4952
2.45864,1.80642,0.56968,1.63155,2.00261,0.0,0.0,3.14159,0,1,0.5098,0.5098
2.76597,2.43473,0.64947,1.46232,2.54081,0.0,3.14159,0.0,0,1,0.5264,0.5264
1.19517,1.29591,0.89071,1.09782,2.02764,0.0,0.0,3.14159,0,1,0.5042,0.5042
1.16102,1.61007,0.30061,2.14357,1.67718,0.0,0.0,3.14159,0,1,0.5078,0.5078
1.87813,1.9635,0.29319,2.38223,2.54081,0.0,3.14159,0.0,1,1,0.5069,0.5069
0.7171,1.06029,0.39154,1.97434,2.17784,0.0,3.14159,0.0,0,1,0.5259,0.5259
1.84398,1.49226,0.48989,1.83115,0.30039,0.0,0.0,3.14159,0,0,0.5054,0.4946
1.05858,1.41372,0.32288,2.0134,0.10013,0.0,0.0,3.14159,0,1,0.5019,0.5019
0.75125,1.29591,0.53628,1.70531,2.39061,0.0,3.14159,0.0,0,1,0.5155,0.5155
2.80012,2.8667,0.26164,2.39959,0.88866,0.0,3.14159,0.0,0,1,0.522,0.522
0.85369,1.29591,0.46948,1.69663,1.20157,0.0,0.0,3.14159,0,1,0.5097,0.5097
0.40977,0.62832,0.73854,1.31478,2.07771,0.0,3.14159,0.0,0,1,0.5336,0.5336
1.67324,1.64934,1.34534,0.81143,2.06519,3.14159,0.0,0.0,0,1,0.5048,0.5048
1.53665,2.08131,1.42327,0.6856,2.31552,0.0,0.0,3.14159,0,1,0.5127,0.5127
1.80983,2.31692,0.50844,1.90058,2.54081,0.0,3.14159,0.0,0,1,0.5031,0.5031
1.40006,1.33518,0.31731,1.75738,2.1528,0.0,0.0,3.14159,0,1,0.5018,0.5018
0.92199,0.7854,0.81648,1.33214,2.42816,0.0,0.0,3.14159,0,1,0.5192,0.5192
1.87813,2.43473,0.70329,1.19762,0.26284,0.0,3.14159,0.0,0,1,0.5034,0.5034
3.005,3.10232,0.37298,1.84417,1.67718,0.0,3.14159,0.0,0,1,0.5316,0.5316
1.40006,1.13883,1.04843,0.98066,1.33924,0.0,3.14159,0.0,0,0,0.5075,0.4925
2.08301,1.68861,0.87215,1.11084,0.55072,0.0,0.0,3.14159,0,0,0.5147,0.4853
1.77568,2.23838,0.38783,2.06981,0.85111,0.0,0.0,3.14159,0,0,0.5106,0.4894
2.35619,2.27765,0.75524,1.14555,0.48814,0.0,3.14159,0.0,0,0,0.5029,0.4971
1.09273,1.49226,0.70514,1.3278,0.43807,0.0,3.14159,0.0,0,0,0.5102,0.4898
1.19517,1.5708,0.59009,1.56646,1.92751,0.0,0.0,3.14159,0,1,0.5025,0.5025
1.60494,1.33518,0.46391,1.78776,1.12647,0.0,3.14159,0.0,0,0,0.5086,0.4914
1.84398,2.43473,0.54741,1.64022,2.4532,0.0,3.14159,0.0,0,1,0.5042,0.5042
1.29761,1.72788,1.32307,0.68994,1.32673,0.0,3.14159,0.0,0,0,0.5053,0.4947
2.35619,2.27765,0.43051,1.70531,1.03885,0.0,3.14159,0.0,0,0,0.5047,0.4953
1.84398,1.5708,0.7738,1.28007,1.86493,0.0,3.14159,0.0,0,0,0.5035,0.4965
2.45864,2.27765,0.78308,1.22366,2.42816,0.0,3.14159,0.0,0,1,0.5171,0.5171
2.86841,2.70962,0.61793,1.35817,1.72725,3.14159,0.0,0.0,0,1,0.5254,0.5254
0.7171,1.1781,0.74411,1.20196,2.01513,0.0,0.0,3.14159,0,1,0.5169,0.5169
1.36591,1.02102,0.87215,1.03273,0.0751,0.0,3.14159,0.0,0,0,0.5049,0.4951
2.56108,2.51327,0.48247,2.07848,0.98879,0.0,3.14159,0.0,0,1,0.507,0.507
1.70739,2.23838,1.07256,0.89388,0.42555,0.0,3.14159,0.0,0,0,0.5046,0.4954
1.40006,1.45299,0.96493,1.17159,2.49074,0.0,3.14159,0.0,0,0,0.5005,0.4995
0.99028,0.86394,0.6736,1.18027,2.40313,0.0,3.14159,0.0,0,1,0.5149,0.5149
1.5708,1.33518,0.42865,1.91359,2.47823,0.0,3.14159,0.0,0,1,0.505,0.505
1.22932,1.61007,0.39154,1.68796,2.72855,0.0,0.0,3.14159,0,0,0.5017,0.4983
1.26347,1.06029,0.6569,1.87888,2.04016,0.0,0.0,3.14159,0,1,0.5135,0.5135
2.39034,2.23838,0.79421,1.21932,0.6133,0.0,3.14159,0.0,0,0,0.5041,0.4959
0.75125,1.09956,0.35999,2.23036,1.60209,0.0,3.14159,0.0,0,1,0.5282,0.5282
2.86841,2.67035,0.90741,0.95029,1.73977,0.0,3.14159,0.0,0,1,0.5227,0.5227
0.17074,0.31416,0.71813,1.34082,1.38931,0.0,3.14159,0.0,0,1,0.5284,0.5284
3.03915,2.98451,0.8239,1.43628,0.33794,3.14159,0.0,0.0,0,1,0.525,0.525
1.74154,2.35619,0.60679,1.78776,2.05267,0.0,0.0,3.14159,0,0,0.5006,0.4994
2.39034,2.35619,0.6736,1.69229,1.60209,0.0,3.14159,0.0,0,1,0.5067,0.5067
2.04886,2.12058,1.21173,0.91991,0.27536,0.0,0.0,3.14159,0,0,0.505,0.495
0.7854,1.29591,0.45649,1.79644,2.24042,0.0,0.0,3.14159,0,1,0.5185,0.5185
2.83426,2.474,1.19874,0.82879,1.28918,0.0,3.14159,0.0,0,1,0.5069,0.5069
2.2196,2.00277,0.53628,1.4493,2.55333,3.14159,0.0,0.0,0,1,0.5042,0.5042
1.67324,1.61007,0.39525,1.87454,0.26284,0.0,0.0,3.14159,0,0,0.506,0.494
2.32205,2.04204,1.36389,0.82011,0.63833,0.0,0.0,3.14159,0,0,0.5131,0.4869
0.75125,1.09956,1.0039,1.13687,2.2279,0.0,3.14159,0.0,0,1,0.5123,0.5123
1.74154,2.39546,0.97606,1.11952,2.06519,0.0,0.0,3.14159,0,1,0.5088,0.5088
1.87813,1.5708,0.35628,1.78776,2.24042,0.0,3.14159,0.0,0,0,0.5017,0.4983
1.22932,1.92423,1.00019,0.91557,2.46571,0.0,0.0,3.14159,0,1,0.5049,0.5049
1.67324,2.31692,0.26164,2.02641,2.69101,0.0,3.14159,0.0,0,0,0.5008,0.4992
1.09273,1.1781,0.34515,1.8702,0.58827,0.0,0.0,3.14159,0,0,0.5003,0.4997
2.32205,2.00277,0.71256,1.3495,0.0751,0.0,3.14159,0.0,0,1,0.5006,0.5006
2.73182,2.74889,0.15031,2.58617,1.25163,0.0,3.14159,0.0,0,1,0.5211,0.5211
1.22932,1.76715,0.27835,1.94397,1.51447,0.0,0.0,3.14159,0,0,0.5017,0.4983
1.05858,0.98175,0.79978,1.23234,0.12516,3.14159,0.0,0.0,0,1,0.5001,0.5001
0.81955,0.98175,0.59195,1.5491,1.97758,0.0,3.14159,0.0,0,1,0.5217,0.5217
2.42449,1.72788,0.62906,1.40591,1.21408,0.0,0.0,3.14159,0,0,0.5056,0.4944
0.99028,0.82467,0.73669,1.31478,1.58957,0.0,0.0,3.14159,0,1,0.513,0.513
2.76597,2.27765,1.18018,0.88954,1.56454,0.0,0.0,3.14159,0,1,0.5097,0.5097
2.2879,1.88496,0.72741,1.21064,1.78983,0.0,0.0,3.14159,0,1,0.5029,0.5029
1.91227,1.84569,0.70514,1.23668,0.83859,0.0,3.14159,0.0,0,0,0.5156,0.4844
1.36591,1.29591,0.43422,1.88322,1.95254,0.0,3.14159,0.0,0,1,0.5062,0.5062
0.7171,0.98175,0.38041,1.59683,0.43807,0.0,3.14159,0.0,0,1,0.5019,0.5019
1.26347,1.49226,1.26183,0.82879,0.91369,0.0,3.14159,0.0,0,0,0.5154,0.4846
2.49279,1.84569,0.80349,1.37987,0.92621,3.14159,0.0,0.0,0,0,0.5062,0.4938
1.19517,1.76715,0.76823,1.25403,0.42555,0.0,0.0,3.14159,0,0,0.5098,0.4902
1.84398,2.12058,0.35628,1.98302,1.20157,0.0,0.0,3.14159,0,0,0.5117,0.4883
1.74154,1.53153,0.36742,2.18263,1.52699,0.0,3.14159,0.0,0,0,0.5022,0.4978
0.95614,0.7854,0.43236,1.93095,1.99009,0.0,3.14159,0.0,0,1,0.5236,0.5236
2.18546,1.76715,0.53813,2.03509,0.10013,0.0,3.14159,0.0,0,1,0.5032,0.5032
2.15131,1.92423,1.18761,0.95463,2.14029,3.14159,0.0,0.0,0,1,0.5085,0.5085
1.77568,2.43473,0.46576,1.68796,0.20026,0.0,3.14159,0.0,0,1,0.5007,0.5007
2.76597,2.39546,0.61978,1.66626,2.55333,0.0,0.0,3.14159,0,1,0.5264,0.5264
1.26347,1.72788,0.76452,1.35384,0.06258,0.0,0.0,3.14159,0,0,0.5054,0.4946
1.26347,1.76715,0.71071,1.5491,1.21408,0.0,0.0,3.14159,0,0,0.5042,0.4958
1.19517,1.13883,0.77566,1.24969,1.26415,0.0,3.14159,0.0,0,0,0.5028,0.4972
2.73182,2.19911,0.3136,1.90492,0.40052,0.0,3.14159,0.0,1,1,0.5047,0.5047
1.63909,1.41372,0.93524,0.99368,2.54081,0.0,3.14159,0.0,0,1,0.5004,0.5004
2.2879,2.15984,0.4435,1.80511,2.40313,0.0,3.14159,0.0,0,1,0.5094,0.5094
0.7171,1.02102,1.00576,1.06745,0.41304,0.0,3.14159,0.0,0,0,0.5009,0.4991
0.75125,1.1781,0.33773,2.14357,2.42816,0.0,0.0,3.14159,0,1,0.5213,0.5213
2.80012,2.27765,0.83133,1.27139,0.91369,3.14159,0.0,0.0,0,1,0.5028,0.5028
0.88784,1.33518,0.76823,1.2063,0.40052,0.0,3.14159,0.0,0,0,0.5085,0.4915
1.74154,1.61007,0.49545,1.54042,1.33924,3.14159,0.0,0.0,0,0,0.5136,0.4864
1.22932,1.80642,0.68659,1.34516,0.62582,0.0,0.0,3.14159,0,0,0.5097,0.4903
0.10244,0.11781,0.44164,2.03509,0.08761,0.0,3.14159,0.0,0,1,0.5289,0.5289
2.35619,2.00277,0.707,1.47099,0.97627,0.0,0.0,3.14159,0,0,0.5069,0.4931
1.05858,0.90321,0.36927,1.88322,1.62712,0.0,3.14159,0.0,0,1,0.5164,0.5164
2.49279,2.51327,0.47875,2.08716,0.43807,0.0,3.14159,0.0,0,1,0.5087,0.5087
1.74154,1.5708,0.59195,1.34516,1.40183,3.14159,0.0,0.0,0,0,0.5133,0.4867
2.90256,2.70962,0.73483,1.60985,1.67718,0.0,3.14159,0.0,0,1,0.5245,0.5245
2.42449,2.23838,0.91668,1.10216,1.60209,0.0,0.0,3.14159,0,1,0.5069,0.5069
1.84398,2.00277,1.06328,1.01972,1.05137,0.0,3.14159,0.0,0,0,0.5106,0.4894
1.22932,1.76715,0.22824,2.29978,2.29048,0.0,3.14159,0.0,0,1,0.5093,0.5093
0.75125,1.37445,0.64762,1.55344,2.57836,0.0,0.0,3.14159,0,1,0.5083,0.5083
2.2879,1.92423,0.74597,1.50571,1.17653,0.0,3.14159,0.0,0,0,0.5058,0.4942
0.7854,1.29591,1.18946,0.91991,2.52829,0.0,3.14159,0.0,0,0,0.5001,0.4999
1.22932,1.21737,0.64762,1.47967,0.28788,0.0,3.14159,0.0,0,0,0.5051,0.4949
0.47807,0.7854,0.63648,1.41458,1.02634,0.0,3.14159,0.0,0,1,0.5189,0.5189
1.77568,2.43473,0.27649,2.39959,0.41304,0.0,3.14159,0.0,0,0,0.5067,0.4933
1.98057,1.53153,0.5938,1.38421,1.95254,0.0,3.14159,0.0,0,0,0.5031,0.4969
2.93671,2.8667,1.33606,0.79408,1.37679,0.0,0.0,3.14159,0,1,0.5124,0.5124
0.7171,1.09956,0.53442,1.77474,0.78853,3.14159,0.0,0.0,0,1,0.5113,0.5113
1.09273,1.45299,0.63092,1.44496,1.17653,0.0,0.0,3.14159,0,0,0.5022,0.4978
1.02443,1.21737,0.31175,2.07848,1.3017,0.0,0.0,3.14159,0,1,0.5127,0.5127
1.80983,1.68861,0.40082,2.213,1.12647,0.0,0.0,3.14159,0,0,0.5072,0.4928
1.16102,1.61007,0.54556,1.57514,0.73846,0.0,0.0,3.14159,0,0,0.5076,0.4924
1.63909,1.29591,0.41381,2.19564,0.36297,0.0,3.14159,0.0,0,0,0.5002,0.4998
0.7854,1.1781,0.88699,1.21064,0.6133,3.14159,0.0,0.0,0,0,0.5025,0.4975
2.73182,2.70962,1.19874,0.86784,1.65215,3.14159,0.0,0.0,0,1,0.5162,0.5162
1.22932,1.68861,0.70514,1.78342,0.72595,0.0,0.0,3.14159,0,0,0.5016,0.4984
1.02443,0.90321,1.08555,0.94595,1.20157,0.0,0.0,3.14159,0,0,0.5003,0.4997
1.74154,1.5708,0.52886,1.54476,2.303,0.0,0.0,3.14159,0,0,0.503,0.497
0.61466,0.98175,2.01522,0.49901,2.26545,0.0,3.14159,0.0,0,0,0.5037,0.4963
1.84398,1.9635,0.30061,2.05679,2.64094,0.0,0.0,3.14159,0,1,0.5011,0.5011
2.59523,2.55254,0.78679,1.28875,1.0764,0.0,3.14159,0.0,0,1,0.5049,0.5049
0.7171,1.13883,0.63648,1.68796,0.91369,0.0,3.14159,0.0,0,1,0.5118,0.5118
1.84398,2.04204,0.56597,1.50571,1.32673,0.0,0.0,3.14159,0,0,0.5111,0.4889
1.16102,1.61007,0.53442,1.48401,0.77601,0.0,3.14159,0.0,0,0,0.5097,0.4903
2.86841,2.82743,0.71442,1.23234,0.11265,0.0,0.0,3.14159,0,1,0.5276,0.5276
2.08301,2.00277,0.38597,2.10452,1.56454,0.0,3.14159,0.0,0,0,0.5035,0.4965
2.11716,2.12058,1.66079,0.62919,1.28918,0.0,3.14159,0.0,0,0,0.5098,0.4902
1.05858,0.98175,0.79607,1.33648,0.30039,0.0,0.0,3.14159,0,0,0.5004,0.4996
2.45864,2.474,0.50102,1.69229,2.36558,0.0,0.0,3.14159,0,1,0.5189,0.5189
0.88784,0.74613,0.59937,1.65758,2.25293,0.0,3.14159,0.0,0,1,0.524,0.524
1.12688,1.49226,0.7404,1.28875,0.87614,0.0,0.0,3.14159,0,0,0.5085,0.4915
0.81955,1.1781,0.55298,1.80077,1.16402,0.0,3.14159,0.0,0,1,0.5151,0.5151
1.12688,1.06029,0.41937,2.00906,2.05267,3.14159,0.0,0.0,0,1,0.5173,0.5173
0.58051,0.94248,0.32288,1.71399,2.71604,0.0,3.14159,0.0,0,1,0.5164,0.5164
2.42449,2.08131,0.52515,1.73569,1.32673,0.0,0.0,3.14159,0,0,0.5001,0.4999
1.5025,1.88496,0.5771,1.52306,1.63964,0.0,0.0,3.14159,0,0,0.5073,0.4927
2.90256,2.70962,0.71256,1.37987,2.24042,0.0,3.14159,0.0,0,1,0.5335,0.5335
1.60494,1.49226,0.85359,1.12386,0.43807,0.0,3.14159,0.0,0,0,0.5158,0.4842
0.92199,0.98175,1.68677,0.6422,1.78983,0.0,0.0,3.14159,0,0,0.5002,0.4998
1.22932,1.92423,0.38226,2.10452,0.02503,0.0,3.14159,0.0,0,1,0.5037,0.5037
2.32205,2.15984,0.68473,1.3278,2.21539,0.0,3.14159,0.0,0,1,0.5106,0.5106
1.46835,2.08131,0.69215,1.39289,0.77601,0.0,3.14159,0.0,0,0,0.5082,0.4918
1.19517,1.33518,0.347,2.02207,1.43938,0.0,3.14159,0.0,0,1,0.5069,0.5069
1.43421,1.37445,0.94452,1.0848,1.35176,0.0,3.14159,0.0,0,0,0.5081,0.4919
2.49279,2.31692,0.73298,1.32346,2.27797,0.0,3.14159,0.0,0,1,0.5182,0.5182
0.95614,0.82467,1.07627,1.04141,0.95124,0.0,3.14159,0.0,0,1,0.5,0.5
1.19517,1.72788,0.11505,3.05047,2.42816,0.0,0.0,3.14159,1,1,0.5122,0.5122
1.98057,1.92423,0.43793,1.88322,0.12516,0.0,3.14159,0.0,0,0,0.5016,0.4984
0.99028,0.82467,0.74968,1.31912,0.97627,0.0,3.14159,0.0,0,1,0.5037,0.5037
0.95614,1.29591,0.47504,1.38855,1.18905,0.0,3.14159,0.0,0,0,0.5002,0.4998
2.59523,2.12058,1.38245,0.7637,0.72595,0.0,0.0,3.14159,0,0,0.5095,0.4905
2.39034,2.19911,0.81648,1.18895,1.6897,0.0,3.14159,0.0,0,1,0.5071,0.5071
0.99028,1.1781,0.62906,1.36685,0.50065,3.14159,0.0,0.0,0,0,0.5063,0.4937
2.18546,1.64934,0.65318,1.59249,1.32673,0.0,0.0,3.14159,0,0,0.5068,0.4932
1.29761,1.88496,0.45834,1.68362,0.66336,0.0,0.0,3.14159,0,0,0.5087,0.4913
1.16102,1.33518,0.44906,1.96567,2.50326,0.0,0.0,3.14159,0,1,0.5107,0.5107
1.16102,1.5708,0.24123,2.18263,0.65085,3.14159,0.0,0.0,0,0,0.5015,0.4985
1.63909,2.27765,0.50659,2.0915,1.12647,0.0,3.14159,0.0,0,0,0.5086,0.4914
0.47807,0.82467,0.66061,1.39289,2.9163,0.0,0.0,3.14159,0,1,0.5171,0.5171
2.83426,2.39546,0.80349,1.25837,1.94003,0.0,3.14159,0.0,0,1,0.5237,0.5237
0.54636,0.94248,0.44721,1.93095,2.69101,0.0,3.14159,0.0,0,1,0.5197,0.5197
1.02443,0.90321,0.33773,1.9917,1.20157,0.0,3.14159,0.0,0,1,0.5137,0.5137
0.81955,1.09956,0.35628,2.27809,2.54081,0.0,3.14159,0.0,1,1,0.5199,0.5199
1.02443,1.21737,1.0874,1.00236,2.10274,0.0,3.14159,0.0,0,1,0.5062,0.5062
0.95614,1.1781,0.64205,1.68362,0.70091,0.0,0.0,3.14159,0,1,0.504,0.504
1.84398,2.00277,0.54556,1.64022,1.8399,0.0,3.14159,0.0,0,0,0.5057,0.4943
1.40006,1.37445,0.45649,1.61853,0.36297,0.0,3.14159,0.0,0,0,0.5095,0.4905
1.84398,2.15984,0.50288,1.74436,0.41304,0.0,3.14159,0.0,0,0,0.5057,0.4943
2.76597,2.31692,0.71071,1.63588,1.71473,0.0,3.14159,0.0,0,1,0.5188,0.5188
0.92199,1.1781,0.58081,1.66626,1.20157,0.0,0.0,3.14159,0,1,0.5101,0.5101
0.7854,1.09956,0.92225,1.30176,1.42686,0.0,3.14159,0.0,0,1,0.5127,0.5127
1.09273,1.21737,0.7571,1.14555,0.13768,0.0,3.14159,0.0,0,0,0.5082,0.4918
0.68295,1.02102,0.51958,1.61853,1.35176,3.14159,0.0,0.0,0,1,0.5203,0.5203
1.19517,1.25664,0.50844,1.60985,2.60339,0.0,3.14159,0.0,1,1,0.5044,0.5044
1.22932,1.68861,1.13194,1.01538,2.07771,0.0,3.14159,0.0,0,1,0.5023,0.5023
1.19517,1.41372,0.49917,1.76172,0.78853,0.0,3.14159,0.0,0,0,0.5032,0.4968
0.95614,0.82467,0.61793,1.70531,0.97627,0.0,0.0,3.14159,0,1,0.5122,0.5122
1.46835,2.12058,0.92411,1.14989,1.6146,0.0,3.14159,0.0,0,0,0.5013,0.4987
2.11716,2.04204,1.3175,0.82445,1.52699,0.0,3.14159,0.0,0,0,0.5,0.5
2.2196,1.88496,0.76452,1.33214,1.73977,0.0,3.14159,0.0,0,1,0.5007,0.5007
3.0733,3.06305,0.63834,1.64022,0.02503,0.0,0.0,3.14159,0,1,0.5329,0.5329
1.12688,1.37445,0.24123,1.83983,0.55072,0.0,0.0,3.14159,0,0,0.507,0.493
0.88784,0.70686,0.78122,1.47967,0.26284,0.0,3.14159,0.0,0,1,0.5129,0.5129
1.67324,1.49226,0.59195,1.80077,1.11395,0.0,0.0,3.14159,0,0,0.5075,0.4925
0.88784,0.74613,0.21711,2.10452,1.65215,0.0,3.14159,0.0,0,1,0.5245,0.5245
1.74154,1.41372,0.63834,1.53608,2.52829,0.0,3.14159,0.0,0,1,0.5005,0.5005
2.2196,2.12058,0.58267,1.41892,2.46571,0.0,3.14159,0.0,0,1,0.5068,0.5068
1.36591,1.33518,0.38412,1.7921,1.53951,0.0,3.14159,0.0,0,0,0.501,0.499
1.02443,1.09956,0.78865,1.27573,0.83859,0.0,3.14159,0.0,0,0,0.5034,0.4966
1.09273,1.45299,0.72741,1.37987,1.21408,3.14159,0.0,0.0,0,0,0.5016,0.4984
1.29761,1.88496,0.56411,1.45798,0.57575,0.0,3.14159,0.0,0,0,0.5099,0.4901
1.33176,1.76715,0.95751,1.14555,0.1502,0.0,3.14159,0.0,0,0,0.5079,0.4921
2.25375,2.04204,0.56597,1.56646,0.0751,0.0,3.14159,0.0,0,1,0.501,0.501
0.10244,0.19635,0.43236,1.66192,0.86363,3.14159,0.0,0.0,0,1,0.5254,0.5254
1.19517,1.45299,0.38226,2.16527,2.14029,0.0,3.14159,0.0,0,1,0.5131,0.5131
2.83426,2.39546,1.02988,1.24536,1.23911,0.0,3.14159,0.0,0,1,0.5083,0.5083
1.12688,1.49226,0.4435,2.00472,1.02634,3.14159,0.0,0.0,0,1,0.5036,0.5036
0.81955,0.98175,0.28391,2.11754,1.95254,0.0,3.14159,0.0,0,1,0.5268,0.5268
0.64881,1.13883,0.707,1.24969,1.05137,0.0,3.14159,0.0,0,1,0.5084,0.5084
2.39034,2.15984,1.0707,0.87652,0.85111,0.0,3.14159,0.0,0,0,0.5074,0.4926
3.0733,3.10232,0.57154,1.56646,2.4532,0.0,0.0,3.14159,0,1,0.5375,0.5375
1.53665,1.45299,0.54556,1.70097,0.63833,0.0,3.14159,0.0,0,0,0.509,0.491
0.99028,0.74613,0.5771,1.43194,2.2279,0.0,3.14159,0.0,0,1,0.52,0.52
2.45864,2.39546,1.56245,0.64654,0.92621,0.0,0.0,3.14159,0,0,0.511,0.489
2.52693,2.12058,0.43979,1.70097,1.62712,3.14159,0.0,0.0,0,1,0.5083,0.5083
1.80983,1.9635,0.51216,1.41025,2.41565,0.0,0.0,3.14159,0,0,0.5035,0.4965
1.40006,2.00277,0.82947,1.56212,1.38931,0.0,0.0,3.14159,0,0,0.5043,0.4957
1.67324,2.31692,0.61607,1.58815,1.96506,0.0,0.0,3.14159,0,0,0.5022,0.4978
0.92199,1.1781,0.82576,1.41025,2.62842,0.0,3.14159,0.0,0,1,0.5067,0.5067
0.99028,1.33518,0.71999,1.34516,2.49074,0.0,3.14159,0.0,0,1,0.5043,0.5043
0.51222,0.90321,0.70514,1.47967,0.11265,0.0,3.14159,0.0,0,1,0.51,0.51
2.2196,2.15984,1.18946,0.95463,2.55333,0.0,3.14159,0.0,0,1,0.5122,0.5122
1.77568,2.39546,0.76081,1.64022,2.27797,0.0,0.0,3.14159,0,1,0.5041,0.5041
1.87813,1.61007,0.88328,1.16725,1.88996,0.0,3.14159,0.0,0,0,0.5014,0.4986
2.2879,1.92423,0.4769,1.69229,0.1502,3.14159,0.0,0.0,0,0,0.5025,0.4975
1.36591,1.09956,0.44721,1.78776,0.4631,0.0,0.0,3.14159,0,0,0.5028,0.4972
2.2196,2.00277,1.02988,0.96765,0.70091,0.0,3.14159,0.0,0,0,0.511,0.489
1.40006,2.00277,0.38968,1.93963,1.73977,0.0,3.14159,0.0,0,0,0.5038,0.4962
1.70739,2.35619,0.25237,2.26941,0.08761,0.0,3.14159,0.0,0,0,0.5009,0.4991
1.33176,1.80642,0.48061,1.85718,0.26284,0.0,3.14159,0.0,0,0,0.5026,0.4974
0.61466,0.82467,0.41752,2.43864,1.66467,0.0,3.14159,0.0,0,1,0.5327,0.5327
0.68295,0.94248,1.07998,1.05009,0.67588,0.0,3.14159,0.0,0,1,0.5027,0.5027
0.20489,0.35343,0.92411,1.13687,1.46441,0.0,3.14159,0.0,0,1,0.5274,0.5274
2.59523,2.59181,0.73669,1.39289,1.7648,0.0,3.14159,0.0,0,1,0.5183,0.5183
0.92199,0.70686,0.45649,1.70965,1.26415,0.0,0.0,3.14159,0,1,0.5158,0.5158
0.51222,0.70686,0.30804,2.19564,0.5382,0.0,3.14159,0.0,0,1,0.5215,0.5215
1.12688,1.41372,0.96679,1.01538,1.78983,0.0,3.14159,0.0,0,1,0.5035,0.5035
0.81955,1.25664,0.51401,1.60117,0.17523,0.0,3.14159,0.0,0,0,0.5017,0.4983
1.98057,1.88496,0.45834,1.73135,1.28918,0.0,3.14159,0.0,0,0,0.5113,0.4887
1.36591,1.25664,1.25627,0.88954,1.26415,0.0,0.0,3.14159,0,0,0.51,0.49
2.52693,2.35619,1.07256,1.11518,0.06258,0.0,0.0,3.14159,0,1,0.512,0.512
0.7171,0.98175,0.65875,1.31912,0.05007,0.0,0.0,3.14159,0,1,0.5042,0.5042
2.80012,2.63108,0.25422,2.16961,2.21539,0.0,0.0,3.14159,0,1,0.5318,0.5318
1.80983,1.92423,0.61793,1.53174,1.08892,0.0,3.14159,0.0,0,0,0.5122,0.4878
1.5025,1.33518,0.9872,1.27139,1.7648,0.0,3.14159,0.0,0,0,0.5011,0.4989
2.11716,1.88496,0.47133,1.75304,1.6897,0.0,3.14159,0.0,0,0,0.5036,0.4964
2.11716,1.72788,0.66803,1.6489,0.65085,0.0,3.14159,0.0,0,0,0.5092,0.4908
2.52693,2.55254,0.74968,1.35817,2.09022,0.0,0.0,3.14159,0,1,0.5216,0.5216
0.47807,0.90321,0.50102,2.01774,2.46571,0.0,3.14159,0.0,0,1,0.5256,0.5256
2.2196,1.9635,0.85916,1.26705,0.85111,0.0,3.14159,0.0,0,0,0.5097,0.4903
2.11716,1.88496,1.3843,0.78974,1.86493,0.0,3.14159,0.0,0,1,0.5061,0.5061
1.33176,1.21737,0.48061,1.51439,2.35307,3.14159,0.0,0.0,0,1,0.503,0.503
0.81955,0.98175,1.53276,0.65522,2.26545,0.0,3.14159,0.0,0,1,0.5016,0.5016
1.09273,1.5708,0.69772,1.45364,1.0764,0.0,0.0,3.14159,0,0,0.5031,0.4969
2.93671,2.90597,0.89813,1.10216,0.0,0.0,3.14159,0.0,0,1,0.5345,0.5345
2.2879,1.9635,0.88328,1.20196,0.4631,0.0,3.14159,0.0,0,0,0.5077,0.4923
1.05858,1.13883,0.54927,1.72701,1.55202,0.0,3.14159,0.0,0,1,0.512,0.512
1.05858,1.25664,0.5938,1.98736,2.54081,0.0,3.14159,0.0,0,1,0.5136,0.5136
2.08301,1.9635,0.84988,1.11084,1.58957,0.0,0.0,3.14159,0,0,0.5023,0.4977
1.77568,2.31692,0.4936,1.78776,2.55333,0.0,3.14159,0.0,0,1,0.5019,0.5019
2.83426,2.63108,0.33773,2.12188,0.08761,0.0,3.14159,0.0,0,1,0.5233,0.5233
1.22932,1.64934,0.23752,2.25639,1.48944,0.0,3.14159,0.0,0,1,0.5036,0.5036
0.7854,1.29591,0.57525,1.69229,0.08761,0.0,3.14159,0.0,0,1,0.5014,0.5014
0.30733,0.62832,0.54927,1.34516,0.66336,0.0,0.0,3.14159,0,1,0.5173,0.5173
1.74154,1.61007,1.00947,1.13687,2.44068,0.0,0.0,3.14159,0,1,0.5011,0.5011
1.22932,1.49226,0.86102,1.16725,2.11526,0.0,3.14159,0.0,0,1,0.5018,0.5018
0.58051,0.82467,1.10039,1.03273,2.35307,0.0,3.14159,0.0,0,1,0.5181,0.5181
0.75125,1.45299,0.55855,1.52306,1.40183,0.0,0.0,3.14159,0,1,0.5117,0.5117
2.01472,2.23838,1.06885,1.03273,0.0751,0.0,3.14159,0.0,0,1,0.5053,0.5053
1.43421,1.68861,0.38412,2.0915,1.17653,0.0,3.14159,0.0,0,0,0.5045,0.4955
0.68295,1.13883,0.61236,1.36685,1.50196,0.0,3.14159,0.0,0,1,0.5177,0.5177
1.43421,1.29591,0.40453,1.97434,2.59088,0.0,0.0,3.14159,0,1,0.5072,0.5072
1.19517,1.1781,0.84246,1.34516,0.58827,0.0,3.14159,0.0,0,0,0.507,0.493
1.19517,1.21737,0.69401,1.57947,0.76349,0.0,3.14159,0.0,0,0,0.5025,0.4975
0.92199,0.98175,0.35628,2.03943,2.69101,0.0,0.0,3.14159,0,1,0.5162,0.5162
0.75125,0.94248,1.34719,0.83747,1.56454,0.0,0.0,3.14159,0,1,0.5084,0.5084
0.68295,1.25664,1.14678,0.88086,1.71473,0.0,0.0,3.14159,0,1,0.5112,0.5112
2.08301,2.00277,0.64762,1.5491,1.33924,0.0,0.0,3.14159,0,0,0.5076,0.4924
0.92199,1.13883,0.60494,1.43628,2.71604,0.0,0.0,3.14159,0,1,0.5066,0.5066
0.54636,0.7854,1.53461,0.57712,0.03755,0.0,0.0,3.14159,0,1,0.5002,0.5002
1.02443,1.37445,0.707,1.4493,1.71473,0.0,3.14159,0.0,0,1,0.5076,0.5076
1.36591,1.9635,0.35814,1.93963,2.77862,0.0,0.0,3.14159,0,1,0.5007,0.5007
1.53665,2.00277,0.64762,1.34516,2.04016,0.0,0.0,3.14159,0,0,0.5033,0.4967
2.2879,1.64934,0.23567,2.31714,2.46571,0.0,3.14159,0.0,1,1,0.511,0.511
1.63909,1.61007,0.46205,2.27809,0.55072,0.0,3.14159,0.0,0,0,0.5025,0.4975
0.7171,1.37445,0.4435,1.79644,2.41565,0.0,3.14159,0.0,0,1,0.516,0.516
2.42449,1.68861,0.45463,1.83983,1.27666,0.0,3.14159,0.0,0,0,0.5013,0.4987
1.60494,1.41372,2.06347,0.52505,2.12777,0.0,0.0,3.14159,0,0,0.5024,0.4976
1.16102,1.72788,1.12266,1.01972,1.42686,0.0,3.14159,0.0,0,0,0.5021,0.4979
1.22932,1.25664,1.06142,0.93727,0.41304,0.0,3.14159,0.0,0,0,0.5154,0.4846
2.2196,2.12058,0.39711,1.75304,2.14029,0.0,0.0,3.14159,0,1,0.5048,0.5048
0.51222,0.90321,0.74782,1.5708,2.8412,0.0,3.14159,0.0,0,1,0.5162,0.5162
2.32205,2.15984,0.44721,2.00038,1.82738,0.0,3.14159,0.0,0,1,0.5069,0.5069
2.2879,1.84569,0.71813,1.51873,1.40183,0.0,3.14159,0.0,0,0,0.5033,0.4967
0.68295,1.1781,0.57525,1.56212,1.40183,0.0,3.14159,0.0,0,1,0.5181,0.5181
0.7171,1.29591,0.72184,1.46232,1.92751,0.0,3.14159,0.0,0,1,0.5175,0.5175
1.77568,1.61007,0.35072,2.24337,1.78983,0.0,0.0,3.14159,0,1,0.5012,0.5012
1.33176,1.92423,0.46948,1.91793,1.91499,3.14159,0.0,0.0,0,1,0.5003,0.5003
1.33176,1.88496,0.51401,1.73135,1.13898,0.0,3.14159,0.0,0,0,0.5066,0.4934
0.64881,1.13883,0.28577,2.11754,0.48814,0.0,3.14159,0.0,0,1,0.5106,0.5106
2.73182,2.19911,0.39339,1.87454,0.22529,0.0,3.14159,0.0,0,1,0.5081,0.5081
2.49279,2.31692,0.08536,2.7771,2.34055,0.0,0.0,3.14159,1,1,0.5213,0.5213
2.11716,1.68861,0.43793,1.75304,0.6133,0.0,0.0,3.14159,0,0,0.5122,0.4878
2.93671,2.70962,0.45463,2.13489,2.1528,0.0,3.14159,0.0,0,1,0.5345,0.5345
0.92199,0.74613,0.60865,1.62287,0.41304,0.0,3.14159,0.0,0,1,0.5106,0.5106
2.52693,1.88496,0.68659,1.37553,0.0751,0.0,3.14159,0.0,0,0,0.5006,0.4994
1.74154,1.92423,0.37669,1.93095,0.30039,0.0,3.14159,0.0,0,0,0.5062,0.4938
0.99028,0.82467,1.15606,0.9069,1.35176,0.0,3.14159,0.0,0,1,0.5031,0.5031
2.49279,2.59181,0.71442,1.40591,0.57575,0.0,0.0,3.14159,0,1,0.5053,0.5053
2.76597,2.39546,0.4769,2.37355,0.27536,0.0,3.14159,0.0,0,1,0.5194,0.5194
1.63909,1.33518,0.68659,1.28007,2.67849,0.0,3.14159,0.0,0,0,0.5016,0.4984
0.7854,1.41372,0.43422,1.60985,0.21278,0.0,0.0,3.14159,0,0,0.5051,0.4949
0.88784,0.82467,0.49917,1.70531,1.32673,0.0,0.0,3.14159,0,1,0.5174,0.5174
2.62938,2.19911,1.13565,1.08914,1.96506,0.0,3.14159,0.0,0,1,0.5147,0.5147
1.60494,2.23838,0.56782,1.60551,0.27536,0.0,3.14159,0.0,0,0,0.5016,0.4984
1.26347,1.72788,1.581,0.65522,0.18774,0.0,3.14159,0.0,0,0,0.52,0.48
1.98057,2.08131,1.3676,0.75936,0.35046,0.0,3.14159,0.0,0,0,0.5112,0.4888
2.93671,2.94524,0.83318,1.08914,1.3017,0.0,0.0,3.14159,0,1,0.5186,0.5186
1.91227,1.88496,0.96679,1.08914,0.40052,0.0,0.0,3.14159,0,0,0.5103,0.4897
1.74154,1.45299,0.33587,1.64456,2.27797,0.0,0.0,3.14159,0,0,0.5039,0.4961
1.77568,1.61007,0.48247,1.93529,2.50326,0.0,3.14159,0.0,0,1,0.503,0.503
1.84398,2.12058,0.4769,1.83983,1.28918,0.0,0.0,3.14159,0,0,0.5101,0.4899
1.02443,1.06029,0.66432,1.70097,0.86363,0.0,0.0,3.14159,0,1,0.5067,0.5067
2.04886,1.68861,0.89813,1.18027,0.0,0.0,3.14159,0.0,0,0,0.5033,0.4967
1.67324,2.23838,0.58267,1.70965,1.18905,0.0,3.14159,0.0,0,0,0.5087,0.4913
1.02443,1.68861,0.48432,1.72267,1.37679,0.0,3.14159,0.0,0,1,0.5034,0.5034
0.44392,0.70686,0.74411,1.46232,2.46571,0.0,3.14159,0.0,0,1,0.5288,0.5288
0.68295,1.09956,0.89627,1.07179,2.17784,0.0,0.0,3.14159,0,1,0.5154,0.5154
0.7171,1.45299,0.81462,1.35384,0.63833,0.0,3.14159,0.0,0,0,0.5027,0.4973
1.63909,1.37445,0.4769,2.03075,2.64094,0.0,0.0,3.14159,0,1,0.5069,0.5069
1.33176,1.13883,0.52143,2.20432,2.04016,3.14159,0.0,0.0,0,1,0.515,0.515
1.91227,1.92423,0.7738,1.35384,2.32803,0.0,3.14159,0.0,0,1,0.5013,0.5013
1.98057,2.59181,0.56597,1.33214,1.52699,0.0,3.14159,0.0,0,0,0.5009,0.4991
1.87813,2.474,0.48618,2.13056,1.88996,0.0,0.0,3.14159,0,1,0.5001,0.5001
0.7171,0.90321,0.77937,1.31912,2.26545,0.0,0.0,3.14159,0,1,0.5213,0.5213
0.92199,1.37445,0.64205,1.53174,1.06389,0.0,3.14159,0.0,0,1,0.503,0.503
1.29761,1.9635,0.23752,2.03509,2.35307,0.0,3.14159,0.0,0,1,0.5013,0.5013
0.7854,1.02102,0.82019,1.41892,0.76349,0.0,3.14159,0.0,0,1,0.5057,0.5057
2.59523,2.59181,1.16534,0.90256,2.25293,0.0,0.0,3.14159,0,1,0.5239,0.5239
0.92199,0.94248,1.10596,0.87218,2.50326,0.0,3.14159,0.0,0,1,0.5075,0.5075
0.7854,1.1781,0.51772,1.84417,1.87745,0.0,3.14159,0.0,0,1,0.5233,0.5233
1.53665,1.5708,0.97606,1.08046,1.17653,0.0,3.14159,0.0,0,0,0.5118,0.4882
2.04886,2.12058,0.86473,1.04141,1.75228,0.0,3.14159,0.0,0,1,0.5027,0.5027
2.04886,1.84569,0.73483,1.91359,0.97627,0.0,0.0,3.14159,0,0,0.5053,0.4947
2.42449,1.88496,0.35443,1.80077,1.80235,0.0,0.0,3.14159,1,1,0.5068,0.5068
1.43421,1.41372,0.52143,1.84417,0.08761,0.0,3.14159,0.0,0,1,0.501,0.501
2.86841,2.8667,0.5103,1.7921,0.63833,0.0,3.14159,0.0,0,1,0.5176,0.5176
0.7171,1.09956,0.42494,1.72267,0.58827,0.0,3.14159,0.0,0,1,0.505,0.505
1.80983,1.45299,0.63092,1.43194,1.12647,0.0,0.0,3.14159,0,0,0.5149,0.4851
0.7854,0.58905,0.53628,1.66626,0.55072,0.0,0.0,3.14159,0,1,0.5156,0.5156
0.58051,0.82467,0.39896,1.98736,1.20157,0.0,3.14159,0.0,0,1,0.5285,0.5285
1.43421,1.29591,0.78122,1.17593,2.62842,0.0,0.0,3.14159,0,0,0.5008,0.4992
3.03915,2.90597,0.79236,1.16725,0.25033,0.0,0.0,3.14159,0,1,0.527,0.527
0.81955,0.98175,0.64019,1.55778,2.06519,3.14159,0.0,0.0,0,1,0.5215,0.5215
1.80983,1.53153,0.59751,1.48401,0.85111,0.0,0.0,3.14159,0,0,0.5159,0.4841
2.2196,1.9635,0.63463,1.69663,0.75098,0.0,3.14159,0.0,0,0,0.5075,0.4925
2.04886,1.72788,0.64947,1.62287,0.11265,0.0,3.14159,0.0,0,0,0.5022,0.4978
1.5708,1.41372,0.54185,1.5708,0.73846,0.0,3.14159,0.0,0,0,0.5132,0.4868
2.01472,1.9635,0.39525,1.67494,2.10274,0.0,0.0,3.14159,0,0,0.5026,0.4974
0.68295,1.09956,0.61793,1.7487,2.21539,0.0,3.14159,0.0,0,1,0.5227,0.5227
1.60494,2.15984,0.39339,1.68796,0.56323,3.14159,0.0,0.0,0,0,0.5104,0.4896
2.35619,1.92423,0.83689,1.14121,1.52699,0.0,3.14159,0.0,0,1,0.5006,0.5006
0.95614,0.7854,0.38412,1.56646,1.36428,0.0,3.14159,0.0,0,1,0.5113,0.5113
1.33176,1.29591,0.66803,1.39289,1.3017,0.0,0.0,3.14159,0,0,0.5059,0.4941
1.67324,2.31692,1.19874,0.98934,0.27536,0.0,3.14159,0.0,0,1,0.5,0.5
1.80983,2.43473,0.35443,2.42562,2.65346,0.0,3.14159,0.0,1,1,0.5068,0.5068
2.08301,1.80642,0.79792,1.61853,0.13768,3.14159,0.0,0.0,0,1,0.5003,0.5003
1.5708,1.53153,0.52143,2.03075,1.48944,3.14159,0.0,0.0,0,0,0.5009,0.4991
1.12688,1.02102,0.18,2.44298,0.40052,0.0,3.14159,0.0,0,1,0.5049,0.5049
2.66352,2.63108,0.36556,1.9917,1.3017,0.0,0.0,3.14159,0,1,0.5147,0.5147
0.95614,1.68861,0.6903,1.59249,0.6133,0.0,3.14159,0.0,0,0,0.5029,0.4971
1.84398,2.35619,0.59009,1.50571,0.03755,0.0,0.0,3.14159,0,1,0.5056,0.5056
2.11716,1.92423,0.62721,1.58381,2.60339,0.0,3.14159,0.0,0,1,0.5037,0.5037
1.67324,1.53153,0.3303,2.05245,0.82608,0.0,3.14159,0.0,0,0,0.5094,0.4906
1.70739,1.64934,0.79792,1.07613,2.21539,0.0,0.0,3.14159,0,1,0.5,0.5
1.12688,1.64934,0.80535,1.06745,2.49074,0.0,3.14159,0.0,0,0,0.5004,0.4996
0.75125,0.94248,0.55484,1.65758,1.40183,0.0,0.0,3.14159,0,1,0.5211,0.5211
1.12688,1.53153,0.38226,2.31714,0.62582,0.0,3.14159,0.0,0,1,0.5041,0.5041
2.15131,2.04204,0.37855,2.01774,2.44068,0.0,3.14159,0.0,0,1,0.5066,0.5066
1.46835,2.04204,1.24699,0.95897,2.07771,0.0,3.14159,0.0,0,1,0.506,0.506
2.32205,1.9635,0.3303,1.95699,0.51317,0.0,3.14159,0.0,1,0,0.5062,0.4938
2.83426,2.74889,1.08369,1.01104,1.43938,0.0,0.0,3.14159,0,1,0.515,0.515
2.01472,1.9635,1.42884,0.74201,0.55072,0.0,3.14159,0.0,0,0,0.5174,0.4826
1.26347,1.80642,0.46391,1.5491,1.96506,0.0,3.14159,0.0,0,0,0.5024,0.4976
1.70739,2.39546,1.04843,0.95897,2.34055,0.0,3.14159,0.0,0,1,0.5146,0.5146
2.59523,2.15984,1.05771,0.85049,2.4532,0.0,3.14159,0.0,0,1,0.5157,0.5157
2.39034,2.35619,0.93524,1.15423,1.62712,0.0,0.0,3.14159,0,1,0.5082,0.5082
0.75125,1.13883,0.50288,1.51005,0.90117,0.0,3.14159,0.0,0,1,0.5048,0.5048
2.15131,1.84569,0.62349,1.60117,2.09022,0.0,3.14159,0.0,0,1,0.5024,0.5024
0.95614,0.90321,0.5103,1.65758,0.73846,0.0,3.14159,0.0,0,1,0.5058,0.5058
2.08301,1.92423,0.52515,1.92661,1.20157,0.0,0.0,3.14159,0,0,0.5074,0.4926
1.60494,1.64934,0.64762,1.31478,0.88866,0.0,0.0,3.14159,0,0,0.5163,0.4837
1.91227,1.9635,0.62349,1.62721,2.62842,0.0,3.14159,0.0,0,1,0.5014,0.5014
0.0,0.03927,0.7571,1.38855,2.303,0.0,0.0,3.14159,0,1,0.5376,0.5376
2.45864,1.84569,0.4602,1.69229,2.39061,0.0,0.0,3.14159,0,1,0.5105,0.5105
0.85369,0.70686,0.41566,1.85285,1.41434,0.0,0.0,3.14159,0,1,0.5223,0.5223
1.53665,1.5708,0.69586,1.45364,1.55202,0.0,0.0,3.14159,0,0,0.5068,0.4932
1.33176,1.13883,0.37113,1.98736,2.41565,0.0,3.14159,0.0,0,1,0.5109,0.5109
2.32205,2.12058,0.44906,1.41458,1.0013,0.0,0.0,3.14159,0,0,0.5104,0.4896
1.98057,2.59181,0.52515,1.3495,0.81356,0.0,3.14159,0.0,0,0,0.5056,0.4944
2.76597,2.31692,0.58638,1.67494,0.72595,0.0,3.14159,0.0,0,1,0.5044,0.5044
1.40006,1.29591,0.41381,1.8702,1.0764,0.0,3.14159,0.0,0,0,0.504,0.496
2.15131,1.88496,1.16534,0.92425,0.50065,0.0,3.14159,0.0,0,0,0.5125,0.4875
2.42449,1.72788,0.69586,1.24536,1.65215,0.0,3.14159,0.0,0,1,0.5031,0.5031
2.18546,1.49226,0.21711,2.65994,2.86623,0.0,3.14159,0.0,1,1,0.5066,0.5066
2.2196,1.92423,0.21154,2.52108,1.13898,0.0,3.14159,0.0,0,0,0.504,0.496
0.51222,0.70686,0.53628,1.80945,1.65215,0.0,0.0,3.14159,0,1,0.5335,0.5335
1.5708,2.19911,0.96864,1.05009,1.67718,0.0,0.0,3.14159,0,1,0.5011,0.5011
2.45864,2.19911,0.39339,1.87888,1.62712,3.14159,0.0,0.0,0,1,0.5075,0.5075
1.80983,1.45299,0.48432,1.69229,1.20157,0.0,3.14159,0.0,0,0,0.5122,0.4878
2.76597,2.43473,0.44164,2.02641,0.48814,0.0,0.0,3.14159,0,1,0.5123,0.5123
1.5708,1.49226,1.10967,0.95029,2.11526,0.0,3.14159,0.0,0,1,0.5025,0.5025
1.67324,1.61007,0.31917,2.39525,0.32542,0.0,3.14159,0.0,0,0,0.5024,0.4976
1.43421,1.37445,0.58267,1.62287,0.21278,0.0,0.0,3.14159,0,0,0.5044,0.4956
2.18546,1.64934,0.51216,1.51873,2.40313,0.0,0.0,3.14159,0,1,0.5021,0.5021
2.42449,2.12058,0.56226,1.80945,2.11526,0.0,3.14159,0.0,0,1,0.5128,0.5128
1.63909,1.84569,0.55484,1.4276,0.96376,0.0,0.0,3.14159,0,0,0.5151,0.4849
1.94642,2.15984,0.61236,1.67928,0.32542,0.0,3.14159,0.0,0,0,0.5022,0.4978
0.95614,0.94248,0.56226,1.5708,0.73846,0.0,3.14159,0.0,0,1,0.5038,0.5038
2.25375,2.23838,0.527,1.5491,1.91499,0.0,0.0,3.14159,0,1,0.5052,0.5052
1.91227,1.88496,1.32307,0.76804,2.35307,0.0,3.14159,0.0,0,1,0.5095,0.5095
2.86841,2.82743,0.65133,1.60985,0.40052,0.0,0.0,3.14159,0,1,0.5194,0.5194
1.26347,1.1781,1.97996,0.54674,2.55333,0.0,3.14159,0.0,0,0,0.5122,0.4878
1.80983,1.84569,0.40824,1.66626,1.42686,0.0,3.14159,0.0,0,0,0.5127,0.4873
2.52693,2.63108,1.43441,0.89388,0.16271,0.0,3.14159,0.0,0,1,0.5094,0.5094
1.19517,1.61007,0.60865,1.38855,0.71343,0.0,3.14159,0.0,0,0,0.5111,0.4889
2.25375,1.92423,0.1466,2.6773,0.36297,0.0,0.0,3.14159,0,0,0.5007,0.4993
0.20489,0.35343,0.92225,0.97632,0.66336,0.0,3.14159,0.0,0,1,0.524,0.524
1.84398,2.59181,0.4435,2.15225,0.83859,0.0,3.14159,0.0,0,0,0.5077,0.4923
1.77568,1.61007,0.44535,1.97,2.64094,0.0,3.14159,0.0,0,1,0.5032,0.5032
1.84398,1.61007,0.77009,1.18461,1.53951,0.0,3.14159,0.0,0,0,0.5087,0.4913
1.91227,1.9635,0.38597,1.98736,2.67849,0.0,3.14159,0.0,0,1,0.5022,0.5022
1.98057,1.68861,0.46762,1.90492,0.17523,0.0,0.0,3.14159,0,0,0.5025,0.4975
0.7171,1.02102,0.28762,2.14791,0.76349,0.0,3.14159,0.0,0,1,0.5164,0.5164
1.36591,1.88496,0.41381,1.87888,0.1502,0.0,0.0,3.14159,0,0,0.5022,0.4978
0.85369,1.41372,1.97069,0.49901,0.45059,0.0,0.0,3.14159,0,0,0.5293,0.4707
0.20489,0.35343,0.42865,1.59683,1.36428,0.0,3.14159,0.0,0,1,0.5316,0.5316
1.05858,1.37445,0.40453,1.77908,1.56454,0.0,0.0,3.14159,0,1,0.5083,0.5083
1.80983,1.61007,0.59566,1.65758,1.66467,0.0,3.14159,0.0,0,0,0.5063,0.4937
1.36591,1.1781,0.39339,2.16961,1.0013,0.0,3.14159,0.0,0,1,0.503,0.503
2.04886,1.92423,0.38226,2.14357,1.17653,0.0,3.14159,0.0,0,0,0.508,0.492
0.75125,1.21737,0.78308,1.41025,2.303,0.0,3.14159,0.0,0,1,0.5134,0.5134
1.12688,1.45299,0.41937,1.77474,2.20287,0.0,0.0,3.14159,0,1,0.5075,0.5075
0.7171,1.1781,0.4101,1.56212,1.42686,0.0,3.14159,0.0,0,1,0.5166,0.5166
0.85369,0.62832,0.62164,1.55778,2.07771,3.14159,0.0,0.0,0,1,0.5261,0.5261
0.61466,1.06029,0.74597,1.47533,1.87745,0.0,0.0,3.14159,0,1,0.5238,0.5238
1.46835,1.72788,0.37669,1.97868,0.13768,0.0,3.14159,0.0,0,0,0.5018,0.4982
0.68295,1.21737,0.44164,1.65758,1.73977,3.14159,0.0,0.0,0,1,0.5229,0.5229
1.05858,1.25664,0.84803,1.22366,1.36428,0.0,3.14159,0.0,0,1,0.5018,0.5018
1.67324,2.27765,0.46576,1.70965,1.58957,3.14159,0.0,0.0,0,0,0.508,0.492
1.87813,2.474,0.58453,1.55344,2.19035,0.0,3.14159,0.0,0,1,0.5039,0.5039
2.04886,1.92423,0.45463,1.58381,0.67588,0.0,3.14159,0.0,0,0,0.5143,0.4857
0.75125,1.45299,0.87029,1.31912,1.77732,0.0,3.14159,0.0,0,1,0.512,0.512
1.91227,1.9635,0.41195,1.57947,2.59088,3.14159,0.0,0.0,0,0,0.5032,0.4968
2.01472,1.92423,0.90741,1.11952,0.50065,0.0,3.14159,0.0,0,0,0.5109,0.4891
3.005,2.98451,0.51587,2.00038,0.48814,0.0,3.14159,0.0,0,1,0.525,0.525
0.88784,1.29591,0.36742,1.8702,0.35046,0.0,3.14159,0.0,0,1,0.5008,0.5008
2.49279,2.39546,0.84803,1.34082,0.21278,0.0,3.14159,0.0,0,1,0.5097,0.5097
2.73182,2.15984,0.7905,1.19328,0.42555,3.14159,0.0,0.0,0,0,0.5001,0.4999
1.77568,2.474,0.50473,1.77474,1.88996,0.0,3.14159,0.0,0,0,0.5021,0.4979
2.08301,1.9635,0.60865,1.47967,1.18905,0.0,3.14159,0.0,0,0,0.5106,0.4894
0.47807,0.7854,1.3843,0.85483,1.40183,0.0,3.14159,0.0,0,1,0.5142,0.5142
1.63909,1.5708,0.85359,1.13687,0.51317,0.0,3.14159,0.0,0,0,0.516,0.484
1.70739,1.61007,0.48803,1.64022,0.03755,0.0,0.0,3.14159,0,0,0.5047,0.4953
1.67324,1.72788,0.63463,1.65324,0.31291,0.0,3.14159,0.0,0,0,0.5057,0.4943
2.83426,2.90597,0.41566,1.47967,0.72595,0.0,3.14159,0.0,0,1,0.514,0.514
2.04886,2.00277,0.46576,2.17829,0.63833,0.0,3.14159,0.0,0,0,0.5056,0.4944
0.54636,0.82467,0.6736,1.56646,1.87745,0.0,0.0,3.14159,0,1,0.5301,0.5301
1.84398,2.43473,0.88328,1.15857,1.45189,0.0,0.0,3.14159,0,0,0.5011,0.4989
2.49279,2.35619,0.46205,2.06113,0.40052,0.0,0.0,3.14159,0,1,0.5068,0.5068
1.67324,1.45299,0.5103,1.93529,2.56584,0.0,0.0,3.14159,0,1,0.5049,0.5049
2.25375,1.92423,0.27835,2.79446,1.06389,0.0,3.14159,0.0,1,0,0.5026,0.4974
2.42449,2.12058,1.29709,0.88086,1.95254,0.0,3.14159,0.0,0,1,0.5108,0.5108
1.05858,0.90321,0.61978,1.67494,1.56454,0.0,3.14159,0.0,0,1,0.5146,0.5146
1.74154,1.37445,1.05957,1.07613,0.65085,0.0,3.14159,0.0,0,0,0.5173,0.4827
1.87813,2.23838,0.26164,2.73371,0.22529,0.0,3.14159,0.0,1,0,0.5017,0.4983
0.95614,0.82467,0.84431,1.41025,0.63833,0.0,0.0,3.14159,0,1,0.5054,0.5054
1.33176,1.06029,0.98349,1.07179,2.46571,0.0,3.14159,0.0,0,1,0.5051,0.5051
2.04886,1.80642,0.70329,1.39289,1.6146,0.0,3.14159,0.0,0,0,0.5054,0.4946
2.32205,2.15984,0.50659,2.38657,1.91499,0.0,3.14159,0.0,1,1,0.5113,0.5113
0.88784,1.29591,0.707,1.37119,0.50065,0.0,3.14159,0.0,0,0,0.5053,0.4947
1.19517,1.33518,0.43979,1.82681,1.66467,0.0,3.14159,0.0,0,1,0.5069,0.5069
0.34148,0.62832,0.347,1.96567,0.12516,0.0,0.0,3.14159,0,1,0.5168,0.5168
1.33176,1.09956,0.34329,1.97434,0.92621,0.0,3.14159,0.0,0,0,0.5006,0.4994
1.84398,2.15984,1.29338,0.87218,0.30039,0.0,3.14159,0.0,0,0,0.5066,0.4934
2.04886,2.08131,0.7404,1.40591,2.303,3.14159,0.0,0.0,0,1,0.5044,0.5044
1.43421,1.37445,1.17833,0.81577,0.18774,0.0,3.14159,0.0,0,0,0.5161,0.4839
2.32205,1.92423,0.37855,2.14357,0.06258,0.0,3.14159,0.0,0,1,0.5051,0.5051
2.2196,2.04204,0.63092,1.52306,2.46571,0.0,3.14159,0.0,0,1,0.5067,0.5067
1.84398,1.84569,0.09835,2.06113,2.00261,0.0,3.14159,0.0,0,0,0.5053,0.4947
1.70739,2.27765,0.48989,1.8702,0.50065,0.0,0.0,3.14159,0,0,0.5054,0.4946
2.62938,2.15984,0.77937,1.24536,0.86363,0.0,3.14159,0.0,0,0,0.5025,0.4975
1.91227,2.474,0.65318,1.72701,2.02764,0.0,3.14159,0.0,0,1,0.5027,0.5027
2.18546,2.08131,0.74968,1.37553,2.31552,0.0,3.14159,0.0,0,1,0.5073,0.5073
1.67324,1.33518,0.41752,1.6489,0.50065,0.0,0.0,3.14159,0,0,0.5133,0.4867
2.01472,2.63108,0.60123,1.53608,1.27666,0.0,0.0,3.14159,0,0,0.5028,0.4972
0.30733,0.43197,0.87957,1.16725,1.70222,0.0,3.14159,0.0,0,1,0.5311,0.5311
1.02443,0.82467,0.27649,2.22168,1.42686,0.0,0.0,3.14159,0,1,0.5191,0.5191
0.64881,0.94248,0.89256,1.17593,0.0,0.0,3.14159,0.0,0,1,0.5066,0.5066
1.87813,2.70962,0.44721,1.98736,1.46441,0.0,3.14159,0.0,0,0,0.5034,0.4966
2.80012,2.90597,1.32864,0.84181,0.93872,0.0,3.14159,0.0,0,1,0.5071,0.5071
1.80983,1.5708,0.76452,1.22366,0.95124,0.0,3.14159,0.0,0,0,0.5168,0.4832
1.98057,1.84569,0.24309,3.01142,0.6133,0.0,3.14159,0.0,1,0,0.5091,0.4909
1.22932,1.72788,0.26536,2.18697,2.31552,3.14159,0.0,0.0,0,1,0.5082,0.5082
0.81955,1.1781,0.12618,2.43864,1.78983,0.0,3.14159,0.0,0,1,0.5254,0.5254
2.49279,2.59181,0.65504,1.3061,0.38801,0.0,3.14159,0.0,0,1,0.5081,0.5081
1.87813,2.67035,0.62349,1.51873,1.33924,0.0,3.14159,0.0,0,0,0.5029,0.4971
2.15131,1.88496,0.78122,1.21932,0.02503,3.14159,0.0,0.0,0,0,0.5017,0.4983
1.91227,2.08131,1.52533,0.69427,1.72725,0.0,3.14159,0.0,0,1,0.5045,0.5045
1.63909,1.29591,0.79978,1.24969,0.42555,0.0,0.0,3.14159,0,0,0.5135,0.4865
1.63909,2.23838,0.53071,1.36685,0.56323,0.0,3.14159,0.0,0,0,0.5088,0.4912
0.85369,1.09956,0.49545,1.55344,2.40313,0.0,3.14159,0.0,0,1,0.5149,0.5149
0.75125,1.02102,0.54741,1.79644,0.38801,0.0,0.0,3.14159,0,1,0.5087,0.5087
1.70739,1.53153,0.47133,1.78776,2.26545,0.0,3.14159,0.0,0,0,0.5001,0.4999
0.92199,1.37445,0.69957,1.62721,0.43807,0.0,0.0,3.14159,0,0,0.5008,0.4992
2.45864,2.474,0.48989,2.19564,0.0,0.0,0.0,3.14159,0,1,0.5177,0.5177
1.94642,1.53153,1.00761,1.03707,1.66467,0.0,3.14159,0.0,0,0,0.5028,0.4972
1.84398,2.27765,0.71999,1.39723,0.25033,0.0,0.0,3.14159,0,1,0.5009,0.5009
1.19517,1.76715,0.64205,1.17159,1.27666,0.0,0.0,3.14159,0,0,0.5066,0.4934
1.67324,2.31692,0.35999,2.28677,1.94003,0.0,3.14159,0.0,0,0,0.5011,0.4989
1.16102,1.64934,0.5604,1.24102,1.77732,0.0,3.14159,0.0,0,0,0.5008,0.4992
1.5025,1.88496,0.76638,1.35384,1.67718,0.0,0.0,3.14159,0,0,0.505,0.495
2.04886,2.08131,0.58267,1.58815,1.85241,0.0,0.0,3.14159,0,0,0.5017,0.4983
2.18546,1.92423,0.22639,2.40827,0.52568,0.0,3.14159,0.0,0,0,0.5047,0.4953
2.90256,2.74889,0.69401,1.26705,1.60209,0.0,0.0,3.14159,0,1,0.5231,0.5231
2.11716,2.12058,0.60494,1.49269,1.86493,0.0,0.0,3.14159,0,1,0.5004,0.5004
1.12688,1.72788,0.47875,1.98302,0.21278,0.0,3.14159,0.0,0,1,0.5017,0.5017
2.08301,1.9635,0.47319,2.16527,1.12647,0.0,3.14159,0.0,0,0,0.5065,0.4935
2.04886,2.00277,0.50844,1.60551,0.70091,0.0,0.0,3.14159,0,0,0.512,0.488
1.98057,2.31692,0.15773,2.22602,2.62842,0.0,0.0,3.14159,0,1,0.5031,0.5031
1.74154,2.23838,0.78493,1.19328,1.48944,0.0,0.0,3.14159,0,0,0.5043,0.4957
1.53665,1.53153,0.7738,1.16291,1.73977,0.0,3.14159,0.0,0,0,0.5047,0.4953
1.80983,1.45299,0.68287,1.70097,2.9163,0.0,3.14159,0.0,0,1,0.5025,0.5025
0.47807,0.82467,0.78679,1.17593,1.60209,0.0,3.14159,0.0,0,1,0.526,0.526
2.01472,1.9635,0.45463,1.81813,0.83859,0.0,0.0,3.14159,0,0,0.5114,0.4886
0.81955,1.1781,0.49731,1.56212,1.18905,0.0,3.14159,0.0,0,1,0.5095,0.5095
0.58051,0.94248,0.57154,1.73135,1.20157,0.0,3.14159,0.0,0,1,0.5233,0.5233
1.29761,1.21737,0.59566,1.84417,2.46571,0.0,3.14159,0.0,0,1,0.5098,0.5098
1.5025,1.37445,0.94637,1.01972,2.54081,3.14159,0.0,0.0,0,0,0.5,0.5
2.11716,2.12058,1.0206,1.02839,1.26415,0.0,3.14159,0.0,0,0,0.5051,0.4949
1.22932,0.98175,1.56059,0.6856,0.28788,0.0,0.0,3.14159,0,0,0.5227,0.4773
2.66352,2.67035,0.50473,1.94831,1.75228,0.0,3.14159,0.0,0,1,0.5218,0.5218
2.66352,2.12058,0.76638,1.35817,0.16271,0.0,0.0,3.14159,0,1,0.5045,0.5045
1.40006,1.13883,0.5771,1.57514,2.26545,0.0,3.14159,0.0,0,1,0.5058,0.5058
2.49279,1.76715,0.70885,1.51005,1.21408,0.0,0.0,3.14159,0,0,0.5021,0.4979
1.91227,1.9635,0.88143,1.14989,2.50326,3.14159,0.0,0.0,0,1,0.5043,0.5043
2.39034,1.72788,0.61607,1.5708,0.27536,0.0,3.14159,0.0,0,0,0.5057,0.4943
1.94642,2.04204,0.54185,1.73569,1.45189,0.0,3.14159,0.0,0,0,0.5081,0.4919
2.45864,1.80642,0.4268,1.96567,1.37679,0.0,0.0,3.14159,0,1,0.5025,0.5025
0.44392,0.66759,0.59937,1.80511,0.72595,0.0,3.14159,0.0,0,1,0.5231,0.5231
2.52693,2.51327,0.67174,1.44496,0.41304,0.0,3.14159,0.0,0,1,0.5069,0.5069
1.84398,1.9635,0.30804,1.83549,2.29048,0.0,0.0,3.14159,0,0,0.5037,0.4963
1.26347,1.09956,1.30822,0.81577,2.47823,0.0,3.14159,0.0,0,1,0.5004,0.5004
2.18546,1.88496,0.3637,1.68796,2.29048,0.0,3.14159,0.0,0,1,0.502,0.502
1.19517,1.25664,0.4101,1.46232,0.02503,0.0,3.14159,0.0,0,0,0.5072,0.4928
1.67324,2.23838,0.46762,1.46232,0.45059,0.0,3.14159,0.0,0,0,0.5083,0.4917
2.93671,2.78816,0.44164,1.89624,2.4532,0.0,3.14159,0.0,0,1,0.5352,0.5352
2.08301,2.19911,2.11914,0.50769,0.62582,0.0,3.14159,0.0,0,0,0.5298,0.4702
1.12688,1.5708,0.84246,1.21498,1.37679,0.0,0.0,3.14159,0,0,0.5017,0.4983
1.16102,1.72788,0.4101,2.84219,0.80104,0.0,0.0,3.14159,1,1,0.5004,0.5004
1.12688,1.53153,0.57525,1.41892,2.40313,0.0,3.14159,0.0,0,1,0.5009,0.5009
1.87813,1.80642,0.58081,1.6489,0.43807,0.0,0.0,3.14159,0,0,0.5087,0.4913
2.11716,1.92423,0.71256,1.72267,1.77732,0.0,3.14159,0.0,0,1,0.5,0.5
0.68295,1.1781,0.5771,1.70965,2.36558,0.0,3.14159,0.0,0,1,0.519,0.519
0.75125,1.41372,0.63834,1.62721,2.94133,3.14159,0.0,0.0,0,1,0.5025,0.5025
0.99028,0.82467,1.054,0.95029,0.82608,0.0,3.14159,0.0,0,0,0.5034,0.4966
0.64881,0.86394,0.57896,1.48401,1.82738,0.0,3.14159,0.0,0,1,0.5273,0.5273
1.16102,1.72788,0.91854,1.27139,0.87614,0.0,3.14159,0.0,0,0,0.5075,0.4925
0.7171,1.09956,0.56597,1.92661,0.93872,0.0,3.14159,0.0,0,1,0.5178,0.5178
0.34148,0.62832,0.58824,1.62287,0.18774,0.0,0.0,3.14159,0,1,0.5192,0.5192
2.66352,2.19911,0.88328,1.19762,2.71604,0.0,3.14159,0.0,0,1,0.5161,0.5161
0.81955,1.37445,0.34144,2.36053,2.12777,0.0,3.14159,0.0,0,1,0.5237,0.5237
2.49279,2.31692,0.50473,1.42326,1.6897,0.0,3.14159,0.0,0,1,0.5096,0.5096
0.7854,1.45299,0.26907,1.97868,2.49074,0.0,3.14159,0.0,0,1,0.5147,0.5147
1.80983,2.35619,0.60494,1.7921,0.92621,0.0,3.14159,0.0,0,0,0.5073,0.4927
0.95614,1.25664,0.24494,2.0134,1.35176,0.0,3.14159,0.0,0,1,0.5128,0.5128
2.35619,2.04204,0.50288,1.65324,0.70091,0.0,3.14159,0.0,0,0,0.508,0.492
0.95614,1.25664,0.51587,2.00038,1.43938,0.0,0.0,3.14159,0,1,0.5172,0.5172
0.7854,1.06029,0.79792,1.16291,0.60078,0.0,0.0,3.14159,0,0,0.5015,0.4985
1.70739,2.27765,0.64391,1.59249,0.95124,0.0,0.0,3.14159,0,0,0.5079,0.4921
1.5025,1.37445,0.8072,1.18895,2.19035,0.0,3.14159,0.0,0,1,0.5004,0.5004
0.54636,0.70686,0.40082,1.91359,0.27536,3.14159,0.0,0.0,0,1,0.5163,0.5163
1.84398,2.51327,0.61422,1.41892,1.91499,0.0,3.14159,0.0,0,1,0.502,0.502
0.64881,1.09956,0.33958,2.23036,2.04016,0.0,0.0,3.14159,0,1,0.5295,0.5295
1.87813,1.9635,0.63834,1.5274,2.19035,0.0,3.14159,0.0,0,0,0.5014,0.4986
2.39034,2.39546,0.47133,1.76172,1.2266,0.0,3.14159,0.0,0,1,0.5005,0.5005
2.62938,2.67035,0.60494,1.46232,2.04016,3.14159,0.0,0.0,0,1,0.525,0.525
1.84398,2.08131,0.24309,2.07848,1.33924,0.0,3.14159,0.0,0,0,0.5118,0.4882
2.01472,2.08131,0.72741,1.24102,0.71343,0.0,3.14159,0.0,0,0,0.5111,0.4889
1.33176,1.9635,0.84431,1.09348,0.28788,3.14159,0.0,0.0,0,0,0.5066,0.4934
0.95614,1.29591,0.76267,1.28875,1.06389,0.0,3.14159,0.0,0,0,0.5005,0.4995
1.63909,2.27765,0.46948,1.58815,1.0013,0.0,3.14159,0.0,0,0,0.5108,0.4892
2.42449,2.08131,0.44906,1.82247,2.32803,0.0,3.14159,0.0,0,1,0.5129,0.5129
2.45864,2.27765,0.82576,1.37987,0.55072,3.14159,0.0,0.0,0,0,0.5003,0.4997
0.58051,0.82467,0.37855,2.26507,2.52829,0.0,3.14159,0.0,1,1,0.5243,0.5243
0.75125,1.09956,0.49545,2.17395,1.03885,0.0,3.14159,0.0,0,1,0.5225,0.5225
2.42449,2.39546,0.91297,1.12386,2.62842,0.0,3.14159,0.0,0,1,0.5193,0.5193
1.74154,1.76715,0.90926,1.14121,2.92882,0.0,0.0,3.14159,1,0,0.5022,0.4978
1.53665,2.15984,0.71071,1.55344,2.1528,0.0,3.14159,0.0,0,0,0.5009,0.4991
1.84398,1.49226,0.55298,1.70965,3.00391,0.0,3.14159,0.0,0,0,0.5,0.5
1.70739,2.31692,0.97978,1.09782,0.33794,0.0,3.14159,0.0,0,1,0.5007,0.5007
2.42449,2.12058,0.48618,2.06547,2.2279,0.0,0.0,3.14159,0,1,0.5152,0.5152
0.85369,1.41372,1.5476,0.68994,2.01513,0.0,3.14159,0.0,0,1,0.5017,0.5017
2.15131,1.9635,0.36927,2.06547,2.70352,0.0,3.14159,0.0,1,1,0.5066,0.5066
1.46835,1.33518,0.70329,1.4276,0.91369,0.0,0.0,3.14159,0,0,0.5115,0.4885
1.53665,1.33518,0.56411,1.5491,2.59088,0.0,3.14159,0.0,0,1,0.5004,0.5004
0.85369,1.06029,0.73854,1.40591,1.90248,0.0,0.0,3.14159,0,1,0.5175,0.5175
2.15131,1.92423,0.94637,1.12386,0.50065,0.0,0.0,3.14159,0,0,0.51,0.49
1.87813,2.59181,0.6569,1.56646,0.88866,0.0,0.0,3.14159,0,0,0.5042,0.4958
0.99028,0.94248,0.36742,2.52108,1.86493,0.0,3.14159,0.0,0,1,0.523,0.523
0.95614,1.09956,0.35443,2.03509,1.45189,0.0,0.0,3.14159,0,1,0.5184,0.5184
1.87813,2.00277,0.68287,1.35817,0.98879,0.0,0.0,3.14159,0,0,0.5124,0.4876
2.35619,2.04204,0.78493,1.57514,0.85111,0.0,3.14159,0.0,0,0,0.5048,0.4952
0.92199,0.74613,0.76452,1.21498,1.47692,3.14159,0.0,0.0,0,1,0.5129,0.5129
2.93671,2.94524,0.55669,1.73135,2.46571,0.0,3.14159,0.0,0,1,0.5357,0.5357
0.7171,0.98175,0.53813,1.83549,0.31291,0.0,3.14159,0.0,0,1,0.5102,0.5102
1.53665,1.53153,0.64019,1.62721,1.06389,0.0,3.14159,0.0,0,0,0.5089,0.4911
1.74154,1.5708,0.92411,1.12386,1.70222,0.0,3.14159,0.0,0,0,0.5042,0.4958
1.77568,1.64934,0.40082,1.80945,2.62842,3.14159,0.0,0.0,1,0,0.5011,0.4989
1.09273,1.49226,0.5604,1.76172,1.1515,0.0,0.0,3.14159,0,1,0.5027,0.5027
1.74154,2.39546,0.41566,1.89624,0.72595,0.0,3.14159,0.0,0,0,0.5087,0.4913
1.94642,2.19911,0.50659,1.61853,0.71343,0.0,0.0,3.14159,0,0,0.51,0.49
2.59523,2.59181,0.45463,1.75738,1.96506,0.0,0.0,3.14159,0,1,0.5218,0.5218
1.87813,1.9635,0.75153,1.26705,1.77732,0.0,3.14159,0.0,0,0,0.5034,0.4966
2.59523,2.67035,0.93153,1.21064,1.06389,0.0,3.14159,0.0,0,1,0.5062,0.5062
1.02443,0.7854,0.78122,1.26705,1.32673,0.0,0.0,3.14159,0,1,0.5075,0.5075
1.67324,1.76715,0.4769,2.05245,0.08761,0.0,0.0,3.14159,0,1,0.5016,0.5016
1.36591,1.33518,0.49731,1.89624,1.63964,0.0,0.0,3.14159,0,1,0.5041,0.5041
2.39034,1.9635,0.79978,1.26705,1.73977,0.0,3.14159,0.0,0,1,0.5054,0.5054
1.94642,1.84569,0.80349,1.18895,1.05137,0.0,3.14159,0.0,0,0,0.5133,0.4867
1.84398,1.92423,0.60123,1.57947,2.24042,3.14159,0.0,0.0,0,0,0.5019,0.4981
2.18546,1.92423,1.28967,0.77672,1.23911,0.0,0.0,3.14159,0,0,0.5074,0.4926
1.40006,1.1781,0.63834,1.51005,1.12647,0.0,3.14159,0.0,0,0,0.5068,0.4932
1.84398,1.76715,0.55298,2.08716,0.11265,3.14159,0.0,0.0,0,1,0.5029,0.5029
1.63909,1.37445,0.65318,1.42326,1.26415,0.0,3.14159,0.0,0,0,0.5119,0.4881
0.85369,1.37445,0.21154,2.47335,0.1502,0.0,0.0,3.14159,0,1,0.5063,0.5063
1.29761,1.02102,0.77937,1.18027,1.51447,0.0,3.14159,0.0,0,0,0.5009,0.4991
0.68295,1.1781,0.60308,1.52306,2.34055,0.0,3.14159,0.0,0,1,0.5174,0.5174
1.09273,1.45299,0.68102,1.45364,0.5382,0.0,3.14159,0.0,0,0,0.5074,0.4926
1.40006,1.37445,0.69586,1.36685,0.93872,0.0,3.14159,0.0,0,0,0.512,0.488
2.56108,2.67035,0.52143,1.70097,0.85111,0.0,3.14159,0.0,0,1,0.506,0.506
2.52693,2.63108,0.44906,2.06981,0.75098,0.0,3.14159,0.0,0,1,0.5075,0.5075
2.35619,2.23838,0.59009,1.45364,0.6884,0.0,3.14159,0.0,0,0,0.5059,0.4941
1.36591,1.33518,0.64947,1.46232,1.58957,0.0,3.14159,0.0,0,0,0.5023,0.4977
1.77568,2.43473,0.35072,1.76172,0.25033,0.0,0.0,3.14159,0,0,0.5032,0.4968
1.29761,1.02102,0.45092,1.70097,0.20026,3.14159,0.0,0.0,0,1,0.5004,0.5004
1.05858,1.29591,2.08388,0.47297,1.11395,0.0,3.14159,0.0,0,0,0.5241,0.4759
0.92199,0.74613,0.71999,1.36251,2.16532,0.0,0.0,3.14159,0,1,0.5215,0.5215
1.05858,1.41372,0.58453,1.79644,1.6146,0.0,0.0,3.14159,0,1,0.5103,0.5103
0.68295,1.1781,0.53071,1.41458,2.70352,0.0,3.14159,0.0,0,1,0.5082,0.5082
2.39034,2.12058,0.29133,2.13056,0.78853,0.0,0.0,3.14159,0,0,0.5031,0.4969
0.37563,0.66759,3.06551,0.06075,2.66597,0.0,3.14159,0.0,1,1,0.5099,0.5099
2.15131,2.12058,0.42123,1.74436,1.32673,0.0,3.14159,0.0,0,0,0.5075,0.4925
2.80012,2.70962,0.41566,2.05679,0.77601,0.0,0.0,3.14159,0,1,0.5162,0.5162
0.34148,0.58905,0.86287,1.33648,2.40313,0.0,3.14159,0.0,0,1,0.532,0.532
1.05858,0.94248,0.57525,1.98736,1.95254,0.0,3.14159,0.0,0,1,0.5203,0.5203
1.60494,2.23838,0.56226,1.42326,2.29048,0.0,3.14159,0.0,0,0,0.5008,0.4992
0.7854,1.09956,0.57339,1.70097,1.92751,0.0,0.0,3.14159,0,1,0.5225,0.5225
1.36591,1.84569,0.34144,2.15659,2.14029,0.0,3.14159,0.0,0,1,0.5044,0.5044
2.52693,2.55254,0.36185,2.10886,2.05267,0.0,3.14159,0.0,0,1,0.5208,0.5208
0.64881,0.86394,1.05029,1.07613,2.35307,0.0,0.0,3.14159,0,1,0.5173,0.5173
2.66352,2.67035,1.08555,0.97632,1.96506,0.0,0.0,3.14159,0,1,0.5229,0.5229
1.63909,1.88496,0.32474,1.80511,1.57705,0.0,3.14159,0.0,0,0,0.5108,0.4892
2.69767,2.23838,1.70904,0.6422,0.06258,0.0,0.0,3.14159,0,0,0.5033,0.4967
1.26347,1.13883,1.41956,0.7854,1.27666,0.0,3.14159,0.0,0,0,0.5103,0.4897
1.26347,1.13883,0.89071,1.21498,1.32673,0.0,3.14159,0.0,0,0,0.5031,0.4969
0.99028,0.82467,0.38412,1.92661,0.95124,0.0,3.14159,0.0,0,1,0.512,0.512
3.005,2.94524,0.46948,1.9917,0.5382,0.0,3.14159,0.0,0,1,0.5241,0.5241
2.01472,1.92423,0.47504,2.03943,1.40183,0.0,3.14159,0.0,0,0,0.5061,0.4939
2.62938,2.15984,0.62721,1.46666,1.73977,0.0,0.0,3.14159,0,1,0.5136,0.5136
0.61466,1.06029,0.67174,1.53608,2.56584,0.0,3.14159,0.0,0,1,0.5165,0.5165
0.95614,1.1781,0.93153,1.08046,2.01513,0.0,3.14159,0.0,0,1,0.5096,0.5096
1.70739,1.64934,0.62535,1.39723,0.0,0.0,3.14159,0.0,0,0,0.5056,0.4944
0.7171,1.1781,0.46762,1.70097,1.45189,0.0,3.14159,0.0,0,1,0.52,0.52
2.83426,2.82743,0.55484,1.61419,1.6897,0.0,3.14159,0.0,0,1,0.5257,0.5257
1.80983,2.04204,0.96679,1.13254,1.13898,0.0,0.0,3.14159,0,0,0.509,0.491
2.49279,2.51327,0.30247,2.03075,2.57836,0.0,3.14159,0.0,0,1,0.5198,0.5198
2.62938,2.15984,0.38226,1.61419,1.25163,0.0,0.0,3.14159,0,1,0.5031,0.5031
1.02443,1.29591,0.42123,1.78776,1.2266,0.0,3.14159,0.0,0,1,0.5063,0.5063
2.49279,1.84569,0.34144,2.71635,1.0013,0.0,3.14159,0.0,1,1,0.5043,0.5043
0.88784,0.82467,0.19484,2.39959,0.6884,0.0,3.14159,0.0,0,1,0.514,0.514
1.22932,1.53153,0.7571,1.30176,2.46571,0.0,3.14159,0.0,0,0,0.5007,0.4993
0.75125,1.21737,0.54927,1.51005,1.58957,0.0,3.14159,0.0,0,1,0.5175,0.5175
2.83426,2.474,0.23752,2.1132,1.0764,0.0,3.14159,0.0,1,1,0.5162,0.5162
1.63909,1.68861,0.61236,1.62721,2.32803,0.0,3.14159,0.0,0,0,0.5017,0.4983
2.39034,1.76715,0.60308,1.28441,0.5382,3.14159,0.0,0.0,0,0,0.5135,0.4865
2.15131,2.00277,0.30061,1.96567,1.75228,0.0,0.0,3.14159,0,0,0.5014,0.4986
2.83426,2.39546,0.46576,1.66192,1.87745,0.0,0.0,3.14159,0,1,0.5256,0.5256
1.36591,1.13883,0.49545,2.07848,0.88866,0.0,0.0,3.14159,0,1,0.5034,0.5034
2.08301,2.00277,1.03359,1.13254,1.3017,0.0,0.0,3.14159,0,0,0.5058,0.4942
0.81955,1.21737,0.53442,1.71399,1.20157,3.14159,0.0,0.0,0,1,0.513,0.513
0.88784,1.21737,0.92782,1.19328,1.17653,0.0,3.14159,0.0,0,1,0.5033,0.5033
1.46835,1.29591,1.02988,0.95029,1.82738,0.0,0.0,3.14159,0,1,0.5005,0.5005
1.67324,1.84569,0.5938,1.67928,2.65346,3.14159,0.0,0.0,0,0,0.5007,0.4993
0.47807,0.86394,0.73854,1.26705,0.62582,3.14159,0.0,0.0,0,1,0.5104,0.5104
1.5025,2.12058,0.72927,1.39723,1.6897,0.0,3.14159,0.0,0,0,0.5041,0.4959
1.12688,1.5708,0.44721,1.97434,1.73977,0.0,0.0,3.14159,0,1,0.5089,0.5089
0.75125,1.45299,0.92225,1.31044,1.85241,0.0,0.0,3.14159,0,1,0.5113,0.5113
1.43421,1.25664,0.62906,1.47967,1.52699,0.0,3.14159,0.0,0,0,0.5038,0.4962
1.26347,1.84569,0.37298,2.11754,1.11395,0.0,3.14159,0.0,0,0,0.5028,0.4972
2.2196,2.00277,0.37484,1.83115,0.4631,0.0,3.14159,0.0,0,0,0.5078,0.4922
1.43421,1.41372,0.42309,1.75738,0.57575,0.0,3.14159,0.0,0,0,0.5089,0.4911
0.92199,1.13883,0.36185,2.2347,2.67849,0.0,0.0,3.14159,0,1,0.5162,0.5162
1.33176,1.02102,0.74411,1.7921,1.33924,0.0,0.0,3.14159,0,1,0.5063,0.5063
1.36591,1.21737,1.09668,0.91124,1.11395,0.0,3.14159,0.0,0,0,0.5123,0.4877
1.74154,1.88496,0.85916,1.18027,0.51317,0.0,0.0,3.14159,0,0,0.5115,0.4885
1.36591,1.29591,0.45278,1.57947,1.53951,3.14159,0.0,0.0,0,0,0.5037,0.4963
0.92199,0.74613,0.95194,1.08046,2.11526,0.0,3.14159,0.0,0,1,0.5181,0.5181
2.93671,2.90597,0.57525,1.43194,2.44068,0.0,3.14159,0.0,0,1,0.5368,0.5368
2.2879,2.00277,0.37484,2.00038,2.89127,0.0,3.14159,0.0,1,1,0.5073,0.5073
1.74154,1.61007,0.2468,2.5558,1.82738,0.0,3.14159,0.0,0,1,0.505,0.505
1.77568,1.41372,0.73669,1.14121,0.42555,0.0,0.0,3.14159,0,0,0.5174,0.4826
1.77568,1.49226,0.66988,1.48835,1.35176,0.0,3.14159,0.0,0,0,0.5107,0.4893
0.85369,0.7854,0.39339,1.46666,0.36297,0.0,3.14159,0.0,0,1,0.5025,0.5025
1.70739,1.61007,0.63463,1.51873,0.30039,0.0,3.14159,0.0,0,0,0.5088,0.4912
1.02443,0.74613,1.41214,0.71163,2.20287,0.0,3.14159,0.0,0,1,0.5062,0.5062
1.84398,2.00277,0.55298,1.94831,0.88866,0.0,3.14159,0.0,0,0,0.5086,0.4914
2.11716,1.88496,0.39896,1.7487,1.46441,0.0,3.14159,0.0,0,0,0.5078,0.4922
1.94642,1.9635,0.88328,1.11518,1.85241,0.0,0.0,3.14159,0,1,0.501,0.501
0.51222,0.90321,0.50473,2.03075,0.30039,3.14159,0.0,0.0,0,1,0.5153,0.5153
0.7854,1.09956,1.23771,0.84615,0.4631,0.0,0.0,3.14159,0,0,0.508,0.492
2.80012,2.8667,0.78865,1.29309,1.57705,0.0,3.14159,0.0,0,1,0.5213,0.5213
0.64881,1.09956,0.68473,1.61853,1.56454,0.0,3.14159,0.0,0,1,0.523,0.523
1.19517,1.72788,0.74968,1.17593,1.8399,0.0,0.0,3.14159,0,1,0.5006,0.5006
0.68295,0.94248,0.60308,1.37987,1.87745,0.0,3.14159,0.0,0,1,0.5244,0.5244
1.02443,1.06029,0.56226,1.70097,2.1528,0.0,3.14159,0.0,0,1,0.5163,0.5163
2.35619,2.35619,0.52886,1.94397,0.82608,0.0,0.0,3.14159,0,0,0.5011,0.4989
0.99028,1.21737,0.47319,2.06981,1.91499,3.14159,0.0,0.0,0,1,0.52,0.52
2.08301,2.00277,1.09297,0.8635,1.40183,0.0,3.14159,0.0,0,0,0.5033,0.4967
1.87813,1.5708,0.55669,1.47099,1.91499,0.0,3.14159,0.0,0,0,0.5051,0.4949
1.02443,1.45299,1.17833,0.79842,1.72725,0.0,0.0,3.14159,0,1,0.5046,0.5046
0.13659,0.19635,1.03545,0.94161,1.17653,0.0,0.0,3.14159,0,1,0.5222,0.5222
0.88784,0.90321,1.14864,0.89388,0.55072,3.14159,0.0,0.0,0,0,0.5048,0.4952
2.04886,2.08131,0.73298,1.13687,1.88996,0.0,3.14159,0.0,0,1,0.5022,0.5022
1.87813,2.35619,0.92782,1.17593,2.7661,0.0,3.14159,0.0,0,1,0.5119,0.5119
1.60494,1.84569,0.60123,1.76606,1.66467,0.0,3.14159,0.0,0,0,0.5054,0.4946
0.95614,1.06029,0.28577,1.56212,1.36428,0.0,3.14159,0.0,0,1,0.5063,0.5063
2.45864,2.12058,0.66246,1.41458,2.60339,0.0,3.14159,0.0,0,1,0.5124,0.5124
2.2879,1.92423,0.33401,1.84417,2.27797,0.0,3.14159,0.0,0,1,0.5065,0.5065
2.80012,2.35619,1.44369,0.7854,1.96506,0.0,3.14159,0.0,0,1,0.5135,0.5135
2.97085,2.8667,0.96493,1.13687,2.14029,3.14159,0.0,0.0,0,1,0.5328,0.5328
1.80983,1.9635,0.48061,2.09584,2.50326,0.0,3.14159,0.0,0,1,0.5045,0.5045
0.92199,0.70686,1.13379,1.02839,2.71604,0.0,3.14159,0.0,0,1,0.513,0.513
0.85369,0.58905,0.5103,1.53608,2.49074,0.0,0.0,3.14159,0,1,0.5252,0.5252
0.68295,0.90321,0.64205,1.34082,2.06519,0.0,3.14159,0.0,0,1,0.5245,0.5245
1.33176,1.09956,0.37113,2.44732,0.73846,0.0,3.14159,0.0,0,1,0.5042,0.5042
2.15131,2.08131,0.46391,1.66626,1.97758,0.0,3.14159,0.0,0,1,0.5011,0.5011
2.49279,2.59181,0.25979,2.13489,0.52568,0.0,3.14159,0.0,0,1,0.5066,0.5066
1.19517,1.61007,0.54927,1.84417,0.73846,0.0,0.0,3.14159,0,0,0.5019,0.4981
1.91227,2.08131,0.69586,1.50137,1.58957,0.0,0.0,3.14159,0,0,0.5057,0.4943
2.56108,2.59181,0.38041,2.32582,2.1528,0.0,3.14159,0.0,0,1,0.5236,0.5236
1.84398,2.04204,0.32474,2.65126,0.82608,0.0,3.14159,0.0,1,0,0.5102,0.4898
1.91227,2.00277,1.4975,0.67258,1.70222,0.0,0.0,3.14159,0,1,0.5038,0.5038
1.22932,1.76715,0.78308,1.38421,1.57705,0.0,0.0,3.14159,0,0,0.5016,0.4984
0.99028,1.02102,0.22824,1.97868,0.56323,0.0,3.14159,0.0,0,1,0.5034,0.5034
2.42449,1.72788,0.43979,2.08716,1.7648,0.0,3.14159,0.0,0,1,0.5092,0.5092
2.97085,2.94524,0.16701,2.79446,2.01513,3.14159,0.0,0.0,1,1,0.5307,0.5307
1.33176,1.21737,0.2468,2.09584,2.41565,0.0,0.0,3.14159,0,1,0.5101,0.5101
1.12688,1.45299,0.47875,1.86152,1.86493,3.14159,0.0,0.0,0,1,0.5096,0.5096
2.42449,2.39546,0.69772,1.18461,0.6133,0.0,0.0,3.14159,0,0,0.5016,0.4984
0.85369,1.06029,0.61422,1.5491,2.26545,0.0,3.14159,0.0,0,1,0.5177,0.5177
2.18546,2.08131,0.30061,1.95265,0.31291,0.0,3.14159,0.0,0,0,0.5047,0.4953
0.92199,1.45299,0.57339,1.57514,0.66336,3.14159,0.0,0.0,0,0,0.5033,0.4967
1.26347,1.29591,0.73112,1.3495,0.58827,0.0,0.0,3.14159,0,0,0.5104,0.4896
1.60494,2.23838,0.87957,1.10216,0.37549,0.0,3.14159,0.0,0,0,0.5019,0.4981
2.04886,1.84569,0.5938,1.62287,2.40313,0.0,3.14159,0.0,0,1,0.5018,0.5018
0.99028,1.25664,0.76267,1.34516,1.77732,0.0,0.0,3.14159,0,1,0.5095,0.5095
1.46835,2.04204,0.64762,1.50137,2.47823,0.0,0.0,3.14159,0,0,0.5009,0.4991
1.36591,1.84569,0.68102,1.62287,0.31291,3.14159,0.0,0.0,0,0,0.5038,0.4962
0.7171,1.25664,1.16534,0.85049,1.63964,0.0,3.14159,0.0,0,1,0.51,0.51
0.61466,1.02102,1.07998,0.93293,1.73977,0.0,3.14159,0.0,0,1,0.5166,0.5166
2.83426,2.67035,0.51587,1.90926,0.21278,0.0,0.0,3.14159,0,1,0.5215,0.5215
1.02443,1.02102,0.48803,1.71833,2.20287,0.0,3.14159,0.0,0,1,0.5167,0.5167
2.32205,2.27765,1.49564,0.68994,0.26284,0.0,3.14159,0.0,0,0,0.5064,0.4936
1.29761,1.21737,0.59566,1.47967,1.10143,0.0,3.14159,0.0,0,0,0.5066,0.4934
1.5025,2.15984,0.8072,1.65324,2.25293,0.0,0.0,3.14159,0,1,0.5009,0.5009
2.18546,1.88496,2.38264,0.41223,1.86493,0.0,3.14159,0.0,0,0,0.5005,0.4995
1.63909,1.45299,0.95194,1.0067,0.55072,0.0,3.14159,0.0,0,0,0.5182,0.4818
1.19517,1.64934,0.48247,1.62287,0.77601,0.0,3.14159,0.0,0,0,0.5083,0.4917
2.25375,2.00277,1.34534,0.75936,0.77601,0.0,3.14159,0.0,0,0,0.5141,0.4859
0.23903,0.35343,0.39154,2.04377,1.55202,0.0,0.0,3.14159,0,1,0.5376,0.5376
1.19517,1.5708,0.28762,2.00038,0.55072,0.0,3.14159,0.0,0,0,0.5043,0.4957
1.94642,2.51327,0.41566,1.81813,0.98879,0.0,3.14159,0.0,0,0,0.5082,0.4918
1.91227,1.92423,0.97978,1.0848,1.97758,0.0,0.0,3.14159,0,1,0.5031,0.5031
0.68295,1.02102,0.66246,1.48835,0.58827,0.0,3.14159,0.0,0,1,0.5056,0.5056
1.40006,1.33518,0.22824,2.00906,1.91499,0.0,3.14159,0.0,0,1,0.5042,0.5042
2.52693,1.84569,0.66988,1.36685,0.47562,0.0,3.14159,0.0,0,0,0.5083,0.4917
0.95614,0.7854,0.55298,1.7704,1.70222,0.0,3.14159,0.0,0,1,0.5213,0.5213
1.05858,1.13883,0.76081,1.41025,1.52699,0.0,3.14159,0.0,0,1,0.5076,0.5076
2.2879,1.61007,0.65133,1.5274,0.02503,0.0,3.14159,0.0,0,0,0.5018,0.4982
1.67324,1.61007,0.56782,1.51873,1.52699,0.0,0.0,3.14159,0,0,0.5099,0.4901
0.81955,1.5708,0.76081,1.45364,2.4532,0.0,3.14159,0.0,0,1,0.5055,0.5055
2.39034,2.27765,0.67174,1.25403,0.48814,0.0,3.14159,0.0,0,0,0.503,0.497
2.18546,2.08131,0.99091,0.89388,0.21278,0.0,3.14159,0.0,0,0,0.503,0.497
1.74154,1.53153,0.70885,1.29309,0.0751,0.0,0.0,3.14159,0,0,0.5078,0.4922
1.02443,1.37445,0.56597,1.65758,0.20026,3.14159,0.0,0.0,0,0,0.502,0.498
0.88784,1.09956,0.37484,1.75304,2.303,3.14159,0.0,0.0,0,1,0.5176,0.5176
1.02443,0.7854,0.62906,1.61419,0.12516,0.0,0.0,3.14159,0,1,0.5115,0.5115
0.7171,1.06029,0.78308,1.31912,0.81356,0.0,3.14159,0.0,0,1,0.5049,0.5049
2.11716,1.88496,0.69586,1.51439,0.60078,0.0,3.14159,0.0,0,0,0.5095,0.4905
0.75125,1.41372,0.51587,1.97434,2.51578,3.14159,0.0,0.0,0,1,0.5157,0.5157
1.87813,2.70962,0.75524,1.36251,1.42686,0.0,0.0,3.14159,0,1,0.5001,0.5001
0.85369,0.62832,1.15606,0.94595,2.77862,0.0,0.0,3.14159,0,1,0.5147,0.5147
2.80012,2.63108,0.78865,1.19328,0.27536,0.0,0.0,3.14159,0,1,0.5169,0.5169
1.12688,1.72788,1.00204,0.99802,0.06258,0.0,3.14159,0.0,0,0,0.5084,0.4916
1.91227,2.12058,0.43793,1.58381,0.30039,0.0,3.14159,0.0,0,0,0.5077,0.4923
1.09273,0.90321,0.33773,1.95265,1.86493,0.0,0.0,3.14159,0,1,0.5179,0.5179
0.92199,0.98175,0.51587,1.64456,1.82738,0.0,3.14159,0.0,0,1,0.5193,0.5193
1.26347,1.25664,0.81834,1.20196,0.52568,0.0,3.14159,0.0,0,0,0.5123,0.4877
2.45864,1.76715,0.99277,1.11518,1.95254,0.0,3.14159,0.0,0,1,0.5087,0.5087
1.63909,2.27765,0.37484,1.94831,0.41304,3.14159,0.0,0.0,0,0,0.506,0.494
0.61466,0.94248,0.60308,1.45364,2.62842,0.0,0.0,3.14159,0,1,0.518,0.518
1.67324,1.41372,0.29876,1.93095,0.85111,3.14159,0.0,0.0,0,0,0.5118,0.4882
1.63909,1.84569,0.69215,1.5274,1.43938,0.0,3.14159,0.0,0,0,0.5085,0.4915
1.33176,1.13883,0.74411,1.50137,1.95254,0.0,3.14159,0.0,0,1,0.506,0.506
1.63909,1.72788,0.5938,1.52306,2.44068,0.0,0.0,3.14159,0,0,0.503,0.497
3.005,2.94524,0.71999,1.37119,1.82738,0.0,3.14159,0.0,0,1,0.5304,0.5304
1.98057,1.61007,0.62721,1.53608,2.09022,0.0,3.14159,0.0,0,0,0.5009,0.4991
0.68295,0.94248,1.07812,0.95029,1.92751,0.0,3.14159,0.0,0,1,0.5166,0.5166
1.36591,1.41372,0.53813,1.81379,0.52568,0.0,0.0,3.14159,0,0,0.5035,0.4965
2.25375,2.08131,0.50844,1.81379,0.36297,0.0,3.14159,0.0,0,0,0.5023,0.4977
2.52693,2.51327,0.77194,1.54476,1.91499,0.0,3.14159,0.0,0,1,0.518,0.518
1.29761,1.88496,0.58453,1.34516,0.75098,0.0,3.14159,0.0,0,0,0.5114,0.4886
1.67324,1.84569,0.03897,2.49505,0.92621,0.0,0.0,3.14159,0,0,0.5139,0.4861
1.22932,1.1781,0.67731,1.70097,1.42686,0.0,3.14159,0.0,0,1,0.5058,0.5058
2.45864,1.84569,0.31175,2.20866,2.34055,0.0,3.14159,0.0,1,1,0.5152,0.5152
1.12688,1.02102,0.7571,1.29743,2.17784,0.0,0.0,3.14159,0,1,0.5108,0.5108
2.2879,2.04204,0.50844,1.69229,2.75359,0.0,3.14159,0.0,0,1,0.5067,0.5067
2.35619,1.88496,0.60494,1.5708,1.38931,0.0,0.0,3.14159,0,0,0.5025,0.4975
2.18546,2.08131,0.6105,1.8919,0.33794,0.0,0.0,3.14159,0,1,0.5005,0.5005
1.84398,1.80642,0.65318,1.36251,2.47823,0.0,3.14159,0.0,0,0,0.5016,0.4984
1.63909,1.33518,0.55112,1.85285,1.45189,0.0,3.14159,0.0,0,0,0.503,0.497
2.56108,2.51327,0.62906,1.5491,0.60078,0.0,3.14159,0.0,0,1,0.5044,0.5044
2.08301,1.9635,0.91668,1.14989,1.1515,0.0,3.14159,0.0,0,0,0.509,0.491
0.47807,0.70686,0.61978,1.64456,0.6884,0.0,0.0,3.14159,0,1,0.5189,0.5189
1.74154,2.43473,0.4769,1.84417,0.51317,3.14159,0.0,0.0,0,0,0.5046,0.4954
0.58051,0.86394,0.71999,1.26271,1.7648,0.0,0.0,3.14159,0,1,0.526,0.526
1.94642,2.00277,0.35999,2.29978,0.25033,0.0,3.14159,0.0,0,0,0.5012,0.4988
1.12688,1.02102,0.3637,2.07848,2.26545,3.14159,0.0,0.0,0,1,0.5177,0.5177
1.77568,2.19911,0.53257,1.60117,0.42555,0.0,0.0,3.14159,0,0,0.5061,0.4939
2.25375,1.92423,0.42865,1.83549,1.11395,0.0,0.0,3.14159,0,0,0.5079,0.4921
1.60494,1.49226,0.99462,1.04575,0.60078,0.0,3.14159,0.0,0,0,0.5174,0.4826
0.37563,0.70686,0.77009,1.34082,0.93872,3.14159,0.0,0.0,0,1,0.5195,0.5195
1.22932,1.33518,0.50288,1.7921,2.4532,0.0,3.14159,0.0,0,1,0.5072,0.5072
2.45864,2.43473,0.15587,2.4126,1.48944,0.0,3.14159,0.0,0,1,0.5105,0.5105
1.84398,2.08131,0.43979,1.95699,1.32673,0.0,0.0,3.14159,0,0,0.5097,0.4903
2.49279,2.35619,1.09854,0.99368,0.37549,0.0,3.14159,0.0,0,1,0.5021,0.5021
0.10244,0.19635,0.74782,1.27573,1.01382,0.0,0.0,3.14159,0,1,0.5229,0.5229
0.54636,0.7854,0.45092,1.69663,1.50196,0.0,3.14159,0.0,0,1,0.5298,0.5298
0.54636,0.7854,0.52515,1.61419,0.0751,0.0,3.14159,0.0,0,1,0.5133,0.5133
1.60494,2.27765,0.89998,1.2063,1.60209,0.0,3.14159,0.0,0,0,0.5012,0.4988
1.19517,1.68861,0.66061,1.5491,2.3781,0.0,3.14159,0.0,0,1,0.5011,0.5011
1.87813,2.00277,0.41937,1.77474,0.63833,0.0,3.14159,0.0,0,0,0.5117,0.4883
1.02443,1.09956,0.73112,1.60551,1.31421,0.0,3.14159,0.0,0,1,0.5098,0.5098
1.74154,2.15984,0.31546,2.50807,0.22529,0.0,3.14159,0.0,0,0,0.502,0.498
2.93671,2.82743,0.46205,2.13923,2.36558,0.0,0.0,3.14159,0,1,0.5352,0.5352
2.35619,2.43473,0.77194,1.37119,2.00261,3.14159,0.0,0.0,0,1,0.5142,0.5142
1.05858,1.64934,1.00947,1.02406,0.26284,0.0,3.14159,0.0,0,0,0.5114,0.4886
0.61466,0.98175,0.45649,1.77908,1.70222,0.0,3.14159,0.0,0,1,0.5294,0.5294
0.92199,0.70686,0.38226,1.7921,2.07771,0.0,0.0,3.14159,0,1,0.5238,0.5238
0.7171,1.02102,0.68473,1.8919,0.22529,0.0,0.0,3.14159,0,1,0.5115,0.5115
0.99028,0.90321,0.66246,1.47533,0.73846,0.0,3.14159,0.0,0,1,0.503,0.503
2.62938,2.74889,0.33401,1.93529,1.50196,0.0,3.14159,0.0,0,1,0.5182,0.5182
