air_temperature_K,process_temperature_K,rotational_speed_rpm,torque_Nm,tool_wear_min,type_H,type_L,type_M,true_label,pred,confidence,proba_class1
300.7,310.5,1567.0,38.7,129.0,1.0,0.0,0.0,0,0,1.0,0.0
302.6,312.1,1519.0,38.1,178.0,0.0,1.0,0.0,0,0,1.0,0.0
298.9,308.2,1328.0,49.2,11.0,0.0,0.0,1.0,0,0,0.94,0.06
301.0,311.2,1394.0,41.3,16.0,0.0,0.0,1.0,0,0,1.0,0.0
298.4,309.4,1666.0,24.3,68.0,0.0,0.0,1.0,0,0,0.985,0.015
298.2,308.9,1414.0,44.3,68.0,0.0,0.0,1.0,0,0,1.0,0.0
299.2,308.4,1667.0,29.0,199.0,0.0,1.0,0.0,0,0,0.905,0.095
298.4,308.0,1416.0,38.2,198.0,0.0,0.0,1.0,1,0,1.0,0.0
298.0,307.9,1417.0,51.0,137.0,0.0,0.0,1.0,0,0,0.99,0.01
298.8,308.5,1446.0,37.0,11.0,0.0,1.0,0.0,0,0,1.0,0.0
300.7,311.1,2377.0,14.3,135.0,0.0,1.0,0.0,0,0,0.925,0.075
298.7,309.2,1410.0,45.6,47.0,0.0,0.0,1.0,0,0,1.0,0.0
298.2,308.8,1498.0,36.0,39.0,0.0,1.0,0.0,0,0,1.0,0.0
297.2,308.5,1574.0,35.8,95.0,0.0,1.0,0.0,0,0,1.0,0.0
300.7,310.6,1488.0,39.2,189.0,0.0,0.0,1.0,0,0,1.0,0.0
300.2,311.6,1415.0,55.8,82.0,0.0,0.0,1.0,0,0,0.98,0.02
303.5,312.0,1441.0,56.8,88.0,0.0,1.0,0.0,0,0,0.885,0.115
300.5,311.6,1528.0,42.4,163.0,0.0,1.0,0.0,0,0,1.0,0.0
298.9,310.3,1456.0,44.1,118.0,0.0,1.0,0.0,0,0,1.0,0.0
299.5,309.1,1476.0,47.8,223.0,0.0,1.0,0.0,0,0,0.615,0.385
296.3,307.4,1465.0,47.1,215.0,0.0,1.0,0.0,0,0,0.855,0.145
303.3,312.2,1457.0,40.7,48.0,0.0,1.0,0.0,0,0,0.995,0.005
297.4,308.3,1854.0,21.8,24.0,0.0,1.0,0.0,0,0,1.0,0.0
300.4,311.1,1397.0,50.8,189.0,0.0,1.0,0.0,0,0,0.895,0.105
298.7,309.6,1800.0,24.8,78.0,0.0,0.0,1.0,0,0,1.0,0.0
301.9,310.3,1485.0,46.3,24.0,0.0,1.0,0.0,0,0,0.96,0.04
303.5,312.7,1420.0,49.1,42.0,0.0,0.0,1.0,0,0,0.96,0.04
297.9,307.7,1492.0,43.7,59.0,0.0,1.0,0.0,0,0,1.0,0.0
298.6,309.5,1426.0,45.4,38.0,0.0,0.0,1.0,0,0,0.995,0.005
299.1,310.5,1329.0,54.9,58.0,0.0,1.0,0.0,0,0,0.985,0.015
297.1,307.8,1443.0,43.9,137.0,0.0,0.0,1.0,0,0,1.0,0.0
300.1,309.5,1450.0,40.1,100.0,0.0,1.0,0.0,0,0,1.0,0.0
300.8,311.0,1578.0,44.4,86.0,0.0,1.0,0.0,0,0,1.0,0.0
302.9,312.2,1340.0,57.8,90.0,0.0,1.0,0.0,0,1,0.555,0.555
299.9,310.1,1362.0,56.3,179.0,0.0,0.0,1.0,0,0,0.96,0.04
301.5,310.6,1481.0,46.8,20.0,0.0,1.0,0.0,0,0,1.0,0.0
300.0,309.1,1631.0,28.3,110.0,0.0,1.0,0.0,0,0,1.0,0.0
300.3,309.9,1527.0,41.4,2.0,0.0,1.0,0.0,0,0,1.0,0.0
298.9,309.6,1284.0,55.3,166.0,0.0,0.0,1.0,0,0,0.98,0.02
300.2,311.6,1606.0,31.0,199.0,0.0,1.0,0.0,0,0,1.0,0.0
299.8,309.6,1346.0,53.2,95.0,0.0,0.0,1.0,0,0,1.0,0.0
300.1,310.5,1492.0,50.9,111.0,0.0,1.0,0.0,0,0,1.0,0.0
304.2,313.4,1475.0,40.2,98.0,0.0,1.0,0.0,0,0,1.0,0.0
302.2,311.3,1758.0,26.4,4.0,1.0,0.0,0.0,0,0,0.995,0.005
297.5,308.9,1696.0,30.9,133.0,0.0,1.0,0.0,0,0,1.0,0.0
299.0,309.4,1693.0,30.1,84.0,0.0,1.0,0.0,0,0,1.0,0.0
298.2,308.8,1666.0,31.5,30.0,0.0,1.0,0.0,0,0,1.0,0.0
301.5,310.5,1538.0,44.3,43.0,1.0,0.0,0.0,0,0,0.995,0.005
300.2,311.6,1540.0,37.7,71.0,0.0,1.0,0.0,0,0,1.0,0.0
301.0,311.6,1454.0,40.0,140.0,0.0,0.0,1.0,0,0,1.0,0.0
301.4,310.5,1647.0,33.3,85.0,0.0,1.0,0.0,0,0,1.0,0.0
300.7,311.8,1407.0,42.4,224.0,0.0,0.0,1.0,0,0,0.825,0.175
296.8,308.0,1510.0,39.4,29.0,0.0,1.0,0.0,0,0,1.0,0.0
297.9,308.5,1305.0,47.2,155.0,0.0,1.0,0.0,0,0,0.985,0.015
298.3,308.4,1528.0,37.3,160.0,0.0,1.0,0.0,0,0,0.99,0.01
300.9,309.5,1469.0,43.4,126.0,1.0,0.0,0.0,0,0,1.0,0.0
298.9,310.0,1323.0,52.9,106.0,0.0,0.0,1.0,0,0,0.985,0.015
301.8,310.9,1346.0,44.6,142.0,0.0,0.0,1.0,0,0,0.705,0.295
300.9,312.6,1555.0,40.6,109.0,0.0,0.0,1.0,0,0,0.99,0.01
302.3,311.8,1879.0,23.0,124.0,0.0,0.0,1.0,0,0,1.0,0.0
300.5,310.6,1378.0,51.5,166.0,1.0,0.0,0.0,0,0,0.935,0.065
302.2,311.3,1475.0,48.6,104.0,0.0,1.0,0.0,0,0,1.0,0.0
302.7,312.0,1944.0,21.4,71.0,0.0,0.0,1.0,0,0,0.995,0.005
300.1,309.2,1421.0,42.5,61.0,0.0,1.0,0.0,0,0,0.995,0.005
297.1,308.1,1633.0,33.3,192.0,0.0,1.0,0.0,0,0,1.0,0.0
300.5,311.6,1509.0,47.2,202.0,0.0,1.0,0.0,0,0,0.97,0.03
302.2,311.2,1627.0,33.2,74.0,0.0,0.0,1.0,0,0,1.0,0.0
300.6,310.2,1318.0,51.0,8.0,0.0,1.0,0.0,0,0,0.955,0.045
303.4,311.5,1501.0,36.2,69.0,0.0,1.0,0.0,0,0,0.995,0.005
298.8,309.7,1453.0,47.7,101.0,0.0,0.0,1.0,0,0,0.985,0.015
297.5,308.0,1560.0,39.0,141.0,0.0,0.0,1.0,0,0,1.0,0.0
302.6,310.4,1415.0,52.1,12.0,0.0,1.0,0.0,0,0,0.9,0.1
300.5,310.5,1695.0,26.7,28.0,0.0,1.0,0.0,0,0,0.99,0.01
301.6,309.8,1588.0,33.9,89.0,0.0,1.0,0.0,0,0,0.985,0.015
297.5,308.8,1824.0,24.0,179.0,1.0,0.0,0.0,0,0,0.98,0.02
303.7,312.4,1546.0,33.7,149.0,0.0,0.0,1.0,0,0,1.0,0.0
303.7,312.4,1642.0,32.3,206.0,0.0,0.0,1.0,0,0,0.955,0.045
298.4,308.4,1479.0,39.2,58.0,1.0,0.0,0.0,0,0,1.0,0.0
300.6,309.8,1629.0,37.6,162.0,0.0,1.0,0.0,0,0,0.965,0.035
301.1,310.1,1457.0,39.6,215.0,0.0,1.0,0.0,0,0,0.925,0.075
297.7,308.2,1489.0,43.0,151.0,1.0,0.0,0.0,0,0,1.0,0.0
301.7,310.7,1493.0,51.1,87.0,0.0,1.0,0.0,0,0,0.995,0.005
300.6,310.0,1478.0,36.3,95.0,0.0,0.0,1.0,0,0,1.0,0.0
297.7,307.2,1518.0,35.8,195.0,0.0,1.0,0.0,0,0,0.995,0.005
299.7,309.1,1603.0,38.5,170.0,0.0,0.0,1.0,0,0,0.98,0.02
298.6,309.7,1925.0,22.1,7.0,0.0,1.0,0.0,0,0,0.995,0.005
298.4,308.7,1386.0,44.9,135.0,0.0,1.0,0.0,0,0,1.0,0.0
298.6,309.1,1537.0,35.7,198.0,0.0,1.0,0.0,0,0,0.99,0.01
300.7,311.0,1559.0,42.8,121.0,0.0,0.0,1.0,0,0,1.0,0.0
300.9,311.0,1567.0,34.3,130.0,0.0,0.0,1.0,0,0,1.0,0.0
303.8,313.2,1381.0,52.4,140.0,1.0,0.0,0.0,0,0,0.92,0.08
304.0,313.2,1615.0,37.8,127.0,0.0,1.0,0.0,0,0,0.99,0.01
303.8,313.1,2117.0,18.6,22.0,0.0,0.0,1.0,0,0,0.99,0.01
298.3,309.6,1546.0,36.2,177.0,1.0,0.0,0.0,0,0,0.995,0.005
300.9,312.4,1364.0,52.5,125.0,0.0,1.0,0.0,0,0,0.975,0.025
298.2,309.0,1410.0,47.6,76.0,0.0,0.0,1.0,0,0,0.995,0.005
298.0,307.7,1422.0,45.6,140.0,0.0,1.0,0.0,0,0,1.0,0.0
297.5,309.1,1515.0,35.1,213.0,0.0,1.0,0.0,0,0,0.89,0.11
303.9,312.7,1339.0,62.3,156.0,0.0,1.0,0.0,0,0,0.6,0.4
297.4,308.0,1440.0,42.4,190.0,0.0,0.0,1.0,0,0,1.0,0.0
300.2,309.6,1442.0,49.2,61.0,1.0,0.0,0.0,0,0,0.97,0.03
299.2,308.4,1386.0,54.1,26.0,0.0,1.0,0.0,0,0,0.995,0.005
301.7,309.9,1607.0,37.7,93.0,0.0,1.0,0.0,0,0,0.99,0.01
300.1,311.6,1433.0,51.4,76.0,0.0,0.0,1.0,0,0,1.0,0.0
301.5,310.5,1702.0,28.7,135.0,0.0,1.0,0.0,0,0,1.0,0.0
301.4,310.4,1559.0,39.4,199.0,0.0,1.0,0.0,0,0,0.995,0.005
300.3,309.9,1601.0,31.7,180.0,0.0,1.0,0.0,0,0,1.0,0.0
300.7,310.6,2006.0,19.1,102.0,0.0,0.0,1.0,0,0,0.93,0.07
302.0,310.6,1583.0,35.2,171.0,0.0,1.0,0.0,0,0,1.0,0.0
300.7,309.9,1383.0,44.5,176.0,0.0,1.0,0.0,0,0,1.0,0.0
302.4,311.0,1555.0,40.6,205.0,0.0,1.0,0.0,0,0,0.905,0.095
301.2,310.6,1811.0,24.0,84.0,0.0,1.0,0.0,0,0,1.0,0.0
303.5,311.6,1562.0,34.2,107.0,0.0,0.0,1.0,0,0,0.995,0.005
303.4,311.5,1424.0,50.8,128.0,0.0,1.0,0.0,0,0,0.98,0.02
300.5,311.8,1596.0,34.8,87.0,0.0,1.0,0.0,0,0,0.99,0.01
302.2,311.5,1616.0,34.0,19.0,0.0,1.0,0.0,0,0,1.0,0.0
297.5,309.4,1803.0,24.7,98.0,0.0,1.0,0.0,0,0,1.0,0.0
301.7,311.0,1298.0,58.1,168.0,0.0,0.0,1.0,0,0,0.78,0.22
300.7,311.0,1462.0,41.9,126.0,0.0,1.0,0.0,0,0,1.0,0.0
301.9,310.9,1483.0,37.0,35.0,0.0,0.0,1.0,0,0,0.995,0.005
303.8,313.1,1458.0,42.2,25.0,0.0,1.0,0.0,0,0,0.985,0.015
302.3,311.7,1341.0,46.3,194.0,0.0,0.0,1.0,0,1,0.585,0.585
299.1,310.3,1441.0,43.9,94.0,0.0,0.0,1.0,0,0,1.0,0.0
297.3,308.6,1505.0,33.5,14.0,0.0,1.0,0.0,0,0,1.0,0.0
300.5,309.9,1552.0,41.3,116.0,0.0,0.0,1.0,0,0,1.0,0.0
300.3,311.4,1526.0,38.5,101.0,0.0,1.0,0.0,0,0,1.0,0.0
298.3,308.9,1862.0,27.0,172.0,0.0,1.0,0.0,0,0,0.905,0.095
297.1,308.4,1432.0,53.4,199.0,0.0,0.0,1.0,0,0,0.975,0.025
301.8,310.0,1781.0,23.9,198.0,0.0,0.0,1.0,0,0,1.0,0.0
297.0,307.9,1493.0,34.7,57.0,0.0,0.0,1.0,0,0,1.0,0.0
301.3,310.4,1414.0,51.4,199.0,0.0,1.0,0.0,0,0,0.77,0.23
302.6,311.0,1542.0,39.7,141.0,0.0,0.0,1.0,0,0,1.0,0.0
298.6,309.7,1672.0,27.5,54.0,1.0,0.0,0.0,0,0,0.995,0.005
301.2,310.8,1461.0,40.6,47.0,0.0,1.0,0.0,0,0,1.0,0.0
299.8,309.4,1555.0,34.8,122.0,0.0,1.0,0.0,0,0,1.0,0.0
300.2,311.0,2370.0,14.7,144.0,0.0,0.0,1.0,0,0,0.945,0.055
301.3,310.8,1418.0,45.4,59.0,0.0,0.0,1.0,0,0,0.985,0.015
296.4,307.5,1549.0,36.1,58.0,0.0,1.0,0.0,0,0,1.0,0.0
298.7,308.5,1444.0,54.2,62.0,0.0,1.0,0.0,0,0,0.995,0.005
300.9,310.7,1485.0,41.0,181.0,0.0,0.0,1.0,0,0,1.0,0.0
298.1,309.3,1443.0,45.3,70.0,0.0,1.0,0.0,0,0,1.0,0.0
299.3,308.7,1420.0,50.3,208.0,0.0,0.0,1.0,0,0,0.87,0.13
300.7,311.8,1336.0,58.4,189.0,0.0,1.0,0.0,1,1,0.89,0.89
297.4,308.8,1473.0,46.2,167.0,0.0,1.0,0.0,0,0,1.0,0.0
299.6,310.8,1498.0,46.9,116.0,0.0,1.0,0.0,0,0,1.0,0.0
302.2,311.8,1618.0,36.0,158.0,0.0,1.0,0.0,0,0,1.0,0.0
300.5,310.6,1543.0,36.2,30.0,0.0,1.0,0.0,0,0,1.0,0.0
297.5,308.1,1631.0,30.6,146.0,0.0,1.0,0.0,0,0,1.0,0.0
299.5,309.1,1420.0,49.5,5.0,0.0,0.0,1.0,0,0,0.985,0.015
300.4,309.6,1614.0,30.3,161.0,0.0,0.0,1.0,0,0,0.99,0.01
298.1,308.7,1642.0,30.3,3.0,0.0,1.0,0.0,0,0,1.0,0.0
301.7,310.2,1435.0,48.1,12.0,0.0,1.0,0.0,0,0,0.92,0.08
302.3,311.5,1507.0,37.5,55.0,0.0,1.0,0.0,0,0,1.0,0.0
301.5,310.6,1490.0,48.1,81.0,0.0,1.0,0.0,0,0,1.0,0.0
302.4,311.1,1887.0,22.4,197.0,0.0,0.0,1.0,0,0,1.0,0.0
300.5,311.9,1403.0,45.7,54.0,0.0,1.0,0.0,0,0,0.995,0.005
302.3,311.4,1434.0,40.3,133.0,0.0,1.0,0.0,0,0,1.0,0.0
303.5,312.9,1618.0,30.4,130.0,0.0,0.0,1.0,0,0,1.0,0.0
295.6,306.0,1396.0,52.4,0.0,1.0,0.0,0.0,0,0,0.98,0.02
297.5,308.4,1489.0,39.5,96.0,0.0,1.0,0.0,0,0,1.0,0.0
298.9,310.1,1495.0,42.9,175.0,0.0,1.0,0.0,0,0,1.0,0.0
296.7,307.7,1502.0,43.9,84.0,0.0,1.0,0.0,0,0,1.0,0.0
303.1,312.7,1353.0,51.8,97.0,0.0,1.0,0.0,0,0,0.8,0.2
299.2,310.3,1463.0,38.9,160.0,0.0,1.0,0.0,0,0,1.0,0.0
301.3,310.6,1510.0,38.5,47.0,0.0,1.0,0.0,0,0,1.0,0.0
303.8,312.9,1442.0,48.3,52.0,0.0,1.0,0.0,0,0,1.0,0.0
297.5,308.9,1443.0,43.5,0.0,0.0,1.0,0.0,0,0,0.97,0.03
298.0,309.9,1403.0,47.7,43.0,0.0,1.0,0.0,0,0,0.98,0.02
297.4,309.0,1497.0,41.8,144.0,0.0,0.0,1.0,0,0,1.0,0.0
304.1,313.3,1680.0,29.3,158.0,0.0,0.0,1.0,0,0,1.0,0.0
300.4,309.8,1421.0,47.2,0.0,0.0,0.0,1.0,0,0,0.945,0.055
300.7,311.2,1399.0,47.9,80.0,0.0,1.0,0.0,0,0,1.0,0.0
303.6,312.3,1451.0,43.4,119.0,0.0,1.0,0.0,0,0,1.0,0.0
303.4,312.8,1360.0,50.8,94.0,0.0,1.0,0.0,0,0,0.825,0.175
296.0,306.7,2044.0,22.3,48.0,0.0,0.0,1.0,0,0,1.0,0.0
300.6,309.4,1367.0,63.2,45.0,0.0,0.0,1.0,1,0,0.64,0.36
300.9,312.1,1462.0,46.0,166.0,0.0,1.0,0.0,0,0,1.0,0.0
300.3,309.5,1665.0,31.4,32.0,0.0,0.0,1.0,0,0,1.0,0.0
301.1,312.3,1534.0,39.0,129.0,0.0,1.0,0.0,0,0,0.995,0.005
299.2,308.5,1487.0,41.2,140.0,0.0,1.0,0.0,0,0,1.0,0.0
300.1,311.4,1430.0,40.9,93.0,0.0,1.0,0.0,0,0,0.995,0.005
300.0,309.6,1618.0,28.7,53.0,0.0,1.0,0.0,0,0,0.99,0.01
298.8,309.8,1911.0,21.6,126.0,1.0,0.0,0.0,0,0,0.995,0.005
300.7,311.9,1419.0,47.7,179.0,0.0,1.0,0.0,0,0,1.0,0.0
304.2,313.3,1464.0,45.9,48.0,0.0,1.0,0.0,0,0,1.0,0.0
302.9,312.4,1550.0,36.9,194.0,0.0,1.0,0.0,0,0,0.995,0.005
297.4,308.6,1439.0,51.9,188.0,0.0,1.0,0.0,0,0,0.955,0.045
298.0,307.8,1453.0,37.7,119.0,0.0,1.0,0.0,0,0,0.995,0.005
298.0,308.7,1479.0,58.5,176.0,0.0,0.0,1.0,1,0,0.93,0.07
299.1,310.6,1380.0,44.7,170.0,0.0,1.0,0.0,0,0,0.985,0.015
301.7,310.8,1594.0,32.4,204.0,0.0,0.0,1.0,0,0,0.965,0.035
301.7,310.7,1641.0,31.9,192.0,0.0,1.0,0.0,0,0,0.995,0.005
298.2,309.0,1780.0,29.3,91.0,0.0,1.0,0.0,0,0,1.0,0.0
296.4,307.5,1403.0,52.8,94.0,1.0,0.0,0.0,0,0,0.99,0.01
300.8,310.8,1689.0,32.9,151.0,0.0,1.0,0.0,0,0,1.0,0.0
300.6,310.2,1489.0,47.8,21.0,0.0,1.0,0.0,0,0,1.0,0.0
299.2,308.4,1436.0,41.8,28.0,0.0,1.0,0.0,0,0,1.0,0.0
301.9,310.8,1557.0,35.3,65.0,0.0,0.0,1.0,0,0,1.0,0.0
300.8,310.8,1461.0,41.3,53.0,0.0,0.0,1.0,0,0,1.0,0.0
303.4,312.2,1561.0,38.2,45.0,0.0,0.0,1.0,0,0,0.995,0.005
297.8,308.9,1282.0,58.1,108.0,0.0,1.0,0.0,0,0,0.955,0.045
302.6,310.2,1631.0,31.0,100.0,0.0,0.0,1.0,0,0,0.96,0.04
300.5,309.5,1320.0,49.9,59.0,0.0,0.0,1.0,0,0,0.995,0.005
299.2,308.4,1538.0,38.0,98.0,0.0,0.0,1.0,0,0,0.995,0.005
296.4,307.2,1748.0,25.3,144.0,0.0,1.0,0.0,0,0,1.0,0.0
300.6,310.1,1485.0,49.9,19.0,0.0,1.0,0.0,0,0,1.0,0.0
295.5,306.0,1326.0,50.8,18.0,0.0,0.0,1.0,0,0,0.925,0.075
301.5,310.6,1578.0,34.1,120.0,0.0,1.0,0.0,0,0,1.0,0.0
303.3,311.4,1692.0,27.9,55.0,1.0,0.0,0.0,0,0,0.995,0.005
304.2,313.8,1481.0,44.9,136.0,0.0,0.0,1.0,0,0,1.0,0.0
302.8,312.4,1590.0,34.4,64.0,0.0,1.0,0.0,0,0,1.0,0.0
297.4,309.0,1685.0,30.7,177.0,0.0,0.0,1.0,0,0,0.98,0.02
298.0,308.1,1403.0,44.8,148.0,0.0,0.0,1.0,0,0,1.0,0.0
298.3,309.1,1472.0,40.1,31.0,0.0,1.0,0.0,0,0,1.0,0.0
301.0,311.5,1530.0,43.9,165.0,0.0,0.0,1.0,0,0,1.0,0.0
298.6,309.1,1487.0,43.2,206.0,0.0,0.0,1.0,0,0,1.0,0.0
303.4,312.3,1663.0,33.9,78.0,0.0,1.0,0.0,0,0,0.965,0.035
297.5,308.8,1360.0,50.7,190.0,0.0,1.0,0.0,0,0,0.885,0.115
301.9,309.8,1507.0,44.7,131.0,0.0,1.0,0.0,0,0,0.98,0.02
295.7,306.1,1408.0,47.9,117.0,0.0,1.0,0.0,0,0,1.0,0.0
296.8,308.0,1497.0,41.7,231.0,0.0,1.0,0.0,0,0,0.84,0.16
300.7,310.2,1348.0,54.8,50.0,0.0,1.0,0.0,0,0,0.935,0.065
298.0,307.8,1839.0,22.7,79.0,0.0,1.0,0.0,0,0,1.0,0.0
303.9,313.1,1310.0,62.9,130.0,0.0,1.0,0.0,0,0,0.79,0.21
299.3,308.5,1304.0,60.6,8.0,0.0,0.0,1.0,0,0,0.9,0.1
303.7,312.4,1474.0,38.8,139.0,0.0,0.0,1.0,0,0,1.0,0.0
297.8,308.3,1498.0,47.3,160.0,0.0,1.0,0.0,0,0,1.0,0.0
302.3,311.8,1475.0,42.8,38.0,1.0,0.0,0.0,0,0,1.0,0.0
300.7,311.1,1478.0,46.8,165.0,0.0,1.0,0.0,0,0,1.0,0.0
298.6,310.0,1517.0,39.0,4.0,0.0,1.0,0.0,0,0,1.0,0.0
297.4,308.4,1571.0,39.4,0.0,0.0,1.0,0.0,0,0,0.995,0.005
300.7,310.7,1442.0,43.2,49.0,0.0,1.0,0.0,0,0,1.0,0.0
300.4,309.4,1487.0,38.9,185.0,1.0,0.0,0.0,0,0,1.0,0.0
300.2,310.1,1485.0,40.5,188.0,0.0,0.0,1.0,0,0,1.0,0.0
297.3,308.3,1590.0,35.5,59.0,0.0,1.0,0.0,0,0,1.0,0.0
300.7,312.3,1577.0,33.2,100.0,0.0,1.0,0.0,0,0,1.0,0.0
301.7,310.1,1462.0,38.3,49.0,1.0,0.0,0.0,0,0,1.0,0.0
300.7,309.6,1525.0,36.5,71.0,0.0,0.0,1.0,0,0,1.0,0.0
303.5,312.8,1877.0,22.3,96.0,0.0,1.0,0.0,0,0,1.0,0.0
301.3,310.8,1531.0,53.4,57.0,0.0,1.0,0.0,0,0,0.985,0.015
300.9,310.8,1390.0,40.6,131.0,1.0,0.0,0.0,0,0,1.0,0.0
297.3,308.3,1544.0,41.7,6.0,0.0,0.0,1.0,0,0,1.0,0.0
299.4,309.1,1670.0,35.9,68.0,0.0,1.0,0.0,0,0,1.0,0.0
300.8,310.3,1458.0,43.4,0.0,0.0,0.0,1.0,0,0,1.0,0.0
302.3,311.4,1372.0,46.0,86.0,1.0,0.0,0.0,0,0,0.57,0.43
303.9,312.7,1401.0,50.0,129.0,1.0,0.0,0.0,0,0,1.0,0.0
301.8,310.6,1459.0,40.2,128.0,0.0,0.0,1.0,0,0,1.0,0.0
302.4,311.0,1462.0,48.5,81.0,0.0,1.0,0.0,0,0,1.0,0.0
300.4,309.8,1409.0,47.5,138.0,1.0,0.0,0.0,0,0,0.96,0.04
299.8,309.7,1910.0,21.8,141.0,0.0,0.0,1.0,0,0,0.995,0.005
304.3,313.5,2245.0,15.1,172.0,0.0,0.0,1.0,0,0,0.99,0.01
299.2,308.5,1474.0,47.2,132.0,0.0,0.0,1.0,0,0,0.995,0.005
300.6,309.6,1411.0,41.6,140.0,0.0,1.0,0.0,0,0,1.0,0.0
302.6,311.9,1354.0,48.0,67.0,0.0,1.0,0.0,0,1,0.585,0.585
300.9,310.5,2288.0,16.1,85.0,0.0,1.0,0.0,0,0,0.895,0.105
297.5,308.5,1340.0,57.4,143.0,0.0,1.0,0.0,0,0,0.99,0.01
298.9,310.6,1406.0,43.8,12.0,0.0,1.0,0.0,0,0,1.0,0.0
298.9,309.9,1404.0,39.8,62.0,0.0,1.0,0.0,0,0,0.99,0.01
301.3,310.7,1819.0,25.5,46.0,0.0,0.0,1.0,0,0,0.995,0.005
302.2,311.2,1649.0,33.2,9.0,0.0,1.0,0.0,0,0,1.0,0.0
300.7,309.5,1692.0,30.3,64.0,0.0,1.0,0.0,0,0,0.995,0.005
301.3,311.2,1675.0,32.1,12.0,0.0,1.0,0.0,0,0,1.0,0.0
298.8,309.8,1753.0,27.5,130.0,0.0,1.0,0.0,0,0,0.975,0.025
302.2,311.4,1754.0,26.9,33.0,0.0,1.0,0.0,0,0,1.0,0.0
302.6,312.1,1445.0,42.0,181.0,0.0,0.0,1.0,0,0,0.995,0.005
300.0,309.1,1791.0,28.2,108.0,0.0,1.0,0.0,0,0,1.0,0.0
299.1,308.5,1676.0,31.0,69.0,0.0,1.0,0.0,0,0,1.0,0.0
299.2,310.7,1535.0,42.6,17.0,0.0,1.0,0.0,0,0,1.0,0.0
300.8,310.4,1450.0,39.4,62.0,0.0,0.0,1.0,0,0,1.0,0.0
299.6,309.0,1648.0,33.6,70.0,0.0,1.0,0.0,0,0,1.0,0.0
301.4,310.8,1543.0,36.9,97.0,0.0,1.0,0.0,0,0,1.0,0.0
300.6,310.6,1427.0,52.8,75.0,0.0,0.0,1.0,0,0,1.0,0.0
297.5,309.1,1540.0,38.5,176.0,0.0,0.0,1.0,0,0,1.0,0.0
298.1,309.3,1332.0,51.0,72.0,1.0,0.0,0.0,0,0,1.0,0.0
301.7,310.8,1502.0,34.4,157.0,0.0,0.0,1.0,0,0,1.0,0.0
301.3,310.6,1481.0,40.9,57.0,0.0,1.0,0.0,0,0,1.0,0.0
299.4,309.1,1645.0,28.6,57.0,0.0,1.0,0.0,0,0,1.0,0.0
303.9,313.0,1759.0,28.4,74.0,0.0,1.0,0.0,0,0,1.0,0.0
299.3,308.4,1406.0,47.4,3.0,0.0,1.0,0.0,0,0,1.0,0.0
298.8,308.6,1680.0,29.4,95.0,0.0,1.0,0.0,0,0,1.0,0.0
299.8,309.0,1467.0,37.3,193.0,1.0,0.0,0.0,0,0,0.99,0.01
302.4,312.1,1455.0,40.4,28.0,0.0,1.0,0.0,0,0,1.0,0.0
301.1,310.6,1410.0,43.9,73.0,0.0,0.0,1.0,0,0,1.0,0.0
302.4,310.2,1351.0,45.1,168.0,0.0,1.0,0.0,1,1,0.875,0.875
300.7,310.2,1877.0,24.8,64.0,1.0,0.0,0.0,0,0,1.0,0.0
300.9,311.5,1836.0,21.8,12.0,0.0,0.0,1.0,0,0,1.0,0.0
303.7,312.2,1487.0,34.0,94.0,0.0,1.0,0.0,0,0,1.0,0.0
301.7,310.8,1385.0,50.7,133.0,0.0,1.0,0.0,0,0,0.97,0.03
296.8,307.5,1516.0,36.7,135.0,0.0,0.0,1.0,0,0,1.0,0.0
303.8,312.9,1589.0,37.2,203.0,0.0,1.0,0.0,0,0,0.98,0.02
297.2,308.3,1431.0,43.7,46.0,0.0,0.0,1.0,0,0,0.995,0.005
298.2,308.9,1367.0,45.0,85.0,0.0,1.0,0.0,0,0,1.0,0.0
296.2,307.1,1444.0,46.7,194.0,0.0,1.0,0.0,0,0,0.995,0.005
300.2,311.8,1379.0,51.0,46.0,0.0,1.0,0.0,0,0,0.93,0.07
300.3,311.7,1635.0,31.8,156.0,0.0,1.0,0.0,0,0,1.0,0.0
302.2,311.5,1725.0,34.0,170.0,0.0,1.0,0.0,0,0,1.0,0.0
300.2,309.8,1430.0,55.0,102.0,0.0,1.0,0.0,0,0,0.98,0.02
297.7,309.0,1538.0,43.2,30.0,0.0,1.0,0.0,0,0,1.0,0.0
299.5,310.9,1577.0,34.6,159.0,0.0,0.0,1.0,0,0,1.0,0.0
297.4,308.1,1620.0,31.2,143.0,0.0,0.0,1.0,0,0,1.0,0.0
300.5,309.7,1341.0,50.9,137.0,0.0,0.0,1.0,0,0,0.99,0.01
302.9,312.1,1334.0,54.7,88.0,0.0,1.0,0.0,0,1,0.62,0.62
301.4,310.9,1557.0,39.3,174.0,0.0,0.0,1.0,0,0,1.0,0.0
299.5,310.7,1589.0,33.5,5.0,0.0,1.0,0.0,0,0,1.0,0.0
299.1,308.3,1431.0,52.3,38.0,0.0,1.0,0.0,0,0,0.965,0.035
299.3,309.0,1447.0,50.4,140.0,0.0,1.0,0.0,0,0,0.99,0.01
300.9,312.0,1375.0,56.1,182.0,0.0,0.0,1.0,0,0,0.93,0.07
299.3,309.1,1600.0,35.3,52.0,0.0,0.0,1.0,0,0,0.995,0.005
297.2,308.4,1460.0,42.1,41.0,0.0,1.0,0.0,0,0,1.0,0.0
302.3,310.9,1459.0,35.0,32.0,0.0,1.0,0.0,0,0,1.0,0.0
298.6,309.8,1544.0,30.2,113.0,0.0,1.0,0.0,0,0,0.995,0.005
301.2,310.7,1543.0,32.9,40.0,0.0,0.0,1.0,0,0,1.0,0.0
302.5,311.9,1437.0,46.7,65.0,0.0,1.0,0.0,0,0,1.0,0.0
298.5,308.7,1450.0,43.9,28.0,1.0,0.0,0.0,0,0,0.995,0.005
300.8,310.7,1924.0,22.4,36.0,0.0,0.0,1.0,0,0,1.0,0.0
303.4,311.5,1483.0,43.0,117.0,0.0,0.0,1.0,0,0,0.99,0.01
300.7,310.3,1369.0,50.7,12.0,1.0,0.0,0.0,0,0,0.945,0.055
299.1,310.5,1532.0,36.6,62.0,0.0,1.0,0.0,0,0,0.995,0.005
302.1,310.6,1326.0,59.1,88.0,0.0,0.0,1.0,1,0,0.54,0.46
298.7,309.2,1423.0,48.9,187.0,0.0,0.0,1.0,0,0,0.99,0.01
300.6,309.4,1541.0,35.2,105.0,0.0,0.0,1.0,0,0,1.0,0.0
302.9,312.4,2030.0,19.1,192.0,0.0,1.0,0.0,0,0,0.995,0.005
298.3,309.5,1542.0,36.7,134.0,0.0,1.0,0.0,0,0,1.0,0.0
302.6,312.1,1502.0,47.3,171.0,0.0,1.0,0.0,0,0,0.98,0.02
296.6,307.4,1368.0,45.1,185.0,0.0,1.0,0.0,0,0,0.99,0.01
297.4,308.2,1533.0,37.4,115.0,0.0,1.0,0.0,0,0,1.0,0.0
301.9,311.0,1384.0,47.4,121.0,0.0,0.0,1.0,0,0,0.79,0.21
301.8,310.5,1548.0,34.1,93.0,0.0,1.0,0.0,0,0,1.0,0.0
301.4,310.5,1380.0,48.4,131.0,0.0,1.0,0.0,0,0,0.98,0.02
299.3,310.9,1669.0,32.4,5.0,0.0,1.0,0.0,0,0,1.0,0.0
303.5,311.8,1944.0,23.5,159.0,0.0,1.0,0.0,0,0,1.0,0.0
297.2,308.3,1693.0,28.0,188.0,0.0,1.0,0.0,0,0,0.995,0.005
303.8,313.3,1406.0,52.1,166.0,0.0,1.0,0.0,0,0,0.97,0.03
298.1,308.8,1628.0,37.6,12.0,0.0,0.0,1.0,0,0,1.0,0.0
297.1,307.9,1456.0,50.0,166.0,0.0,1.0,0.0,0,0,0.995,0.005
300.3,310.6,1806.0,24.4,88.0,0.0,1.0,0.0,0,0,0.995,0.005
298.2,309.0,1601.0,35.8,43.0,0.0,1.0,0.0,0,0,1.0,0.0
300.6,310.7,1438.0,48.5,78.0,0.0,1.0,0.0,1,0,1.0,0.0
299.1,310.2,1317.0,54.8,231.0,0.0,1.0,0.0,1,1,0.825,0.825
299.9,309.6,1294.0,49.7,126.0,0.0,1.0,0.0,0,0,0.985,0.015
299.3,308.6,1474.0,49.6,191.0,0.0,1.0,0.0,0,0,0.96,0.04
300.6,310.3,1648.0,30.5,217.0,0.0,1.0,0.0,1,0,0.93,0.07
300.9,311.4,1434.0,45.4,118.0,0.0,0.0,1.0,0,0,0.995,0.005
300.7,309.5,2007.0,19.7,2.0,1.0,0.0,0.0,0,0,0.97,0.03
299.4,308.7,1289.0,60.5,104.0,0.0,0.0,1.0,0,0,0.83,0.17
299.4,309.1,2421.0,14.2,57.0,0.0,1.0,0.0,0,0,0.93,0.07
297.8,308.8,1548.0,36.9,64.0,0.0,1.0,0.0,0,0,1.0,0.0
299.8,309.3,1291.0,56.4,188.0,0.0,1.0,0.0,0,0,0.695,0.305
300.7,310.6,1349.0,54.5,19.0,0.0,0.0,1.0,0,0,0.98,0.02
299.2,308.6,1367.0,47.6,168.0,0.0,0.0,1.0,0,0,0.985,0.015
297.0,307.7,1261.0,51.1,130.0,0.0,0.0,1.0,0,0,0.915,0.085
302.5,310.3,1551.0,37.3,168.0,0.0,1.0,0.0,0,0,0.99,0.01
301.7,311.3,1421.0,45.9,85.0,0.0,1.0,0.0,0,0,0.955,0.045
298.2,308.2,1478.0,50.1,166.0,0.0,1.0,0.0,0,0,1.0,0.0
298.4,307.9,1981.0,23.2,16.0,0.0,1.0,0.0,0,0,0.99,0.01
301.3,310.6,1556.0,39.0,72.0,0.0,1.0,0.0,0,0,1.0,0.0
303.5,311.6,1361.0,46.5,62.0,0.0,1.0,0.0,1,1,0.895,0.895
298.9,310.1,1341.0,54.5,51.0,0.0,1.0,0.0,0,0,0.95,0.05
300.4,309.7,1584.0,32.6,71.0,0.0,1.0,0.0,0,0,1.0,0.0
299.0,310.1,1886.0,21.2,13.0,0.0,1.0,0.0,0,0,1.0,0.0
298.9,309.7,1407.0,48.6,161.0,1.0,0.0,0.0,0,0,0.97,0.03
297.6,308.6,1744.0,28.5,42.0,0.0,1.0,0.0,0,0,1.0,0.0
299.9,309.2,1548.0,35.7,97.0,0.0,0.0,1.0,0,0,0.995,0.005
297.5,308.6,1440.0,38.8,29.0,0.0,0.0,1.0,0,0,1.0,0.0
300.7,310.5,1536.0,47.4,192.0,0.0,1.0,0.0,0,0,0.995,0.005
301.8,311.5,1443.0,43.3,134.0,0.0,1.0,0.0,0,0,0.98,0.02
299.0,310.0,1582.0,31.9,51.0,0.0,1.0,0.0,0,0,1.0,0.0
300.7,310.8,1814.0,21.4,59.0,0.0,1.0,0.0,0,0,1.0,0.0
298.7,309.9,1593.0,42.5,146.0,0.0,1.0,0.0,0,0,1.0,0.0
298.2,307.8,1627.0,31.5,64.0,0.0,1.0,0.0,0,0,1.0,0.0
298.5,309.4,1522.0,47.4,20.0,0.0,0.0,1.0,0,0,1.0,0.0
302.1,311.2,1369.0,50.8,164.0,0.0,1.0,0.0,0,0,0.655,0.345
302.0,310.4,1448.0,43.4,167.0,0.0,1.0,0.0,0,0,1.0,0.0
301.4,310.7,1590.0,36.3,43.0,0.0,1.0,0.0,0,0,1.0,0.0
296.9,308.0,1416.0,46.9,105.0,1.0,0.0,0.0,0,0,1.0,0.0
301.3,310.3,1313.0,55.6,127.0,0.0,1.0,0.0,0,0,0.86,0.14
303.3,311.4,1497.0,46.0,234.0,0.0,1.0,0.0,1,0,0.55,0.45
297.5,308.5,1662.0,30.3,26.0,0.0,0.0,1.0,0,0,0.995,0.005
297.4,308.4,1441.0,46.8,116.0,0.0,0.0,1.0,0,0,1.0,0.0
300.4,309.8,1435.0,43.6,203.0,0.0,0.0,1.0,0,0,0.895,0.105
296.3,307.3,1372.0,57.7,33.0,0.0,1.0,0.0,0,0,0.975,0.025
297.8,307.2,1880.0,23.0,176.0,0.0,1.0,0.0,0,0,0.985,0.015
298.1,308.2,1420.0,63.9,19.0,0.0,0.0,1.0,1,1,0.605,0.605
297.5,308.4,1587.0,36.1,98.0,1.0,0.0,0.0,0,0,1.0,0.0
299.7,309.3,1445.0,42.6,0.0,0.0,1.0,0.0,0,0,1.0,0.0
298.4,308.7,1588.0,35.0,99.0,0.0,1.0,0.0,0,0,1.0,0.0
300.3,311.6,1801.0,23.6,97.0,1.0,0.0,0.0,0,0,0.99,0.01
302.3,311.8,1559.0,34.4,191.0,0.0,0.0,1.0,0,0,0.96,0.04
302.0,310.9,1564.0,39.0,15.0,0.0,1.0,0.0,0,0,0.99,0.01
301.8,310.9,1609.0,31.7,202.0,0.0,1.0,0.0,0,0,0.96,0.04
302.7,310.6,1349.0,51.2,6.0,0.0,0.0,1.0,1,1,0.705,0.705
298.9,309.0,1812.0,25.9,174.0,0.0,0.0,1.0,0,0,0.995,0.005
297.7,308.4,1289.0,51.3,82.0,0.0,1.0,0.0,0,0,0.99,0.01
299.0,310.1,1487.0,47.5,123.0,0.0,0.0,1.0,0,0,1.0,0.0
302.5,310.4,1967.0,20.3,50.0,0.0,1.0,0.0,0,0,1.0,0.0
300.8,310.8,1741.0,27.1,39.0,0.0,1.0,0.0,0,0,1.0,0.0
303.4,312.1,1499.0,39.4,197.0,0.0,0.0,1.0,0,0,0.955,0.045
300.9,310.9,1749.0,26.4,40.0,0.0,1.0,0.0,0,0,1.0,0.0
300.1,311.3,1305.0,64.7,66.0,0.0,1.0,0.0,0,0,0.615,0.385
297.2,308.8,1451.0,43.1,68.0,0.0,1.0,0.0,0,0,1.0,0.0
301.1,311.2,1564.0,37.0,165.0,0.0,1.0,0.0,0,0,1.0,0.0
301.4,310.8,1490.0,38.0,168.0,0.0,1.0,0.0,0,0,1.0,0.0
303.6,312.5,1431.0,49.0,162.0,0.0,1.0,0.0,0,0,0.985,0.015
301.4,311.1,1469.0,36.9,133.0,0.0,1.0,0.0,0,0,1.0,0.0
301.8,310.8,1456.0,46.6,35.0,0.0,1.0,0.0,0,0,0.965,0.035
298.6,309.8,1842.0,20.1,142.0,0.0,1.0,0.0,0,0,0.99,0.01
300.0,309.3,1397.0,51.2,173.0,0.0,1.0,0.0,0,0,0.995,0.005
299.9,310.4,1408.0,38.4,144.0,0.0,1.0,0.0,0,0,1.0,0.0
301.7,310.1,1402.0,50.1,3.0,0.0,1.0,0.0,0,0,0.95,0.05
301.6,310.6,1553.0,38.9,0.0,0.0,0.0,1.0,0,0,1.0,0.0
295.6,306.1,1383.0,48.7,147.0,0.0,1.0,0.0,0,0,1.0,0.0
299.7,311.0,1827.0,25.4,194.0,0.0,1.0,0.0,0,0,0.985,0.015
300.5,311.4,1556.0,45.3,58.0,0.0,1.0,0.0,0,0,1.0,0.0
299.6,310.9,1658.0,28.0,76.0,0.0,1.0,0.0,0,0,0.995,0.005
303.9,313.1,1440.0,41.1,12.0,0.0,1.0,0.0,0,0,0.995,0.005
300.7,310.8,1486.0,37.1,186.0,0.0,1.0,0.0,0,0,1.0,0.0
300.1,309.6,1642.0,34.5,53.0,0.0,1.0,0.0,0,0,1.0,0.0
297.3,308.3,1550.0,37.0,54.0,0.0,1.0,0.0,0,0,1.0,0.0
302.3,311.8,1369.0,56.2,208.0,0.0,1.0,0.0,1,1,0.72,0.72
297.6,307.1,1496.0,39.2,12.0,0.0,1.0,0.0,0,0,1.0,0.0
299.7,309.1,1508.0,41.2,152.0,0.0,0.0,1.0,0,0,1.0,0.0
297.7,308.4,1288.0,49.5,91.0,1.0,0.0,0.0,0,0,0.995,0.005
297.6,308.6,1351.0,51.0,37.0,0.0,1.0,0.0,0,0,1.0,0.0
298.1,307.7,1523.0,37.7,80.0,0.0,1.0,0.0,0,0,1.0,0.0
297.1,308.5,1425.0,40.0,35.0,0.0,1.0,0.0,0,0,1.0,0.0
297.3,308.4,1469.0,46.7,65.0,0.0,1.0,0.0,0,0,1.0,0.0
304.2,313.6,1424.0,43.7,151.0,0.0,0.0,1.0,0,0,1.0,0.0
300.6,309.7,1470.0,43.8,18.0,1.0,0.0,0.0,0,0,1.0,0.0
297.8,308.4,1374.0,47.1,150.0,0.0,1.0,0.0,0,0,1.0,0.0
300.5,310.2,1386.0,48.2,225.0,0.0,0.0,1.0,0,0,0.81,0.19
298.5,309.2,1449.0,46.4,83.0,0.0,0.0,1.0,0,0,1.0,0.0
298.8,310.0,1486.0,38.5,55.0,0.0,0.0,1.0,0,0,1.0,0.0
297.8,307.2,1498.0,38.1,188.0,0.0,1.0,0.0,0,0,1.0,0.0
297.7,307.3,1249.0,62.8,47.0,1.0,0.0,0.0,0,0,0.8,0.2
298.0,309.2,1527.0,32.4,99.0,0.0,1.0,0.0,0,0,1.0,0.0
298.0,309.2,1438.0,42.9,101.0,0.0,0.0,1.0,0,0,1.0,0.0
300.6,309.8,1541.0,36.2,166.0,1.0,0.0,0.0,0,0,0.995,0.005
300.6,311.7,1389.0,52.1,210.0,0.0,0.0,1.0,0,0,0.73,0.27
299.2,308.5,1438.0,46.6,63.0,0.0,1.0,0.0,0,0,1.0,0.0
297.5,308.8,1455.0,46.1,147.0,0.0,0.0,1.0,0,0,1.0,0.0
302.2,310.8,1827.0,23.8,9.0,0.0,1.0,0.0,0,0,1.0,0.0
297.3,308.6,1431.0,53.0,160.0,0.0,0.0,1.0,0,0,0.99,0.01
296.4,307.5,1331.0,47.8,99.0,0.0,1.0,0.0,0,0,0.995,0.005
301.8,310.7,1547.0,41.7,72.0,0.0,1.0,0.0,0,0,0.995,0.005
303.4,312.2,1554.0,36.8,85.0,1.0,0.0,0.0,0,0,0.995,0.005
301.0,312.3,1550.0,34.9,111.0,0.0,1.0,0.0,0,0,1.0,0.0
302.7,311.0,1694.0,29.8,150.0,0.0,1.0,0.0,0,0,1.0,0.0
302.0,311.5,1366.0,52.3,54.0,0.0,0.0,1.0,0,0,0.575,0.425
302.0,311.0,1566.0,37.8,218.0,0.0,1.0,0.0,0,1,0.805,0.805
300.6,310.2,1478.0,40.1,5.0,0.0,0.0,1.0,0,0,1.0,0.0
297.3,307.9,1461.0,37.5,161.0,1.0,0.0,0.0,0,0,0.995,0.005
302.4,310.2,1485.0,45.9,50.0,0.0,0.0,1.0,0,0,0.97,0.03
300.2,309.8,1398.0,54.8,39.0,0.0,1.0,0.0,0,0,0.99,0.01
302.3,311.9,1374.0,52.4,154.0,1.0,0.0,0.0,0,1,0.595,0.595
297.1,308.6,1717.0,31.3,61.0,0.0,0.0,1.0,0,0,1.0,0.0
302.7,312.5,1417.0,51.5,19.0,0.0,0.0,1.0,0,0,0.87,0.13
300.6,310.9,1472.0,47.6,75.0,0.0,1.0,0.0,0,0,1.0,0.0
300.1,309.7,1601.0,35.8,160.0,0.0,1.0,0.0,0,0,1.0,0.0
298.2,308.2,1446.0,38.2,61.0,0.0,1.0,0.0,0,0,1.0,0.0
299.8,310.9,1545.0,40.7,166.0,0.0,1.0,0.0,0,0,1.0,0.0
302.3,310.9,1523.0,43.2,210.0,0.0,0.0,1.0,0,0,0.87,0.13
299.1,308.9,1467.0,47.2,218.0,0.0,1.0,0.0,0,0,0.84,0.16
301.8,309.6,1432.0,43.7,138.0,0.0,1.0,0.0,0,0,0.96,0.04
301.8,310.7,1461.0,44.2,49.0,0.0,1.0,0.0,0,0,0.995,0.005
298.6,309.8,1597.0,35.9,213.0,0.0,1.0,0.0,0,0,0.92,0.08
301.3,310.3,1460.0,41.5,197.0,0.0,1.0,0.0,0,0,1.0,0.0
299.3,308.7,1802.0,26.0,130.0,0.0,1.0,0.0,0,0,1.0,0.0
303.0,311.2,1800.0,23.7,61.0,0.0,1.0,0.0,0,0,1.0,0.0
299.5,309.4,1563.0,41.5,183.0,0.0,1.0,0.0,0,0,0.995,0.005
299.2,308.8,1542.0,39.2,179.0,0.0,1.0,0.0,0,0,1.0,0.0
299.0,310.1,1623.0,33.0,210.0,0.0,1.0,0.0,0,0,0.98,0.02
300.5,310.0,1580.0,37.0,181.0,0.0,0.0,1.0,0,0,1.0,0.0
300.6,309.6,1409.0,42.4,57.0,0.0,1.0,0.0,0,0,1.0,0.0
300.4,310.6,1545.0,35.6,16.0,0.0,0.0,1.0,0,0,1.0,0.0
301.8,310.3,1688.0,28.8,31.0,0.0,1.0,0.0,0,0,0.995,0.005
300.7,309.6,1541.0,34.6,131.0,0.0,1.0,0.0,0,0,1.0,0.0
299.0,308.6,1466.0,46.4,112.0,0.0,1.0,0.0,0,0,1.0,0.0
298.2,308.7,1408.0,46.3,3.0,0.0,1.0,0.0,0,0,0.985,0.015
297.2,308.3,1794.0,27.5,38.0,0.0,0.0,1.0,0,0,1.0,0.0
302.4,310.1,1426.0,46.8,95.0,0.0,1.0,0.0,0,0,0.96,0.04
300.9,310.9,1755.0,27.9,148.0,0.0,1.0,0.0,0,0,0.97,0.03
300.3,309.9,1394.0,46.7,210.0,1.0,0.0,0.0,1,0,0.835,0.165
302.8,312.3,1494.0,37.5,198.0,0.0,1.0,0.0,0,0,0.985,0.015
301.8,311.2,1840.0,26.6,202.0,0.0,1.0,0.0,0,0,0.97,0.03
300.1,309.2,1783.0,27.3,118.0,0.0,1.0,0.0,0,0,0.985,0.015
300.7,309.5,1685.0,31.1,27.0,0.0,1.0,0.0,0,0,0.995,0.005
297.4,308.4,1573.0,34.5,205.0,0.0,1.0,0.0,0,0,0.95,0.05
297.9,309.7,2194.0,16.8,27.0,0.0,1.0,0.0,0,0,0.96,0.04
297.8,307.8,1452.0,39.8,21.0,0.0,1.0,0.0,0,0,1.0,0.0
299.3,309.2,1465.0,41.5,127.0,0.0,1.0,0.0,0,0,1.0,0.0
302.5,310.2,1563.0,34.8,150.0,0.0,1.0,0.0,0,0,1.0,0.0
302.5,311.9,1298.0,57.5,57.0,0.0,0.0,1.0,0,0,0.715,0.285
298.4,308.2,1584.0,41.0,191.0,0.0,0.0,1.0,0,0,0.99,0.01
296.6,307.6,1809.0,25.1,86.0,0.0,1.0,0.0,0,0,1.0,0.0
300.1,309.2,1418.0,39.8,221.0,0.0,0.0,1.0,0,0,0.965,0.035
297.5,308.2,1419.0,48.5,108.0,0.0,1.0,0.0,0,0,1.0,0.0
300.8,312.6,1376.0,53.6,119.0,0.0,1.0,0.0,0,0,0.95,0.05
297.9,309.0,1583.0,36.7,104.0,0.0,1.0,0.0,0,0,1.0,0.0
300.6,311.9,1425.0,44.9,224.0,0.0,1.0,0.0,0,0,0.79,0.21
300.4,311.4,1424.0,44.6,127.0,0.0,1.0,0.0,0,0,1.0,0.0
297.9,309.1,1521.0,36.1,15.0,0.0,1.0,0.0,0,0,1.0,0.0
300.5,310.5,1452.0,42.9,29.0,0.0,1.0,0.0,0,0,1.0,0.0
302.7,310.7,1369.0,47.5,11.0,0.0,1.0,0.0,1,1,0.725,0.725
297.0,307.9,1882.0,24.2,97.0,0.0,0.0,1.0,0,0,1.0,0.0
303.6,312.4,1388.0,41.9,221.0,0.0,1.0,0.0,0,0,0.865,0.135
298.2,308.3,1448.0,43.3,199.0,0.0,0.0,1.0,0,0,1.0,0.0
302.0,310.8,1454.0,36.6,0.0,0.0,1.0,0.0,0,0,1.0,0.0
296.9,307.5,2721.0,9.3,18.0,0.0,1.0,0.0,1,1,0.66,0.66
299.4,308.7,1487.0,52.6,205.0,0.0,0.0,1.0,0,0,0.88,0.12
301.1,312.3,1595.0,31.9,134.0,0.0,1.0,0.0,0,0,1.0,0.0
297.1,308.1,1352.0,44.4,0.0,0.0,0.0,1.0,0,0,0.965,0.035
298.8,309.6,1309.0,57.4,185.0,1.0,0.0,0.0,0,0,0.915,0.085
300.9,311.0,1499.0,38.0,111.0,0.0,1.0,0.0,0,0,1.0,0.0
298.7,309.2,1586.0,31.4,180.0,0.0,1.0,0.0,0,0,0.995,0.005
298.1,308.6,1439.0,44.9,205.0,0.0,1.0,0.0,0,0,0.93,0.07
296.2,307.2,1356.0,43.6,22.0,0.0,1.0,0.0,0,0,0.985,0.015
299.0,310.1,1705.0,30.1,84.0,0.0,0.0,1.0,0,0,1.0,0.0
300.4,310.1,1484.0,38.0,198.0,1.0,0.0,0.0,0,0,0.995,0.005
300.6,309.3,1510.0,46.0,87.0,0.0,0.0,1.0,0,0,1.0,0.0
298.0,308.6,1610.0,33.1,56.0,0.0,1.0,0.0,0,0,1.0,0.0
300.5,311.9,1710.0,28.4,158.0,0.0,1.0,0.0,0,0,0.91,0.09
303.7,312.9,1502.0,40.5,0.0,0.0,1.0,0.0,0,0,0.985,0.015
301.7,310.8,1559.0,44.5,135.0,0.0,1.0,0.0,0,0,0.99,0.01
299.4,310.8,1376.0,53.9,215.0,0.0,1.0,0.0,1,1,0.845,0.845
300.5,310.6,1621.0,32.0,184.0,0.0,0.0,1.0,0,0,1.0,0.0
303.8,313.0,1427.0,43.0,0.0,0.0,1.0,0.0,0,0,0.975,0.025
300.7,310.9,1535.0,37.1,113.0,0.0,1.0,0.0,0,0,1.0,0.0
300.4,311.4,1936.0,23.9,131.0,0.0,1.0,0.0,0,0,1.0,0.0
301.9,310.5,1477.0,42.4,128.0,0.0,1.0,0.0,0,0,1.0,0.0
303.5,312.5,1380.0,46.1,166.0,0.0,1.0,0.0,0,0,0.92,0.08
298.7,310.1,1644.0,34.1,46.0,0.0,0.0,1.0,0,0,1.0,0.0
303.3,311.8,1548.0,33.5,75.0,0.0,0.0,1.0,0,0,1.0,0.0
299.6,310.7,1922.0,23.3,205.0,0.0,1.0,0.0,1,0,0.875,0.125
303.6,312.8,1701.0,30.8,12.0,0.0,1.0,0.0,0,0,0.995,0.005
299.9,309.1,1345.0,56.8,10.0,0.0,0.0,1.0,0,0,0.99,0.01
299.0,308.7,1537.0,42.8,202.0,0.0,1.0,0.0,0,0,0.985,0.015
296.8,308.1,1492.0,43.7,222.0,1.0,0.0,0.0,0,0,0.925,0.075
303.7,312.7,1532.0,42.7,194.0,0.0,0.0,1.0,0,0,0.97,0.03
303.0,311.3,1365.0,56.2,146.0,0.0,1.0,0.0,1,1,0.68,0.68
299.0,308.8,1382.0,58.5,199.0,1.0,0.0,0.0,0,0,0.665,0.335
300.0,311.3,1407.0,47.3,208.0,0.0,1.0,0.0,0,0,0.8,0.2
298.4,309.1,1525.0,39.3,86.0,0.0,0.0,1.0,0,0,0.99,0.01
300.1,309.3,1340.0,56.0,130.0,0.0,1.0,0.0,0,0,0.975,0.025
296.2,307.2,1382.0,52.0,201.0,0.0,1.0,0.0,0,0,0.725,0.275
296.6,307.6,1671.0,28.8,108.0,0.0,1.0,0.0,0,0,1.0,0.0
296.1,306.9,1541.0,32.6,33.0,1.0,0.0,0.0,0,0,1.0,0.0
300.6,309.5,1867.0,23.0,242.0,0.0,1.0,0.0,0,0,0.815,0.185
302.5,310.8,1577.0,36.9,158.0,0.0,1.0,0.0,0,0,1.0,0.0
300.6,310.4,1494.0,47.3,118.0,0.0,1.0,0.0,0,0,0.995,0.005
301.4,310.4,1543.0,40.9,190.0,0.0,1.0,0.0,0,0,1.0,0.0
300.8,310.9,1678.0,28.1,63.0,0.0,0.0,1.0,0,0,1.0,0.0
301.2,310.9,1467.0,37.1,153.0,0.0,1.0,0.0,0,0,1.0,0.0
297.2,307.9,1337.0,58.1,184.0,0.0,1.0,0.0,0,0,0.825,0.175
300.5,309.8,1507.0,42.5,117.0,0.0,1.0,0.0,0,0,1.0,0.0
298.0,307.5,1524.0,36.3,98.0,0.0,0.0,1.0,0,0,1.0,0.0
298.4,309.2,2118.0,17.7,210.0,0.0,1.0,0.0,0,0,0.64,0.36
299.1,310.3,1449.0,40.7,40.0,0.0,1.0,0.0,0,0,0.995,0.005
301.7,310.1,2695.0,12.6,10.0,0.0,1.0,0.0,0,1,0.9,0.9
298.5,309.4,1560.0,37.9,37.0,0.0,1.0,0.0,0,0,1.0,0.0
298.5,310.1,1809.0,28.9,20.0,0.0,1.0,0.0,0,0,0.99,0.01
296.5,307.6,1541.0,38.5,98.0,0.0,1.0,0.0,0,0,1.0,0.0
300.7,311.7,1460.0,46.1,15.0,0.0,1.0,0.0,0,0,1.0,0.0
297.8,307.7,1505.0,39.7,25.0,0.0,1.0,0.0,0,0,1.0,0.0
299.5,310.8,1571.0,38.2,74.0,0.0,1.0,0.0,0,0,1.0,0.0
297.6,308.5,1360.0,48.6,77.0,0.0,0.0,1.0,0,0,1.0,0.0
303.1,311.2,1394.0,45.3,144.0,0.0,1.0,0.0,0,0,0.97,0.03
298.3,309.4,1378.0,52.3,12.0,0.0,1.0,0.0,0,0,0.98,0.02
299.7,309.0,1465.0,49.0,158.0,0.0,0.0,1.0,0,0,1.0,0.0
302.2,311.4,1372.0,55.1,9.0,0.0,0.0,1.0,0,0,0.515,0.485
301.5,310.4,1580.0,35.7,161.0,1.0,0.0,0.0,0,0,0.995,0.005
304.1,313.2,2028.0,18.9,45.0,0.0,0.0,1.0,0,0,0.975,0.025
297.3,308.1,1566.0,35.7,156.0,0.0,1.0,0.0,0,0,1.0,0.0
299.2,308.4,1393.0,48.4,35.0,0.0,1.0,0.0,0,0,1.0,0.0
301.2,312.3,1548.0,38.3,87.0,0.0,0.0,1.0,0,0,0.99,0.01
301.0,310.5,1601.0,33.2,77.0,0.0,1.0,0.0,0,0,0.995,0.005
297.2,308.3,1326.0,57.2,100.0,0.0,0.0,1.0,0,0,0.965,0.035
302.5,311.6,1400.0,54.0,196.0,0.0,1.0,0.0,0,0,0.7,0.3
299.6,310.6,1633.0,34.2,151.0,0.0,0.0,1.0,0,0,1.0,0.0
298.9,310.2,1359.0,56.9,166.0,0.0,1.0,0.0,0,0,0.8,0.2
303.4,311.8,1306.0,61.0,215.0,0.0,1.0,0.0,1,1,0.88,0.88
301.8,309.5,1525.0,39.6,227.0,0.0,1.0,0.0,0,0,0.685,0.315
297.0,307.8,1414.0,47.5,168.0,0.0,1.0,0.0,0,0,0.995,0.005
299.1,308.3,1426.0,40.1,60.0,0.0,1.0,0.0,0,0,0.99,0.01
303.3,312.4,1505.0,38.9,68.0,0.0,0.0,1.0,0,0,1.0,0.0
299.2,308.5,1370.0,52.4,61.0,0.0,1.0,0.0,0,0,0.98,0.02
302.5,311.9,1414.0,51.6,205.0,0.0,0.0,1.0,0,0,0.82,0.18
300.9,311.2,1518.0,35.0,90.0,1.0,0.0,0.0,0,0,1.0,0.0
300.9,311.3,1603.0,31.8,190.0,0.0,0.0,1.0,0,0,1.0,0.0
302.3,311.0,1521.0,34.8,72.0,0.0,0.0,1.0,0,0,1.0,0.0
297.4,308.4,1588.0,32.5,207.0,0.0,1.0,0.0,0,0,0.925,0.075
303.5,312.6,1602.0,34.2,108.0,0.0,1.0,0.0,0,0,1.0,0.0
304.3,313.4,1482.0,43.8,41.0,0.0,0.0,1.0,0,0,1.0,0.0
302.6,311.5,1442.0,59.8,169.0,0.0,1.0,0.0,1,0,0.635,0.365
302.2,311.4,1609.0,32.1,41.0,0.0,1.0,0.0,0,0,1.0,0.0
303.8,313.2,1506.0,46.9,154.0,1.0,0.0,0.0,0,0,0.995,0.005
301.3,310.6,1499.0,36.1,163.0,0.0,0.0,1.0,0,0,1.0,0.0
302.7,312.2,1336.0,46.8,179.0,0.0,1.0,0.0,0,0,0.62,0.38
303.0,311.1,1597.0,36.7,191.0,0.0,0.0,1.0,0,0,0.985,0.015
300.4,309.7,1384.0,45.1,159.0,0.0,1.0,0.0,0,0,1.0,0.0
297.8,308.5,1561.0,46.3,194.0,0.0,1.0,0.0,0,0,0.995,0.005
300.4,309.5,1349.0,50.4,30.0,0.0,1.0,0.0,0,0,0.995,0.005
297.1,308.2,1529.0,37.9,183.0,0.0,0.0,1.0,0,0,1.0,0.0
298.6,309.9,1517.0,34.0,215.0,0.0,0.0,1.0,0,0,0.95,0.05
300.0,311.4,1483.0,45.6,187.0,0.0,1.0,0.0,0,0,1.0,0.0
301.4,309.9,1460.0,47.2,22.0,1.0,0.0,0.0,0,0,0.925,0.075
299.6,310.9,1487.0,42.5,164.0,0.0,1.0,0.0,0,0,1.0,0.0
295.8,306.4,1325.0,56.2,65.0,0.0,1.0,0.0,0,0,0.96,0.04
300.6,310.0,1313.0,52.9,93.0,0.0,1.0,0.0,0,0,0.965,0.035
295.5,306.1,1822.0,24.3,164.0,0.0,0.0,1.0,0,0,1.0,0.0
300.6,310.4,2514.0,13.4,215.0,0.0,1.0,0.0,0,1,0.535,0.535
300.7,309.5,1667.0,30.5,29.0,1.0,0.0,0.0,0,0,0.995,0.005
299.6,310.9,1630.0,29.8,206.0,0.0,0.0,1.0,0,0,0.93,0.07
300.6,310.4,1407.0,51.1,157.0,0.0,0.0,1.0,0,0,0.995,0.005
301.2,310.7,1568.0,38.3,49.0,0.0,1.0,0.0,0,0,1.0,0.0
298.8,308.5,1577.0,33.2,0.0,0.0,0.0,1.0,0,0,1.0,0.0
296.9,307.8,1477.0,37.2,160.0,0.0,0.0,1.0,0,0,1.0,0.0
298.5,308.2,1564.0,37.5,15.0,0.0,0.0,1.0,0,0,0.985,0.015
301.5,310.5,1351.0,52.9,116.0,0.0,1.0,0.0,0,0,0.945,0.055
298.2,308.3,1475.0,49.9,47.0,0.0,1.0,0.0,0,0,0.995,0.005
298.5,309.3,1471.0,44.7,119.0,0.0,1.0,0.0,0,0,0.99,0.01
302.3,310.9,1762.0,24.5,73.0,0.0,0.0,1.0,0,0,1.0,0.0
300.3,311.5,1548.0,32.2,25.0,0.0,1.0,0.0,0,0,1.0,0.0
301.0,311.0,1423.0,38.6,199.0,0.0,0.0,1.0,0,0,0.995,0.005
302.3,311.4,1333.0,66.7,205.0,0.0,1.0,0.0,1,1,0.775,0.775
297.3,308.4,1449.0,44.4,34.0,0.0,0.0,1.0,0,0,1.0,0.0
298.9,310.1,1513.0,41.5,80.0,0.0,0.0,1.0,0,0,1.0,0.0
297.9,309.5,1390.0,47.9,127.0,0.0,1.0,0.0,0,0,1.0,0.0
299.3,308.6,1520.0,33.7,76.0,0.0,1.0,0.0,0,0,1.0,0.0
297.6,308.4,1407.0,55.2,86.0,0.0,1.0,0.0,0,0,0.985,0.015
302.0,311.1,1373.0,55.7,157.0,0.0,1.0,0.0,0,0,0.59,0.41
302.8,310.9,1636.0,35.0,38.0,0.0,1.0,0.0,0,0,1.0,0.0
298.8,310.6,1803.0,25.4,209.0,0.0,1.0,0.0,0,0,0.805,0.195
303.2,311.2,1427.0,45.6,25.0,0.0,1.0,0.0,0,0,0.98,0.02
299.9,309.5,1412.0,57.9,59.0,0.0,0.0,1.0,0,0,0.955,0.045
298.2,308.2,1436.0,50.2,43.0,0.0,1.0,0.0,0,0,0.99,0.01
297.2,308.5,1524.0,41.4,192.0,1.0,0.0,0.0,0,0,1.0,0.0
300.5,310.8,1445.0,46.6,155.0,0.0,1.0,0.0,0,0,1.0,0.0
300.5,310.5,2633.0,12.2,17.0,0.0,1.0,0.0,1,1,0.94,0.94
297.3,308.7,1569.0,33.9,93.0,1.0,0.0,0.0,0,0,1.0,0.0
299.8,310.2,1573.0,33.3,168.0,1.0,0.0,0.0,0,0,1.0,0.0
302.6,310.5,1511.0,37.2,197.0,0.0,1.0,0.0,0,0,0.98,0.02
299.8,309.8,1427.0,45.2,106.0,0.0,0.0,1.0,0,0,0.99,0.01
301.2,310.9,1460.0,46.7,166.0,0.0,0.0,1.0,0,0,1.0,0.0
297.6,308.3,1438.0,47.8,84.0,0.0,1.0,0.0,0,0,1.0,0.0
298.4,308.0,1571.0,37.4,50.0,0.0,1.0,0.0,0,0,1.0,0.0
302.2,311.4,1477.0,41.7,15.0,0.0,1.0,0.0,0,0,0.985,0.015
300.4,309.6,1543.0,38.1,209.0,0.0,1.0,0.0,0,0,0.905,0.095
300.0,311.3,1629.0,32.1,55.0,0.0,0.0,1.0,0,0,1.0,0.0
300.8,310.7,1386.0,42.1,170.0,0.0,0.0,1.0,0,0,0.99,0.01
298.5,308.0,1379.0,49.6,152.0,0.0,1.0,0.0,0,0,0.975,0.025
298.1,308.7,1568.0,32.9,10.0,0.0,1.0,0.0,0,0,1.0,0.0
298.8,308.6,1730.0,25.9,59.0,0.0,1.0,0.0,0,0,0.995,0.005
297.9,307.7,1567.0,34.7,74.0,0.0,1.0,0.0,0,0,1.0,0.0
302.5,310.2,1454.0,43.0,108.0,0.0,1.0,0.0,0,0,1.0,0.0
303.4,311.8,1499.0,45.0,16.0,0.0,1.0,0.0,0,0,0.99,0.01
299.2,308.4,1434.0,46.8,2.0,0.0,1.0,0.0,0,0,1.0,0.0
298.2,308.4,1510.0,39.9,134.0,0.0,0.0,1.0,0,0,0.995,0.005
295.8,306.5,1534.0,37.9,88.0,0.0,1.0,0.0,0,0,1.0,0.0
301.7,310.1,1660.0,29.3,72.0,1.0,0.0,0.0,0,0,1.0,0.0
297.4,308.8,1353.0,49.4,188.0,0.0,1.0,0.0,0,0,0.95,0.05
301.1,311.1,1429.0,42.5,123.0,0.0,1.0,0.0,0,0,1.0,0.0
303.9,313.3,1567.0,35.0,168.0,0.0,0.0,1.0,0,0,1.0,0.0
297.3,308.7,1587.0,35.8,148.0,0.0,1.0,0.0,0,0,1.0,0.0
303.7,312.3,1606.0,37.4,103.0,0.0,1.0,0.0,0,0,1.0,0.0
303.5,312.0,1475.0,42.9,85.0,0.0,0.0,1.0,0,0,0.99,0.01
303.3,311.8,1692.0,30.6,18.0,0.0,1.0,0.0,0,0,1.0,0.0
297.8,307.9,1600.0,33.5,13.0,1.0,0.0,0.0,0,0,1.0,0.0
298.7,310.3,1481.0,41.5,83.0,0.0,0.0,1.0,0,0,1.0,0.0
296.2,306.8,1389.0,53.3,132.0,0.0,1.0,0.0,0,0,0.995,0.005
301.7,310.9,1435.0,48.0,66.0,0.0,0.0,1.0,0,0,0.91,0.09
300.9,312.1,1423.0,40.2,63.0,0.0,1.0,0.0,0,0,1.0,0.0
300.2,310.2,1415.0,49.6,21.0,0.0,1.0,0.0,0,0,1.0,0.0
297.0,308.1,2540.0,13.3,98.0,1.0,0.0,0.0,0,0,0.675,0.325
299.3,310.5,1281.0,59.8,15.0,0.0,1.0,0.0,0,0,0.825,0.175
297.4,309.3,1622.0,35.0,123.0,0.0,0.0,1.0,0,0,1.0,0.0
298.0,308.9,1390.0,53.9,88.0,0.0,1.0,0.0,0,0,0.995,0.005
295.6,306.2,1632.0,32.2,76.0,1.0,0.0,0.0,0,0,1.0,0.0
299.0,310.0,1486.0,34.6,91.0,0.0,0.0,1.0,0,0,1.0,0.0
301.2,311.0,1567.0,35.1,64.0,0.0,1.0,0.0,0,0,1.0,0.0
300.2,311.4,1891.0,22.6,86.0,0.0,1.0,0.0,0,0,1.0,0.0
303.8,313.2,1732.0,29.6,147.0,0.0,0.0,1.0,0,0,1.0,0.0
299.3,309.2,1511.0,37.2,129.0,0.0,1.0,0.0,0,0,1.0,0.0
301.1,309.7,1668.0,30.8,158.0,0.0,1.0,0.0,0,0,0.94,0.06
300.2,311.6,1999.0,21.0,19.0,0.0,1.0,0.0,0,0,1.0,0.0
297.1,308.5,1323.0,44.4,207.0,0.0,1.0,0.0,1,0,0.8,0.2
302.0,310.8,1948.0,19.7,66.0,0.0,1.0,0.0,0,0,0.995,0.005
301.0,311.4,1484.0,36.2,188.0,0.0,1.0,0.0,0,0,1.0,0.0
304.0,312.7,1456.0,51.2,160.0,0.0,0.0,1.0,0,0,0.98,0.02
297.8,307.5,1372.0,54.1,157.0,0.0,1.0,0.0,0,0,0.99,0.01
300.1,311.4,1377.0,56.7,50.0,1.0,0.0,0.0,0,0,0.935,0.065
298.4,309.3,1549.0,40.8,139.0,0.0,1.0,0.0,0,0,1.0,0.0
302.1,311.4,1467.0,43.4,33.0,0.0,0.0,1.0,0,0,1.0,0.0
303.7,312.8,1832.0,23.6,35.0,0.0,1.0,0.0,0,0,1.0,0.0
299.7,310.4,1614.0,36.2,108.0,0.0,1.0,0.0,0,0,1.0,0.0
299.0,310.0,1667.0,30.0,53.0,0.0,0.0,1.0,0,0,1.0,0.0
297.5,308.8,1309.0,57.3,0.0,0.0,1.0,0.0,0,0,0.98,0.02
303.0,311.2,1409.0,41.9,98.0,0.0,1.0,0.0,0,0,0.995,0.005
300.7,311.8,1564.0,36.8,11.0,0.0,1.0,0.0,0,0,0.995,0.005
304.0,313.1,1472.0,45.5,166.0,1.0,0.0,0.0,0,0,1.0,0.0
297.5,308.8,1502.0,45.9,150.0,0.0,1.0,0.0,0,0,1.0,0.0
300.4,309.7,1685.0,32.3,167.0,0.0,0.0,1.0,0,0,0.95,0.05
298.3,308.1,1505.0,46.1,80.0,0.0,1.0,0.0,0,0,1.0,0.0
298.7,309.7,1293.0,59.1,125.0,0.0,1.0,0.0,0,0,0.93,0.07
299.3,308.6,1384.0,53.6,218.0,0.0,1.0,0.0,1,1,0.715,0.715
302.4,311.9,1422.0,46.4,194.0,0.0,0.0,1.0,0,0,0.975,0.025
297.5,308.6,1546.0,33.8,139.0,0.0,1.0,0.0,0,0,1.0,0.0
302.4,311.2,1466.0,43.9,152.0,0.0,1.0,0.0,0,0,1.0,0.0
300.4,309.7,1547.0,38.0,181.0,0.0,0.0,1.0,0,0,0.995,0.005
299.5,309.3,1520.0,42.3,149.0,0.0,1.0,0.0,0,0,1.0,0.0
302.5,311.9,1347.0,54.3,125.0,0.0,0.0,1.0,0,1,0.655,0.655
301.2,311.7,1433.0,49.3,206.0,0.0,1.0,0.0,0,0,0.82,0.18
302.0,311.2,1270.0,65.3,182.0,0.0,1.0,0.0,1,0,0.52,0.48
300.8,311.3,1505.0,45.5,141.0,0.0,1.0,0.0,0,0,1.0,0.0
299.2,308.2,1674.0,28.2,14.0,0.0,0.0,1.0,0,0,0.995,0.005
299.1,310.1,1486.0,40.7,39.0,0.0,1.0,0.0,0,0,1.0,0.0
297.6,308.8,1416.0,45.9,101.0,0.0,0.0,1.0,0,0,1.0,0.0
300.0,309.8,1372.0,39.6,105.0,0.0,1.0,0.0,0,0,0.98,0.02
302.0,311.1,1406.0,50.5,187.0,0.0,1.0,0.0,0,0,0.935,0.065
300.9,310.8,1571.0,39.9,51.0,0.0,1.0,0.0,0,0,1.0,0.0
297.4,308.3,1431.0,43.0,113.0,0.0,1.0,0.0,0,0,0.995,0.005
297.5,308.6,1347.0,57.0,132.0,0.0,0.0,1.0,0,0,1.0,0.0
303.4,311.7,1515.0,44.2,168.0,0.0,0.0,1.0,0,0,0.98,0.02
300.5,311.4,1312.0,51.4,60.0,0.0,0.0,1.0,0,0,0.985,0.015
297.7,308.1,1469.0,48.8,183.0,0.0,0.0,1.0,0,0,1.0,0.0
298.5,309.4,1417.0,41.2,155.0,1.0,0.0,0.0,0,0,1.0,0.0
299.4,309.0,1507.0,41.0,213.0,0.0,1.0,0.0,0,0,0.965,0.035
299.7,310.3,1462.0,40.4,19.0,1.0,0.0,0.0,0,0,1.0,0.0
300.3,311.1,1480.0,46.6,185.0,0.0,1.0,0.0,0,0,1.0,0.0
300.4,309.5,1711.0,29.2,215.0,0.0,1.0,0.0,0,0,0.935,0.065
302.2,311.1,1426.0,50.6,101.0,1.0,0.0,0.0,0,0,0.99,0.01
300.6,309.5,1516.0,39.0,142.0,0.0,1.0,0.0,0,0,1.0,0.0
300.2,309.2,1431.0,51.3,57.0,0.0,1.0,0.0,0,0,0.995,0.005
297.1,308.2,1399.0,42.6,194.0,0.0,1.0,0.0,0,0,0.97,0.03
299.7,309.6,1419.0,45.1,170.0,0.0,1.0,0.0,0,0,0.99,0.01
300.6,311.3,1531.0,38.5,0.0,0.0,1.0,0.0,0,0,1.0,0.0
299.0,310.0,1360.0,48.1,37.0,0.0,1.0,0.0,0,0,0.98,0.02
302.0,310.4,1828.0,26.3,82.0,0.0,0.0,1.0,0,0,0.995,0.005
303.4,312.9,1307.0,54.3,68.0,0.0,0.0,1.0,0,0,0.785,0.215
301.9,310.8,1650.0,29.8,94.0,0.0,1.0,0.0,0,0,1.0,0.0
298.8,310.3,1708.0,27.1,78.0,1.0,0.0,0.0,0,0,0.99,0.01
301.2,311.0,1544.0,39.3,217.0,0.0,1.0,0.0,0,0,0.76,0.24
301.9,309.8,1724.0,27.5,126.0,1.0,0.0,0.0,0,0,0.99,0.01
297.2,308.1,1340.0,61.3,207.0,0.0,0.0,1.0,1,0,0.6,0.4
297.8,309.7,1341.0,49.2,208.0,0.0,1.0,0.0,0,0,0.71,0.29
299.6,309.2,1425.0,45.9,133.0,0.0,1.0,0.0,0,0,1.0,0.0
298.9,310.2,1498.0,50.2,160.0,0.0,1.0,0.0,0,0,1.0,0.0
302.0,311.2,1845.0,27.3,45.0,0.0,1.0,0.0,0,0,0.995,0.005
297.7,309.4,1392.0,44.1,140.0,0.0,1.0,0.0,0,0,1.0,0.0
300.6,310.5,1509.0,43.1,31.0,0.0,1.0,0.0,0,0,1.0,0.0
298.5,307.9,1640.0,33.1,146.0,0.0,0.0,1.0,0,0,1.0,0.0
301.5,310.5,1587.0,33.8,57.0,1.0,0.0,0.0,0,0,1.0,0.0
297.2,308.3,1578.0,37.8,3.0,0.0,0.0,1.0,0,0,1.0,0.0
297.8,309.8,1798.0,25.5,203.0,0.0,0.0,1.0,0,0,0.905,0.095
299.6,310.2,1627.0,36.6,17.0,0.0,1.0,0.0,0,0,1.0,0.0
300.3,311.5,1403.0,60.1,58.0,0.0,1.0,0.0,0,0,0.69,0.31
301.9,310.9,1309.0,48.0,124.0,0.0,1.0,0.0,0,0,0.515,0.485
298.9,308.7,1504.0,41.8,165.0,0.0,1.0,0.0,0,0,1.0,0.0
300.5,309.5,1691.0,27.6,67.0,0.0,0.0,1.0,0,0,0.99,0.01
299.8,311.1,1452.0,47.3,188.0,0.0,1.0,0.0,0,0,1.0,0.0
301.4,310.8,1782.0,26.5,6.0,0.0,0.0,1.0,0,0,1.0,0.0
298.8,308.4,1473.0,41.1,128.0,0.0,1.0,0.0,0,0,1.0,0.0
300.5,309.7,1685.0,29.4,140.0,0.0,0.0,1.0,0,0,0.935,0.065
301.0,309.7,1511.0,39.3,146.0,0.0,0.0,1.0,0,0,1.0,0.0
303.6,312.5,1286.0,62.4,101.0,0.0,1.0,0.0,0,1,0.585,0.585
301.0,310.7,1300.0,57.2,174.0,0.0,1.0,0.0,0,0,0.84,0.16
299.3,308.9,1767.0,24.8,196.0,0.0,0.0,1.0,0,0,0.945,0.055
298.8,310.0,1529.0,38.5,77.0,0.0,0.0,1.0,0,0,1.0,0.0
299.8,311.1,1300.0,64.2,165.0,0.0,1.0,0.0,0,0,0.625,0.375
297.4,308.8,1538.0,41.2,126.0,0.0,1.0,0.0,0,0,0.995,0.005
301.0,309.9,1507.0,41.8,19.0,0.0,1.0,0.0,0,0,1.0,0.0
301.2,309.9,1984.0,19.7,169.0,0.0,1.0,0.0,0,0,0.995,0.005
302.0,310.4,1895.0,23.2,161.0,0.0,1.0,0.0,0,0,1.0,0.0
295.6,306.3,1911.0,20.9,74.0,0.0,1.0,0.0,0,0,1.0,0.0
298.5,308.8,1557.0,36.0,21.0,0.0,0.0,1.0,0,0,1.0,0.0
298.8,310.3,1528.0,37.1,99.0,0.0,0.0,1.0,0,0,1.0,0.0
301.3,310.6,1436.0,44.2,76.0,0.0,1.0,0.0,0,0,1.0,0.0
298.8,309.8,1510.0,44.2,35.0,1.0,0.0,0.0,0,0,0.95,0.05
301.8,310.7,1597.0,30.8,74.0,0.0,1.0,0.0,0,0,1.0,0.0
301.0,310.5,1248.0,61.4,77.0,0.0,1.0,0.0,0,0,0.805,0.195
297.4,308.1,1729.0,31.7,204.0,0.0,1.0,0.0,0,0,0.93,0.07
297.5,308.2,1563.0,38.2,15.0,0.0,1.0,0.0,0,0,1.0,0.0
297.4,308.4,1675.0,29.5,59.0,0.0,0.0,1.0,0,0,1.0,0.0
298.8,308.9,1379.0,46.7,204.0,0.0,1.0,0.0,0,0,0.81,0.19
300.6,309.8,1688.0,28.6,135.0,0.0,1.0,0.0,0,0,0.875,0.125
297.9,307.9,1412.0,44.5,85.0,0.0,1.0,0.0,0,0,1.0,0.0
303.2,311.5,1336.0,58.2,2.0,0.0,0.0,1.0,1,0,0.64,0.36
301.8,310.3,1666.0,32.7,19.0,0.0,0.0,1.0,0,0,0.99,0.01
299.0,310.4,1365.0,49.1,226.0,0.0,1.0,0.0,1,0,0.545,0.455
298.8,309.7,1480.0,38.1,157.0,0.0,0.0,1.0,0,0,1.0,0.0
297.4,308.5,1497.0,36.4,56.0,0.0,0.0,1.0,0,0,1.0,0.0
301.3,310.0,2068.0,17.8,176.0,0.0,0.0,1.0,0,0,0.98,0.02
302.6,311.0,1506.0,37.2,95.0,0.0,1.0,0.0,0,0,0.995,0.005
303.6,312.1,1967.0,20.9,2.0,0.0,0.0,1.0,0,0,0.99,0.01
300.8,311.3,1465.0,43.2,113.0,0.0,0.0,1.0,0,0,1.0,0.0
295.6,306.2,1612.0,31.2,131.0,0.0,1.0,0.0,0,0,1.0,0.0
298.6,309.9,1593.0,37.4,47.0,0.0,1.0,0.0,0,0,1.0,0.0
298.9,310.1,2109.0,18.0,61.0,0.0,1.0,0.0,0,0,0.98,0.02
300.6,310.3,1794.0,24.4,211.0,0.0,1.0,0.0,0,0,0.94,0.06
298.2,308.7,1780.0,27.9,35.0,0.0,1.0,0.0,0,0,0.995,0.005
303.5,313.0,1902.0,21.6,60.0,0.0,0.0,1.0,0,0,0.995,0.005
301.8,310.8,1505.0,41.2,33.0,0.0,1.0,0.0,0,0,0.985,0.015
301.5,310.7,1454.0,39.4,17.0,0.0,0.0,1.0,0,0,1.0,0.0
297.1,308.4,1359.0,46.6,176.0,1.0,0.0,0.0,0,0,0.985,0.015
298.4,309.4,1392.0,50.1,117.0,0.0,1.0,0.0,0,0,1.0,0.0
298.0,308.7,1629.0,34.3,191.0,0.0,1.0,0.0,0,0,0.995,0.005
297.4,308.6,1469.0,42.6,80.0,0.0,0.0,1.0,0,0,1.0,0.0
299.9,310.5,1539.0,32.8,213.0,0.0,1.0,0.0,0,0,0.91,0.09
301.7,310.6,1691.0,27.7,105.0,0.0,0.0,1.0,0,0,1.0,0.0
303.0,311.1,1428.0,39.8,181.0,0.0,0.0,1.0,0,0,1.0,0.0
299.6,309.0,1372.0,60.4,149.0,0.0,1.0,0.0,0,0,0.885,0.115
297.4,308.5,1369.0,53.2,43.0,0.0,1.0,0.0,0,0,1.0,0.0
301.9,309.6,1439.0,41.7,201.0,0.0,0.0,1.0,0,0,0.95,0.05
302.3,311.7,1442.0,41.7,127.0,0.0,0.0,1.0,0,0,0.995,0.005
302.3,311.6,1398.0,49.1,119.0,0.0,1.0,0.0,0,0,0.995,0.005
300.7,310.2,1569.0,32.8,31.0,0.0,1.0,0.0,0,0,1.0,0.0
299.1,310.1,1429.0,42.9,96.0,1.0,0.0,0.0,0,0,0.995,0.005
295.7,306.2,1464.0,46.2,92.0,0.0,1.0,0.0,0,0,1.0,0.0
301.7,311.0,1311.0,46.8,136.0,0.0,0.0,1.0,0,0,0.8,0.2
303.1,311.3,1494.0,42.7,221.0,1.0,0.0,0.0,0,0,0.8,0.2
301.4,310.4,1433.0,43.4,86.0,0.0,1.0,0.0,0,0,1.0,0.0
296.9,307.9,1626.0,29.9,177.0,0.0,1.0,0.0,0,0,1.0,0.0
302.5,311.5,1521.0,44.1,37.0,0.0,1.0,0.0,0,0,0.985,0.015
299.0,310.1,1432.0,50.0,45.0,1.0,0.0,0.0,0,0,0.925,0.075
298.7,309.7,1697.0,29.8,74.0,1.0,0.0,0.0,0,0,0.995,0.005
300.7,311.0,1334.0,53.9,150.0,0.0,0.0,1.0,0,0,0.94,0.06
301.8,310.6,1522.0,43.8,70.0,0.0,1.0,0.0,0,0,0.995,0.005
301.5,310.5,1593.0,32.9,155.0,0.0,1.0,0.0,0,0,1.0,0.0
301.7,310.7,1442.0,41.1,89.0,0.0,0.0,1.0,0,0,0.995,0.005
301.2,310.4,1515.0,38.4,51.0,0.0,1.0,0.0,0,0,1.0,0.0
298.4,309.3,1531.0,37.4,16.0,0.0,1.0,0.0,0,0,1.0,0.0
303.7,312.7,1395.0,53.9,123.0,0.0,1.0,0.0,0,0,0.94,0.06
298.9,310.3,1243.0,63.0,163.0,1.0,0.0,0.0,0,0,0.65,0.35
300.7,310.8,1534.0,41.3,69.0,0.0,1.0,0.0,0,0,1.0,0.0
303.3,311.8,1315.0,62.0,42.0,0.0,1.0,0.0,1,1,0.8,0.8
300.3,311.7,1579.0,33.6,59.0,0.0,1.0,0.0,0,0,1.0,0.0
302.2,311.0,1463.0,46.8,150.0,0.0,1.0,0.0,0,0,0.99,0.01
300.1,311.2,1452.0,42.4,190.0,0.0,0.0,1.0,0,0,1.0,0.0
298.6,309.5,1730.0,30.2,41.0,0.0,1.0,0.0,0,0,1.0,0.0
302.2,311.4,1449.0,46.5,60.0,0.0,1.0,0.0,0,0,1.0,0.0
300.5,311.9,1511.0,44.5,30.0,0.0,0.0,1.0,0,0,1.0,0.0
299.3,308.5,1772.0,26.1,52.0,0.0,1.0,0.0,0,0,1.0,0.0
298.8,308.3,1634.0,27.9,12.0,0.0,1.0,0.0,0,0,1.0,0.0
303.9,312.9,1526.0,42.5,194.0,0.0,1.0,0.0,0,0,0.99,0.01
299.2,308.8,1523.0,38.9,112.0,0.0,0.0,1.0,0,0,1.0,0.0
297.1,307.9,1420.0,39.8,192.0,1.0,0.0,0.0,0,0,1.0,0.0
299.0,310.3,1582.0,33.3,177.0,0.0,0.0,1.0,0,0,0.995,0.005
299.6,310.2,1743.0,24.8,99.0,0.0,1.0,0.0,0,0,1.0,0.0
297.6,308.6,1522.0,37.0,106.0,0.0,1.0,0.0,0,0,1.0,0.0
300.6,310.2,1233.0,52.3,23.0,0.0,0.0,1.0,0,0,0.965,0.035
302.4,311.8,1453.0,42.1,105.0,0.0,0.0,1.0,0,0,1.0,0.0
296.8,307.4,1549.0,48.3,105.0,0.0,1.0,0.0,0,0,0.995,0.005
298.3,307.8,1485.0,42.0,13.0,0.0,0.0,1.0,0,0,1.0,0.0
299.5,308.8,1886.0,20.9,117.0,0.0,0.0,1.0,0,0,1.0,0.0
299.8,309.4,1630.0,32.4,53.0,0.0,1.0,0.0,0,0,1.0,0.0
299.0,310.5,1336.0,56.8,136.0,1.0,0.0,0.0,0,0,0.93,0.07
302.7,311.7,1784.0,25.1,177.0,0.0,0.0,1.0,0,0,0.995,0.005
299.7,309.4,1362.0,51.9,117.0,0.0,1.0,0.0,0,0,0.98,0.02
302.0,310.9,1679.0,29.0,222.0,1.0,0.0,0.0,0,0,0.705,0.295
300.8,310.6,1663.0,30.6,139.0,0.0,1.0,0.0,0,0,0.935,0.065
298.0,307.8,1386.0,57.3,147.0,0.0,1.0,0.0,0,0,0.965,0.035
295.8,306.6,1508.0,46.5,99.0,0.0,1.0,0.0,0,0,1.0,0.0
302.3,311.4,1476.0,37.3,20.0,0.0,1.0,0.0,0,0,0.99,0.01
302.4,310.9,1444.0,40.7,174.0,1.0,0.0,0.0,0,0,1.0,0.0
299.6,309.4,1642.0,30.3,80.0,0.0,0.0,1.0,0,0,1.0,0.0
300.2,309.7,1448.0,36.8,14.0,0.0,1.0,0.0,0,0,1.0,0.0
302.2,310.8,1422.0,47.0,3.0,0.0,0.0,1.0,0,0,0.855,0.145
303.7,313.1,1355.0,49.1,188.0,0.0,1.0,0.0,0,0,0.78,0.22
300.7,310.5,1561.0,33.2,48.0,0.0,1.0,0.0,0,0,1.0,0.0
299.5,308.8,1965.0,20.4,164.0,0.0,1.0,0.0,0,0,0.985,0.015
302.3,311.2,1549.0,40.6,66.0,0.0,1.0,0.0,0,0,1.0,0.0
303.0,312.8,1648.0,32.1,104.0,0.0,0.0,1.0,0,0,1.0,0.0
302.3,311.5,1445.0,44.8,65.0,0.0,0.0,1.0,0,0,1.0,0.0
297.3,308.5,1520.0,42.4,171.0,0.0,0.0,1.0,0,0,1.0,0.0
301.6,310.8,1392.0,42.4,3.0,0.0,1.0,0.0,0,0,0.995,0.005
302.2,311.1,1628.0,30.6,105.0,1.0,0.0,0.0,0,0,0.99,0.01
298.1,308.4,1436.0,46.7,103.0,0.0,1.0,0.0,0,0,1.0,0.0
299.0,310.2,1494.0,40.6,67.0,0.0,1.0,0.0,0,0,1.0,0.0
300.2,310.3,1331.0,52.1,30.0,0.0,1.0,0.0,0,0,0.985,0.015
302.3,311.7,1368.0,53.6,165.0,0.0,0.0,1.0,0,1,0.9,0.9
297.4,308.6,1657.0,33.1,156.0,0.0,0.0,1.0,0,0,1.0,0.0
300.5,311.6,1525.0,37.6,191.0,0.0,1.0,0.0,0,0,0.99,0.01
304.1,313.2,1427.0,46.9,123.0,0.0,0.0,1.0,0,0,1.0,0.0
300.5,311.3,1475.0,46.3,49.0,0.0,1.0,0.0,0,0,1.0,0.0
297.2,308.3,1429.0,42.0,6.0,0.0,0.0,1.0,0,0,1.0,0.0
300.0,309.5,1735.0,28.9,82.0,1.0,0.0,0.0,0,0,0.975,0.025
299.4,308.7,1446.0,62.9,134.0,0.0,1.0,0.0,1,1,0.57,0.57
299.8,309.2,1678.0,29.8,202.0,0.0,0.0,1.0,0,0,0.845,0.155
296.8,307.9,1413.0,46.5,121.0,0.0,1.0,0.0,0,0,1.0,0.0
303.5,312.9,1332.0,52.9,66.0,0.0,1.0,0.0,0,0,0.83,0.17
300.4,309.9,1513.0,38.7,76.0,1.0,0.0,0.0,0,0,0.99,0.01
297.3,308.5,1528.0,44.5,140.0,0.0,1.0,0.0,0,0,1.0,0.0
298.8,310.1,1719.0,28.8,206.0,0.0,0.0,1.0,0,0,0.985,0.015
297.8,307.3,1315.0,54.0,180.0,0.0,0.0,1.0,0,0,0.99,0.01
302.3,310.8,1511.0,48.1,24.0,0.0,1.0,0.0,0,0,0.985,0.015
298.7,310.2,1404.0,50.3,54.0,0.0,1.0,0.0,0,0,0.995,0.005
300.0,309.5,1675.0,30.2,11.0,0.0,1.0,0.0,0,0,1.0,0.0
299.2,308.4,1415.0,43.5,53.0,0.0,0.0,1.0,0,0,0.995,0.005
299.3,309.0,1511.0,47.8,148.0,0.0,1.0,0.0,0,0,1.0,0.0
301.0,311.1,1236.0,64.4,177.0,0.0,1.0,0.0,1,0,0.65,0.35
296.9,307.8,1549.0,35.8,206.0,1.0,0.0,0.0,1,0,0.965,0.035
299.1,308.9,1445.0,43.4,197.0,0.0,1.0,0.0,0,0,0.995,0.005
303.9,313.1,1483.0,47.2,71.0,0.0,0.0,1.0,0,0,1.0,0.0
299.2,310.3,1352.0,48.9,238.0,0.0,1.0,0.0,1,0,0.54,0.46
297.4,308.5,1495.0,37.8,211.0,0.0,1.0,0.0,0,0,0.77,0.23
299.2,310.3,1610.0,33.3,233.0,0.0,1.0,0.0,0,0,0.83,0.17
301.7,311.2,1517.0,42.4,113.0,0.0,1.0,0.0,0,0,0.995,0.005
300.1,309.4,1568.0,39.7,42.0,0.0,1.0,0.0,0,0,1.0,0.0
301.1,311.1,1889.0,23.8,170.0,0.0,1.0,0.0,0,0,1.0,0.0
301.2,310.3,1548.0,38.6,59.0,0.0,1.0,0.0,0,0,1.0,0.0
302.3,310.7,1402.0,50.9,157.0,0.0,1.0,0.0,0,0,0.955,0.045
298.1,309.5,1530.0,40.2,65.0,1.0,0.0,0.0,0,0,1.0,0.0
297.2,307.9,1540.0,37.1,164.0,0.0,1.0,0.0,0,0,1.0,0.0
296.2,306.9,1516.0,39.1,138.0,0.0,1.0,0.0,0,0,1.0,0.0
299.6,309.0,1472.0,48.8,72.0,0.0,1.0,0.0,0,0,1.0,0.0
298.9,310.0,2231.0,17.4,151.0,0.0,1.0,0.0,0,0,0.975,0.025
300.8,311.8,1427.0,43.3,180.0,0.0,1.0,0.0,0,0,0.995,0.005
302.4,311.4,1831.0,26.9,121.0,0.0,1.0,0.0,0,0,1.0,0.0
301.3,310.6,1458.0,48.0,104.0,0.0,1.0,0.0,0,0,1.0,0.0
300.3,311.8,1483.0,45.1,181.0,0.0,0.0,1.0,0,0,0.99,0.01
299.5,310.9,1496.0,38.5,162.0,0.0,1.0,0.0,0,0,1.0,0.0
298.6,308.2,1555.0,36.8,36.0,1.0,0.0,0.0,0,0,0.995,0.005
300.6,310.6,1830.0,26.2,78.0,1.0,0.0,0.0,0,0,0.995,0.005
298.0,308.7,1443.0,49.3,52.0,0.0,1.0,0.0,0,0,1.0,0.0
299.5,309.3,1972.0,19.3,177.0,0.0,1.0,0.0,0,0,0.97,0.03
298.2,308.3,1589.0,33.2,94.0,0.0,1.0,0.0,0,0,1.0,0.0
298.3,307.9,1551.0,33.8,72.0,0.0,1.0,0.0,0,0,1.0,0.0
299.9,309.4,1889.0,26.0,6.0,0.0,0.0,1.0,0,0,0.98,0.02
298.4,309.4,1540.0,43.2,141.0,0.0,1.0,0.0,0,0,1.0,0.0
302.2,311.5,1863.0,25.7,85.0,0.0,0.0,1.0,0,0,1.0,0.0
303.1,311.2,1452.0,52.9,11.0,0.0,1.0,0.0,0,0,0.95,0.05
299.8,309.5,1420.0,46.7,136.0,1.0,0.0,0.0,0,0,0.995,0.005
300.6,311.7,1535.0,33.3,92.0,1.0,0.0,0.0,0,0,1.0,0.0
300.4,310.2,1431.0,43.2,0.0,1.0,0.0,0.0,0,0,0.965,0.035
302.3,311.8,1557.0,34.1,185.0,0.0,0.0,1.0,0,0,0.995,0.005
302.0,310.8,1783.0,23.1,190.0,0.0,0.0,1.0,0,0,1.0,0.0
301.4,310.7,1673.0,27.8,181.0,0.0,1.0,0.0,0,0,0.98,0.02
299.9,311.2,1364.0,49.6,50.0,1.0,0.0,0.0,0,0,0.99,0.01
303.4,312.8,1622.0,35.1,107.0,0.0,0.0,1.0,0,0,0.995,0.005
300.6,311.7,1497.0,43.6,198.0,0.0,1.0,0.0,0,0,0.995,0.005
299.1,310.4,1505.0,46.1,176.0,0.0,1.0,0.0,0,0,1.0,0.0
299.8,309.5,1542.0,40.3,141.0,0.0,1.0,0.0,0,0,1.0,0.0
304.4,313.6,1507.0,43.1,13.0,0.0,1.0,0.0,0,0,1.0,0.0
301.1,310.1,1564.0,36.8,7.0,0.0,1.0,0.0,0,0,1.0,0.0
300.9,311.4,1387.0,42.7,121.0,1.0,0.0,0.0,0,0,1.0,0.0
300.5,311.7,1409.0,54.7,104.0,0.0,1.0,0.0,0,0,0.99,0.01
303.4,312.7,1534.0,35.5,98.0,0.0,1.0,0.0,0,0,1.0,0.0
298.6,310.1,1596.0,33.0,15.0,0.0,0.0,1.0,0,0,1.0,0.0
300.9,309.9,1465.0,42.9,209.0,0.0,0.0,1.0,0,0,0.965,0.035
298.2,309.1,1429.0,48.5,164.0,0.0,1.0,0.0,0,0,1.0,0.0
298.8,309.9,1415.0,53.2,194.0,0.0,0.0,1.0,0,0,0.96,0.04
298.8,309.1,1513.0,40.3,160.0,0.0,1.0,0.0,0,0,1.0,0.0
302.2,310.0,1483.0,48.7,20.0,0.0,1.0,0.0,0,0,0.965,0.035
303.7,313.1,1423.0,41.2,124.0,0.0,1.0,0.0,0,0,0.995,0.005
298.8,309.1,1362.0,45.4,113.0,0.0,1.0,0.0,0,0,0.985,0.015
302.2,310.9,1506.0,34.0,49.0,0.0,1.0,0.0,0,0,1.0,0.0
302.7,310.5,1511.0,37.7,60.0,0.0,1.0,0.0,0,0,1.0,0.0
296.8,308.0,1391.0,54.4,17.0,0.0,1.0,0.0,0,0,0.995,0.005
299.3,310.4,1725.0,26.8,167.0,0.0,1.0,0.0,0,0,0.955,0.045
298.6,310.0,1512.0,37.5,27.0,0.0,0.0,1.0,0,0,1.0,0.0
300.7,310.4,1366.0,52.6,205.0,0.0,1.0,0.0,0,1,0.53,0.53
303.9,313.1,1514.0,41.1,121.0,0.0,0.0,1.0,0,0,1.0,0.0
300.8,310.3,1777.0,30.1,38.0,1.0,0.0,0.0,0,0,1.0,0.0
296.7,307.8,1468.0,39.2,35.0,0.0,1.0,0.0,0,0,1.0,0.0
296.7,308.0,1535.0,36.8,210.0,0.0,1.0,0.0,0,0,0.89,0.11
300.0,309.2,1566.0,34.4,18.0,0.0,1.0,0.0,0,0,1.0,0.0
301.4,310.1,1502.0,46.6,37.0,0.0,1.0,0.0,0,0,1.0,0.0
299.3,308.4,1438.0,42.3,0.0,0.0,0.0,1.0,0,0,0.98,0.02
300.4,311.2,1436.0,56.8,173.0,0.0,1.0,0.0,0,0,0.91,0.09
300.8,310.5,1482.0,39.0,47.0,0.0,1.0,0.0,0,0,1.0,0.0
299.5,310.7,1364.0,49.5,0.0,0.0,0.0,1.0,0,0,0.99,0.01
301.4,311.0,1427.0,43.2,13.0,0.0,0.0,1.0,0,0,0.98,0.02
301.2,310.7,1527.0,41.1,53.0,0.0,0.0,1.0,0,0,1.0,0.0
300.7,311.0,1378.0,41.2,93.0,0.0,0.0,1.0,0,0,0.995,0.005
303.0,311.2,1735.0,26.1,194.0,0.0,1.0,0.0,0,0,0.99,0.01
298.1,310.0,1534.0,33.7,47.0,0.0,1.0,0.0,0,0,1.0,0.0
298.0,308.7,1619.0,40.1,45.0,0.0,1.0,0.0,0,0,1.0,0.0
298.6,309.8,1637.0,34.6,207.0,0.0,1.0,0.0,0,0,0.915,0.085
297.1,307.8,1536.0,40.4,92.0,0.0,1.0,0.0,0,0,1.0,0.0
302.1,311.2,1460.0,46.9,198.0,0.0,1.0,0.0,0,0,0.96,0.04
298.8,309.9,1482.0,39.1,45.0,0.0,1.0,0.0,0,0,1.0,0.0
298.5,309.3,1551.0,34.7,121.0,0.0,0.0,1.0,0,0,1.0,0.0
297.5,308.4,1511.0,42.8,209.0,0.0,1.0,0.0,0,0,0.785,0.215
300.7,309.5,1352.0,44.0,126.0,0.0,0.0,1.0,0,0,0.98,0.02
299.3,310.8,1483.0,43.5,15.0,0.0,1.0,0.0,0,0,1.0,0.0
298.8,308.6,1331.0,62.8,81.0,0.0,1.0,0.0,0,0,0.6,0.4
297.7,307.5,1379.0,43.3,111.0,0.0,1.0,0.0,0,0,1.0,0.0
297.9,307.6,1481.0,38.0,40.0,0.0,1.0,0.0,0,0,1.0,0.0
301.5,310.5,1611.0,33.8,144.0,0.0,1.0,0.0,0,0,1.0,0.0
301.9,310.9,1641.0,33.2,3.0,0.0,0.0,1.0,0,0,0.975,0.025
297.7,308.5,1453.0,45.5,86.0,0.0,1.0,0.0,0,0,0.995,0.005
297.2,308.3,1569.0,31.2,63.0,0.0,1.0,0.0,0,0,1.0,0.0
299.5,310.7,1488.0,39.5,95.0,0.0,0.0,1.0,0,0,1.0,0.0
300.8,311.2,1376.0,48.1,172.0,0.0,1.0,0.0,0,0,0.96,0.04
302.2,311.4,1398.0,47.2,202.0,0.0,0.0,1.0,0,0,0.865,0.135
301.0,311.3,1597.0,39.2,66.0,1.0,0.0,0.0,0,0,1.0,0.0
300.7,310.4,1543.0,47.3,203.0,0.0,1.0,0.0,0,0,0.975,0.025
302.0,310.4,1608.0,33.1,97.0,0.0,0.0,1.0,0,0,0.995,0.005
302.4,311.5,1785.0,24.8,45.0,0.0,1.0,0.0,0,0,1.0,0.0
301.8,310.7,1751.0,29.3,133.0,0.0,1.0,0.0,0,0,1.0,0.0
302.0,310.6,1539.0,37.4,96.0,0.0,0.0,1.0,0,0,1.0,0.0
301.2,311.6,1461.0,52.9,208.0,0.0,1.0,0.0,1,0,0.69,0.31
297.9,309.8,1461.0,50.5,38.0,0.0,1.0,0.0,0,0,0.99,0.01
300.7,309.6,1536.0,37.2,19.0,0.0,0.0,1.0,0,0,1.0,0.0
300.9,310.1,2090.0,17.8,133.0,0.0,1.0,0.0,0,0,1.0,0.0
299.9,311.3,1371.0,52.3,167.0,0.0,1.0,0.0,0,0,0.97,0.03
297.1,307.8,1428.0,43.7,179.0,0.0,1.0,0.0,0,0,0.995,0.005
301.4,310.1,1623.0,32.3,39.0,1.0,0.0,0.0,0,0,1.0,0.0
297.8,308.4,1479.0,43.5,143.0,0.0,0.0,1.0,0,0,1.0,0.0
297.8,307.5,1631.0,29.9,144.0,0.0,1.0,0.0,0,0,1.0,0.0
298.9,310.0,1378.0,49.3,18.0,0.0,1.0,0.0,0,0,0.985,0.015
300.7,309.5,1508.0,39.9,59.0,0.0,1.0,0.0,0,0,1.0,0.0
297.7,309.2,1391.0,44.5,159.0,0.0,1.0,0.0,0,0,1.0,0.0
298.8,310.0,1484.0,44.9,80.0,0.0,0.0,1.0,0,0,1.0,0.0
298.8,309.1,1477.0,42.4,158.0,0.0,1.0,0.0,0,0,1.0,0.0
300.5,311.4,1679.0,27.5,59.0,1.0,0.0,0.0,0,0,0.99,0.01
300.6,311.4,1468.0,40.4,55.0,0.0,0.0,1.0,0,0,1.0,0.0
301.0,310.9,1578.0,38.4,49.0,0.0,1.0,0.0,0,0,1.0,0.0
300.5,311.5,1316.0,49.7,55.0,0.0,1.0,0.0,0,0,0.98,0.02
298.3,308.9,1708.0,28.0,42.0,0.0,1.0,0.0,0,0,0.99,0.01
295.8,306.5,1514.0,37.7,60.0,0.0,0.0,1.0,0,0,1.0,0.0
302.1,311.5,1341.0,50.8,99.0,0.0,0.0,1.0,0,0,0.795,0.205
297.6,308.3,1424.0,53.9,132.0,0.0,1.0,0.0,0,0,0.995,0.005
298.3,308.9,1695.0,30.7,174.0,0.0,1.0,0.0,0,0,0.98,0.02
299.4,309.9,1567.0,40.6,87.0,0.0,0.0,1.0,0,0,1.0,0.0
297.3,308.4,1459.0,39.4,59.0,0.0,1.0,0.0,0,0,1.0,0.0
300.8,310.3,1383.0,46.6,19.0,0.0,1.0,0.0,0,0,1.0,0.0
302.2,311.4,1625.0,35.4,70.0,1.0,0.0,0.0,0,0,0.985,0.015
298.1,308.3,1680.0,33.7,185.0,0.0,0.0,1.0,0,0,0.985,0.015
302.3,310.9,1360.0,44.0,67.0,0.0,0.0,1.0,1,0,0.53,0.47
299.8,309.6,1434.0,48.0,82.0,0.0,0.0,1.0,0,0,0.995,0.005
298.4,308.2,1528.0,36.2,196.0,0.0,1.0,0.0,0,0,1.0,0.0
302.6,310.4,1409.0,53.3,52.0,1.0,0.0,0.0,0,0,0.8,0.2
299.6,309.3,1577.0,39.8,48.0,0.0,0.0,1.0,0,0,1.0,0.0
300.2,309.4,1459.0,43.9,39.0,0.0,0.0,1.0,0,0,1.0,0.0
300.4,310.8,1520.0,37.6,151.0,0.0,1.0,0.0,0,0,1.0,0.0
300.5,309.8,1345.0,62.7,153.0,0.0,1.0,0.0,0,0,0.555,0.445
299.0,308.6,1297.0,54.2,110.0,0.0,1.0,0.0,0,0,0.98,0.02
303.4,311.6,1449.0,41.7,132.0,0.0,1.0,0.0,0,0,0.99,0.01
300.3,311.7,1432.0,47.7,61.0,1.0,0.0,0.0,0,0,0.985,0.015
298.2,307.9,1529.0,36.6,105.0,0.0,0.0,1.0,0,0,1.0,0.0
301.2,310.7,1615.0,34.9,95.0,0.0,0.0,1.0,0,0,0.995,0.005
300.2,311.5,1515.0,36.8,27.0,1.0,0.0,0.0,0,0,0.995,0.005
301.5,310.5,1534.0,39.3,119.0,0.0,1.0,0.0,0,0,1.0,0.0
297.4,308.3,1472.0,45.5,2.0,0.0,1.0,0.0,0,0,1.0,0.0
302.4,311.9,1366.0,47.3,162.0,1.0,0.0,0.0,0,0,0.545,0.455
300.4,311.0,1433.0,46.1,199.0,0.0,0.0,1.0,0,0,0.985,0.015
301.3,310.8,1628.0,32.2,43.0,0.0,1.0,0.0,0,0,1.0,0.0
298.3,308.6,1589.0,37.1,137.0,0.0,0.0,1.0,0,0,1.0,0.0
297.5,309.4,1318.0,58.2,146.0,0.0,1.0,0.0,0,0,0.97,0.03
304.3,313.3,1775.0,24.9,39.0,0.0,1.0,0.0,0,0,1.0,0.0
300.1,309.3,1469.0,43.9,20.0,0.0,0.0,1.0,0,0,1.0,0.0
297.7,309.3,1893.0,24.6,15.0,0.0,1.0,0.0,0,0,0.985,0.015
303.4,311.8,1316.0,50.9,69.0,0.0,0.0,1.0,1,1,0.62,0.62
300.6,310.9,1344.0,46.7,133.0,0.0,1.0,0.0,0,0,0.98,0.02
300.5,311.4,2072.0,18.8,75.0,0.0,0.0,1.0,0,0,0.98,0.02
297.7,309.0,1507.0,38.2,94.0,0.0,1.0,0.0,0,0,1.0,0.0
301.5,310.4,1329.0,46.6,24.0,0.0,1.0,0.0,0,0,0.95,0.05
300.0,311.4,1641.0,34.5,155.0,1.0,0.0,0.0,0,0,1.0,0.0
302.6,310.8,1486.0,36.4,160.0,0.0,1.0,0.0,0,0,1.0,0.0
297.1,308.7,1474.0,42.3,64.0,0.0,1.0,0.0,0,0,1.0,0.0
302.3,311.1,1543.0,37.5,73.0,1.0,0.0,0.0,0,0,1.0,0.0
296.9,308.3,1474.0,39.2,177.0,1.0,0.0,0.0,0,0,0.995,0.005
301.8,311.2,1417.0,55.9,156.0,0.0,1.0,0.0,0,0,0.965,0.035
302.2,311.7,1330.0,54.6,154.0,0.0,1.0,0.0,0,0,0.555,0.445
297.6,308.6,1529.0,45.3,15.0,0.0,1.0,0.0,0,0,0.995,0.005
302.2,310.8,1408.0,46.8,49.0,0.0,0.0,1.0,0,0,0.9,0.1
301.9,310.3,1972.0,21.3,67.0,0.0,1.0,0.0,0,0,1.0,0.0
300.9,312.1,1617.0,31.0,148.0,0.0,0.0,1.0,0,0,1.0,0.0
297.3,308.1,1369.0,52.0,214.0,0.0,0.0,1.0,0,0,0.88,0.12
300.0,309.2,1759.0,27.9,5.0,0.0,1.0,0.0,0,0,1.0,0.0
302.4,311.8,1648.0,30.0,122.0,0.0,1.0,0.0,0,0,1.0,0.0
299.7,309.2,1302.0,55.5,87.0,1.0,0.0,0.0,0,0,0.99,0.01
297.7,308.5,1720.0,29.9,210.0,1.0,0.0,0.0,0,0,0.98,0.02
298.9,308.5,1503.0,40.6,145.0,0.0,1.0,0.0,0,0,1.0,0.0
300.7,310.7,1450.0,43.4,80.0,0.0,1.0,0.0,0,0,1.0,0.0
298.3,308.4,1585.0,30.6,127.0,0.0,1.0,0.0,0,0,1.0,0.0
302.9,311.0,1469.0,48.7,130.0,1.0,0.0,0.0,0,0,0.985,0.015
301.9,311.0,1467.0,48.1,43.0,0.0,0.0,1.0,0,0,0.915,0.085
297.3,308.2,1846.0,24.5,41.0,0.0,0.0,1.0,0,0,1.0,0.0
299.0,309.9,1884.0,25.6,100.0,1.0,0.0,0.0,0,0,0.985,0.015
297.4,308.4,1478.0,46.2,95.0,0.0,0.0,1.0,0,0,1.0,0.0
300.2,309.5,1434.0,51.5,189.0,0.0,0.0,1.0,0,0,0.995,0.005
303.8,312.6,1406.0,47.1,162.0,0.0,0.0,1.0,0,0,0.995,0.005
302.3,311.7,1453.0,41.2,147.0,0.0,1.0,0.0,0,0,1.0,0.0
300.8,310.7,1358.0,48.1,198.0,0.0,1.0,0.0,0,0,0.9,0.1
299.9,309.5,1567.0,35.5,171.0,0.0,1.0,0.0,0,0,1.0,0.0
297.9,309.8,1336.0,71.6,31.0,0.0,1.0,0.0,1,1,0.51,0.51
298.7,309.9,1434.0,53.0,144.0,0.0,0.0,1.0,0,0,0.97,0.03
298.8,308.4,1604.0,29.5,14.0,0.0,0.0,1.0,0,0,1.0,0.0
297.2,307.9,1989.0,20.3,186.0,0.0,1.0,0.0,0,0,1.0,0.0
301.0,310.9,1916.0,22.0,42.0,1.0,0.0,0.0,0,0,0.995,0.005
300.7,311.8,1420.0,47.0,119.0,0.0,1.0,0.0,0,0,0.995,0.005
301.7,311.0,1546.0,43.0,23.0,0.0,1.0,0.0,0,0,0.995,0.005
297.4,308.4,1341.0,52.2,49.0,0.0,1.0,0.0,0,0,1.0,0.0
301.4,310.5,1489.0,43.5,98.0,0.0,1.0,0.0,0,0,1.0,0.0
301.5,310.4,2639.0,12.0,21.0,0.0,0.0,1.0,1,1,0.905,0.905
300.8,310.8,1415.0,44.5,87.0,0.0,0.0,1.0,0,0,1.0,0.0
298.9,308.3,1855.0,23.8,33.0,0.0,1.0,0.0,0,0,1.0,0.0
303.5,311.9,1405.0,45.6,10.0,0.0,1.0,0.0,0,0,0.965,0.035
300.2,310.1,1474.0,44.0,198.0,0.0,0.0,1.0,0,0,1.0,0.0
297.4,308.3,1483.0,41.9,47.0,0.0,0.0,1.0,0,0,1.0,0.0
296.8,307.9,1418.0,47.9,127.0,0.0,0.0,1.0,0,0,0.995,0.005
298.3,308.3,1379.0,48.0,181.0,0.0,0.0,1.0,0,0,0.98,0.02
301.6,310.5,1593.0,34.5,102.0,0.0,1.0,0.0,0,0,1.0,0.0
300.7,310.1,1542.0,35.5,191.0,0.0,1.0,0.0,0,0,0.995,0.005
296.6,307.4,1631.0,35.0,168.0,0.0,1.0,0.0,0,0,1.0,0.0
302.5,311.4,1559.0,37.6,209.0,0.0,1.0,0.0,0,1,0.54,0.54
297.6,309.1,1394.0,50.0,62.0,0.0,1.0,0.0,0,0,1.0,0.0
300.1,309.7,1680.0,33.8,140.0,0.0,1.0,0.0,0,0,0.975,0.025
301.0,311.6,1301.0,55.0,9.0,0.0,0.0,1.0,0,0,0.955,0.045
300.6,309.7,1428.0,42.6,23.0,0.0,0.0,1.0,0,0,1.0,0.0
299.9,311.4,1627.0,36.7,118.0,0.0,1.0,0.0,0,0,1.0,0.0
300.4,311.2,1489.0,45.3,180.0,1.0,0.0,0.0,0,0,0.98,0.02
300.5,309.5,1777.0,23.6,0.0,0.0,1.0,0.0,0,0,1.0,0.0
299.5,310.7,1423.0,56.5,7.0,0.0,0.0,1.0,0,0,0.96,0.04
298.2,308.3,1824.0,24.2,49.0,1.0,0.0,0.0,0,0,1.0,0.0
298.5,308.8,1670.0,29.6,13.0,0.0,1.0,0.0,0,0,1.0,0.0
298.4,309.2,1651.0,28.5,141.0,0.0,1.0,0.0,0,0,0.965,0.035
298.3,309.5,1560.0,36.9,131.0,0.0,0.0,1.0,0,0,1.0,0.0
297.2,308.0,1869.0,25.4,163.0,0.0,1.0,0.0,0,0,0.97,0.03
300.5,309.7,1887.0,24.3,28.0,0.0,1.0,0.0,0,0,0.995,0.005
298.1,307.5,1493.0,43.7,153.0,0.0,1.0,0.0,0,0,1.0,0.0
299.1,310.4,1369.0,54.5,104.0,1.0,0.0,0.0,0,0,0.93,0.07
300.0,309.1,1474.0,45.2,152.0,0.0,0.0,1.0,0,0,1.0,0.0
300.7,311.1,1324.0,52.2,85.0,0.0,1.0,0.0,0,0,0.985,0.015
298.6,309.8,1279.0,55.9,152.0,1.0,0.0,0.0,0,0,0.905,0.095
299.0,308.7,2250.0,16.6,208.0,0.0,1.0,0.0,0,0,0.635,0.365
300.4,311.8,1367.0,57.2,10.0,0.0,1.0,0.0,0,0,0.84,0.16
300.3,309.2,1587.0,31.4,43.0,0.0,1.0,0.0,0,0,1.0,0.0
298.4,309.7,1530.0,38.6,161.0,0.0,1.0,0.0,0,0,0.995,0.005
299.0,308.6,1329.0,60.5,120.0,0.0,1.0,0.0,0,0,0.895,0.105
303.4,311.8,1391.0,42.7,197.0,0.0,0.0,1.0,0,0,0.88,0.12
304.1,313.3,1689.0,32.5,134.0,1.0,0.0,0.0,0,0,1.0,0.0
300.5,311.9,1431.0,49.4,37.0,0.0,1.0,0.0,0,0,1.0,0.0
297.3,308.4,1417.0,47.8,31.0,0.0,1.0,0.0,0,0,0.995,0.005
298.3,309.4,1509.0,34.2,141.0,0.0,0.0,1.0,0,0,1.0,0.0
300.6,311.0,1401.0,54.6,94.0,0.0,0.0,1.0,0,0,0.995,0.005
303.8,313.1,1256.0,58.7,213.0,0.0,1.0,0.0,1,0,0.535,0.465
302.7,312.1,1478.0,36.0,191.0,1.0,0.0,0.0,0,0,0.975,0.025
298.3,307.9,1766.0,26.5,145.0,0.0,1.0,0.0,0,0,0.98,0.02
302.8,312.1,1418.0,51.4,54.0,0.0,1.0,0.0,0,0,0.935,0.065
298.4,309.6,1479.0,37.8,144.0,0.0,1.0,0.0,0,0,0.985,0.015
301.0,311.0,1581.0,37.0,127.0,0.0,1.0,0.0,0,0,1.0,0.0
302.5,310.3,1488.0,41.8,160.0,0.0,0.0,1.0,0,0,0.99,0.01
303.4,311.9,1531.0,37.9,203.0,0.0,1.0,0.0,0,0,0.87,0.13
298.8,309.0,1661.0,29.5,162.0,0.0,0.0,1.0,0,0,0.985,0.015
298.7,309.8,1343.0,53.6,134.0,0.0,0.0,1.0,0,0,0.995,0.005
300.8,310.7,1339.0,59.1,203.0,0.0,1.0,0.0,1,1,0.835,0.835
297.4,308.4,1392.0,49.7,174.0,0.0,1.0,0.0,0,0,0.995,0.005
300.7,309.5,1445.0,46.4,24.0,0.0,0.0,1.0,0,0,1.0,0.0
298.4,309.3,1355.0,50.6,8.0,0.0,0.0,1.0,0,0,0.995,0.005
297.5,309.0,1470.0,43.5,191.0,0.0,1.0,0.0,0,0,1.0,0.0
303.5,313.0,1322.0,59.5,71.0,0.0,1.0,0.0,0,0,0.8,0.2
297.8,309.0,1434.0,43.3,96.0,0.0,0.0,1.0,0,0,1.0,0.0
296.5,307.3,1579.0,34.5,166.0,0.0,1.0,0.0,0,0,1.0,0.0
300.2,309.9,1906.0,22.9,165.0,1.0,0.0,0.0,0,0,0.995,0.005
299.8,311.0,1948.0,20.0,185.0,0.0,0.0,1.0,0,0,0.955,0.045
300.6,311.6,1455.0,48.0,203.0,0.0,1.0,0.0,0,0,0.95,0.05
299.4,309.1,1352.0,44.7,172.0,0.0,0.0,1.0,0,0,0.995,0.005
298.0,307.7,1621.0,34.9,194.0,0.0,0.0,1.0,0,0,1.0,0.0
300.8,311.9,1560.0,31.8,21.0,0.0,1.0,0.0,0,0,1.0,0.0
304.1,313.6,1382.0,46.7,134.0,0.0,1.0,0.0,0,0,0.995,0.005
299.4,308.6,1746.0,26.8,107.0,0.0,1.0,0.0,0,0,1.0,0.0
301.4,310.0,1651.0,29.8,44.0,0.0,0.0,1.0,0,0,1.0,0.0
300.5,311.4,1390.0,51.9,68.0,0.0,0.0,1.0,0,0,0.995,0.005
302.2,311.5,1588.0,30.6,39.0,0.0,1.0,0.0,0,0,1.0,0.0
298.5,309.5,1561.0,34.8,35.0,0.0,1.0,0.0,0,0,1.0,0.0
298.8,309.7,1499.0,40.3,154.0,0.0,0.0,1.0,0,0,1.0,0.0
300.0,309.1,1431.0,45.4,90.0,0.0,1.0,0.0,0,0,1.0,0.0
300.7,311.9,1476.0,42.0,196.0,0.0,1.0,0.0,0,0,0.99,0.01
299.1,310.1,1894.0,20.1,106.0,0.0,1.0,0.0,0,0,1.0,0.0
302.2,311.5,1413.0,43.5,83.0,0.0,1.0,0.0,0,0,1.0,0.0
300.7,309.7,1598.0,33.7,149.0,0.0,1.0,0.0,0,0,0.99,0.01
302.5,311.5,1603.0,32.4,194.0,0.0,1.0,0.0,0,0,1.0,0.0
303.7,312.6,1514.0,35.5,138.0,1.0,0.0,0.0,0,0,0.995,0.005
297.4,308.7,1582.0,31.9,161.0,0.0,0.0,1.0,0,0,1.0,0.0
299.3,308.3,1651.0,28.0,6.0,0.0,1.0,0.0,0,0,1.0,0.0
302.8,312.1,1441.0,52.1,79.0,0.0,1.0,0.0,0,0,0.89,0.11
300.3,311.4,1759.0,24.8,34.0,0.0,1.0,0.0,0,0,1.0,0.0
299.4,309.4,1701.0,31.2,199.0,0.0,1.0,0.0,0,0,0.98,0.02
298.2,307.9,1544.0,31.4,192.0,0.0,1.0,0.0,0,0,0.99,0.01
299.9,309.1,1412.0,48.3,198.0,0.0,1.0,0.0,0,0,0.935,0.065
298.9,309.8,1392.0,43.1,218.0,0.0,0.0,1.0,0,0,0.98,0.02
299.0,308.4,1535.0,47.5,163.0,0.0,0.0,1.0,0,0,0.985,0.015
302.3,311.4,1609.0,32.3,49.0,0.0,1.0,0.0,0,0,1.0,0.0
297.5,308.5,1375.0,55.6,128.0,0.0,1.0,0.0,0,0,0.99,0.01
303.7,312.5,1670.0,26.1,139.0,0.0,1.0,0.0,0,0,1.0,0.0
295.8,306.5,1568.0,35.1,111.0,0.0,1.0,0.0,0,0,1.0,0.0
304.2,313.3,1625.0,37.3,27.0,1.0,0.0,0.0,0,0,1.0,0.0
300.4,311.7,1508.0,45.4,164.0,0.0,0.0,1.0,0,0,1.0,0.0
302.3,311.7,1544.0,43.2,128.0,0.0,1.0,0.0,0,0,1.0,0.0
301.3,311.1,1834.0,25.4,22.0,0.0,0.0,1.0,0,0,1.0,0.0
297.6,309.0,1427.0,45.6,179.0,0.0,0.0,1.0,0,0,0.975,0.025
303.6,312.0,1827.0,23.3,103.0,0.0,1.0,0.0,0,0,1.0,0.0
301.8,310.8,1470.0,37.6,204.0,1.0,0.0,0.0,0,0,0.96,0.04
300.2,309.8,1394.0,47.4,21.0,0.0,0.0,1.0,0,0,0.99,0.01
302.1,310.9,1916.0,23.1,51.0,0.0,0.0,1.0,0,0,1.0,0.0
297.5,308.5,1722.0,30.4,178.0,0.0,1.0,0.0,0,0,0.995,0.005
300.4,311.8,1707.0,30.0,165.0,0.0,0.0,1.0,0,0,0.975,0.025
300.8,309.7,1373.0,45.4,179.0,0.0,1.0,0.0,0,0,0.955,0.045
298.9,310.6,1720.0,25.3,197.0,0.0,0.0,1.0,0,0,0.985,0.015
300.2,311.6,1322.0,50.9,215.0,0.0,1.0,0.0,0,0,0.57,0.43
298.5,308.7,1367.0,47.3,47.0,0.0,0.0,1.0,0,0,1.0,0.0
302.1,310.8,1565.0,35.3,6.0,0.0,1.0,0.0,0,0,1.0,0.0
303.3,312.7,1262.0,63.8,100.0,0.0,1.0,0.0,0,0,0.595,0.405
298.9,310.2,1331.0,49.0,121.0,0.0,0.0,1.0,0,0,0.985,0.015
298.4,308.2,1612.0,32.6,10.0,1.0,0.0,0.0,0,0,1.0,0.0
297.7,308.2,1500.0,39.9,158.0,0.0,1.0,0.0,0,0,1.0,0.0
302.4,310.1,1520.0,36.6,97.0,0.0,0.0,1.0,0,0,0.975,0.025
298.2,307.8,1578.0,34.5,127.0,0.0,0.0,1.0,0,0,1.0,0.0
303.4,311.5,1817.0,24.7,125.0,0.0,0.0,1.0,0,0,0.995,0.005
302.0,310.5,1573.0,32.1,143.0,0.0,0.0,1.0,0,0,1.0,0.0
300.9,310.4,1561.0,32.7,67.0,0.0,1.0,0.0,0,0,1.0,0.0
299.3,309.0,1415.0,47.6,156.0,0.0,1.0,0.0,0,0,1.0,0.0
297.4,308.2,1386.0,41.0,35.0,0.0,1.0,0.0,0,0,1.0,0.0
299.0,309.5,1861.0,23.3,73.0,0.0,1.0,0.0,0,0,1.0,0.0
302.6,310.4,1614.0,36.0,74.0,1.0,0.0,0.0,0,0,0.975,0.025
298.8,310.2,1595.0,33.1,34.0,0.0,0.0,1.0,0,0,0.99,0.01
300.7,311.1,1373.0,49.9,96.0,0.0,0.0,1.0,0,0,0.98,0.02
300.4,309.6,1379.0,54.5,122.0,0.0,1.0,0.0,0,0,0.98,0.02
298.1,307.7,1414.0,48.7,159.0,0.0,1.0,0.0,0,0,1.0,0.0
301.7,310.2,1471.0,51.1,8.0,0.0,1.0,0.0,0,0,0.935,0.065
301.6,310.6,1821.0,26.2,171.0,1.0,0.0,0.0,0,0,0.995,0.005
300.5,311.9,1432.0,43.1,16.0,0.0,1.0,0.0,0,0,0.99,0.01
303.4,311.8,1515.0,42.6,204.0,0.0,0.0,1.0,0,0,0.905,0.095
299.0,310.1,1593.0,35.4,5.0,0.0,0.0,1.0,0,0,1.0,0.0
299.0,310.2,1564.0,39.9,97.0,0.0,0.0,1.0,0,0,1.0,0.0
298.8,308.6,1599.0,33.0,101.0,0.0,1.0,0.0,0,0,1.0,0.0
303.3,311.3,1350.0,48.1,32.0,0.0,1.0,0.0,1,1,0.915,0.915
300.1,309.3,1685.0,27.1,203.0,0.0,1.0,0.0,0,0,0.935,0.065
302.0,311.2,1420.0,45.8,192.0,0.0,1.0,0.0,0,0,0.95,0.05
297.4,308.3,1723.0,28.8,33.0,0.0,1.0,0.0,0,0,1.0,0.0
297.5,308.7,1363.0,53.6,194.0,0.0,0.0,1.0,0,0,0.975,0.025
303.5,311.5,1629.0,33.5,73.0,1.0,0.0,0.0,0,0,0.945,0.055
297.9,309.1,1595.0,32.0,32.0,0.0,1.0,0.0,0,0,1.0,0.0
300.4,309.8,1448.0,39.7,107.0,1.0,0.0,0.0,0,0,0.995,0.005
298.9,310.3,1551.0,35.2,50.0,0.0,0.0,1.0,0,0,1.0,0.0
295.6,306.0,1419.0,51.1,7.0,0.0,1.0,0.0,0,0,0.99,0.01
302.2,310.8,1562.0,38.1,78.0,0.0,0.0,1.0,0,0,1.0,0.0
298.4,308.0,1380.0,47.6,130.0,0.0,1.0,0.0,0,0,1.0,0.0
302.6,312.1,1439.0,52.3,35.0,0.0,1.0,0.0,0,0,0.925,0.075
300.4,309.7,1500.0,35.2,112.0,1.0,0.0,0.0,0,0,1.0,0.0
303.8,312.6,1577.0,41.3,134.0,0.0,1.0,0.0,0,0,1.0,0.0
302.4,311.4,1675.0,29.6,128.0,0.0,0.0,1.0,0,0,1.0,0.0
300.7,310.8,1754.0,27.7,84.0,0.0,1.0,0.0,0,0,1.0,0.0
298.9,310.2,1304.0,57.2,183.0,0.0,1.0,0.0,0,0,0.74,0.26
297.5,309.2,1530.0,40.0,206.0,0.0,0.0,1.0,0,0,0.955,0.045
302.0,310.6,1583.0,38.9,94.0,0.0,1.0,0.0,0,0,1.0,0.0
297.6,309.0,1822.0,25.4,202.0,0.0,1.0,0.0,0,0,0.585,0.415
298.9,308.8,1530.0,38.3,23.0,0.0,1.0,0.0,0,0,1.0,0.0
296.7,307.7,1524.0,36.8,82.0,0.0,1.0,0.0,0,0,1.0,0.0
300.5,311.9,1330.0,59.5,33.0,0.0,1.0,0.0,0,0,0.835,0.165
301.1,309.6,1501.0,36.1,156.0,0.0,1.0,0.0,0,0,1.0,0.0
303.9,313.0,1901.0,22.5,110.0,0.0,0.0,1.0,0,0,1.0,0.0
297.4,308.5,1469.0,45.1,63.0,1.0,0.0,0.0,0,0,0.975,0.025
298.5,309.4,1521.0,37.5,94.0,0.0,0.0,1.0,0,0,1.0,0.0
298.3,308.8,1349.0,52.1,104.0,0.0,0.0,1.0,0,0,1.0,0.0
300.6,310.0,1397.0,55.2,90.0,0.0,0.0,1.0,0,0,1.0,0.0
298.7,309.8,1475.0,40.5,59.0,0.0,0.0,1.0,0,0,1.0,0.0
300.1,309.0,1404.0,54.8,29.0,0.0,1.0,0.0,0,0,0.995,0.005
297.6,308.7,1659.0,32.1,49.0,1.0,0.0,0.0,0,0,1.0,0.0
303.3,312.6,1827.0,24.2,132.0,1.0,0.0,0.0,0,0,1.0,0.0
298.9,310.0,1561.0,45.3,58.0,0.0,0.0,1.0,0,0,1.0,0.0
298.3,308.0,1766.0,26.0,96.0,0.0,0.0,1.0,0,0,1.0,0.0
300.4,309.7,1466.0,39.8,184.0,0.0,0.0,1.0,0,0,1.0,0.0
297.1,308.2,2267.0,15.7,181.0,0.0,1.0,0.0,0,0,0.95,0.05
300.7,310.7,1343.0,51.6,211.0,0.0,0.0,1.0,0,0,0.635,0.365
302.9,312.2,1605.0,33.9,86.0,0.0,1.0,0.0,0,0,1.0,0.0
297.4,308.6,1524.0,43.1,73.0,0.0,1.0,0.0,0,0,1.0,0.0
300.7,310.9,1486.0,38.9,106.0,0.0,0.0,1.0,0,0,1.0,0.0
298.7,309.8,1469.0,38.4,62.0,0.0,1.0,0.0,0,0,0.995,0.005
303.7,312.9,1566.0,32.6,9.0,0.0,0.0,1.0,0,0,1.0,0.0
301.4,310.8,1389.0,52.7,125.0,0.0,1.0,0.0,0,0,1.0,0.0
301.5,311.1,2076.0,18.7,103.0,0.0,1.0,0.0,0,0,1.0,0.0
298.4,308.2,1610.0,35.0,24.0,0.0,0.0,1.0,0,0,0.995,0.005
302.5,312.0,1451.0,43.2,189.0,0.0,0.0,1.0,0,0,1.0,0.0
297.9,307.6,1504.0,42.4,180.0,0.0,1.0,0.0,0,0,1.0,0.0
298.6,309.5,1580.0,33.9,70.0,0.0,0.0,1.0,0,0,1.0,0.0
297.7,308.7,1479.0,45.7,93.0,0.0,1.0,0.0,0,0,1.0,0.0
298.6,308.4,1407.0,50.5,164.0,1.0,0.0,0.0,0,0,0.995,0.005
297.0,308.1,1355.0,43.7,217.0,0.0,1.0,0.0,0,0,0.805,0.195
302.4,311.0,1464.0,44.2,106.0,0.0,0.0,1.0,0,0,1.0,0.0
299.7,310.5,1492.0,39.3,131.0,0.0,0.0,1.0,0,0,1.0,0.0
303.8,312.6,1565.0,36.0,179.0,0.0,1.0,0.0,0,0,1.0,0.0
300.0,309.5,1641.0,30.1,35.0,0.0,1.0,0.0,0,0,1.0,0.0
298.0,308.2,2090.0,19.0,143.0,0.0,0.0,1.0,0,0,0.98,0.02
298.9,310.6,1387.0,52.7,2.0,0.0,1.0,0.0,0,0,1.0,0.0
302.1,311.2,1550.0,34.8,177.0,0.0,1.0,0.0,0,0,1.0,0.0
299.6,311.0,1554.0,36.3,62.0,0.0,1.0,0.0,0,0,0.995,0.005
298.8,309.1,1368.0,50.8,115.0,0.0,1.0,0.0,0,0,1.0,0.0
299.5,309.2,1690.0,29.2,108.0,0.0,1.0,0.0,0,0,0.985,0.015
302.6,311.6,1576.0,34.7,182.0,0.0,1.0,0.0,0,0,1.0,0.0
298.1,307.8,1761.0,28.2,76.0,0.0,1.0,0.0,0,0,1.0,0.0
298.8,310.1,1243.0,74.5,194.0,0.0,0.0,1.0,1,1,0.555,0.555
301.1,310.6,1417.0,47.6,10.0,0.0,1.0,0.0,0,0,0.99,0.01
298.2,307.8,1585.0,34.6,78.0,0.0,1.0,0.0,0,0,1.0,0.0
298.1,309.0,1437.0,36.2,95.0,0.0,1.0,0.0,0,0,1.0,0.0
302.9,311.1,1926.0,21.8,58.0,0.0,0.0,1.0,0,0,1.0,0.0
302.3,311.3,1621.0,31.6,135.0,0.0,1.0,0.0,0,0,1.0,0.0
298.2,308.7,1520.0,35.7,40.0,1.0,0.0,0.0,0,0,0.96,0.04
301.7,309.9,1533.0,40.9,106.0,0.0,0.0,1.0,0,0,0.995,0.005
299.1,310.5,1428.0,43.0,53.0,0.0,0.0,1.0,0,0,1.0,0.0
298.7,309.1,1423.0,49.5,200.0,0.0,0.0,1.0,0,0,0.985,0.015
298.7,309.7,1311.0,54.5,52.0,1.0,0.0,0.0,0,0,0.95,0.05
300.1,311.5,1454.0,52.4,90.0,0.0,1.0,0.0,0,0,0.995,0.005
296.7,307.8,1537.0,36.3,233.0,0.0,0.0,1.0,0,0,0.9,0.1
303.6,311.8,1614.0,33.2,155.0,0.0,1.0,0.0,0,0,1.0,0.0
296.9,308.1,1422.0,48.7,215.0,0.0,1.0,0.0,0,0,0.565,0.435
298.3,308.0,1363.0,50.1,96.0,0.0,1.0,0.0,0,0,0.99,0.01
297.7,308.5,1373.0,56.7,203.0,0.0,1.0,0.0,1,1,0.685,0.685
298.3,308.8,1767.0,27.3,168.0,0.0,1.0,0.0,0,0,0.89,0.11
298.1,308.7,1527.0,43.0,56.0,0.0,0.0,1.0,0,0,1.0,0.0
300.7,310.8,1475.0,42.0,147.0,0.0,1.0,0.0,0,0,1.0,0.0
299.4,309.2,1427.0,41.5,29.0,0.0,1.0,0.0,0,0,1.0,0.0
300.7,311.2,1452.0,44.4,33.0,0.0,1.0,0.0,0,0,1.0,0.0
303.4,311.6,1564.0,41.9,137.0,0.0,1.0,0.0,0,0,0.985,0.015
298.0,308.7,1494.0,42.6,96.0,0.0,0.0,1.0,0,0,1.0,0.0
297.6,308.5,1678.0,34.2,114.0,0.0,1.0,0.0,0,0,1.0,0.0
298.5,308.8,1589.0,30.6,11.0,0.0,1.0,0.0,0,0,1.0,0.0
297.3,308.3,1461.0,41.5,108.0,1.0,0.0,0.0,0,0,1.0,0.0
298.8,308.9,1455.0,41.3,208.0,0.0,1.0,0.0,1,0,0.975,0.025
298.9,310.0,1791.0,27.6,166.0,0.0,1.0,0.0,0,0,0.915,0.085
298.8,309.3,1450.0,44.8,63.0,0.0,1.0,0.0,0,0,1.0,0.0
298.1,307.8,1514.0,43.5,78.0,0.0,0.0,1.0,0,0,1.0,0.0
299.6,311.1,1679.0,30.7,129.0,0.0,1.0,0.0,0,0,1.0,0.0
301.5,310.9,1891.0,23.2,122.0,0.0,1.0,0.0,0,0,1.0,0.0
301.8,310.5,1593.0,34.9,139.0,0.0,1.0,0.0,0,0,1.0,0.0
304.3,313.5,1525.0,42.0,2.0,0.0,0.0,1.0,0,0,1.0,0.0
298.6,309.2,1311.0,46.6,44.0,0.0,0.0,1.0,0,0,1.0,0.0
297.9,307.5,1602.0,38.3,21.0,0.0,1.0,0.0,0,0,1.0,0.0
300.2,309.5,1500.0,45.7,89.0,0.0,0.0,1.0,0,0,1.0,0.0
297.9,307.6,1298.0,52.7,132.0,0.0,1.0,0.0,0,0,1.0,0.0
300.4,309.3,1525.0,39.6,202.0,0.0,1.0,0.0,0,0,0.99,0.01
301.8,311.1,1495.0,36.9,197.0,0.0,1.0,0.0,0,0,0.99,0.01
299.3,309.1,1388.0,45.5,123.0,0.0,1.0,0.0,0,0,1.0,0.0
298.3,308.5,1606.0,33.6,67.0,0.0,1.0,0.0,0,0,1.0,0.0
298.5,309.4,1573.0,36.0,97.0,1.0,0.0,0.0,0,0,1.0,0.0
299.1,310.5,1485.0,37.8,46.0,0.0,1.0,0.0,0,0,1.0,0.0
299.2,310.2,1697.0,30.6,12.0,0.0,1.0,0.0,0,0,1.0,0.0
301.9,310.9,1486.0,40.3,6.0,0.0,1.0,0.0,0,0,0.99,0.01
295.6,306.2,1414.0,42.5,69.0,1.0,0.0,0.0,0,0,1.0,0.0
298.8,309.4,1387.0,54.1,171.0,0.0,1.0,0.0,0,0,0.98,0.02
303.6,311.8,1736.0,32.9,99.0,0.0,1.0,0.0,0,0,1.0,0.0
298.6,309.5,1420.0,50.4,82.0,1.0,0.0,0.0,0,0,0.99,0.01
297.7,308.2,1334.0,53.0,156.0,0.0,1.0,0.0,0,0,0.97,0.03
297.2,308.6,1562.0,33.0,84.0,0.0,1.0,0.0,0,0,1.0,0.0
302.3,311.2,1758.0,24.4,68.0,0.0,1.0,0.0,0,0,1.0,0.0
304.3,313.6,1489.0,40.3,196.0,0.0,0.0,1.0,0,0,0.98,0.02
299.8,309.4,1475.0,43.4,51.0,0.0,1.0,0.0,0,0,0.995,0.005
298.2,307.6,1492.0,37.2,178.0,0.0,1.0,0.0,0,0,0.97,0.03
302.5,311.8,2023.0,19.1,74.0,0.0,0.0,1.0,0,0,0.975,0.025
302.7,311.1,1418.0,43.4,130.0,1.0,0.0,0.0,0,0,0.975,0.025
300.6,310.7,1457.0,36.7,193.0,0.0,0.0,1.0,0,0,1.0,0.0
299.4,310.8,1628.0,40.2,111.0,0.0,0.0,1.0,0,0,1.0,0.0
300.2,311.6,1513.0,40.8,157.0,0.0,0.0,1.0,0,0,1.0,0.0
298.0,308.7,1626.0,36.7,210.0,0.0,1.0,0.0,0,0,0.98,0.02
298.2,309.1,1569.0,35.2,199.0,0.0,1.0,0.0,0,0,0.985,0.015
296.8,308.0,1561.0,38.3,9.0,0.0,1.0,0.0,0,0,1.0,0.0
301.8,311.2,1822.0,26.2,204.0,0.0,1.0,0.0,0,0,0.97,0.03
300.5,311.8,1591.0,42.0,182.0,0.0,0.0,1.0,0,0,0.99,0.01
300.8,309.8,1657.0,31.1,151.0,0.0,1.0,0.0,0,0,0.905,0.095
302.0,310.6,1438.0,43.2,12.0,1.0,0.0,0.0,0,0,0.945,0.055
299.3,308.5,1422.0,45.4,37.0,0.0,0.0,1.0,0,0,0.99,0.01
301.8,310.8,1736.0,26.5,56.0,0.0,1.0,0.0,0,0,0.99,0.01
299.4,310.8,1391.0,48.9,139.0,0.0,1.0,0.0,0,0,0.995,0.005
300.3,311.7,1317.0,56.5,7.0,0.0,1.0,0.0,0,0,0.905,0.095
299.2,310.3,1440.0,47.0,21.0,0.0,1.0,0.0,0,0,0.995,0.005
297.1,307.8,1406.0,60.4,133.0,0.0,1.0,0.0,0,0,0.795,0.205
297.3,308.1,1763.0,28.4,54.0,0.0,1.0,0.0,0,0,1.0,0.0
295.9,306.6,1679.0,30.4,117.0,0.0,1.0,0.0,0,0,1.0,0.0
302.9,312.3,1578.0,36.3,141.0,0.0,1.0,0.0,0,0,1.0,0.0
298.0,307.5,1427.0,43.6,101.0,0.0,0.0,1.0,0,0,1.0,0.0
296.8,307.5,1347.0,54.8,43.0,0.0,1.0,0.0,0,0,0.995,0.005
298.6,309.3,1702.0,27.6,143.0,0.0,1.0,0.0,0,0,0.965,0.035
297.7,308.9,1458.0,41.1,14.0,0.0,1.0,0.0,0,0,1.0,0.0
301.1,310.5,1428.0,44.1,103.0,0.0,1.0,0.0,0,0,0.995,0.005
299.3,308.9,1858.0,24.7,101.0,0.0,0.0,1.0,0,0,1.0,0.0
302.7,311.7,1759.0,29.9,5.0,0.0,0.0,1.0,0,0,0.975,0.025
297.4,308.2,1536.0,34.6,4.0,0.0,0.0,1.0,0,0,1.0,0.0
303.5,312.4,1318.0,54.2,177.0,0.0,0.0,1.0,0,0,0.725,0.275
300.6,310.6,1514.0,39.5,87.0,0.0,1.0,0.0,0,0,1.0,0.0
299.7,309.1,1713.0,33.5,141.0,0.0,1.0,0.0,0,0,0.995,0.005
301.5,310.5,1435.0,44.6,135.0,0.0,1.0,0.0,0,0,1.0,0.0
301.5,310.1,1541.0,42.2,52.0,0.0,1.0,0.0,0,0,1.0,0.0
302.7,312.2,1585.0,35.5,167.0,0.0,0.0,1.0,0,0,1.0,0.0
296.7,308.0,1451.0,50.7,197.0,0.0,1.0,0.0,0,0,0.96,0.04
301.8,310.7,1644.0,33.4,68.0,0.0,1.0,0.0,0,0,1.0,0.0
301.5,310.5,1927.0,22.4,149.0,0.0,1.0,0.0,0,0,1.0,0.0
299.2,308.8,1440.0,39.1,188.0,1.0,0.0,0.0,0,0,0.985,0.015
297.7,308.2,2007.0,19.3,181.0,0.0,1.0,0.0,0,0,1.0,0.0
298.5,309.7,1557.0,37.7,86.0,0.0,0.0,1.0,0,0,0.995,0.005
303.9,313.1,1665.0,29.6,0.0,0.0,1.0,0.0,0,0,0.985,0.015
302.0,310.7,1657.0,31.9,37.0,0.0,1.0,0.0,0,0,1.0,0.0
298.4,308.6,1477.0,44.0,124.0,0.0,1.0,0.0,0,0,1.0,0.0
298.4,308.9,1501.0,50.0,203.0,0.0,1.0,0.0,0,0,0.795,0.205
301.4,310.7,1639.0,29.8,127.0,0.0,0.0,1.0,0,0,1.0,0.0
300.5,311.6,1447.0,45.4,204.0,0.0,1.0,0.0,0,0,0.96,0.04
303.6,312.4,1363.0,53.1,7.0,0.0,1.0,0.0,0,0,0.695,0.305
298.9,309.9,1309.0,56.2,119.0,0.0,1.0,0.0,0,0,0.94,0.06
297.6,309.0,1491.0,43.2,7.0,0.0,1.0,0.0,0,0,0.995,0.005
296.2,307.3,1477.0,35.2,53.0,0.0,0.0,1.0,0,0,1.0,0.0
300.4,309.8,1725.0,30.4,195.0,0.0,0.0,1.0,0,0,0.99,0.01
298.9,309.5,1645.0,31.1,169.0,0.0,1.0,0.0,0,0,1.0,0.0
297.0,307.8,1774.0,28.0,188.0,0.0,1.0,0.0,0,0,0.995,0.005
297.5,309.4,1482.0,39.3,112.0,0.0,0.0,1.0,0,0,1.0,0.0
301.2,311.4,1757.0,28.0,6.0,0.0,1.0,0.0,0,0,1.0,0.0
299.5,310.0,1388.0,52.4,94.0,0.0,1.0,0.0,0,0,1.0,0.0
297.3,308.6,1511.0,35.7,120.0,0.0,1.0,0.0,0,0,1.0,0.0
299.5,309.0,1399.0,49.7,207.0,0.0,0.0,1.0,0,0,0.895,0.105
298.8,308.7,1635.0,35.2,47.0,0.0,1.0,0.0,0,0,1.0,0.0
298.8,308.8,1555.0,40.6,61.0,0.0,1.0,0.0,0,0,1.0,0.0
298.0,308.2,1373.0,51.2,215.0,0.0,0.0,1.0,0,0,0.885,0.115
297.5,308.1,1907.0,23.5,125.0,0.0,0.0,1.0,0,0,1.0,0.0
297.3,308.9,1799.0,24.5,137.0,0.0,0.0,1.0,0,0,1.0,0.0
301.4,310.8,1530.0,39.9,107.0,0.0,0.0,1.0,0,0,1.0,0.0
298.0,308.6,1507.0,37.3,217.0,0.0,0.0,1.0,0,0,0.93,0.07
296.9,307.7,2008.0,17.5,3.0,0.0,0.0,1.0,0,0,0.995,0.005
298.3,309.2,1562.0,37.6,137.0,0.0,1.0,0.0,0,0,1.0,0.0
299.3,310.7,1374.0,48.9,222.0,0.0,0.0,1.0,0,1,0.52,0.52
299.8,310.8,1530.0,35.2,163.0,0.0,0.0,1.0,0,0,1.0,0.0
302.0,309.9,1308.0,57.6,197.0,0.0,1.0,0.0,1,1,0.69,0.69
300.1,309.8,1430.0,56.7,44.0,0.0,1.0,0.0,0,0,0.965,0.035
297.4,309.2,1420.0,45.6,193.0,0.0,1.0,0.0,0,0,0.975,0.025
302.4,310.0,1426.0,46.6,102.0,0.0,1.0,0.0,0,0,0.94,0.06
300.0,309.3,2293.0,16.3,170.0,0.0,0.0,1.0,0,0,0.86,0.14
298.7,310.1,1786.0,27.7,114.0,0.0,1.0,0.0,0,0,0.995,0.005
298.9,308.9,1753.0,25.8,33.0,0.0,1.0,0.0,0,0,0.995,0.005
301.8,311.1,1395.0,44.6,171.0,0.0,0.0,1.0,0,0,0.98,0.02
296.8,308.0,1584.0,40.4,227.0,0.0,1.0,0.0,0,0,0.87,0.13
302.1,311.2,1422.0,50.3,146.0,0.0,1.0,0.0,0,0,1.0,0.0
302.0,310.4,1568.0,39.2,112.0,0.0,1.0,0.0,0,0,1.0,0.0
297.3,308.7,1491.0,40.2,112.0,0.0,1.0,0.0,0,0,1.0,0.0
297.4,309.0,1570.0,37.9,154.0,0.0,1.0,0.0,0,0,1.0,0.0
300.5,309.8,1370.0,55.9,143.0,0.0,0.0,1.0,0,0,0.975,0.025
299.2,310.6,1434.0,48.4,153.0,1.0,0.0,0.0,0,0,0.995,0.005
299.2,310.5,1458.0,44.1,91.0,0.0,1.0,0.0,0,0,0.995,0.005
297.2,308.6,1335.0,53.0,39.0,0.0,1.0,0.0,0,0,0.98,0.02
303.3,311.3,1393.0,47.4,18.0,0.0,1.0,0.0,0,0,0.97,0.03
302.6,311.6,1227.0,68.2,187.0,0.0,0.0,1.0,1,1,0.63,0.63
301.5,310.0,1417.0,44.6,49.0,0.0,0.0,1.0,0,0,0.995,0.005
303.9,312.6,1426.0,53.4,172.0,0.0,1.0,0.0,0,0,0.95,0.05
298.0,307.6,1509.0,41.6,33.0,0.0,1.0,0.0,0,0,1.0,0.0
302.7,310.5,1551.0,35.9,6.0,0.0,1.0,0.0,0,0,0.975,0.025
300.4,310.6,1384.0,48.7,24.0,0.0,1.0,0.0,0,0,1.0,0.0
298.2,307.8,1804.0,25.1,108.0,0.0,1.0,0.0,0,0,0.995,0.005
302.6,312.3,1566.0,36.6,46.0,0.0,0.0,1.0,0,0,1.0,0.0
303.4,311.8,1438.0,58.9,22.0,0.0,1.0,0.0,0,0,0.8,0.2
300.1,309.1,1551.0,33.7,214.0,0.0,1.0,0.0,0,0,0.945,0.055
297.6,309.3,1415.0,41.3,17.0,0.0,0.0,1.0,0,0,1.0,0.0
297.9,307.8,1450.0,43.5,106.0,0.0,0.0,1.0,0,0,1.0,0.0
303.0,311.3,1793.0,29.3,157.0,0.0,1.0,0.0,0,0,1.0,0.0
300.0,311.4,1487.0,41.2,22.0,0.0,1.0,0.0,0,0,1.0,0.0
299.0,310.1,2033.0,19.3,15.0,0.0,1.0,0.0,0,0,0.99,0.01
301.1,311.0,1918.0,21.7,28.0,0.0,1.0,0.0,0,0,1.0,0.0
303.9,313.2,1630.0,29.3,104.0,0.0,0.0,1.0,0,0,1.0,0.0
300.9,310.5,1702.0,29.3,32.0,0.0,0.0,1.0,0,0,1.0,0.0
300.4,309.4,1362.0,42.1,182.0,0.0,0.0,1.0,0,0,0.99,0.01
300.5,309.8,1441.0,48.8,200.0,0.0,1.0,0.0,0,0,0.91,0.09
300.7,311.1,1438.0,46.6,103.0,0.0,0.0,1.0,0,0,0.995,0.005
298.3,308.4,1539.0,43.4,69.0,0.0,0.0,1.0,0,0,1.0,0.0
301.3,310.0,1665.0,31.4,0.0,0.0,1.0,0.0,0,0,1.0,0.0
300.2,311.4,1495.0,43.6,95.0,0.0,1.0,0.0,0,0,1.0,0.0
298.3,310.0,1442.0,43.9,110.0,0.0,1.0,0.0,0,0,1.0,0.0
296.6,307.5,1582.0,37.9,197.0,0.0,1.0,0.0,0,0,1.0,0.0
297.3,308.5,1664.0,28.9,174.0,0.0,0.0,1.0,0,0,0.925,0.075
297.4,309.4,1620.0,35.4,51.0,0.0,1.0,0.0,0,0,1.0,0.0
300.1,309.2,1438.0,51.0,211.0,0.0,0.0,1.0,0,0,0.915,0.085
299.2,308.6,1462.0,55.0,163.0,1.0,0.0,0.0,0,0,1.0,0.0
300.9,310.6,1598.0,35.4,186.0,0.0,1.0,0.0,0,0,0.995,0.005
301.1,312.3,1486.0,34.9,122.0,0.0,1.0,0.0,0,0,1.0,0.0
300.8,312.0,1443.0,53.3,151.0,0.0,0.0,1.0,0,0,0.995,0.005
297.4,308.0,1601.0,34.6,181.0,0.0,0.0,1.0,0,0,1.0,0.0
298.0,309.2,1527.0,39.5,85.0,0.0,1.0,0.0,0,0,1.0,0.0
299.1,310.7,1309.0,51.1,188.0,0.0,1.0,0.0,0,0,0.855,0.145
297.6,308.3,1623.0,36.9,61.0,0.0,1.0,0.0,0,0,1.0,0.0
302.9,312.3,1809.0,25.0,180.0,0.0,0.0,1.0,0,0,1.0,0.0
298.0,308.1,1777.0,24.3,200.0,0.0,1.0,0.0,0,0,0.75,0.25
297.6,308.7,1460.0,46.7,150.0,0.0,1.0,0.0,0,0,1.0,0.0
299.8,309.7,1707.0,29.1,94.0,0.0,1.0,0.0,0,0,0.88,0.12
301.3,311.1,1647.0,28.2,140.0,0.0,1.0,0.0,0,0,1.0,0.0
301.3,310.4,1577.0,48.3,78.0,0.0,0.0,1.0,0,0,1.0,0.0
302.4,310.5,1372.0,45.7,144.0,0.0,0.0,1.0,1,1,0.68,0.68
299.5,309.3,1462.0,46.7,7.0,0.0,1.0,0.0,0,0,1.0,0.0
303.7,313.0,1456.0,45.5,51.0,0.0,1.0,0.0,0,0,1.0,0.0
297.4,308.5,1410.0,43.9,47.0,0.0,1.0,0.0,0,0,1.0,0.0
300.6,309.4,1521.0,37.2,90.0,0.0,0.0,1.0,0,0,1.0,0.0
297.6,307.2,1470.0,42.6,44.0,0.0,0.0,1.0,0,0,1.0,0.0
297.0,307.8,1396.0,50.0,96.0,0.0,1.0,0.0,0,0,0.995,0.005
299.5,309.0,1602.0,31.3,210.0,0.0,0.0,1.0,0,0,0.91,0.09
304.2,313.1,1608.0,31.1,20.0,0.0,0.0,1.0,0,0,0.99,0.01
297.7,308.2,1526.0,40.1,165.0,1.0,0.0,0.0,0,0,1.0,0.0
300.6,309.6,1503.0,38.4,68.0,0.0,0.0,1.0,0,0,1.0,0.0
301.8,310.7,1523.0,43.3,60.0,0.0,1.0,0.0,0,0,0.995,0.005
301.3,310.1,1531.0,41.6,9.0,0.0,1.0,0.0,0,0,1.0,0.0
299.9,309.3,1473.0,40.4,59.0,0.0,1.0,0.0,0,0,1.0,0.0
301.2,310.7,1394.0,42.8,168.0,0.0,0.0,1.0,0,0,1.0,0.0
297.3,308.5,1514.0,44.5,177.0,0.0,1.0,0.0,0,0,1.0,0.0
300.0,311.2,1393.0,43.1,45.0,1.0,0.0,0.0,0,0,0.985,0.015
302.2,310.6,1632.0,30.5,122.0,0.0,1.0,0.0,0,0,1.0,0.0
298.1,307.7,1388.0,40.3,109.0,0.0,1.0,0.0,0,0,1.0,0.0
299.2,309.0,1541.0,36.3,104.0,0.0,0.0,1.0,0,0,1.0,0.0
300.2,311.6,1827.0,27.0,22.0,0.0,1.0,0.0,0,0,1.0,0.0
300.6,311.9,1372.0,60.1,212.0,0.0,1.0,0.0,1,1,0.9,0.9
301.4,310.3,1611.0,41.5,11.0,1.0,0.0,0.0,0,0,1.0,0.0
299.9,309.6,1462.0,51.0,119.0,1.0,0.0,0.0,0,0,1.0,0.0
298.6,308.3,1278.0,60.5,32.0,0.0,1.0,0.0,0,0,0.91,0.09
303.1,312.4,1378.0,50.1,104.0,0.0,0.0,1.0,0,0,0.83,0.17
298.1,310.0,1553.0,40.9,49.0,0.0,1.0,0.0,0,0,1.0,0.0
300.7,311.7,1499.0,38.9,3.0,0.0,0.0,1.0,0,0,0.995,0.005
301.5,310.6,1519.0,40.7,208.0,0.0,1.0,0.0,0,0,0.8,0.2
300.2,309.6,1359.0,51.5,66.0,0.0,1.0,0.0,0,0,1.0,0.0
300.3,309.9,1611.0,29.0,177.0,0.0,0.0,1.0,0,0,0.915,0.085
298.6,309.9,1615.0,28.8,199.0,0.0,1.0,0.0,0,0,0.89,0.11
297.5,308.1,1480.0,42.4,112.0,0.0,0.0,1.0,0,0,1.0,0.0
298.6,309.6,1387.0,57.6,50.0,0.0,1.0,0.0,0,0,0.945,0.055
301.6,310.9,1385.0,50.7,195.0,0.0,1.0,0.0,0,0,0.91,0.09
299.6,310.9,1853.0,26.3,166.0,0.0,1.0,0.0,0,0,0.985,0.015
302.1,310.7,1359.0,49.3,41.0,0.0,1.0,0.0,1,1,0.65,0.65
303.6,312.7,1765.0,27.5,115.0,0.0,0.0,1.0,0,0,1.0,0.0
301.2,310.7,1951.0,21.3,44.0,0.0,1.0,0.0,0,0,1.0,0.0
299.0,310.3,1431.0,39.9,157.0,0.0,1.0,0.0,0,0,1.0,0.0
300.3,311.8,1746.0,26.3,187.0,0.0,1.0,0.0,0,0,0.995,0.005
302.9,311.2,1751.0,23.8,196.0,0.0,1.0,0.0,0,0,1.0,0.0
302.3,311.7,1685.0,30.8,130.0,0.0,0.0,1.0,0,0,1.0,0.0
297.5,308.6,1452.0,39.0,72.0,0.0,1.0,0.0,0,0,1.0,0.0
301.6,310.4,1517.0,41.1,167.0,0.0,1.0,0.0,0,0,1.0,0.0
298.1,308.0,1456.0,42.4,59.0,0.0,1.0,0.0,0,0,1.0,0.0
301.4,310.6,1464.0,48.6,96.0,0.0,0.0,1.0,0,0,1.0,0.0
300.0,309.9,1530.0,34.5,71.0,0.0,0.0,1.0,0,0,1.0,0.0
300.9,310.7,1517.0,41.7,210.0,0.0,1.0,0.0,0,0,0.815,0.185
295.3,305.8,1589.0,36.2,184.0,0.0,0.0,1.0,0,0,1.0,0.0
302.5,310.4,1429.0,43.2,191.0,0.0,0.0,1.0,0,0,1.0,0.0
297.8,307.5,1405.0,46.9,113.0,0.0,0.0,1.0,0,0,1.0,0.0
299.8,309.7,1556.0,37.7,124.0,0.0,0.0,1.0,0,0,1.0,0.0
299.2,308.6,1381.0,50.0,193.0,0.0,1.0,0.0,0,0,0.805,0.195
302.1,311.1,1423.0,36.8,80.0,0.0,0.0,1.0,0,0,1.0,0.0
301.1,312.3,1464.0,35.3,65.0,0.0,1.0,0.0,0,0,1.0,0.0
303.4,311.6,1497.0,42.8,58.0,0.0,1.0,0.0,0,0,0.99,0.01
299.4,309.0,1404.0,47.3,86.0,0.0,1.0,0.0,0,0,1.0,0.0
301.6,310.5,1809.0,25.5,40.0,0.0,1.0,0.0,0,0,1.0,0.0
302.4,310.1,1556.0,32.9,132.0,0.0,1.0,0.0,0,0,1.0,0.0
301.7,309.5,1298.0,65.5,229.0,0.0,1.0,0.0,1,1,0.73,0.73
301.8,310.6,1295.0,62.3,91.0,0.0,1.0,0.0,0,1,0.575,0.575
296.8,307.5,1470.0,45.9,132.0,0.0,0.0,1.0,0,0,1.0,0.0
299.9,311.3,1703.0,28.4,134.0,0.0,0.0,1.0,0,0,0.995,0.005
302.5,311.3,1393.0,47.5,130.0,1.0,0.0,0.0,0,0,0.965,0.035
300.6,309.4,1442.0,43.2,96.0,0.0,1.0,0.0,0,0,1.0,0.0
303.4,311.9,1419.0,50.9,39.0,0.0,0.0,1.0,0,0,0.845,0.155
299.9,309.5,1779.0,26.1,169.0,0.0,1.0,0.0,0,0,0.98,0.02
300.2,309.8,1353.0,59.4,26.0,0.0,1.0,0.0,0,0,0.925,0.075
299.5,309.2,1495.0,41.6,17.0,0.0,0.0,1.0,0,0,0.995,0.005
301.7,309.9,1457.0,39.2,192.0,0.0,0.0,1.0,0,0,0.985,0.015
302.4,311.1,1484.0,45.9,169.0,0.0,1.0,0.0,0,0,0.995,0.005
300.1,310.4,1480.0,37.1,77.0,0.0,0.0,1.0,0,0,1.0,0.0
301.0,311.2,1511.0,42.9,26.0,0.0,1.0,0.0,0,0,1.0,0.0
298.1,308.1,1484.0,40.4,59.0,0.0,1.0,0.0,0,0,1.0,0.0
301.9,311.4,1465.0,39.9,153.0,0.0,0.0,1.0,0,0,1.0,0.0
300.9,310.5,1894.0,21.9,188.0,0.0,1.0,0.0,0,0,1.0,0.0
303.7,312.9,1532.0,41.3,32.0,0.0,0.0,1.0,0,0,1.0,0.0
299.0,308.7,2248.0,16.8,204.0,0.0,1.0,0.0,0,0,0.645,0.355
300.6,310.4,1401.0,42.6,114.0,0.0,1.0,0.0,0,0,1.0,0.0
302.7,312.4,1954.0,24.8,13.0,0.0,1.0,0.0,0,0,1.0,0.0
298.8,309.8,1509.0,36.2,57.0,0.0,1.0,0.0,0,0,1.0,0.0
301.9,310.6,1260.0,65.9,29.0,0.0,0.0,1.0,0,0,0.565,0.435
295.9,306.6,1678.0,26.7,53.0,0.0,1.0,0.0,0,0,0.995,0.005
300.7,312.3,1420.0,53.8,67.0,0.0,1.0,0.0,0,0,0.96,0.04
300.5,309.8,1421.0,49.6,211.0,0.0,1.0,0.0,0,0,0.57,0.43
300.7,309.8,1596.0,31.5,123.0,0.0,1.0,0.0,0,0,0.99,0.01
300.9,310.7,1389.0,50.0,214.0,0.0,1.0,0.0,0,0,0.735,0.265
301.1,310.0,1433.0,48.1,14.0,0.0,0.0,1.0,0,0,0.94,0.06
297.4,308.3,1336.0,53.7,61.0,0.0,1.0,0.0,0,0,0.985,0.015
299.3,310.5,1404.0,47.5,12.0,0.0,0.0,1.0,0,0,0.99,0.01
297.8,309.3,2243.0,15.7,36.0,0.0,0.0,1.0,0,0,0.99,0.01
295.9,306.6,1412.0,41.0,109.0,0.0,1.0,0.0,0,0,1.0,0.0
298.4,309.2,1399.0,45.2,125.0,0.0,0.0,1.0,0,0,0.99,0.01
300.6,309.8,1502.0,42.4,133.0,0.0,1.0,0.0,0,0,1.0,0.0
299.3,308.7,1393.0,54.2,80.0,0.0,1.0,0.0,0,0,1.0,0.0
301.3,310.6,1387.0,53.6,94.0,0.0,1.0,0.0,0,0,1.0,0.0
297.5,308.8,1603.0,36.7,184.0,0.0,1.0,0.0,0,0,1.0,0.0
298.6,309.4,1407.0,45.1,176.0,0.0,0.0,1.0,0,0,1.0,0.0
297.4,308.7,1402.0,40.2,114.0,0.0,1.0,0.0,0,0,0.995,0.005
297.8,307.3,1516.0,40.1,166.0,1.0,0.0,0.0,0,0,1.0,0.0
297.1,308.4,1583.0,38.2,150.0,0.0,0.0,1.0,0,0,1.0,0.0
299.6,310.1,1384.0,49.8,11.0,0.0,1.0,0.0,0,0,0.995,0.005
297.3,308.8,1419.0,42.4,139.0,1.0,0.0,0.0,0,0,1.0,0.0
298.4,308.9,1638.0,32.4,109.0,0.0,1.0,0.0,0,0,1.0,0.0
300.2,311.5,1432.0,43.6,127.0,1.0,0.0,0.0,0,0,1.0,0.0
300.8,312.0,1496.0,40.0,175.0,0.0,1.0,0.0,0,0,0.995,0.005
301.3,310.6,1426.0,40.7,54.0,0.0,1.0,0.0,0,0,1.0,0.0
297.5,309.4,1650.0,34.6,142.0,0.0,1.0,0.0,0,0,1.0,0.0
300.9,310.7,1403.0,40.6,207.0,1.0,0.0,0.0,0,0,0.945,0.055
301.2,310.6,1670.0,30.0,40.0,0.0,1.0,0.0,0,0,1.0,0.0
304.1,313.3,1459.0,50.3,39.0,0.0,1.0,0.0,0,0,1.0,0.0
297.9,309.0,1379.0,47.3,28.0,0.0,1.0,0.0,0,0,1.0,0.0
302.6,311.8,1638.0,35.1,17.0,0.0,1.0,0.0,0,0,1.0,0.0
303.3,311.2,1607.0,31.7,34.0,1.0,0.0,0.0,0,0,0.99,0.01
300.5,312.0,1453.0,45.1,151.0,0.0,1.0,0.0,0,0,1.0,0.0
301.4,310.7,1509.0,38.3,95.0,0.0,1.0,0.0,0,0,1.0,0.0
296.7,307.7,1927.0,23.9,112.0,0.0,1.0,0.0,0,0,1.0,0.0
300.1,309.7,1641.0,30.4,41.0,0.0,1.0,0.0,0,0,1.0,0.0
300.3,309.8,1444.0,42.0,3.0,0.0,0.0,1.0,0,0,1.0,0.0
300.2,310.1,1523.0,42.3,25.0,0.0,1.0,0.0,0,0,1.0,0.0
303.6,313.1,1405.0,38.3,58.0,0.0,1.0,0.0,0,0,0.99,0.01
301.3,310.8,1432.0,54.4,51.0,0.0,1.0,0.0,0,0,1.0,0.0
296.9,307.8,1544.0,40.3,150.0,0.0,0.0,1.0,0,0,1.0,0.0
300.7,311.9,1657.0,30.9,116.0,0.0,0.0,1.0,0,0,1.0,0.0
302.6,311.7,1430.0,51.7,32.0,0.0,0.0,1.0,0,0,0.92,0.08
300.2,309.4,1456.0,48.8,205.0,0.0,0.0,1.0,0,0,0.97,0.03
301.9,310.6,1331.0,68.6,85.0,0.0,1.0,0.0,1,1,0.65,0.65
302.4,311.1,1880.0,24.5,156.0,0.0,1.0,0.0,0,0,1.0,0.0
298.4,308.0,1515.0,42.8,125.0,0.0,1.0,0.0,0,0,1.0,0.0
300.4,309.2,1752.0,29.0,52.0,0.0,1.0,0.0,0,0,0.98,0.02
300.8,311.4,1322.0,67.2,18.0,0.0,1.0,0.0,1,1,0.625,0.625
298.1,307.8,1636.0,36.7,51.0,0.0,0.0,1.0,0,0,1.0,0.0
299.2,308.4,1711.0,28.9,197.0,0.0,1.0,0.0,0,0,0.91,0.09
301.3,310.3,1560.0,36.3,129.0,0.0,1.0,0.0,0,0,1.0,0.0
302.1,311.2,1454.0,59.2,153.0,0.0,1.0,0.0,1,0,0.685,0.315
297.9,309.0,1562.0,35.8,40.0,0.0,1.0,0.0,0,0,1.0,0.0
298.8,309.1,1418.0,46.3,133.0,0.0,1.0,0.0,0,0,1.0,0.0
296.3,307.3,1368.0,49.5,10.0,0.0,0.0,1.0,0,0,0.95,0.05
299.2,308.5,1366.0,49.7,74.0,0.0,1.0,0.0,0,0,0.97,0.03
300.7,311.2,1878.0,24.3,24.0,0.0,1.0,0.0,0,0,1.0,0.0
301.3,311.0,1580.0,36.6,184.0,1.0,0.0,0.0,0,0,1.0,0.0
299.5,309.2,1816.0,23.0,15.0,0.0,1.0,0.0,0,0,1.0,0.0
302.1,310.6,1385.0,53.6,5.0,0.0,1.0,0.0,0,0,0.895,0.105
301.8,310.9,1521.0,39.3,197.0,0.0,1.0,0.0,0,0,0.985,0.015
300.7,310.4,1234.0,51.7,160.0,0.0,1.0,0.0,0,0,0.92,0.08
300.3,311.5,1445.0,47.3,40.0,0.0,0.0,1.0,0,0,0.98,0.02
303.0,311.2,1601.0,32.9,69.0,0.0,1.0,0.0,0,0,1.0,0.0
300.9,312.0,1533.0,44.0,162.0,0.0,1.0,0.0,0,0,1.0,0.0
301.7,311.0,1585.0,35.9,185.0,0.0,1.0,0.0,0,0,0.995,0.005
300.2,309.1,1406.0,42.2,40.0,0.0,0.0,1.0,0,0,0.99,0.01
301.2,312.4,1505.0,39.6,102.0,0.0,0.0,1.0,0,0,0.995,0.005
296.2,306.8,1655.0,31.1,136.0,0.0,1.0,0.0,0,0,1.0,0.0
298.3,307.8,1330.0,55.4,114.0,0.0,0.0,1.0,0,0,1.0,0.0
297.2,308.1,1662.0,31.3,0.0,0.0,1.0,0.0,0,0,0.995,0.005
300.8,312.6,1422.0,50.0,117.0,0.0,1.0,0.0,0,0,0.96,0.04
303.5,313.1,1897.0,23.6,75.0,0.0,1.0,0.0,0,0,0.995,0.005
300.6,309.7,1593.0,32.4,76.0,0.0,1.0,0.0,0,0,1.0,0.0
301.1,310.4,1312.0,73.6,49.0,0.0,1.0,0.0,1,1,0.54,0.54
298.9,310.1,1324.0,54.6,185.0,1.0,0.0,0.0,0,0,0.87,0.13
297.7,308.7,1249.0,60.4,143.0,0.0,1.0,0.0,0,0,0.945,0.055
302.6,312.3,1534.0,34.3,31.0,0.0,1.0,0.0,0,0,1.0,0.0
300.8,312.5,1517.0,39.2,107.0,0.0,1.0,0.0,0,0,0.965,0.035
301.6,310.5,1602.0,32.3,2.0,1.0,0.0,0.0,0,0,1.0,0.0
300.9,311.0,2003.0,20.2,138.0,0.0,1.0,0.0,0,0,1.0,0.0
300.1,309.0,1612.0,33.0,34.0,0.0,0.0,1.0,0,0,1.0,0.0
300.1,311.4,1467.0,35.7,45.0,0.0,1.0,0.0,0,0,1.0,0.0
297.8,308.5,1448.0,40.0,192.0,0.0,1.0,0.0,0,0,1.0,0.0
297.5,308.3,1476.0,45.6,31.0,0.0,0.0,1.0,0,0,1.0,0.0
300.3,309.6,1435.0,45.4,181.0,0.0,1.0,0.0,0,0,1.0,0.0
298.0,309.2,1558.0,41.7,35.0,0.0,0.0,1.0,0,0,1.0,0.0
302.5,312.0,1445.0,54.8,0.0,0.0,0.0,1.0,0,0,0.945,0.055
301.0,309.6,1724.0,28.1,133.0,0.0,1.0,0.0,0,0,0.985,0.015
300.7,311.5,1569.0,36.4,20.0,0.0,0.0,1.0,0,0,0.99,0.01
298.8,310.2,1527.0,31.2,102.0,0.0,0.0,1.0,0,0,1.0,0.0
300.2,311.6,1375.0,56.9,155.0,0.0,1.0,0.0,0,0,0.865,0.135
298.7,309.9,1483.0,32.8,142.0,0.0,1.0,0.0,0,0,0.99,0.01
299.7,310.5,1594.0,35.4,134.0,0.0,0.0,1.0,0,0,0.995,0.005
301.3,311.0,1495.0,40.8,148.0,0.0,0.0,1.0,0,0,1.0,0.0
301.7,310.6,1303.0,59.7,42.0,0.0,1.0,0.0,0,1,0.58,0.58
303.8,312.7,1555.0,33.4,128.0,0.0,0.0,1.0,0,0,1.0,0.0
301.5,311.1,1507.0,38.6,149.0,0.0,0.0,1.0,0,0,1.0,0.0
298.6,310.1,1439.0,49.9,17.0,0.0,1.0,0.0,0,0,0.965,0.035
301.4,310.7,1436.0,54.1,90.0,0.0,1.0,0.0,0,0,0.995,0.005
301.3,310.8,1455.0,41.2,56.0,0.0,0.0,1.0,0,0,1.0,0.0
301.1,311.6,1266.0,55.5,210.0,0.0,0.0,1.0,0,0,0.515,0.485
300.4,311.4,1604.0,31.7,119.0,0.0,0.0,1.0,0,0,1.0,0.0
299.8,309.6,1598.0,31.0,139.0,0.0,1.0,0.0,0,0,1.0,0.0
300.6,309.4,1549.0,43.4,233.0,0.0,1.0,0.0,0,0,0.875,0.125
296.7,307.8,1605.0,31.3,128.0,0.0,1.0,0.0,0,0,1.0,0.0
301.2,310.7,1426.0,46.1,67.0,0.0,0.0,1.0,0,0,0.995,0.005
297.7,308.7,1449.0,40.2,95.0,0.0,1.0,0.0,0,0,1.0,0.0
297.0,308.1,1489.0,44.1,96.0,0.0,1.0,0.0,0,0,1.0,0.0
299.1,308.8,1502.0,46.7,197.0,0.0,1.0,0.0,0,0,0.995,0.005
299.7,309.2,1691.0,27.7,203.0,1.0,0.0,0.0,0,0,0.915,0.085
301.5,311.1,1731.0,27.9,101.0,0.0,1.0,0.0,0,0,1.0,0.0
298.9,308.2,2022.0,20.0,23.0,0.0,0.0,1.0,0,0,0.98,0.02
303.1,312.5,1453.0,49.1,140.0,0.0,1.0,0.0,0,0,0.965,0.035
303.1,311.1,1594.0,35.5,13.0,0.0,0.0,1.0,0,0,1.0,0.0
299.4,308.6,1492.0,40.5,181.0,0.0,1.0,0.0,0,0,1.0,0.0
302.6,310.2,1563.0,39.0,97.0,0.0,0.0,1.0,0,0,0.965,0.035
300.9,310.7,1656.0,30.7,200.0,1.0,0.0,0.0,0,0,0.995,0.005
302.3,310.1,1513.0,40.4,22.0,0.0,1.0,0.0,0,0,1.0,0.0
301.0,310.9,1473.0,44.2,116.0,0.0,1.0,0.0,0,0,1.0,0.0
302.5,310.3,1411.0,49.5,110.0,0.0,0.0,1.0,0,0,0.89,0.11
296.6,307.4,1504.0,45.8,58.0,0.0,1.0,0.0,0,0,1.0,0.0
302.7,312.1,1543.0,37.5,33.0,0.0,1.0,0.0,0,0,1.0,0.0
300.7,310.7,1347.0,46.5,183.0,0.0,0.0,1.0,0,0,0.945,0.055
299.0,308.5,1886.0,23.0,198.0,0.0,1.0,0.0,0,0,0.87,0.13
301.7,310.5,1377.0,43.1,183.0,0.0,1.0,0.0,0,0,0.575,0.425
298.8,308.9,1402.0,37.9,2.0,0.0,1.0,0.0,0,0,0.97,0.03
300.2,311.4,1433.0,37.9,36.0,0.0,1.0,0.0,0,0,1.0,0.0
303.9,312.8,1419.0,47.9,196.0,0.0,1.0,0.0,0,0,0.975,0.025
301.4,311.3,2323.0,15.9,50.0,0.0,1.0,0.0,0,0,0.94,0.06
298.6,309.7,1635.0,32.2,110.0,0.0,0.0,1.0,0,0,0.995,0.005
298.7,310.1,1402.0,69.7,64.0,0.0,0.0,1.0,1,1,0.55,0.55
298.6,309.6,1491.0,36.9,192.0,0.0,1.0,0.0,0,0,0.99,0.01
300.8,310.3,1494.0,42.2,35.0,0.0,0.0,1.0,0,0,1.0,0.0
301.5,310.6,1565.0,43.9,142.0,0.0,1.0,0.0,0,0,1.0,0.0
297.3,308.7,1492.0,43.6,189.0,0.0,1.0,0.0,0,0,0.985,0.015
297.5,309.3,1525.0,41.7,235.0,1.0,0.0,0.0,0,0,0.96,0.04
298.2,307.8,1749.0,26.1,66.0,0.0,1.0,0.0,0,0,0.99,0.01
297.2,307.9,1493.0,38.4,146.0,0.0,1.0,0.0,0,0,1.0,0.0
298.7,310.1,1676.0,33.5,70.0,0.0,1.0,0.0,0,0,1.0,0.0
297.4,308.5,1486.0,48.6,75.0,0.0,1.0,0.0,0,0,1.0,0.0
296.3,307.3,1498.0,41.6,15.0,0.0,0.0,1.0,0,0,1.0,0.0
303.1,311.3,1657.0,31.8,217.0,0.0,1.0,0.0,0,0,0.665,0.335
297.7,309.2,1365.0,58.6,170.0,0.0,1.0,0.0,0,0,0.925,0.075
302.6,311.6,1453.0,37.0,135.0,0.0,1.0,0.0,0,0,1.0,0.0
297.6,309.4,1326.0,49.8,199.0,0.0,1.0,0.0,0,0,0.9,0.1
300.6,311.7,1507.0,45.5,74.0,0.0,1.0,0.0,0,0,1.0,0.0
298.1,308.9,1313.0,50.6,108.0,0.0,1.0,0.0,0,0,1.0,0.0
302.2,310.9,1452.0,42.3,56.0,0.0,1.0,0.0,0,0,1.0,0.0
298.1,308.9,1459.0,50.3,115.0,0.0,0.0,1.0,0,0,1.0,0.0
297.6,308.4,1611.0,31.0,48.0,0.0,0.0,1.0,0,0,1.0,0.0
300.3,311.5,1528.0,40.9,76.0,0.0,0.0,1.0,0,0,1.0,0.0
299.7,309.2,1616.0,31.6,175.0,0.0,1.0,0.0,0,0,1.0,0.0
296.9,307.5,1397.0,48.3,22.0,1.0,0.0,0.0,0,0,0.98,0.02
300.7,312.1,1512.0,36.9,153.0,0.0,1.0,0.0,0,0,0.995,0.005
297.2,308.5,1364.0,55.6,163.0,0.0,0.0,1.0,0,0,0.99,0.01
300.8,310.7,1525.0,39.4,175.0,0.0,1.0,0.0,0,0,1.0,0.0
302.3,311.8,1435.0,44.8,98.0,0.0,1.0,0.0,0,0,1.0,0.0
303.0,312.5,1507.0,37.9,163.0,1.0,0.0,0.0,0,0,0.995,0.005
300.7,311.0,1312.0,52.1,107.0,0.0,1.0,0.0,0,0,0.98,0.02
301.2,311.0,1573.0,32.8,57.0,0.0,1.0,0.0,0,0,1.0,0.0
299.2,310.7,1636.0,29.4,23.0,1.0,0.0,0.0,0,0,0.99,0.01
298.1,309.0,1592.0,33.9,85.0,0.0,1.0,0.0,0,0,1.0,0.0
300.1,311.5,1434.0,40.8,80.0,0.0,1.0,0.0,0,0,1.0,0.0
302.4,311.0,1423.0,46.2,186.0,0.0,1.0,0.0,0,0,0.96,0.04
302.5,311.5,1626.0,36.0,44.0,1.0,0.0,0.0,0,0,0.975,0.025
297.0,307.8,1385.0,56.4,202.0,0.0,1.0,0.0,1,1,0.74,0.74
297.5,308.5,1448.0,54.3,83.0,0.0,1.0,0.0,0,0,1.0,0.0
302.4,311.8,1673.0,30.1,210.0,0.0,1.0,0.0,0,0,0.85,0.15
300.4,310.2,1671.0,30.5,234.0,0.0,0.0,1.0,1,0,0.875,0.125
299.8,311.2,1564.0,40.0,172.0,0.0,1.0,0.0,0,0,1.0,0.0
300.7,309.5,1479.0,43.6,240.0,0.0,1.0,0.0,0,0,0.875,0.125
300.3,311.6,1709.0,29.5,27.0,0.0,1.0,0.0,0,0,1.0,0.0
302.4,311.1,1443.0,51.8,178.0,0.0,0.0,1.0,0,0,0.975,0.025
297.8,309.3,2015.0,20.1,161.0,0.0,1.0,0.0,0,0,0.95,0.05
301.6,310.7,1380.0,51.8,216.0,0.0,1.0,0.0,1,1,0.51,0.51
299.6,309.1,1560.0,37.1,73.0,0.0,0.0,1.0,0,0,0.995,0.005
299.8,309.1,1485.0,39.9,207.0,0.0,1.0,0.0,0,0,0.92,0.08
297.8,308.4,1579.0,36.6,152.0,0.0,0.0,1.0,0,0,1.0,0.0
301.6,310.6,1691.0,30.1,40.0,0.0,0.0,1.0,0,0,1.0,0.0
300.8,312.3,1535.0,40.3,71.0,0.0,0.0,1.0,0,0,0.995,0.005
298.2,308.1,1379.0,62.3,149.0,0.0,1.0,0.0,0,0,0.535,0.465
298.1,308.5,1372.0,51.1,116.0,0.0,0.0,1.0,0,0,1.0,0.0
300.8,310.8,1549.0,35.5,79.0,0.0,0.0,1.0,0,0,1.0,0.0
302.2,310.9,1604.0,40.5,68.0,0.0,1.0,0.0,0,0,1.0,0.0
298.0,307.6,1593.0,32.2,118.0,1.0,0.0,0.0,0,0,1.0,0.0
303.9,313.2,1481.0,44.1,197.0,0.0,1.0,0.0,0,0,0.98,0.02
297.4,308.2,1471.0,46.5,25.0,0.0,1.0,0.0,0,0,1.0,0.0
299.8,309.6,1526.0,41.7,85.0,0.0,1.0,0.0,0,0,1.0,0.0
300.4,309.7,1679.0,30.1,136.0,0.0,1.0,0.0,0,0,0.97,0.03
300.5,309.9,1397.0,45.9,210.0,1.0,0.0,0.0,1,0,0.865,0.135
298.5,309.5,1483.0,44.8,92.0,0.0,0.0,1.0,0,0,1.0,0.0
300.4,311.8,1405.0,47.9,58.0,0.0,1.0,0.0,0,0,1.0,0.0
301.0,311.3,1454.0,41.5,57.0,0.0,0.0,1.0,0,0,1.0,0.0
302.9,312.3,1426.0,44.7,157.0,0.0,0.0,1.0,0,0,1.0,0.0
300.8,310.7,1586.0,33.4,142.0,0.0,1.0,0.0,0,0,1.0,0.0
302.9,312.5,1683.0,32.1,85.0,0.0,1.0,0.0,0,0,1.0,0.0
298.3,307.7,1602.0,33.4,106.0,0.0,0.0,1.0,0,0,1.0,0.0
300.2,310.2,1438.0,51.5,7.0,0.0,0.0,1.0,0,0,0.97,0.03
299.3,309.1,1449.0,47.9,131.0,0.0,0.0,1.0,0,0,1.0,0.0
302.3,310.7,1612.0,33.4,139.0,0.0,1.0,0.0,0,0,1.0,0.0
301.0,310.4,1614.0,31.6,84.0,0.0,1.0,0.0,0,0,0.995,0.005
300.7,310.6,1505.0,40.6,179.0,1.0,0.0,0.0,0,0,1.0,0.0
301.7,310.6,1876.0,22.1,99.0,0.0,0.0,1.0,0,0,0.995,0.005
299.4,308.7,1525.0,39.0,90.0,0.0,1.0,0.0,0,0,1.0,0.0
300.7,310.2,1479.0,52.3,9.0,1.0,0.0,0.0,0,0,0.985,0.015
300.1,309.2,1533.0,37.0,101.0,0.0,1.0,0.0,0,0,1.0,0.0
297.8,309.2,1295.0,61.2,12.0,0.0,0.0,1.0,0,0,0.845,0.155
299.1,308.3,1601.0,31.4,121.0,0.0,1.0,0.0,0,0,1.0,0.0
297.3,308.7,1506.0,39.3,187.0,0.0,1.0,0.0,0,0,0.995,0.005
298.5,309.4,1548.0,37.7,43.0,0.0,1.0,0.0,0,0,1.0,0.0
299.4,309.2,1556.0,35.7,75.0,0.0,1.0,0.0,0,0,1.0,0.0
302.8,312.5,1462.0,43.4,68.0,0.0,1.0,0.0,0,0,1.0,0.0
302.7,312.4,1423.0,51.9,60.0,0.0,1.0,0.0,0,0,0.885,0.115
302.2,311.4,1499.0,37.7,55.0,0.0,1.0,0.0,0,0,1.0,0.0
299.3,309.1,1531.0,37.9,127.0,0.0,1.0,0.0,0,0,1.0,0.0
300.5,311.9,1370.0,44.8,20.0,0.0,0.0,1.0,0,0,0.96,0.04
299.1,308.3,1424.0,43.4,16.0,1.0,0.0,0.0,0,0,0.97,0.03
298.4,309.0,2304.0,15.1,89.0,0.0,1.0,0.0,0,0,0.93,0.07
298.0,307.6,1569.0,35.6,173.0,0.0,0.0,1.0,0,0,1.0,0.0
298.4,309.3,1496.0,45.6,129.0,0.0,0.0,1.0,0,0,1.0,0.0
297.3,308.7,1467.0,36.8,216.0,0.0,1.0,0.0,0,0,0.83,0.17
302.3,311.1,1338.0,53.3,63.0,0.0,0.0,1.0,0,0,0.565,0.435
296.4,307.4,2833.0,5.6,213.0,0.0,1.0,0.0,1,0,0.52,0.48
301.6,311.1,1408.0,44.4,106.0,0.0,1.0,0.0,0,0,0.995,0.005
303.5,312.6,1405.0,51.6,62.0,0.0,0.0,1.0,0,0,0.95,0.05
296.3,307.2,1646.0,35.0,192.0,0.0,1.0,0.0,0,0,1.0,0.0
298.4,308.1,1491.0,50.0,156.0,0.0,1.0,0.0,0,0,1.0,0.0
300.0,311.4,1484.0,37.0,183.0,0.0,1.0,0.0,0,0,1.0,0.0
297.6,308.5,1490.0,43.4,154.0,0.0,0.0,1.0,0,0,1.0,0.0
299.3,310.4,1365.0,53.9,171.0,0.0,1.0,0.0,0,0,0.86,0.14
302.7,312.2,1376.0,52.8,164.0,0.0,1.0,0.0,0,0,0.62,0.38
297.2,307.9,1747.0,29.0,188.0,0.0,0.0,1.0,0,0,0.97,0.03
303.1,312.5,1766.0,26.7,157.0,0.0,0.0,1.0,0,0,0.995,0.005
300.1,310.5,1356.0,45.8,126.0,0.0,1.0,0.0,0,0,0.985,0.015
303.2,311.4,2102.0,19.0,5.0,0.0,0.0,1.0,0,0,0.945,0.055
299.0,308.6,1946.0,22.3,102.0,0.0,1.0,0.0,0,0,0.99,0.01
299.0,308.6,1661.0,32.2,106.0,0.0,1.0,0.0,0,0,1.0,0.0
298.2,307.8,1388.0,48.6,76.0,0.0,1.0,0.0,0,0,1.0,0.0
304.1,313.2,1434.0,50.1,43.0,0.0,1.0,0.0,0,0,1.0,0.0
301.2,310.6,1437.0,51.2,112.0,0.0,1.0,0.0,0,0,1.0,0.0
303.0,311.2,1519.0,38.0,139.0,0.0,0.0,1.0,0,0,1.0,0.0
297.1,308.4,1543.0,39.6,205.0,0.0,1.0,0.0,0,0,0.955,0.045
298.1,308.7,1683.0,29.1,161.0,0.0,1.0,0.0,0,0,0.91,0.09
300.3,309.9,1518.0,36.4,0.0,0.0,1.0,0.0,0,0,1.0,0.0
297.4,308.7,1433.0,43.4,116.0,0.0,1.0,0.0,0,0,0.99,0.01
303.6,312.9,1480.0,41.4,135.0,0.0,1.0,0.0,0,0,1.0,0.0
300.6,310.9,1702.0,30.3,91.0,0.0,0.0,1.0,0,0,1.0,0.0
302.6,312.1,1344.0,51.0,206.0,0.0,1.0,0.0,0,1,0.655,0.655
303.0,311.2,1387.0,41.4,100.0,0.0,0.0,1.0,0,0,0.96,0.04
298.3,309.0,1408.0,45.4,98.0,0.0,1.0,0.0,0,0,0.995,0.005
302.6,310.4,1365.0,66.8,80.0,0.0,1.0,0.0,1,1,0.895,0.895
297.9,307.8,1286.0,59.5,55.0,0.0,1.0,0.0,0,0,0.955,0.045
298.9,309.6,1589.0,34.2,197.0,0.0,1.0,0.0,0,0,0.995,0.005
297.5,308.8,1477.0,39.0,127.0,0.0,1.0,0.0,0,0,1.0,0.0
303.6,312.0,1309.0,52.9,86.0,0.0,1.0,0.0,1,1,0.715,0.715
300.1,310.0,1511.0,41.7,186.0,0.0,1.0,0.0,0,0,1.0,0.0
302.3,310.2,1506.0,33.8,43.0,1.0,0.0,0.0,0,0,1.0,0.0
301.6,310.8,1343.0,49.5,140.0,0.0,0.0,1.0,0,0,0.94,0.06
303.6,311.8,1432.0,42.5,150.0,0.0,0.0,1.0,0,0,0.995,0.005
299.3,308.6,1448.0,52.1,71.0,0.0,0.0,1.0,0,0,0.995,0.005
301.4,310.8,1738.0,30.3,104.0,0.0,0.0,1.0,0,0,1.0,0.0
297.7,308.8,1469.0,43.7,96.0,1.0,0.0,0.0,0,0,1.0,0.0
297.9,308.8,1681.0,31.7,94.0,0.0,1.0,0.0,0,0,1.0,0.0
299.6,309.0,1736.0,26.1,146.0,0.0,0.0,1.0,0,0,0.995,0.005
300.2,310.4,1501.0,42.9,212.0,1.0,0.0,0.0,0,0,0.995,0.005
296.7,307.9,1579.0,33.4,50.0,1.0,0.0,0.0,0,0,1.0,0.0
299.7,311.1,1574.0,36.4,135.0,0.0,1.0,0.0,0,0,1.0,0.0
298.6,309.7,1422.0,49.7,139.0,0.0,0.0,1.0,0,0,0.985,0.015
297.5,309.4,1678.0,34.4,148.0,0.0,0.0,1.0,0,0,0.99,0.01
299.5,308.9,1520.0,38.3,122.0,0.0,1.0,0.0,0,0,0.995,0.005
299.0,310.4,1382.0,53.0,89.0,0.0,1.0,0.0,0,0,0.98,0.02
301.8,310.8,1383.0,46.4,37.0,0.0,1.0,0.0,0,0,0.94,0.06
299.5,309.3,1409.0,44.7,46.0,0.0,1.0,0.0,0,0,1.0,0.0
298.0,308.6,1376.0,55.7,214.0,0.0,0.0,1.0,0,0,0.86,0.14
299.2,308.3,1582.0,45.5,107.0,0.0,0.0,1.0,0,0,0.995,0.005
299.3,308.8,1772.0,25.2,89.0,0.0,1.0,0.0,0,0,1.0,0.0
300.4,310.5,1644.0,31.4,41.0,0.0,0.0,1.0,0,0,1.0,0.0
299.3,309.0,1425.0,40.6,123.0,1.0,0.0,0.0,0,0,1.0,0.0
298.0,307.6,1694.0,29.1,169.0,0.0,1.0,0.0,0,0,0.97,0.03
303.9,313.1,1491.0,37.2,195.0,0.0,1.0,0.0,0,0,0.995,0.005
302.0,310.8,1383.0,50.3,231.0,0.0,1.0,0.0,1,0,0.525,0.475
300.4,309.8,1314.0,63.1,146.0,0.0,1.0,0.0,0,0,0.6,0.4
300.5,309.3,1578.0,30.5,34.0,0.0,0.0,1.0,0,0,0.995,0.005
300.5,309.5,1542.0,38.5,108.0,0.0,1.0,0.0,0,0,1.0,0.0
297.8,307.7,1393.0,38.0,29.0,0.0,1.0,0.0,0,0,0.995,0.005
300.3,309.8,1523.0,39.2,24.0,0.0,1.0,0.0,0,0,1.0,0.0
298.3,307.6,1942.0,20.6,176.0,0.0,1.0,0.0,0,0,0.965,0.035
300.7,310.8,1479.0,49.1,71.0,0.0,1.0,0.0,0,0,1.0,0.0
301.5,310.5,1396.0,44.5,117.0,0.0,1.0,0.0,0,0,1.0,0.0
301.0,310.7,1657.0,29.9,148.0,0.0,0.0,1.0,0,0,1.0,0.0
296.8,308.0,1453.0,51.0,24.0,1.0,0.0,0.0,0,0,1.0,0.0
297.6,308.5,1848.0,23.7,37.0,0.0,0.0,1.0,0,0,1.0,0.0
303.5,313.0,1606.0,34.0,126.0,0.0,1.0,0.0,0,0,1.0,0.0
297.2,308.5,1550.0,41.5,125.0,0.0,1.0,0.0,0,0,1.0,0.0
298.8,310.1,1585.0,31.3,147.0,0.0,0.0,1.0,0,0,1.0,0.0
297.3,308.1,1506.0,36.0,150.0,0.0,1.0,0.0,0,0,1.0,0.0
298.3,308.4,1484.0,43.4,172.0,0.0,1.0,0.0,0,0,1.0,0.0
302.2,311.7,1466.0,49.0,66.0,0.0,0.0,1.0,0,0,0.995,0.005
298.2,308.8,1436.0,51.9,153.0,1.0,0.0,0.0,0,0,0.99,0.01
301.4,310.8,1770.0,24.1,112.0,0.0,1.0,0.0,0,0,1.0,0.0
300.8,309.7,1481.0,38.1,153.0,0.0,1.0,0.0,0,0,1.0,0.0
298.3,309.4,1816.0,22.6,138.0,0.0,0.0,1.0,0,0,1.0,0.0
295.7,306.2,1739.0,25.9,94.0,0.0,0.0,1.0,0,0,1.0,0.0
297.9,308.0,1800.0,24.8,44.0,1.0,0.0,0.0,0,0,0.985,0.015
301.3,311.0,1576.0,30.4,151.0,0.0,1.0,0.0,0,0,1.0,0.0
300.8,311.7,1681.0,31.3,221.0,0.0,1.0,0.0,0,0,0.75,0.25
300.0,310.4,1505.0,44.9,133.0,0.0,1.0,0.0,0,0,1.0,0.0
298.1,308.4,1335.0,40.2,109.0,0.0,1.0,0.0,0,0,0.995,0.005
302.5,311.1,1538.0,36.8,208.0,0.0,1.0,0.0,0,1,0.555,0.555
302.0,310.6,1361.0,46.7,182.0,0.0,1.0,0.0,0,1,0.805,0.805
303.5,311.7,1959.0,22.3,157.0,0.0,1.0,0.0,0,0,1.0,0.0
304.0,313.0,1701.0,30.4,171.0,1.0,0.0,0.0,0,0,1.0,0.0
300.6,310.7,1440.0,52.5,200.0,0.0,1.0,0.0,0,0,0.775,0.225
298.0,307.5,1792.0,27.9,217.0,0.0,1.0,0.0,0,0,0.81,0.19
297.8,307.2,1456.0,39.6,199.0,0.0,0.0,1.0,0,0,1.0,0.0
297.3,308.0,1527.0,35.1,165.0,0.0,1.0,0.0,0,0,1.0,0.0
299.2,308.5,1381.0,60.6,59.0,0.0,1.0,0.0,0,0,0.825,0.175
301.6,311.0,1431.0,42.6,158.0,0.0,1.0,0.0,0,0,0.99,0.01
302.6,312.3,1321.0,53.4,42.0,0.0,1.0,0.0,0,0,0.775,0.225
298.8,309.8,1477.0,46.7,59.0,0.0,0.0,1.0,0,0,0.995,0.005
300.9,311.0,1556.0,38.8,127.0,0.0,0.0,1.0,0,0,1.0,0.0
302.8,312.3,1386.0,57.8,172.0,0.0,1.0,0.0,0,0,0.705,0.295
300.7,310.9,1356.0,65.3,66.0,0.0,1.0,0.0,1,0,0.59,0.41
300.9,310.8,1988.0,19.7,136.0,0.0,0.0,1.0,0,0,0.95,0.05
298.9,310.2,1603.0,36.1,126.0,0.0,0.0,1.0,0,0,1.0,0.0
298.2,308.3,1304.0,49.8,45.0,0.0,1.0,0.0,0,0,1.0,0.0
302.4,310.1,1418.0,52.3,141.0,0.0,1.0,0.0,0,0,0.925,0.075
304.0,313.2,1271.0,68.6,161.0,1.0,0.0,0.0,1,0,0.71,0.29
299.2,308.8,1314.0,52.5,193.0,0.0,0.0,1.0,0,0,0.97,0.03
298.6,309.4,1439.0,47.1,149.0,1.0,0.0,0.0,0,0,0.9,0.1
302.4,311.8,1557.0,31.5,49.0,0.0,0.0,1.0,0,0,0.995,0.005
297.8,308.4,1512.0,39.9,181.0,0.0,1.0,0.0,0,0,1.0,0.0
301.7,311.0,1343.0,49.2,25.0,0.0,1.0,0.0,0,0,0.655,0.345
298.0,309.4,1490.0,40.5,53.0,1.0,0.0,0.0,0,0,1.0,0.0
299.0,309.0,1575.0,35.3,47.0,0.0,0.0,1.0,0,0,1.0,0.0
300.0,311.4,1655.0,29.6,30.0,0.0,1.0,0.0,0,0,1.0,0.0
301.3,310.4,1501.0,41.6,192.0,0.0,1.0,0.0,0,0,1.0,0.0
298.2,308.9,1592.0,35.2,142.0,0.0,0.0,1.0,0,0,1.0,0.0
299.6,310.9,1530.0,38.8,198.0,0.0,0.0,1.0,0,0,0.985,0.015
299.3,310.4,1548.0,41.6,25.0,1.0,0.0,0.0,0,0,0.995,0.005
297.4,308.9,1809.0,23.8,131.0,0.0,1.0,0.0,0,0,1.0,0.0
297.1,308.3,1763.0,25.7,139.0,0.0,1.0,0.0,0,0,0.99,0.01
303.6,312.5,1459.0,48.2,17.0,0.0,0.0,1.0,0,0,0.955,0.045
298.3,308.3,1444.0,43.8,176.0,0.0,1.0,0.0,0,0,1.0,0.0
302.1,311.5,1987.0,20.1,21.0,0.0,1.0,0.0,0,0,1.0,0.0
299.1,308.8,1502.0,38.3,88.0,0.0,1.0,0.0,0,0,1.0,0.0
299.7,311.2,1616.0,42.3,180.0,0.0,0.0,1.0,0,0,0.96,0.04
301.7,310.5,2465.0,13.7,149.0,0.0,1.0,0.0,0,0,0.625,0.375
300.1,309.4,1694.0,27.4,44.0,0.0,1.0,0.0,0,0,0.99,0.01
298.8,309.9,1441.0,41.6,62.0,0.0,1.0,0.0,0,0,0.985,0.015
301.9,310.8,1906.0,21.7,62.0,0.0,1.0,0.0,0,0,0.995,0.005
296.0,306.6,1392.0,51.3,124.0,0.0,0.0,1.0,0,0,0.995,0.005
298.8,309.7,1336.0,50.3,44.0,0.0,1.0,0.0,0,0,0.99,0.01
301.0,312.1,1405.0,46.1,79.0,0.0,1.0,0.0,0,0,1.0,0.0
300.9,310.6,1709.0,29.2,158.0,0.0,0.0,1.0,0,0,0.98,0.02
297.3,308.3,1538.0,38.5,47.0,0.0,1.0,0.0,0,0,1.0,0.0
299.4,309.1,1304.0,50.5,153.0,0.0,1.0,0.0,0,0,0.985,0.015
302.7,310.4,1542.0,35.7,38.0,0.0,1.0,0.0,0,0,1.0,0.0
298.1,307.7,1479.0,45.0,136.0,0.0,1.0,0.0,0,0,1.0,0.0
298.4,308.6,1591.0,36.7,122.0,0.0,1.0,0.0,0,0,1.0,0.0
302.0,309.8,1532.0,39.4,2.0,0.0,1.0,0.0,0,0,0.995,0.005
300.2,309.8,1487.0,39.2,122.0,0.0,0.0,1.0,0,0,1.0,0.0
297.7,309.7,1591.0,37.7,196.0,0.0,1.0,0.0,0,0,0.99,0.01
302.3,311.5,1543.0,33.1,39.0,0.0,1.0,0.0,0,0,1.0,0.0
301.7,311.0,1715.0,24.8,17.0,0.0,1.0,0.0,0,0,0.995,0.005
300.4,309.6,1563.0,34.0,6.0,0.0,0.0,1.0,0,0,1.0,0.0
298.3,309.2,1486.0,42.4,16.0,1.0,0.0,0.0,0,0,1.0,0.0
297.9,308.5,1383.0,44.6,184.0,1.0,0.0,0.0,0,0,0.995,0.005
298.3,307.7,1520.0,41.4,10.0,0.0,0.0,1.0,0,0,1.0,0.0
297.4,308.4,1603.0,34.6,65.0,0.0,1.0,0.0,0,0,1.0,0.0
301.5,310.5,1556.0,39.1,48.0,0.0,1.0,0.0,0,0,1.0,0.0
297.5,309.3,1459.0,49.7,201.0,1.0,0.0,0.0,0,0,0.975,0.025
300.8,312.6,1588.0,35.6,114.0,0.0,0.0,1.0,0,0,0.985,0.015
297.8,307.3,1804.0,26.0,222.0,0.0,0.0,1.0,0,0,0.915,0.085
303.5,312.4,1606.0,31.7,22.0,0.0,0.0,1.0,0,0,0.995,0.005
298.6,310.1,1721.0,27.2,5.0,0.0,1.0,0.0,0,0,0.995,0.005
300.9,311.1,1417.0,40.7,24.0,0.0,1.0,0.0,0,0,0.99,0.01
298.5,308.0,1363.0,49.2,149.0,0.0,0.0,1.0,0,0,0.995,0.005
298.0,308.2,1459.0,42.1,146.0,0.0,1.0,0.0,0,0,1.0,0.0
299.0,308.9,1622.0,31.9,42.0,0.0,1.0,0.0,0,0,1.0,0.0
302.5,310.2,1716.0,29.9,156.0,0.0,1.0,0.0,0,0,0.995,0.005
300.1,311.5,1383.0,49.1,33.0,1.0,0.0,0.0,0,0,0.96,0.04
297.1,308.1,1506.0,37.7,210.0,0.0,0.0,1.0,0,0,0.91,0.09
300.2,309.3,1342.0,48.7,68.0,1.0,0.0,0.0,0,0,0.98,0.02
300.1,310.4,1554.0,39.4,115.0,0.0,1.0,0.0,0,0,1.0,0.0
299.2,308.6,1582.0,38.8,156.0,0.0,1.0,0.0,0,0,1.0,0.0
300.1,310.1,1501.0,39.3,195.0,0.0,0.0,1.0,0,0,1.0,0.0
304.1,313.2,1569.0,35.8,146.0,0.0,1.0,0.0,0,0,1.0,0.0
301.1,309.8,1519.0,39.6,167.0,0.0,1.0,0.0,0,0,0.99,0.01
297.3,308.1,1762.0,26.1,154.0,0.0,1.0,0.0,0,0,0.995,0.005
299.3,309.3,1471.0,46.0,42.0,0.0,0.0,1.0,0,0,1.0,0.0
301.9,311.0,1455.0,46.0,29.0,0.0,1.0,0.0,0,0,0.945,0.055
302.7,312.1,1597.0,39.8,153.0,0.0,1.0,0.0,0,0,1.0,0.0
299.1,310.5,1496.0,35.2,60.0,0.0,1.0,0.0,0,0,1.0,0.0
300.2,310.4,1202.0,61.7,74.0,0.0,0.0,1.0,0,0,0.895,0.105
298.9,308.7,1546.0,43.4,114.0,0.0,1.0,0.0,0,0,1.0,0.0
302.5,310.4,1349.0,55.1,187.0,0.0,1.0,0.0,1,1,0.7,0.7
298.6,308.3,1589.0,34.1,174.0,0.0,0.0,1.0,0,0,1.0,0.0
302.0,310.9,1455.0,43.2,220.0,0.0,1.0,0.0,0,0,0.645,0.355
302.2,310.5,1507.0,40.4,111.0,0.0,0.0,1.0,0,0,1.0,0.0
301.7,311.0,1510.0,47.8,27.0,0.0,0.0,1.0,0,0,0.86,0.14
300.7,310.3,1533.0,35.6,198.0,0.0,1.0,0.0,0,0,1.0,0.0
300.1,309.1,1478.0,46.9,116.0,0.0,1.0,0.0,0,0,1.0,0.0
302.8,312.1,1520.0,39.9,48.0,0.0,1.0,0.0,0,0,0.99,0.01
301.4,310.7,1675.0,30.7,92.0,0.0,1.0,0.0,0,0,1.0,0.0
296.7,307.5,1515.0,42.1,55.0,0.0,0.0,1.0,0,0,1.0,0.0
300.4,311.9,1438.0,46.7,41.0,1.0,0.0,0.0,0,0,0.885,0.115
297.0,307.9,1569.0,33.3,141.0,0.0,0.0,1.0,0,0,1.0,0.0
301.0,310.8,1375.0,57.2,20.0,0.0,1.0,0.0,0,0,0.855,0.145
298.6,308.3,1377.0,52.1,181.0,1.0,0.0,0.0,0,0,0.965,0.035
300.5,311.3,1468.0,41.1,34.0,0.0,0.0,1.0,0,0,1.0,0.0
301.9,310.6,1412.0,46.5,89.0,0.0,0.0,1.0,0,0,0.84,0.16
300.0,309.5,1717.0,28.3,48.0,0.0,1.0,0.0,0,0,1.0,0.0
296.4,307.5,1596.0,35.1,75.0,1.0,0.0,0.0,0,0,1.0,0.0
298.9,309.1,1452.0,45.5,196.0,0.0,1.0,0.0,0,0,1.0,0.0
302.5,311.9,1265.0,59.8,119.0,0.0,1.0,0.0,0,0,0.555,0.445
300.7,311.0,1418.0,49.3,106.0,0.0,0.0,1.0,0,0,0.965,0.035
302.6,311.7,1773.0,27.1,30.0,0.0,1.0,0.0,0,0,1.0,0.0
295.6,306.2,1584.0,33.6,81.0,0.0,0.0,1.0,0,0,1.0,0.0
296.9,307.7,1424.0,43.3,120.0,0.0,1.0,0.0,0,0,1.0,0.0
296.9,307.7,1464.0,41.4,6.0,0.0,1.0,0.0,0,0,1.0,0.0
300.0,311.5,1666.0,32.0,128.0,0.0,1.0,0.0,0,0,0.99,0.01
298.8,310.0,1537.0,39.9,190.0,0.0,1.0,0.0,0,0,0.99,0.01
300.8,310.8,1407.0,45.1,51.0,0.0,1.0,0.0,0,0,1.0,0.0
298.3,308.5,1575.0,41.2,105.0,0.0,1.0,0.0,0,0,1.0,0.0
300.4,311.2,1351.0,62.0,18.0,0.0,1.0,0.0,0,0,0.765,0.235
303.9,312.9,1430.0,53.5,189.0,0.0,0.0,1.0,0,0,0.97,0.03
302.2,311.9,1597.0,35.8,160.0,1.0,0.0,0.0,0,0,0.995,0.005
298.4,309.9,1725.0,27.8,21.0,0.0,1.0,0.0,0,0,0.94,0.06
297.1,308.2,1427.0,45.2,136.0,0.0,1.0,0.0,0,0,1.0,0.0
298.0,307.5,1387.0,45.5,166.0,0.0,0.0,1.0,0,0,0.99,0.01
297.4,308.3,1550.0,47.8,18.0,0.0,0.0,1.0,0,0,0.99,0.01
298.2,308.0,1538.0,38.2,59.0,0.0,1.0,0.0,0,0,1.0,0.0
303.0,312.7,1361.0,48.8,120.0,0.0,1.0,0.0,0,0,0.785,0.215
