air_temperature_K,process_temperature_K,rotational_speed_rpm,torque_Nm,tool_wear_min,type_H,type_L,type_M,true_label,pred,confidence,proba_class1
300.7,310.5,1567.0,38.7,129.0,1.0,0.0,0.0,0,0,0.8018,0.1982
302.6,312.1,1519.0,38.1,178.0,0.0,1.0,0.0,0,0,0.5649,0.4351
298.9,308.2,1328.0,49.2,11.0,0.0,0.0,1.0,0,0,0.9232,0.0768
301.0,311.2,1394.0,41.3,16.0,0.0,0.0,1.0,0,0,0.9818,0.0182
298.4,309.4,1666.0,24.3,68.0,0.0,0.0,1.0,0,0,0.9967,0.0033
298.2,308.9,1414.0,44.3,68.0,0.0,0.0,1.0,0,0,0.9601,0.0399
299.2,308.4,1667.0,29.0,199.0,0.0,1.0,0.0,0,0,0.7354,0.2646
298.4,308.0,1416.0,38.2,198.0,0.0,0.0,1.0,1,0,0.8893,0.1107
298.0,307.9,1417.0,51.0,137.0,0.0,0.0,1.0,0,0,0.5317,0.4683
298.8,308.5,1446.0,37.0,11.0,0.0,1.0,0.0,0,0,0.9838,0.0162
300.7,311.1,2377.0,14.3,135.0,0.0,1.0,0.0,0,1,0.6812,0.6812
298.7,309.2,1410.0,45.6,47.0,0.0,0.0,1.0,0,0,0.9512,0.0488
298.2,308.8,1498.0,36.0,39.0,0.0,1.0,0.0,0,0,0.9854,0.0146
297.2,308.5,1574.0,35.8,95.0,0.0,1.0,0.0,0,0,0.9693,0.0307
300.7,310.6,1488.0,39.2,189.0,0.0,0.0,1.0,0,0,0.7607,0.2393
300.2,311.6,1415.0,55.8,82.0,0.0,0.0,1.0,0,0,0.6168,0.3832
303.5,312.0,1441.0,56.8,88.0,0.0,1.0,0.0,0,1,0.9559,0.9559
300.5,311.6,1528.0,42.4,163.0,0.0,1.0,0.0,0,0,0.6917,0.3083
298.9,310.3,1456.0,44.1,118.0,0.0,1.0,0.0,0,0,0.8937,0.1063
299.5,309.1,1476.0,47.8,223.0,0.0,1.0,0.0,0,1,0.8429,0.8429
296.3,307.4,1465.0,47.1,215.0,0.0,1.0,0.0,0,0,0.5587,0.4413
303.3,312.2,1457.0,40.7,48.0,0.0,1.0,0.0,0,0,0.8036,0.1964
297.4,308.3,1854.0,21.8,24.0,0.0,1.0,0.0,0,0,0.9912,0.0088
300.4,311.1,1397.0,50.8,189.0,0.0,1.0,0.0,0,1,0.6329,0.6329
298.7,309.6,1800.0,24.8,78.0,0.0,0.0,1.0,0,0,0.9831,0.0169
301.9,310.3,1485.0,46.3,24.0,0.0,1.0,0.0,0,1,0.5027,0.5027
303.5,312.7,1420.0,49.1,42.0,0.0,0.0,1.0,0,0,0.6177,0.3823
297.9,307.7,1492.0,43.7,59.0,0.0,1.0,0.0,0,0,0.8411,0.1589
298.6,309.5,1426.0,45.4,38.0,0.0,0.0,1.0,0,0,0.9639,0.0361
299.1,310.5,1329.0,54.9,58.0,0.0,1.0,0.0,0,0,0.8235,0.1765
297.1,307.8,1443.0,43.9,137.0,0.0,0.0,1.0,0,0,0.9054,0.0946
300.1,309.5,1450.0,40.1,100.0,0.0,1.0,0.0,0,0,0.8538,0.1462
300.8,311.0,1578.0,44.4,86.0,0.0,1.0,0.0,0,0,0.5468,0.4532
302.9,312.2,1340.0,57.8,90.0,0.0,1.0,0.0,0,1,0.8487,0.8487
299.9,310.1,1362.0,56.3,179.0,0.0,0.0,1.0,0,1,0.7724,0.7724
301.5,310.6,1481.0,46.8,20.0,0.0,1.0,0.0,0,0,0.6269,0.3731
300.0,309.1,1631.0,28.3,110.0,0.0,1.0,0.0,0,0,0.9245,0.0755
300.3,309.9,1527.0,41.4,2.0,0.0,1.0,0.0,0,0,0.8935,0.1065
298.9,309.6,1284.0,55.3,166.0,0.0,0.0,1.0,0,0,0.6051,0.3949
300.2,311.6,1606.0,31.0,199.0,0.0,1.0,0.0,0,0,0.9272,0.0728
299.8,309.6,1346.0,53.2,95.0,0.0,0.0,1.0,0,0,0.6208,0.3792
300.1,310.5,1492.0,50.9,111.0,0.0,1.0,0.0,0,1,0.6487,0.6487
304.2,313.4,1475.0,40.2,98.0,0.0,1.0,0.0,0,0,0.6859,0.3141
302.2,311.3,1758.0,26.4,4.0,1.0,0.0,0.0,0,0,0.968,0.032
297.5,308.9,1696.0,30.9,133.0,0.0,1.0,0.0,0,0,0.9518,0.0482
299.0,309.4,1693.0,30.1,84.0,0.0,1.0,0.0,0,0,0.9483,0.0517
298.2,308.8,1666.0,31.5,30.0,0.0,1.0,0.0,0,0,0.9782,0.0218
301.5,310.5,1538.0,44.3,43.0,1.0,0.0,0.0,0,0,0.688,0.312
300.2,311.6,1540.0,37.7,71.0,0.0,1.0,0.0,0,0,0.9633,0.0367
301.0,311.6,1454.0,40.0,140.0,0.0,0.0,1.0,0,0,0.9158,0.0842
301.4,310.5,1647.0,33.3,85.0,0.0,1.0,0.0,0,0,0.785,0.215
300.7,311.8,1407.0,42.4,224.0,0.0,0.0,1.0,0,0,0.8268,0.1732
296.8,308.0,1510.0,39.4,29.0,0.0,1.0,0.0,0,0,0.9831,0.0169
297.9,308.5,1305.0,47.2,155.0,0.0,1.0,0.0,0,0,0.8722,0.1278
298.3,308.4,1528.0,37.3,160.0,0.0,1.0,0.0,0,0,0.8409,0.1591
300.9,309.5,1469.0,43.4,126.0,1.0,0.0,0.0,0,0,0.592,0.408
298.9,310.0,1323.0,52.9,106.0,0.0,0.0,1.0,0,0,0.8449,0.1551
301.8,310.9,1346.0,44.6,142.0,0.0,0.0,1.0,0,0,0.7523,0.2477
300.9,312.6,1555.0,40.6,109.0,0.0,0.0,1.0,0,0,0.9236,0.0764
302.3,311.8,1879.0,23.0,124.0,0.0,0.0,1.0,0,0,0.8332,0.1668
300.5,310.6,1378.0,51.5,166.0,1.0,0.0,0.0,0,1,0.5189,0.5189
302.2,311.3,1475.0,48.6,104.0,0.0,1.0,0.0,0,1,0.7416,0.7416
302.7,312.0,1944.0,21.4,71.0,0.0,0.0,1.0,0,0,0.8658,0.1342
300.1,309.2,1421.0,42.5,61.0,0.0,1.0,0.0,0,0,0.8546,0.1454
297.1,308.1,1633.0,33.3,192.0,0.0,1.0,0.0,0,0,0.8822,0.1178
300.5,311.6,1509.0,47.2,202.0,0.0,1.0,0.0,0,1,0.6584,0.6584
302.2,311.2,1627.0,33.2,74.0,0.0,0.0,1.0,0,0,0.8702,0.1298
300.6,310.2,1318.0,51.0,8.0,0.0,1.0,0.0,0,0,0.8478,0.1522
303.4,311.5,1501.0,36.2,69.0,0.0,1.0,0.0,0,0,0.7676,0.2324
298.8,309.7,1453.0,47.7,101.0,0.0,0.0,1.0,0,0,0.8362,0.1638
297.5,308.0,1560.0,39.0,141.0,0.0,0.0,1.0,0,0,0.8863,0.1137
302.6,310.4,1415.0,52.1,12.0,0.0,1.0,0.0,0,1,0.7483,0.7483
300.5,310.5,1695.0,26.7,28.0,0.0,1.0,0.0,0,0,0.9805,0.0195
301.6,309.8,1588.0,33.9,89.0,0.0,1.0,0.0,0,0,0.729,0.271
297.5,308.8,1824.0,24.0,179.0,1.0,0.0,0.0,0,0,0.9651,0.0349
303.7,312.4,1546.0,33.7,149.0,0.0,0.0,1.0,0,0,0.7561,0.2439
303.7,312.4,1642.0,32.3,206.0,0.0,0.0,1.0,0,1,0.5484,0.5484
298.4,308.4,1479.0,39.2,58.0,1.0,0.0,0.0,0,0,0.9714,0.0286
300.6,309.8,1629.0,37.6,162.0,0.0,1.0,0.0,0,1,0.5913,0.5913
301.1,310.1,1457.0,39.6,215.0,0.0,1.0,0.0,0,1,0.5311,0.5311
297.7,308.2,1489.0,43.0,151.0,1.0,0.0,0.0,0,0,0.8551,0.1449
301.7,310.7,1493.0,51.1,87.0,0.0,1.0,0.0,0,1,0.8304,0.8304
300.6,310.0,1478.0,36.3,95.0,0.0,0.0,1.0,0,0,0.9441,0.0559
297.7,307.2,1518.0,35.8,195.0,0.0,1.0,0.0,0,0,0.7886,0.2114
299.7,309.1,1603.0,38.5,170.0,0.0,0.0,1.0,0,0,0.5683,0.4317
298.6,309.7,1925.0,22.1,7.0,0.0,1.0,0.0,0,0,0.9847,0.0153
298.4,308.7,1386.0,44.9,135.0,0.0,1.0,0.0,0,0,0.8418,0.1582
298.6,309.1,1537.0,35.7,198.0,0.0,1.0,0.0,0,0,0.8454,0.1546
300.7,311.0,1559.0,42.8,121.0,0.0,0.0,1.0,0,0,0.6925,0.3075
300.9,311.0,1567.0,34.3,130.0,0.0,0.0,1.0,0,0,0.9207,0.0793
303.8,313.2,1381.0,52.4,140.0,1.0,0.0,0.0,0,1,0.7236,0.7236
304.0,313.2,1615.0,37.8,127.0,0.0,1.0,0.0,0,1,0.5814,0.5814
303.8,313.1,2117.0,18.6,22.0,0.0,0.0,1.0,0,0,0.7969,0.2031
298.3,309.6,1546.0,36.2,177.0,1.0,0.0,0.0,0,0,0.9516,0.0484
300.9,312.4,1364.0,52.5,125.0,0.0,1.0,0.0,0,0,0.6684,0.3316
298.2,309.0,1410.0,47.6,76.0,0.0,0.0,1.0,0,0,0.9173,0.0827
298.0,307.7,1422.0,45.6,140.0,0.0,1.0,0.0,0,0,0.6753,0.3247
297.5,309.1,1515.0,35.1,213.0,0.0,1.0,0.0,0,0,0.9426,0.0574
303.9,312.7,1339.0,62.3,156.0,0.0,1.0,0.0,0,1,0.9844,0.9844
297.4,308.0,1440.0,42.4,190.0,0.0,0.0,1.0,0,0,0.8618,0.1382
300.2,309.6,1442.0,49.2,61.0,1.0,0.0,0.0,0,0,0.6867,0.3133
299.2,308.4,1386.0,54.1,26.0,0.0,1.0,0.0,0,0,0.5073,0.4927
301.7,309.9,1607.0,37.7,93.0,0.0,1.0,0.0,0,1,0.5385,0.5385
300.1,311.6,1433.0,51.4,76.0,0.0,0.0,1.0,0,0,0.8188,0.1812
301.5,310.5,1702.0,28.7,135.0,0.0,1.0,0.0,0,0,0.7536,0.2464
301.4,310.4,1559.0,39.4,199.0,0.0,1.0,0.0,0,1,0.7063,0.7063
300.3,309.9,1601.0,31.7,180.0,0.0,1.0,0.0,0,0,0.7991,0.2009
300.7,310.6,2006.0,19.1,102.0,0.0,0.0,1.0,0,0,0.8944,0.1056
302.0,310.6,1583.0,35.2,171.0,0.0,1.0,0.0,0,1,0.53,0.53
300.7,309.9,1383.0,44.5,176.0,0.0,1.0,0.0,0,0,0.5332,0.4668
302.4,311.0,1555.0,40.6,205.0,0.0,1.0,0.0,0,1,0.8367,0.8367
301.2,310.6,1811.0,24.0,84.0,0.0,1.0,0.0,0,0,0.8996,0.1004
303.5,311.6,1562.0,34.2,107.0,0.0,0.0,1.0,0,0,0.7342,0.2658
303.4,311.5,1424.0,50.8,128.0,0.0,1.0,0.0,0,1,0.9084,0.9084
300.5,311.8,1596.0,34.8,87.0,0.0,1.0,0.0,0,0,0.9567,0.0433
302.2,311.5,1616.0,34.0,19.0,0.0,1.0,0.0,0,0,0.9099,0.0901
297.5,309.4,1803.0,24.7,98.0,0.0,1.0,0.0,0,0,0.9859,0.0141
301.7,311.0,1298.0,58.1,168.0,0.0,0.0,1.0,0,1,0.8586,0.8586
300.7,311.0,1462.0,41.9,126.0,0.0,1.0,0.0,0,0,0.808,0.192
301.9,310.9,1483.0,37.0,35.0,0.0,0.0,1.0,0,0,0.9491,0.0509
303.8,313.1,1458.0,42.2,25.0,0.0,1.0,0.0,0,0,0.8261,0.1739
302.3,311.7,1341.0,46.3,194.0,0.0,0.0,1.0,0,0,0.5535,0.4465
299.1,310.3,1441.0,43.9,94.0,0.0,0.0,1.0,0,0,0.9479,0.0521
297.3,308.6,1505.0,33.5,14.0,0.0,1.0,0.0,0,0,0.9967,0.0033
300.5,309.9,1552.0,41.3,116.0,0.0,0.0,1.0,0,0,0.6653,0.3347
300.3,311.4,1526.0,38.5,101.0,0.0,1.0,0.0,0,0,0.9302,0.0698
298.3,308.9,1862.0,27.0,172.0,0.0,1.0,0.0,0,0,0.7562,0.2438
297.1,308.4,1432.0,53.4,199.0,0.0,0.0,1.0,0,1,0.5659,0.5659
301.8,310.0,1781.0,23.9,198.0,0.0,0.0,1.0,0,0,0.623,0.377
297.0,307.9,1493.0,34.7,57.0,0.0,0.0,1.0,0,0,0.9943,0.0057
301.3,310.4,1414.0,51.4,199.0,0.0,1.0,0.0,0,1,0.9047,0.9047
302.6,311.0,1542.0,39.7,141.0,0.0,0.0,1.0,0,1,0.5478,0.5478
298.6,309.7,1672.0,27.5,54.0,1.0,0.0,0.0,0,0,0.9949,0.0051
301.2,310.8,1461.0,40.6,47.0,0.0,1.0,0.0,0,0,0.9018,0.0982
299.8,309.4,1555.0,34.8,122.0,0.0,1.0,0.0,0,0,0.8721,0.1279
300.2,311.0,2370.0,14.7,144.0,0.0,0.0,1.0,0,1,0.5267,0.5267
301.3,310.8,1418.0,45.4,59.0,0.0,0.0,1.0,0,0,0.844,0.156
296.4,307.5,1549.0,36.1,58.0,0.0,1.0,0.0,0,0,0.9834,0.0166
298.7,308.5,1444.0,54.2,62.0,0.0,1.0,0.0,0,1,0.6259,0.6259
300.9,310.7,1485.0,41.0,181.0,0.0,0.0,1.0,0,0,0.6824,0.3176
298.1,309.3,1443.0,45.3,70.0,0.0,1.0,0.0,0,0,0.9292,0.0708
299.3,308.7,1420.0,50.3,208.0,0.0,0.0,1.0,0,1,0.7713,0.7713
300.7,311.8,1336.0,58.4,189.0,0.0,1.0,0.0,1,1,0.8206,0.8206
297.4,308.8,1473.0,46.2,167.0,0.0,1.0,0.0,0,0,0.7412,0.2588
299.6,310.8,1498.0,46.9,116.0,0.0,1.0,0.0,0,0,0.7008,0.2992
302.2,311.8,1618.0,36.0,158.0,0.0,1.0,0.0,0,0,0.5529,0.4471
300.5,310.6,1543.0,36.2,30.0,0.0,1.0,0.0,0,0,0.9594,0.0406
297.5,308.1,1631.0,30.6,146.0,0.0,1.0,0.0,0,0,0.9492,0.0508
299.5,309.1,1420.0,49.5,5.0,0.0,0.0,1.0,0,0,0.8517,0.1483
300.4,309.6,1614.0,30.3,161.0,0.0,0.0,1.0,0,0,0.8784,0.1216
298.1,308.7,1642.0,30.3,3.0,0.0,1.0,0.0,0,0,0.9908,0.0092
301.7,310.2,1435.0,48.1,12.0,0.0,1.0,0.0,0,0,0.5735,0.4265
302.3,311.5,1507.0,37.5,55.0,0.0,1.0,0.0,0,0,0.8766,0.1234
301.5,310.6,1490.0,48.1,81.0,0.0,1.0,0.0,0,1,0.6622,0.6622
302.4,311.1,1887.0,22.4,197.0,0.0,0.0,1.0,0,0,0.5332,0.4668
300.5,311.9,1403.0,45.7,54.0,0.0,1.0,0.0,0,0,0.9456,0.0544
302.3,311.4,1434.0,40.3,133.0,0.0,1.0,0.0,0,0,0.7103,0.2897
303.5,312.9,1618.0,30.4,130.0,0.0,0.0,1.0,0,0,0.8814,0.1186
295.6,306.0,1396.0,52.4,0.0,1.0,0.0,0.0,0,0,0.9345,0.0655
297.5,308.4,1489.0,39.5,96.0,0.0,1.0,0.0,0,0,0.9544,0.0456
298.9,310.1,1495.0,42.9,175.0,0.0,1.0,0.0,0,0,0.7601,0.2399
296.7,307.7,1502.0,43.9,84.0,0.0,1.0,0.0,0,0,0.9028,0.0972
303.1,312.7,1353.0,51.8,97.0,0.0,1.0,0.0,0,1,0.5843,0.5843
299.2,310.3,1463.0,38.9,160.0,0.0,1.0,0.0,0,0,0.9228,0.0772
301.3,310.6,1510.0,38.5,47.0,0.0,1.0,0.0,0,0,0.8829,0.1171
303.8,312.9,1442.0,48.3,52.0,0.0,1.0,0.0,0,1,0.5563,0.5563
297.5,308.9,1443.0,43.5,0.0,0.0,1.0,0.0,0,0,0.9845,0.0155
298.0,309.9,1403.0,47.7,43.0,0.0,1.0,0.0,0,0,0.9628,0.0372
297.4,309.0,1497.0,41.8,144.0,0.0,0.0,1.0,0,0,0.9397,0.0603
304.1,313.3,1680.0,29.3,158.0,0.0,0.0,1.0,0,0,0.7465,0.2535
300.4,309.8,1421.0,47.2,0.0,0.0,0.0,1.0,0,0,0.8881,0.1119
300.7,311.2,1399.0,47.9,80.0,0.0,1.0,0.0,0,0,0.7963,0.2037
303.6,312.3,1451.0,43.4,119.0,0.0,1.0,0.0,0,1,0.5718,0.5718
303.4,312.8,1360.0,50.8,94.0,0.0,1.0,0.0,0,1,0.5788,0.5788
296.0,306.7,2044.0,22.3,48.0,0.0,0.0,1.0,0,0,0.9524,0.0476
300.6,309.4,1367.0,63.2,45.0,0.0,0.0,1.0,1,1,0.9037,0.9037
300.9,312.1,1462.0,46.0,166.0,0.0,1.0,0.0,0,0,0.6355,0.3645
300.3,309.5,1665.0,31.4,32.0,0.0,0.0,1.0,0,0,0.9499,0.0501
301.1,312.3,1534.0,39.0,129.0,0.0,1.0,0.0,0,0,0.8788,0.1212
299.2,308.5,1487.0,41.2,140.0,0.0,1.0,0.0,0,0,0.6666,0.3334
300.1,311.4,1430.0,40.9,93.0,0.0,1.0,0.0,0,0,0.9612,0.0388
300.0,309.6,1618.0,28.7,53.0,0.0,1.0,0.0,0,0,0.9744,0.0256
298.8,309.8,1911.0,21.6,126.0,1.0,0.0,0.0,0,0,0.9661,0.0339
300.7,311.9,1419.0,47.7,179.0,0.0,1.0,0.0,0,0,0.6037,0.3963
304.2,313.3,1464.0,45.9,48.0,0.0,1.0,0.0,0,0,0.5312,0.4688
302.9,312.4,1550.0,36.9,194.0,0.0,1.0,0.0,0,1,0.5008,0.5008
297.4,308.6,1439.0,51.9,188.0,0.0,1.0,0.0,0,1,0.5959,0.5959
298.0,307.8,1453.0,37.7,119.0,0.0,1.0,0.0,0,0,0.934,0.066
298.0,308.7,1479.0,58.5,176.0,0.0,0.0,1.0,1,1,0.8977,0.8977
299.1,310.6,1380.0,44.7,170.0,0.0,1.0,0.0,0,0,0.8876,0.1124
301.7,310.8,1594.0,32.4,204.0,0.0,0.0,1.0,0,0,0.6992,0.3008
301.7,310.7,1641.0,31.9,192.0,0.0,1.0,0.0,0,0,0.5407,0.4593
298.2,309.0,1780.0,29.3,91.0,0.0,1.0,0.0,0,0,0.9299,0.0701
296.4,307.5,1403.0,52.8,94.0,1.0,0.0,0.0,0,0,0.8381,0.1619
300.8,310.8,1689.0,32.9,151.0,0.0,1.0,0.0,0,0,0.7017,0.2983
300.6,310.2,1489.0,47.8,21.0,0.0,1.0,0.0,0,0,0.6645,0.3355
299.2,308.4,1436.0,41.8,28.0,0.0,1.0,0.0,0,0,0.9192,0.0808
301.9,310.8,1557.0,35.3,65.0,0.0,0.0,1.0,0,0,0.8967,0.1033
300.8,310.8,1461.0,41.3,53.0,0.0,0.0,1.0,0,0,0.9403,0.0597
303.4,312.2,1561.0,38.2,45.0,0.0,0.0,1.0,0,0,0.8034,0.1966
297.8,308.9,1282.0,58.1,108.0,0.0,1.0,0.0,0,0,0.635,0.365
302.6,310.2,1631.0,31.0,100.0,0.0,0.0,1.0,0,0,0.7285,0.2715
300.5,309.5,1320.0,49.9,59.0,0.0,0.0,1.0,0,0,0.7887,0.2113
299.2,308.4,1538.0,38.0,98.0,0.0,0.0,1.0,0,0,0.8681,0.1319
296.4,307.2,1748.0,25.3,144.0,0.0,1.0,0.0,0,0,0.9678,0.0322
300.6,310.1,1485.0,49.9,19.0,0.0,1.0,0.0,0,0,0.5451,0.4549
295.5,306.0,1326.0,50.8,18.0,0.0,0.0,1.0,0,0,0.9675,0.0325
301.5,310.6,1578.0,34.1,120.0,0.0,1.0,0.0,0,0,0.7834,0.2166
303.3,311.4,1692.0,27.9,55.0,1.0,0.0,0.0,0,0,0.8945,0.1055
304.2,313.8,1481.0,44.9,136.0,0.0,0.0,1.0,0,1,0.5396,0.5396
302.8,312.4,1590.0,34.4,64.0,0.0,1.0,0.0,0,0,0.8807,0.1193
297.4,309.0,1685.0,30.7,177.0,0.0,0.0,1.0,0,0,0.959,0.041
298.0,308.1,1403.0,44.8,148.0,0.0,0.0,1.0,0,0,0.8482,0.1518
298.3,309.1,1472.0,40.1,31.0,0.0,1.0,0.0,0,0,0.9764,0.0236
301.0,311.5,1530.0,43.9,165.0,0.0,0.0,1.0,0,0,0.586,0.414
298.6,309.1,1487.0,43.2,206.0,0.0,0.0,1.0,0,0,0.6765,0.3235
303.4,312.3,1663.0,33.9,78.0,0.0,1.0,0.0,0,0,0.6582,0.3418
297.5,308.8,1360.0,50.7,190.0,0.0,1.0,0.0,0,0,0.6621,0.3379
301.9,309.8,1507.0,44.7,131.0,0.0,1.0,0.0,0,1,0.8321,0.8321
295.7,306.1,1408.0,47.9,117.0,0.0,1.0,0.0,0,0,0.8119,0.1881
296.8,308.0,1497.0,41.7,231.0,0.0,1.0,0.0,0,0,0.7299,0.2701
300.7,310.2,1348.0,54.8,50.0,0.0,1.0,0.0,0,1,0.5249,0.5249
298.0,307.8,1839.0,22.7,79.0,0.0,1.0,0.0,0,0,0.9552,0.0448
303.9,313.1,1310.0,62.9,130.0,0.0,1.0,0.0,0,1,0.9673,0.9673
299.3,308.5,1304.0,60.6,8.0,0.0,0.0,1.0,0,1,0.5168,0.5168
303.7,312.4,1474.0,38.8,139.0,0.0,0.0,1.0,0,0,0.6772,0.3228
297.8,308.3,1498.0,47.3,160.0,0.0,1.0,0.0,0,1,0.5129,0.5129
302.3,311.8,1475.0,42.8,38.0,1.0,0.0,0.0,0,0,0.8853,0.1147
300.7,311.1,1478.0,46.8,165.0,0.0,1.0,0.0,0,1,0.5771,0.5771
298.6,310.0,1517.0,39.0,4.0,0.0,1.0,0.0,0,0,0.9865,0.0135
297.4,308.4,1571.0,39.4,0.0,0.0,1.0,0.0,0,0,0.9743,0.0257
300.7,310.7,1442.0,43.2,49.0,0.0,1.0,0.0,0,0,0.8925,0.1075
300.4,309.4,1487.0,38.9,185.0,1.0,0.0,0.0,0,0,0.7002,0.2998
300.2,310.1,1485.0,40.5,188.0,0.0,0.0,1.0,0,0,0.7242,0.2758
297.3,308.3,1590.0,35.5,59.0,0.0,1.0,0.0,0,0,0.9738,0.0262
300.7,312.3,1577.0,33.2,100.0,0.0,1.0,0.0,0,0,0.9751,0.0249
301.7,310.1,1462.0,38.3,49.0,1.0,0.0,0.0,0,0,0.9161,0.0839
300.7,309.6,1525.0,36.5,71.0,0.0,0.0,1.0,0,0,0.9072,0.0928
303.5,312.8,1877.0,22.3,96.0,0.0,1.0,0.0,0,0,0.8022,0.1978
301.3,310.8,1531.0,53.4,57.0,0.0,1.0,0.0,0,1,0.8432,0.8432
300.9,310.8,1390.0,40.6,131.0,1.0,0.0,0.0,0,0,0.9334,0.0666
297.3,308.3,1544.0,41.7,6.0,0.0,0.0,1.0,0,0,0.9764,0.0236
299.4,309.1,1670.0,35.9,68.0,0.0,1.0,0.0,0,0,0.8038,0.1962
300.8,310.3,1458.0,43.4,0.0,0.0,0.0,1.0,0,0,0.9327,0.0673
302.3,311.4,1372.0,46.0,86.0,1.0,0.0,0.0,0,0,0.7941,0.2059
303.9,312.7,1401.0,50.0,129.0,1.0,0.0,0.0,0,1,0.7074,0.7074
301.8,310.6,1459.0,40.2,128.0,0.0,0.0,1.0,0,0,0.7407,0.2593
302.4,311.0,1462.0,48.5,81.0,0.0,1.0,0.0,0,1,0.7294,0.7294
300.4,309.8,1409.0,47.5,138.0,1.0,0.0,0.0,0,0,0.6127,0.3873
299.8,309.7,1910.0,21.8,141.0,0.0,0.0,1.0,0,0,0.884,0.116
304.3,313.5,2245.0,15.1,172.0,0.0,0.0,1.0,0,1,0.7561,0.7561
299.2,308.5,1474.0,47.2,132.0,0.0,0.0,1.0,0,1,0.5138,0.5138
300.6,309.6,1411.0,41.6,140.0,0.0,1.0,0.0,0,0,0.7103,0.2897
302.6,311.9,1354.0,48.0,67.0,0.0,1.0,0.0,0,0,0.6902,0.3098
300.9,310.5,2288.0,16.1,85.0,0.0,1.0,0.0,0,1,0.5706,0.5706
297.5,308.5,1340.0,57.4,143.0,0.0,1.0,0.0,0,1,0.5783,0.5783
298.9,310.6,1406.0,43.8,12.0,0.0,1.0,0.0,0,0,0.9863,0.0137
298.9,309.9,1404.0,39.8,62.0,0.0,1.0,0.0,0,0,0.9835,0.0165
301.3,310.7,1819.0,25.5,46.0,0.0,0.0,1.0,0,0,0.9362,0.0638
302.2,311.2,1649.0,33.2,9.0,0.0,1.0,0.0,0,0,0.8916,0.1084
300.7,309.5,1692.0,30.3,64.0,0.0,1.0,0.0,0,0,0.851,0.149
301.3,311.2,1675.0,32.1,12.0,0.0,1.0,0.0,0,0,0.9456,0.0544
298.8,309.8,1753.0,27.5,130.0,0.0,1.0,0.0,0,0,0.9431,0.0569
302.2,311.4,1754.0,26.9,33.0,0.0,1.0,0.0,0,0,0.9189,0.0811
302.6,312.1,1445.0,42.0,181.0,0.0,0.0,1.0,0,0,0.6087,0.3913
300.0,309.1,1791.0,28.2,108.0,0.0,1.0,0.0,0,0,0.7391,0.2609
299.1,308.5,1676.0,31.0,69.0,0.0,1.0,0.0,0,0,0.9111,0.0889
299.2,310.7,1535.0,42.6,17.0,0.0,1.0,0.0,0,0,0.9563,0.0437
300.8,310.4,1450.0,39.4,62.0,0.0,0.0,1.0,0,0,0.9482,0.0518
299.6,309.0,1648.0,33.6,70.0,0.0,1.0,0.0,0,0,0.869,0.131
301.4,310.8,1543.0,36.9,97.0,0.0,1.0,0.0,0,0,0.8155,0.1845
300.6,310.6,1427.0,52.8,75.0,0.0,0.0,1.0,0,0,0.5266,0.4734
297.5,309.1,1540.0,38.5,176.0,0.0,0.0,1.0,0,0,0.9361,0.0639
298.1,309.3,1332.0,51.0,72.0,1.0,0.0,0.0,0,0,0.9453,0.0547
301.7,310.8,1502.0,34.4,157.0,0.0,0.0,1.0,0,0,0.8652,0.1348
301.3,310.6,1481.0,40.9,57.0,0.0,1.0,0.0,0,0,0.8317,0.1683
299.4,309.1,1645.0,28.6,57.0,0.0,1.0,0.0,0,0,0.9711,0.0289
303.9,313.0,1759.0,28.4,74.0,0.0,1.0,0.0,0,0,0.7622,0.2378
299.3,308.4,1406.0,47.4,3.0,0.0,1.0,0.0,0,0,0.837,0.163
298.8,308.6,1680.0,29.4,95.0,0.0,1.0,0.0,0,0,0.9343,0.0657
299.8,309.0,1467.0,37.3,193.0,1.0,0.0,0.0,0,0,0.8237,0.1763
302.4,312.1,1455.0,40.4,28.0,0.0,1.0,0.0,0,0,0.9216,0.0784
301.1,310.6,1410.0,43.9,73.0,0.0,0.0,1.0,0,0,0.8769,0.1231
302.4,310.2,1351.0,45.1,168.0,0.0,1.0,0.0,1,1,0.7003,0.7003
300.7,310.2,1877.0,24.8,64.0,1.0,0.0,0.0,0,0,0.9154,0.0846
300.9,311.5,1836.0,21.8,12.0,0.0,0.0,1.0,0,0,0.9915,0.0085
303.7,312.2,1487.0,34.0,94.0,0.0,1.0,0.0,0,0,0.853,0.147
301.7,310.8,1385.0,50.7,133.0,0.0,1.0,0.0,0,1,0.7319,0.7319
296.8,307.5,1516.0,36.7,135.0,0.0,0.0,1.0,0,0,0.9657,0.0343
303.8,312.9,1589.0,37.2,203.0,0.0,1.0,0.0,0,1,0.727,0.727
297.2,308.3,1431.0,43.7,46.0,0.0,0.0,1.0,0,0,0.9798,0.0202
298.2,308.9,1367.0,45.0,85.0,0.0,1.0,0.0,0,0,0.9426,0.0574
296.2,307.1,1444.0,46.7,194.0,0.0,1.0,0.0,0,0,0.663,0.337
300.2,311.8,1379.0,51.0,46.0,0.0,1.0,0.0,0,0,0.8932,0.1068
300.3,311.7,1635.0,31.8,156.0,0.0,1.0,0.0,0,0,0.9328,0.0672
302.2,311.5,1725.0,34.0,170.0,0.0,1.0,0.0,0,1,0.6681,0.6681
300.2,309.8,1430.0,55.0,102.0,0.0,1.0,0.0,0,1,0.8115,0.8115
297.7,309.0,1538.0,43.2,30.0,0.0,1.0,0.0,0,0,0.9441,0.0559
299.5,310.9,1577.0,34.6,159.0,0.0,0.0,1.0,0,0,0.9543,0.0457
297.4,308.1,1620.0,31.2,143.0,0.0,0.0,1.0,0,0,0.9694,0.0306
300.5,309.7,1341.0,50.9,137.0,0.0,0.0,1.0,0,0,0.5003,0.4997
302.9,312.1,1334.0,54.7,88.0,0.0,1.0,0.0,0,1,0.7274,0.7274
301.4,310.9,1557.0,39.3,174.0,0.0,0.0,1.0,0,0,0.5716,0.4284
299.5,310.7,1589.0,33.5,5.0,0.0,1.0,0.0,0,0,0.9903,0.0097
299.1,308.3,1431.0,52.3,38.0,0.0,1.0,0.0,0,1,0.5286,0.5286
299.3,309.0,1447.0,50.4,140.0,0.0,1.0,0.0,0,1,0.6962,0.6962
300.9,312.0,1375.0,56.1,182.0,0.0,0.0,1.0,0,1,0.6995,0.6995
299.3,309.1,1600.0,35.3,52.0,0.0,0.0,1.0,0,0,0.9503,0.0497
297.2,308.4,1460.0,42.1,41.0,0.0,1.0,0.0,0,0,0.9755,0.0245
302.3,310.9,1459.0,35.0,32.0,0.0,1.0,0.0,0,0,0.9468,0.0532
298.6,309.8,1544.0,30.2,113.0,0.0,1.0,0.0,0,0,0.9895,0.0105
301.2,310.7,1543.0,32.9,40.0,0.0,0.0,1.0,0,0,0.9763,0.0237
302.5,311.9,1437.0,46.7,65.0,0.0,1.0,0.0,0,0,0.6069,0.3931
298.5,308.7,1450.0,43.9,28.0,1.0,0.0,0.0,0,0,0.9613,0.0387
300.8,310.7,1924.0,22.4,36.0,0.0,0.0,1.0,0,0,0.9519,0.0481
303.4,311.5,1483.0,43.0,117.0,0.0,0.0,1.0,0,1,0.6056,0.6056
300.7,310.3,1369.0,50.7,12.0,1.0,0.0,0.0,0,0,0.8621,0.1379
299.1,310.5,1532.0,36.6,62.0,0.0,1.0,0.0,0,0,0.9798,0.0202
302.1,310.6,1326.0,59.1,88.0,0.0,0.0,1.0,1,1,0.868,0.868
298.7,309.2,1423.0,48.9,187.0,0.0,0.0,1.0,0,0,0.558,0.442
300.6,309.4,1541.0,35.2,105.0,0.0,0.0,1.0,0,0,0.8735,0.1265
302.9,312.4,2030.0,19.1,192.0,0.0,1.0,0.0,0,1,0.5796,0.5796
298.3,309.5,1542.0,36.7,134.0,0.0,1.0,0.0,0,0,0.9426,0.0574
302.6,312.1,1502.0,47.3,171.0,0.0,1.0,0.0,0,1,0.8398,0.8398
296.6,307.4,1368.0,45.1,185.0,0.0,1.0,0.0,0,0,0.8534,0.1466
297.4,308.2,1533.0,37.4,115.0,0.0,1.0,0.0,0,0,0.9435,0.0565
301.9,311.0,1384.0,47.4,121.0,0.0,0.0,1.0,0,0,0.587,0.413
301.8,310.5,1548.0,34.1,93.0,0.0,1.0,0.0,0,0,0.8313,0.1687
301.4,310.5,1380.0,48.4,131.0,0.0,1.0,0.0,0,1,0.585,0.585
299.3,310.9,1669.0,32.4,5.0,0.0,1.0,0.0,0,0,0.9883,0.0117
303.5,311.8,1944.0,23.5,159.0,0.0,1.0,0.0,0,1,0.7417,0.7417
297.2,308.3,1693.0,28.0,188.0,0.0,1.0,0.0,0,0,0.9429,0.0571
303.8,313.3,1406.0,52.1,166.0,0.0,1.0,0.0,0,1,0.88,0.88
298.1,308.8,1628.0,37.6,12.0,0.0,0.0,1.0,0,0,0.9703,0.0297
297.1,307.9,1456.0,50.0,166.0,0.0,1.0,0.0,0,1,0.5132,0.5132
300.3,310.6,1806.0,24.4,88.0,0.0,1.0,0.0,0,0,0.9462,0.0538
298.2,309.0,1601.0,35.8,43.0,0.0,1.0,0.0,0,0,0.9669,0.0331
300.6,310.7,1438.0,48.5,78.0,0.0,1.0,0.0,1,0,0.6477,0.3523
299.1,310.2,1317.0,54.8,231.0,0.0,1.0,0.0,1,1,0.691,0.691
299.9,309.6,1294.0,49.7,126.0,0.0,1.0,0.0,0,0,0.7065,0.2935
299.3,308.6,1474.0,49.6,191.0,0.0,1.0,0.0,0,1,0.8641,0.8641
300.6,310.3,1648.0,30.5,217.0,0.0,1.0,0.0,1,0,0.6814,0.3186
300.9,311.4,1434.0,45.4,118.0,0.0,0.0,1.0,0,0,0.8225,0.1775
300.7,309.5,2007.0,19.7,2.0,1.0,0.0,0.0,0,0,0.9352,0.0648
299.4,308.7,1289.0,60.5,104.0,0.0,0.0,1.0,0,1,0.7511,0.7511
299.4,309.1,2421.0,14.2,57.0,0.0,1.0,0.0,0,1,0.6069,0.6069
297.8,308.8,1548.0,36.9,64.0,0.0,1.0,0.0,0,0,0.9719,0.0281
299.8,309.3,1291.0,56.4,188.0,0.0,1.0,0.0,0,1,0.834,0.834
300.7,310.6,1349.0,54.5,19.0,0.0,0.0,1.0,0,0,0.7488,0.2512
299.2,308.6,1367.0,47.6,168.0,0.0,0.0,1.0,0,0,0.6135,0.3865
297.0,307.7,1261.0,51.1,130.0,0.0,0.0,1.0,0,0,0.916,0.084
302.5,310.3,1551.0,37.3,168.0,0.0,1.0,0.0,0,1,0.7143,0.7143
301.7,311.3,1421.0,45.9,85.0,0.0,1.0,0.0,0,0,0.6842,0.3158
298.2,308.2,1478.0,50.1,166.0,0.0,1.0,0.0,0,1,0.7343,0.7343
298.4,307.9,1981.0,23.2,16.0,0.0,1.0,0.0,0,0,0.8957,0.1043
301.3,310.6,1556.0,39.0,72.0,0.0,1.0,0.0,0,0,0.7576,0.2424
303.5,311.6,1361.0,46.5,62.0,0.0,1.0,0.0,1,0,0.5416,0.4584
298.9,310.1,1341.0,54.5,51.0,0.0,1.0,0.0,0,0,0.8176,0.1824
300.4,309.7,1584.0,32.6,71.0,0.0,1.0,0.0,0,0,0.9263,0.0737
299.0,310.1,1886.0,21.2,13.0,0.0,1.0,0.0,0,0,0.9902,0.0098
298.9,309.7,1407.0,48.6,161.0,1.0,0.0,0.0,0,0,0.7567,0.2433
297.6,308.6,1744.0,28.5,42.0,0.0,1.0,0.0,0,0,0.9818,0.0182
299.9,309.2,1548.0,35.7,97.0,0.0,0.0,1.0,0,0,0.9099,0.0901
297.5,308.6,1440.0,38.8,29.0,0.0,0.0,1.0,0,0,0.9941,0.0059
300.7,310.5,1536.0,47.4,192.0,0.0,1.0,0.0,0,1,0.856,0.856
301.8,311.5,1443.0,43.3,134.0,0.0,1.0,0.0,0,0,0.6438,0.3562
299.0,310.0,1582.0,31.9,51.0,0.0,1.0,0.0,0,0,0.9878,0.0122
300.7,310.8,1814.0,21.4,59.0,0.0,1.0,0.0,0,0,0.9754,0.0246
298.7,309.9,1593.0,42.5,146.0,0.0,1.0,0.0,0,0,0.6748,0.3252
298.2,307.8,1627.0,31.5,64.0,0.0,1.0,0.0,0,0,0.9532,0.0468
298.5,309.4,1522.0,47.4,20.0,0.0,0.0,1.0,0,0,0.8961,0.1039
302.1,311.2,1369.0,50.8,164.0,0.0,1.0,0.0,0,1,0.7928,0.7928
302.0,310.4,1448.0,43.4,167.0,0.0,1.0,0.0,0,1,0.704,0.704
301.4,310.7,1590.0,36.3,43.0,0.0,1.0,0.0,0,0,0.8606,0.1394
296.9,308.0,1416.0,46.9,105.0,1.0,0.0,0.0,0,0,0.9367,0.0633
301.3,310.3,1313.0,55.6,127.0,0.0,1.0,0.0,0,1,0.8041,0.8041
303.3,311.4,1497.0,46.0,234.0,0.0,1.0,0.0,1,1,0.9619,0.9619
297.5,308.5,1662.0,30.3,26.0,0.0,0.0,1.0,0,0,0.9933,0.0067
297.4,308.4,1441.0,46.8,116.0,0.0,0.0,1.0,0,0,0.8847,0.1153
300.4,309.8,1435.0,43.6,203.0,0.0,0.0,1.0,0,0,0.5313,0.4687
296.3,307.3,1372.0,57.7,33.0,0.0,1.0,0.0,0,0,0.7173,0.2827
297.8,307.2,1880.0,23.0,176.0,0.0,1.0,0.0,0,0,0.7452,0.2548
298.1,308.2,1420.0,63.9,19.0,0.0,0.0,1.0,1,1,0.7807,0.7807
297.5,308.4,1587.0,36.1,98.0,1.0,0.0,0.0,0,0,0.9703,0.0297
299.7,309.3,1445.0,42.6,0.0,0.0,1.0,0.0,0,0,0.9391,0.0609
298.4,308.7,1588.0,35.0,99.0,0.0,1.0,0.0,0,0,0.9287,0.0713
300.3,311.6,1801.0,23.6,97.0,1.0,0.0,0.0,0,0,0.9865,0.0135
302.3,311.8,1559.0,34.4,191.0,0.0,0.0,1.0,0,0,0.7444,0.2556
302.0,310.9,1564.0,39.0,15.0,0.0,1.0,0.0,0,0,0.8058,0.1942
301.8,310.9,1609.0,31.7,202.0,0.0,1.0,0.0,0,0,0.6079,0.3921
302.7,310.6,1349.0,51.2,6.0,0.0,0.0,1.0,1,0,0.5798,0.4202
298.9,309.0,1812.0,25.9,174.0,0.0,0.0,1.0,0,0,0.8622,0.1378
297.7,308.4,1289.0,51.3,82.0,0.0,1.0,0.0,0,0,0.8969,0.1031
299.0,310.1,1487.0,47.5,123.0,0.0,0.0,1.0,0,0,0.7648,0.2352
302.5,310.4,1967.0,20.3,50.0,0.0,1.0,0.0,0,0,0.6847,0.3153
300.8,310.8,1741.0,27.1,39.0,0.0,1.0,0.0,0,0,0.9609,0.0391
303.4,312.1,1499.0,39.4,197.0,0.0,0.0,1.0,0,1,0.5874,0.5874
300.9,310.9,1749.0,26.4,40.0,0.0,1.0,0.0,0,0,0.9631,0.0369
300.1,311.3,1305.0,64.7,66.0,0.0,1.0,0.0,0,1,0.7191,0.7191
297.2,308.8,1451.0,43.1,68.0,0.0,1.0,0.0,0,0,0.9696,0.0304
301.1,311.2,1564.0,37.0,165.0,0.0,1.0,0.0,0,0,0.7139,0.2861
301.4,310.8,1490.0,38.0,168.0,0.0,1.0,0.0,0,0,0.6894,0.3106
303.6,312.5,1431.0,49.0,162.0,0.0,1.0,0.0,0,1,0.8633,0.8633
301.4,311.1,1469.0,36.9,133.0,0.0,1.0,0.0,0,0,0.873,0.127
301.8,310.8,1456.0,46.6,35.0,0.0,1.0,0.0,0,0,0.6202,0.3798
298.6,309.8,1842.0,20.1,142.0,0.0,1.0,0.0,0,0,0.9765,0.0235
300.0,309.3,1397.0,51.2,173.0,0.0,1.0,0.0,0,1,0.7967,0.7967
299.9,310.4,1408.0,38.4,144.0,0.0,1.0,0.0,0,0,0.9426,0.0574
301.7,310.1,1402.0,50.1,3.0,0.0,1.0,0.0,0,0,0.5458,0.4542
301.6,310.6,1553.0,38.9,0.0,0.0,0.0,1.0,0,0,0.9103,0.0897
295.6,306.1,1383.0,48.7,147.0,0.0,1.0,0.0,0,0,0.7691,0.2309
299.7,311.0,1827.0,25.4,194.0,0.0,1.0,0.0,0,0,0.8633,0.1367
300.5,311.4,1556.0,45.3,58.0,0.0,1.0,0.0,0,0,0.7491,0.2509
299.6,310.9,1658.0,28.0,76.0,0.0,1.0,0.0,0,0,0.9878,0.0122
303.9,313.1,1440.0,41.1,12.0,0.0,1.0,0.0,0,0,0.8882,0.1118
300.7,310.8,1486.0,37.1,186.0,0.0,1.0,0.0,0,0,0.8043,0.1957
300.1,309.6,1642.0,34.5,53.0,0.0,1.0,0.0,0,0,0.8761,0.1239
297.3,308.3,1550.0,37.0,54.0,0.0,1.0,0.0,0,0,0.976,0.024
302.3,311.8,1369.0,56.2,208.0,0.0,1.0,0.0,1,1,0.9497,0.9497
297.6,307.1,1496.0,39.2,12.0,0.0,1.0,0.0,0,0,0.9584,0.0416
299.7,309.1,1508.0,41.2,152.0,0.0,0.0,1.0,0,0,0.6842,0.3158
297.7,308.4,1288.0,49.5,91.0,1.0,0.0,0.0,0,0,0.9558,0.0442
297.6,308.6,1351.0,51.0,37.0,0.0,1.0,0.0,0,0,0.9217,0.0783
298.1,307.7,1523.0,37.7,80.0,0.0,1.0,0.0,0,0,0.9122,0.0878
297.1,308.5,1425.0,40.0,35.0,0.0,1.0,0.0,0,0,0.9914,0.0086
297.3,308.4,1469.0,46.7,65.0,0.0,1.0,0.0,0,0,0.892,0.108
304.2,313.6,1424.0,43.7,151.0,0.0,0.0,1.0,0,0,0.5805,0.4195
300.6,309.7,1470.0,43.8,18.0,1.0,0.0,0.0,0,0,0.8894,0.1106
297.8,308.4,1374.0,47.1,150.0,0.0,1.0,0.0,0,0,0.7976,0.2024
300.5,310.2,1386.0,48.2,225.0,0.0,0.0,1.0,0,1,0.6424,0.6424
298.5,309.2,1449.0,46.4,83.0,0.0,0.0,1.0,0,0,0.8921,0.1079
298.8,310.0,1486.0,38.5,55.0,0.0,0.0,1.0,0,0,0.9867,0.0133
297.8,307.2,1498.0,38.1,188.0,0.0,1.0,0.0,0,0,0.7249,0.2751
297.7,307.3,1249.0,62.8,47.0,1.0,0.0,0.0,0,0,0.5248,0.4752
298.0,309.2,1527.0,32.4,99.0,0.0,1.0,0.0,0,0,0.9885,0.0115
298.0,309.2,1438.0,42.9,101.0,0.0,0.0,1.0,0,0,0.9622,0.0378
300.6,309.8,1541.0,36.2,166.0,1.0,0.0,0.0,0,0,0.7918,0.2082
300.6,311.7,1389.0,52.1,210.0,0.0,0.0,1.0,0,1,0.5882,0.5882
299.2,308.5,1438.0,46.6,63.0,0.0,1.0,0.0,0,0,0.7094,0.2906
297.5,308.8,1455.0,46.1,147.0,0.0,0.0,1.0,0,0,0.8656,0.1344
302.2,310.8,1827.0,23.8,9.0,0.0,1.0,0.0,0,0,0.9133,0.0867
297.3,308.6,1431.0,53.0,160.0,0.0,0.0,1.0,0,0,0.5795,0.4205
296.4,307.5,1331.0,47.8,99.0,0.0,1.0,0.0,0,0,0.9451,0.0549
301.8,310.7,1547.0,41.7,72.0,0.0,1.0,0.0,0,0,0.5569,0.4431
303.4,312.2,1554.0,36.8,85.0,1.0,0.0,0.0,0,0,0.8076,0.1924
301.0,312.3,1550.0,34.9,111.0,0.0,1.0,0.0,0,0,0.9577,0.0423
302.7,311.0,1694.0,29.8,150.0,0.0,1.0,0.0,0,0,0.5154,0.4846
302.0,311.5,1366.0,52.3,54.0,0.0,0.0,1.0,0,0,0.6258,0.3742
302.0,311.0,1566.0,37.8,218.0,0.0,1.0,0.0,0,1,0.7118,0.7118
300.6,310.2,1478.0,40.1,5.0,0.0,0.0,1.0,0,0,0.9628,0.0372
297.3,307.9,1461.0,37.5,161.0,1.0,0.0,0.0,0,0,0.9657,0.0343
302.4,310.2,1485.0,45.9,50.0,0.0,0.0,1.0,0,1,0.579,0.579
300.2,309.8,1398.0,54.8,39.0,0.0,1.0,0.0,0,1,0.5704,0.5704
302.3,311.9,1374.0,52.4,154.0,1.0,0.0,0.0,0,1,0.6716,0.6716
297.1,308.6,1717.0,31.3,61.0,0.0,0.0,1.0,0,0,0.9853,0.0147
302.7,312.5,1417.0,51.5,19.0,0.0,0.0,1.0,0,0,0.6876,0.3124
300.6,310.9,1472.0,47.6,75.0,0.0,1.0,0.0,0,0,0.664,0.336
300.1,309.7,1601.0,35.8,160.0,0.0,1.0,0.0,0,0,0.6694,0.3306
298.2,308.2,1446.0,38.2,61.0,0.0,1.0,0.0,0,0,0.9699,0.0301
299.8,310.9,1545.0,40.7,166.0,0.0,1.0,0.0,0,0,0.7526,0.2474
302.3,310.9,1523.0,43.2,210.0,0.0,0.0,1.0,0,1,0.8257,0.8257
299.1,308.9,1467.0,47.2,218.0,0.0,1.0,0.0,0,1,0.766,0.766
301.8,309.6,1432.0,43.7,138.0,0.0,1.0,0.0,0,1,0.6906,0.6906
301.8,310.7,1461.0,44.2,49.0,0.0,1.0,0.0,0,0,0.6802,0.3198
298.6,309.8,1597.0,35.9,213.0,0.0,1.0,0.0,0,0,0.7998,0.2002
301.3,310.3,1460.0,41.5,197.0,0.0,1.0,0.0,0,1,0.5974,0.5974
299.3,308.7,1802.0,26.0,130.0,0.0,1.0,0.0,0,0,0.8153,0.1847
303.0,311.2,1800.0,23.7,61.0,0.0,1.0,0.0,0,0,0.8248,0.1752
299.5,309.4,1563.0,41.5,183.0,0.0,1.0,0.0,0,1,0.5693,0.5693
299.2,308.8,1542.0,39.2,179.0,0.0,1.0,0.0,0,0,0.5856,0.4144
299.0,310.1,1623.0,33.0,210.0,0.0,1.0,0.0,0,0,0.8497,0.1503
300.5,310.0,1580.0,37.0,181.0,0.0,0.0,1.0,0,0,0.6581,0.3419
300.6,309.6,1409.0,42.4,57.0,0.0,1.0,0.0,0,0,0.86,0.14
300.4,310.6,1545.0,35.6,16.0,0.0,0.0,1.0,0,0,0.9819,0.0181
301.8,310.3,1688.0,28.8,31.0,0.0,1.0,0.0,0,0,0.8994,0.1006
300.7,309.6,1541.0,34.6,131.0,0.0,1.0,0.0,0,0,0.7941,0.2059
299.0,308.6,1466.0,46.4,112.0,0.0,1.0,0.0,0,0,0.5683,0.4317
298.2,308.7,1408.0,46.3,3.0,0.0,1.0,0.0,0,0,0.9542,0.0458
297.2,308.3,1794.0,27.5,38.0,0.0,0.0,1.0,0,0,0.9876,0.0124
302.4,310.1,1426.0,46.8,95.0,0.0,1.0,0.0,0,1,0.7453,0.7453
300.9,310.9,1755.0,27.9,148.0,0.0,1.0,0.0,0,0,0.8077,0.1923
300.3,309.9,1394.0,46.7,210.0,1.0,0.0,0.0,1,0,0.5005,0.4995
302.8,312.3,1494.0,37.5,198.0,0.0,1.0,0.0,0,0,0.586,0.414
301.8,311.2,1840.0,26.6,202.0,0.0,1.0,0.0,0,1,0.5821,0.5821
300.1,309.2,1783.0,27.3,118.0,0.0,1.0,0.0,0,0,0.7655,0.2345
300.7,309.5,1685.0,31.1,27.0,0.0,1.0,0.0,0,0,0.8914,0.1086
297.4,308.4,1573.0,34.5,205.0,0.0,1.0,0.0,0,0,0.8893,0.1107
297.9,309.7,2194.0,16.8,27.0,0.0,1.0,0.0,0,0,0.9612,0.0388
297.8,307.8,1452.0,39.8,21.0,0.0,1.0,0.0,0,0,0.9739,0.0261
299.3,309.2,1465.0,41.5,127.0,0.0,1.0,0.0,0,0,0.8042,0.1958
302.5,310.2,1563.0,34.8,150.0,0.0,1.0,0.0,0,1,0.5684,0.5684
302.5,311.9,1298.0,57.5,57.0,0.0,0.0,1.0,0,1,0.563,0.563
298.4,308.2,1584.0,41.0,191.0,0.0,0.0,1.0,0,0,0.5167,0.4833
296.6,307.6,1809.0,25.1,86.0,0.0,1.0,0.0,0,0,0.9769,0.0231
300.1,309.2,1418.0,39.8,221.0,0.0,0.0,1.0,0,0,0.6852,0.3148
297.5,308.2,1419.0,48.5,108.0,0.0,1.0,0.0,0,0,0.7828,0.2172
300.8,312.6,1376.0,53.6,119.0,0.0,1.0,0.0,0,0,0.6536,0.3464
297.9,309.0,1583.0,36.7,104.0,0.0,1.0,0.0,0,0,0.9422,0.0578
300.6,311.9,1425.0,44.9,224.0,0.0,1.0,0.0,0,0,0.6273,0.3727
300.4,311.4,1424.0,44.6,127.0,0.0,1.0,0.0,0,0,0.8441,0.1559
297.9,309.1,1521.0,36.1,15.0,0.0,1.0,0.0,0,0,0.9915,0.0085
300.5,310.5,1452.0,42.9,29.0,0.0,1.0,0.0,0,0,0.9156,0.0844
302.7,310.7,1369.0,47.5,11.0,0.0,1.0,0.0,1,0,0.6391,0.3609
297.0,307.9,1882.0,24.2,97.0,0.0,0.0,1.0,0,0,0.9687,0.0313
303.6,312.4,1388.0,41.9,221.0,0.0,1.0,0.0,0,1,0.6469,0.6469
298.2,308.3,1448.0,43.3,199.0,0.0,0.0,1.0,0,0,0.721,0.279
302.0,310.8,1454.0,36.6,0.0,0.0,1.0,0.0,0,0,0.9591,0.0409
296.9,307.5,2721.0,9.3,18.0,0.0,1.0,0.0,1,1,0.6447,0.6447
299.4,308.7,1487.0,52.6,205.0,0.0,0.0,1.0,0,1,0.9198,0.9198
301.1,312.3,1595.0,31.9,134.0,0.0,1.0,0.0,0,0,0.9532,0.0468
297.1,308.1,1352.0,44.4,0.0,0.0,0.0,1.0,0,0,0.9934,0.0066
298.8,309.6,1309.0,57.4,185.0,1.0,0.0,0.0,0,1,0.5778,0.5778
300.9,311.0,1499.0,38.0,111.0,0.0,1.0,0.0,0,0,0.8841,0.1159
298.7,309.2,1586.0,31.4,180.0,0.0,1.0,0.0,0,0,0.9221,0.0779
298.1,308.6,1439.0,44.9,205.0,0.0,1.0,0.0,0,0,0.6079,0.3921
296.2,307.2,1356.0,43.6,22.0,0.0,1.0,0.0,0,0,0.9897,0.0103
299.0,310.1,1705.0,30.1,84.0,0.0,0.0,1.0,0,0,0.9766,0.0234
300.4,310.1,1484.0,38.0,198.0,1.0,0.0,0.0,0,0,0.8048,0.1952
300.6,309.3,1510.0,46.0,87.0,0.0,0.0,1.0,0,1,0.5392,0.5392
298.0,308.6,1610.0,33.1,56.0,0.0,1.0,0.0,0,0,0.9745,0.0255
300.5,311.9,1710.0,28.4,158.0,0.0,1.0,0.0,0,0,0.9351,0.0649
303.7,312.9,1502.0,40.5,0.0,0.0,1.0,0.0,0,0,0.8599,0.1401
301.7,310.8,1559.0,44.5,135.0,0.0,1.0,0.0,0,1,0.7711,0.7711
299.4,310.8,1376.0,53.9,215.0,0.0,1.0,0.0,1,1,0.684,0.684
300.5,310.6,1621.0,32.0,184.0,0.0,0.0,1.0,0,0,0.8622,0.1378
303.8,313.0,1427.0,43.0,0.0,0.0,1.0,0.0,0,0,0.8721,0.1279
300.7,310.9,1535.0,37.1,113.0,0.0,1.0,0.0,0,0,0.8785,0.1215
300.4,311.4,1936.0,23.9,131.0,0.0,1.0,0.0,0,0,0.8421,0.1579
301.9,310.5,1477.0,42.4,128.0,0.0,1.0,0.0,0,1,0.5589,0.5589
303.5,312.5,1380.0,46.1,166.0,0.0,1.0,0.0,0,1,0.6553,0.6553
298.7,310.1,1644.0,34.1,46.0,0.0,0.0,1.0,0,0,0.9841,0.0159
303.3,311.8,1548.0,33.5,75.0,0.0,0.0,1.0,0,0,0.8857,0.1143
299.6,310.7,1922.0,23.3,205.0,0.0,1.0,0.0,1,0,0.7626,0.2374
303.6,312.8,1701.0,30.8,12.0,0.0,1.0,0.0,0,0,0.8886,0.1114
299.9,309.1,1345.0,56.8,10.0,0.0,0.0,1.0,0,0,0.5808,0.4192
299.0,308.7,1537.0,42.8,202.0,0.0,1.0,0.0,0,1,0.6586,0.6586
296.8,308.1,1492.0,43.7,222.0,1.0,0.0,0.0,0,0,0.7946,0.2054
303.7,312.7,1532.0,42.7,194.0,0.0,0.0,1.0,0,1,0.7749,0.7749
303.0,311.3,1365.0,56.2,146.0,0.0,1.0,0.0,1,1,0.9546,0.9546
299.0,308.8,1382.0,58.5,199.0,1.0,0.0,0.0,0,1,0.8993,0.8993
300.0,311.3,1407.0,47.3,208.0,0.0,1.0,0.0,0,0,0.6043,0.3957
298.4,309.1,1525.0,39.3,86.0,0.0,0.0,1.0,0,0,0.9545,0.0455
300.1,309.3,1340.0,56.0,130.0,0.0,1.0,0.0,0,1,0.8147,0.8147
296.2,307.2,1382.0,52.0,201.0,0.0,1.0,0.0,0,1,0.5019,0.5019
296.6,307.6,1671.0,28.8,108.0,0.0,1.0,0.0,0,0,0.98,0.02
296.1,306.9,1541.0,32.6,33.0,1.0,0.0,0.0,0,0,0.9968,0.0032
300.6,309.5,1867.0,23.0,242.0,0.0,1.0,0.0,0,1,0.6083,0.6083
302.5,310.8,1577.0,36.9,158.0,0.0,1.0,0.0,0,1,0.6414,0.6414
300.6,310.4,1494.0,47.3,118.0,0.0,1.0,0.0,0,1,0.5929,0.5929
301.4,310.4,1543.0,40.9,190.0,0.0,1.0,0.0,0,1,0.7235,0.7235
300.8,310.9,1678.0,28.1,63.0,0.0,0.0,1.0,0,0,0.9772,0.0228
301.2,310.9,1467.0,37.1,153.0,0.0,1.0,0.0,0,0,0.8412,0.1588
297.2,307.9,1337.0,58.1,184.0,0.0,1.0,0.0,0,1,0.7612,0.7612
300.5,309.8,1507.0,42.5,117.0,0.0,1.0,0.0,0,0,0.5758,0.4242
298.0,307.5,1524.0,36.3,98.0,0.0,0.0,1.0,0,0,0.9432,0.0568
298.4,309.2,2118.0,17.7,210.0,0.0,1.0,0.0,0,0,0.6299,0.3701
299.1,310.3,1449.0,40.7,40.0,0.0,1.0,0.0,0,0,0.9791,0.0209
301.7,310.1,2695.0,12.6,10.0,0.0,1.0,0.0,0,1,0.9644,0.9644
298.5,309.4,1560.0,37.9,37.0,0.0,1.0,0.0,0,0,0.9669,0.0331
298.5,310.1,1809.0,28.9,20.0,0.0,1.0,0.0,0,0,0.9794,0.0206
296.5,307.6,1541.0,38.5,98.0,0.0,1.0,0.0,0,0,0.9548,0.0452
300.7,311.7,1460.0,46.1,15.0,0.0,1.0,0.0,0,0,0.9183,0.0817
297.8,307.7,1505.0,39.7,25.0,0.0,1.0,0.0,0,0,0.9534,0.0466
299.5,310.8,1571.0,38.2,74.0,0.0,1.0,0.0,0,0,0.9453,0.0547
297.6,308.5,1360.0,48.6,77.0,0.0,0.0,1.0,0,0,0.9422,0.0578
303.1,311.2,1394.0,45.3,144.0,0.0,1.0,0.0,0,1,0.7065,0.7065
298.3,309.4,1378.0,52.3,12.0,0.0,1.0,0.0,0,0,0.9001,0.0999
299.7,309.0,1465.0,49.0,158.0,0.0,0.0,1.0,0,1,0.6921,0.6921
302.2,311.4,1372.0,55.1,9.0,0.0,0.0,1.0,0,0,0.5359,0.4641
301.5,310.4,1580.0,35.7,161.0,1.0,0.0,0.0,0,0,0.6907,0.3093
304.1,313.2,2028.0,18.9,45.0,0.0,0.0,1.0,0,0,0.8389,0.1611
297.3,308.1,1566.0,35.7,156.0,0.0,1.0,0.0,0,0,0.9154,0.0846
299.2,308.4,1393.0,48.4,35.0,0.0,1.0,0.0,0,0,0.7667,0.2333
301.2,312.3,1548.0,38.3,87.0,0.0,0.0,1.0,0,0,0.9488,0.0512
301.0,310.5,1601.0,33.2,77.0,0.0,1.0,0.0,0,0,0.9005,0.0995
297.2,308.3,1326.0,57.2,100.0,0.0,0.0,1.0,0,0,0.7277,0.2723
302.5,311.6,1400.0,54.0,196.0,0.0,1.0,0.0,0,1,0.9463,0.9463
299.6,310.6,1633.0,34.2,151.0,0.0,0.0,1.0,0,0,0.9174,0.0826
298.9,310.2,1359.0,56.9,166.0,0.0,1.0,0.0,0,1,0.6623,0.6623
303.4,311.8,1306.0,61.0,215.0,0.0,1.0,0.0,1,1,0.9891,0.9891
301.8,309.5,1525.0,39.6,227.0,0.0,1.0,0.0,0,1,0.8759,0.8759
297.0,307.8,1414.0,47.5,168.0,0.0,1.0,0.0,0,0,0.7157,0.2843
299.1,308.3,1426.0,40.1,60.0,0.0,1.0,0.0,0,0,0.9257,0.0743
303.3,312.4,1505.0,38.9,68.0,0.0,0.0,1.0,0,0,0.8454,0.1546
299.2,308.5,1370.0,52.4,61.0,0.0,1.0,0.0,0,0,0.5483,0.4517
302.5,311.9,1414.0,51.6,205.0,0.0,0.0,1.0,0,1,0.87,0.87
300.9,311.2,1518.0,35.0,90.0,1.0,0.0,0.0,0,0,0.9727,0.0273
300.9,311.3,1603.0,31.8,190.0,0.0,0.0,1.0,0,0,0.8935,0.1065
302.3,311.0,1521.0,34.8,72.0,0.0,0.0,1.0,0,0,0.911,0.089
297.4,308.4,1588.0,32.5,207.0,0.0,1.0,0.0,0,0,0.9158,0.0842
303.5,312.6,1602.0,34.2,108.0,0.0,1.0,0.0,0,0,0.7101,0.2899
304.3,313.4,1482.0,43.8,41.0,0.0,0.0,1.0,0,0,0.7245,0.2755
302.6,311.5,1442.0,59.8,169.0,0.0,1.0,0.0,1,1,0.9883,0.9883
302.2,311.4,1609.0,32.1,41.0,0.0,1.0,0.0,0,0,0.9218,0.0782
303.8,313.2,1506.0,46.9,154.0,1.0,0.0,0.0,0,1,0.7372,0.7372
301.3,310.6,1499.0,36.1,163.0,0.0,0.0,1.0,0,0,0.8333,0.1667
302.7,312.2,1336.0,46.8,179.0,0.0,1.0,0.0,0,1,0.5218,0.5218
303.0,311.1,1597.0,36.7,191.0,0.0,0.0,1.0,0,1,0.7177,0.7177
300.4,309.7,1384.0,45.1,159.0,0.0,1.0,0.0,0,0,0.5794,0.4206
297.8,308.5,1561.0,46.3,194.0,0.0,1.0,0.0,0,1,0.6717,0.6717
300.4,309.5,1349.0,50.4,30.0,0.0,1.0,0.0,0,0,0.7213,0.2787
297.1,308.2,1529.0,37.9,183.0,0.0,0.0,1.0,0,0,0.927,0.073
298.6,309.9,1517.0,34.0,215.0,0.0,0.0,1.0,0,0,0.9559,0.0441
300.0,311.4,1483.0,45.6,187.0,0.0,1.0,0.0,0,0,0.611,0.389
301.4,309.9,1460.0,47.2,22.0,1.0,0.0,0.0,0,0,0.6856,0.3144
299.6,310.9,1487.0,42.5,164.0,0.0,1.0,0.0,0,0,0.8077,0.1923
295.8,306.4,1325.0,56.2,65.0,0.0,1.0,0.0,0,0,0.7502,0.2498
300.6,310.0,1313.0,52.9,93.0,0.0,1.0,0.0,0,0,0.5149,0.4851
295.5,306.1,1822.0,24.3,164.0,0.0,0.0,1.0,0,0,0.9572,0.0428
300.6,310.4,2514.0,13.4,215.0,0.0,1.0,0.0,0,1,0.9646,0.9646
300.7,309.5,1667.0,30.5,29.0,1.0,0.0,0.0,0,0,0.9519,0.0481
299.6,310.9,1630.0,29.8,206.0,0.0,0.0,1.0,0,0,0.951,0.049
300.6,310.4,1407.0,51.1,157.0,0.0,0.0,1.0,0,1,0.6273,0.6273
301.2,310.7,1568.0,38.3,49.0,0.0,1.0,0.0,0,0,0.8388,0.1612
298.8,308.5,1577.0,33.2,0.0,0.0,0.0,1.0,0,0,0.9872,0.0128
296.9,307.8,1477.0,37.2,160.0,0.0,0.0,1.0,0,0,0.9673,0.0327
298.5,308.2,1564.0,37.5,15.0,0.0,0.0,1.0,0,0,0.9646,0.0354
301.5,310.5,1351.0,52.9,116.0,0.0,1.0,0.0,0,1,0.7349,0.7349
298.2,308.3,1475.0,49.9,47.0,0.0,1.0,0.0,0,0,0.6662,0.3338
298.5,309.3,1471.0,44.7,119.0,0.0,1.0,0.0,0,0,0.8123,0.1877
302.3,310.9,1762.0,24.5,73.0,0.0,0.0,1.0,0,0,0.9161,0.0839
300.3,311.5,1548.0,32.2,25.0,0.0,1.0,0.0,0,0,0.9929,0.0071
301.0,311.0,1423.0,38.6,199.0,0.0,0.0,1.0,0,0,0.8593,0.1407
302.3,311.4,1333.0,66.7,205.0,0.0,1.0,0.0,1,1,0.9951,0.9951
297.3,308.4,1449.0,44.4,34.0,0.0,0.0,1.0,0,0,0.9756,0.0244
298.9,310.1,1513.0,41.5,80.0,0.0,0.0,1.0,0,0,0.9525,0.0475
297.9,309.5,1390.0,47.9,127.0,0.0,1.0,0.0,0,0,0.8839,0.1161
299.3,308.6,1520.0,33.7,76.0,0.0,1.0,0.0,0,0,0.9514,0.0486
297.6,308.4,1407.0,55.2,86.0,0.0,1.0,0.0,0,0,0.5398,0.4602
302.0,311.1,1373.0,55.7,157.0,0.0,1.0,0.0,0,1,0.919,0.919
302.8,310.9,1636.0,35.0,38.0,0.0,1.0,0.0,0,0,0.6672,0.3328
298.8,310.6,1803.0,25.4,209.0,0.0,1.0,0.0,0,0,0.9139,0.0861
303.2,311.2,1427.0,45.6,25.0,0.0,1.0,0.0,0,0,0.5531,0.4469
299.9,309.5,1412.0,57.9,59.0,0.0,0.0,1.0,0,1,0.7162,0.7162
298.2,308.2,1436.0,50.2,43.0,0.0,1.0,0.0,0,0,0.7252,0.2748
297.2,308.5,1524.0,41.4,192.0,1.0,0.0,0.0,0,0,0.8729,0.1271
300.5,310.8,1445.0,46.6,155.0,0.0,1.0,0.0,0,0,0.5345,0.4655
300.5,310.5,2633.0,12.2,17.0,0.0,1.0,0.0,1,1,0.8013,0.8013
297.3,308.7,1569.0,33.9,93.0,1.0,0.0,0.0,0,0,0.9903,0.0097
299.8,310.2,1573.0,33.3,168.0,1.0,0.0,0.0,0,0,0.9348,0.0652
302.6,310.5,1511.0,37.2,197.0,0.0,1.0,0.0,0,1,0.6981,0.6981
299.8,309.8,1427.0,45.2,106.0,0.0,0.0,1.0,0,0,0.8336,0.1664
301.2,310.9,1460.0,46.7,166.0,0.0,0.0,1.0,0,1,0.5652,0.5652
297.6,308.3,1438.0,47.8,84.0,0.0,1.0,0.0,0,0,0.8274,0.1726
298.4,308.0,1571.0,37.4,50.0,0.0,1.0,0.0,0,0,0.9094,0.0906
302.2,311.4,1477.0,41.7,15.0,0.0,1.0,0.0,0,0,0.8573,0.1427
300.4,309.6,1543.0,38.1,209.0,0.0,1.0,0.0,0,1,0.5646,0.5646
300.0,311.3,1629.0,32.1,55.0,0.0,0.0,1.0,0,0,0.9873,0.0127
300.8,310.7,1386.0,42.1,170.0,0.0,0.0,1.0,0,0,0.8419,0.1581
298.5,308.0,1379.0,49.6,152.0,0.0,1.0,0.0,0,1,0.5444,0.5444
298.1,308.7,1568.0,32.9,10.0,0.0,1.0,0.0,0,0,0.9908,0.0092
298.8,308.6,1730.0,25.9,59.0,0.0,1.0,0.0,0,0,0.9701,0.0299
297.9,307.7,1567.0,34.7,74.0,0.0,1.0,0.0,0,0,0.947,0.053
302.5,310.2,1454.0,43.0,108.0,0.0,1.0,0.0,0,1,0.6519,0.6519
303.4,311.8,1499.0,45.0,16.0,0.0,1.0,0.0,0,0,0.5116,0.4884
299.2,308.4,1434.0,46.8,2.0,0.0,1.0,0.0,0,0,0.8337,0.1663
298.2,308.4,1510.0,39.9,134.0,0.0,0.0,1.0,0,0,0.8898,0.1102
295.8,306.5,1534.0,37.9,88.0,0.0,1.0,0.0,0,0,0.9611,0.0389
301.7,310.1,1660.0,29.3,72.0,1.0,0.0,0.0,0,0,0.912,0.088
297.4,308.8,1353.0,49.4,188.0,0.0,1.0,0.0,0,0,0.7609,0.2391
301.1,311.1,1429.0,42.5,123.0,0.0,1.0,0.0,0,0,0.7981,0.2019
303.9,313.3,1567.0,35.0,168.0,0.0,0.0,1.0,0,0,0.6996,0.3004
297.3,308.7,1587.0,35.8,148.0,0.0,1.0,0.0,0,0,0.9365,0.0635
303.7,312.3,1606.0,37.4,103.0,0.0,1.0,0.0,0,1,0.554,0.554
303.5,312.0,1475.0,42.9,85.0,0.0,0.0,1.0,0,0,0.589,0.411
303.3,311.8,1692.0,30.6,18.0,0.0,1.0,0.0,0,0,0.8424,0.1576
297.8,307.9,1600.0,33.5,13.0,1.0,0.0,0.0,0,0,0.9888,0.0112
298.7,310.3,1481.0,41.5,83.0,0.0,0.0,1.0,0,0,0.9728,0.0272
296.2,306.8,1389.0,53.3,132.0,0.0,1.0,0.0,0,0,0.5597,0.4403
301.7,310.9,1435.0,48.0,66.0,0.0,0.0,1.0,0,0,0.634,0.366
300.9,312.1,1423.0,40.2,63.0,0.0,1.0,0.0,0,0,0.9745,0.0255
300.2,310.2,1415.0,49.6,21.0,0.0,1.0,0.0,0,0,0.7864,0.2136
297.0,308.1,2540.0,13.3,98.0,1.0,0.0,0.0,0,0,0.515,0.485
299.3,310.5,1281.0,59.8,15.0,0.0,1.0,0.0,0,0,0.774,0.226
297.4,309.3,1622.0,35.0,123.0,0.0,0.0,1.0,0,0,0.9748,0.0252
298.0,308.9,1390.0,53.9,88.0,0.0,1.0,0.0,0,0,0.6486,0.3514
295.6,306.2,1632.0,32.2,76.0,1.0,0.0,0.0,0,0,0.9871,0.0129
299.0,310.0,1486.0,34.6,91.0,0.0,0.0,1.0,0,0,0.9899,0.0101
301.2,311.0,1567.0,35.1,64.0,0.0,1.0,0.0,0,0,0.9191,0.0809
300.2,311.4,1891.0,22.6,86.0,0.0,1.0,0.0,0,0,0.9596,0.0404
303.8,313.2,1732.0,29.6,147.0,0.0,0.0,1.0,0,0,0.7001,0.2999
299.3,309.2,1511.0,37.2,129.0,0.0,1.0,0.0,0,0,0.8771,0.1229
301.1,309.7,1668.0,30.8,158.0,0.0,1.0,0.0,0,0,0.6029,0.3971
300.2,311.6,1999.0,21.0,19.0,0.0,1.0,0.0,0,0,0.9719,0.0281
297.1,308.5,1323.0,44.4,207.0,0.0,1.0,0.0,1,0,0.9181,0.0819
302.0,310.8,1948.0,19.7,66.0,0.0,1.0,0.0,0,0,0.8322,0.1678
301.0,311.4,1484.0,36.2,188.0,0.0,1.0,0.0,0,0,0.8566,0.1434
304.0,312.7,1456.0,51.2,160.0,0.0,0.0,1.0,0,1,0.9117,0.9117
297.8,307.5,1372.0,54.1,157.0,0.0,1.0,0.0,0,1,0.7297,0.7297
300.1,311.4,1377.0,56.7,50.0,1.0,0.0,0.0,0,0,0.758,0.242
298.4,309.3,1549.0,40.8,139.0,0.0,1.0,0.0,0,0,0.8131,0.1869
302.1,311.4,1467.0,43.4,33.0,0.0,0.0,1.0,0,0,0.8552,0.1448
303.7,312.8,1832.0,23.6,35.0,0.0,1.0,0.0,0,0,0.8954,0.1046
299.7,310.4,1614.0,36.2,108.0,0.0,1.0,0.0,0,0,0.882,0.118
299.0,310.0,1667.0,30.0,53.0,0.0,0.0,1.0,0,0,0.9885,0.0115
297.5,308.8,1309.0,57.3,0.0,0.0,1.0,0.0,0,0,0.89,0.11
303.0,311.2,1409.0,41.9,98.0,0.0,1.0,0.0,0,0,0.6156,0.3844
300.7,311.8,1564.0,36.8,11.0,0.0,1.0,0.0,0,0,0.9771,0.0229
304.0,313.1,1472.0,45.5,166.0,1.0,0.0,0.0,0,1,0.6857,0.6857
297.5,308.8,1502.0,45.9,150.0,0.0,1.0,0.0,0,0,0.7282,0.2718
300.4,309.7,1685.0,32.3,167.0,0.0,0.0,1.0,0,0,0.6955,0.3045
298.3,308.1,1505.0,46.1,80.0,0.0,1.0,0.0,0,0,0.6553,0.3447
298.7,309.7,1293.0,59.1,125.0,0.0,1.0,0.0,0,1,0.5532,0.5532
299.3,308.6,1384.0,53.6,218.0,0.0,1.0,0.0,1,1,0.9085,0.9085
302.4,311.9,1422.0,46.4,194.0,0.0,0.0,1.0,0,1,0.627,0.627
297.5,308.6,1546.0,33.8,139.0,0.0,1.0,0.0,0,0,0.9685,0.0315
302.4,311.2,1466.0,43.9,152.0,0.0,1.0,0.0,0,1,0.6754,0.6754
300.4,309.7,1547.0,38.0,181.0,0.0,0.0,1.0,0,0,0.6465,0.3535
299.5,309.3,1520.0,42.3,149.0,0.0,1.0,0.0,0,0,0.5779,0.4221
302.5,311.9,1347.0,54.3,125.0,0.0,0.0,1.0,0,1,0.7015,0.7015
301.2,311.7,1433.0,49.3,206.0,0.0,1.0,0.0,0,1,0.7341,0.7341
302.0,311.2,1270.0,65.3,182.0,0.0,1.0,0.0,1,1,0.9816,0.9816
300.8,311.3,1505.0,45.5,141.0,0.0,1.0,0.0,0,0,0.5278,0.4722
299.2,308.2,1674.0,28.2,14.0,0.0,0.0,1.0,0,0,0.9795,0.0205
299.1,310.1,1486.0,40.7,39.0,0.0,1.0,0.0,0,0,0.9667,0.0333
297.6,308.8,1416.0,45.9,101.0,0.0,0.0,1.0,0,0,0.9425,0.0575
300.0,309.8,1372.0,39.6,105.0,0.0,1.0,0.0,0,0,0.9456,0.0544
302.0,311.1,1406.0,50.5,187.0,0.0,1.0,0.0,0,1,0.8708,0.8708
300.9,310.8,1571.0,39.9,51.0,0.0,1.0,0.0,0,0,0.8244,0.1756
297.4,308.3,1431.0,43.0,113.0,0.0,1.0,0.0,0,0,0.9281,0.0719
297.5,308.6,1347.0,57.0,132.0,0.0,0.0,1.0,0,0,0.5908,0.4092
303.4,311.7,1515.0,44.2,168.0,0.0,0.0,1.0,0,1,0.8237,0.8237
300.5,311.4,1312.0,51.4,60.0,0.0,0.0,1.0,0,0,0.9151,0.0849
297.7,308.1,1469.0,48.8,183.0,0.0,0.0,1.0,0,1,0.5123,0.5123
298.5,309.4,1417.0,41.2,155.0,1.0,0.0,0.0,0,0,0.9524,0.0476
299.4,309.0,1507.0,41.0,213.0,0.0,1.0,0.0,0,1,0.5555,0.5555
299.7,310.3,1462.0,40.4,19.0,1.0,0.0,0.0,0,0,0.9845,0.0155
300.3,311.1,1480.0,46.6,185.0,0.0,1.0,0.0,0,1,0.5501,0.5501
300.4,309.5,1711.0,29.2,215.0,0.0,1.0,0.0,0,0,0.5249,0.4751
302.2,311.1,1426.0,50.6,101.0,1.0,0.0,0.0,0,1,0.639,0.639
300.6,309.5,1516.0,39.0,142.0,0.0,1.0,0.0,0,0,0.6032,0.3968
300.2,309.2,1431.0,51.3,57.0,0.0,1.0,0.0,0,1,0.6066,0.6066
297.1,308.2,1399.0,42.6,194.0,0.0,1.0,0.0,0,0,0.8888,0.1112
299.7,309.6,1419.0,45.1,170.0,0.0,1.0,0.0,0,0,0.5928,0.4072
300.6,311.3,1531.0,38.5,0.0,0.0,1.0,0.0,0,0,0.9718,0.0282
299.0,310.0,1360.0,48.1,37.0,0.0,1.0,0.0,0,0,0.9457,0.0543
302.0,310.4,1828.0,26.3,82.0,0.0,0.0,1.0,0,0,0.755,0.245
303.4,312.9,1307.0,54.3,68.0,0.0,0.0,1.0,0,0,0.5523,0.4477
301.9,310.8,1650.0,29.8,94.0,0.0,1.0,0.0,0,0,0.853,0.147
298.8,310.3,1708.0,27.1,78.0,1.0,0.0,0.0,0,0,0.993,0.007
301.2,311.0,1544.0,39.3,217.0,0.0,1.0,0.0,0,1,0.5864,0.5864
301.9,309.8,1724.0,27.5,126.0,1.0,0.0,0.0,0,0,0.7433,0.2567
297.2,308.1,1340.0,61.3,207.0,0.0,0.0,1.0,1,1,0.8406,0.8406
297.8,309.7,1341.0,49.2,208.0,0.0,1.0,0.0,0,0,0.7946,0.2054
299.6,309.2,1425.0,45.9,133.0,0.0,1.0,0.0,0,0,0.6027,0.3973
298.9,310.2,1498.0,50.2,160.0,0.0,1.0,0.0,0,1,0.5817,0.5817
302.0,311.2,1845.0,27.3,45.0,0.0,1.0,0.0,0,0,0.793,0.207
297.7,309.4,1392.0,44.1,140.0,0.0,1.0,0.0,0,0,0.9447,0.0553
300.6,310.5,1509.0,43.1,31.0,0.0,1.0,0.0,0,0,0.8436,0.1564
298.5,307.9,1640.0,33.1,146.0,0.0,0.0,1.0,0,0,0.8444,0.1556
301.5,310.5,1587.0,33.8,57.0,1.0,0.0,0.0,0,0,0.9322,0.0678
297.2,308.3,1578.0,37.8,3.0,0.0,0.0,1.0,0,0,0.9884,0.0116
297.8,309.8,1798.0,25.5,203.0,0.0,0.0,1.0,0,0,0.9606,0.0394
299.6,310.2,1627.0,36.6,17.0,0.0,1.0,0.0,0,0,0.9494,0.0506
300.3,311.5,1403.0,60.1,58.0,0.0,1.0,0.0,0,1,0.6697,0.6697
301.9,310.9,1309.0,48.0,124.0,0.0,1.0,0.0,0,0,0.5913,0.4087
298.9,308.7,1504.0,41.8,165.0,0.0,1.0,0.0,0,0,0.6136,0.3864
300.5,309.5,1691.0,27.6,67.0,0.0,0.0,1.0,0,0,0.9508,0.0492
299.8,311.1,1452.0,47.3,188.0,0.0,1.0,0.0,0,0,0.5718,0.4282
301.4,310.8,1782.0,26.5,6.0,0.0,0.0,1.0,0,0,0.9648,0.0352
298.8,308.4,1473.0,41.1,128.0,0.0,1.0,0.0,0,0,0.7823,0.2177
300.5,309.7,1685.0,29.4,140.0,0.0,0.0,1.0,0,0,0.8555,0.1445
301.0,309.7,1511.0,39.3,146.0,0.0,0.0,1.0,0,0,0.6413,0.3587
303.6,312.5,1286.0,62.4,101.0,0.0,1.0,0.0,0,1,0.9444,0.9444
301.0,310.7,1300.0,57.2,174.0,0.0,1.0,0.0,0,1,0.8507,0.8507
299.3,308.9,1767.0,24.8,196.0,0.0,0.0,1.0,0,0,0.86,0.14
298.8,310.0,1529.0,38.5,77.0,0.0,0.0,1.0,0,0,0.9736,0.0264
299.8,311.1,1300.0,64.2,165.0,0.0,1.0,0.0,0,1,0.8763,0.8763
297.4,308.8,1538.0,41.2,126.0,0.0,1.0,0.0,0,0,0.8961,0.1039
301.0,309.9,1507.0,41.8,19.0,0.0,1.0,0.0,0,0,0.8018,0.1982
301.2,309.9,1984.0,19.7,169.0,0.0,1.0,0.0,0,1,0.5107,0.5107
302.0,310.4,1895.0,23.2,161.0,0.0,1.0,0.0,0,1,0.563,0.563
295.6,306.3,1911.0,20.9,74.0,0.0,1.0,0.0,0,0,0.9794,0.0206
298.5,308.8,1557.0,36.0,21.0,0.0,0.0,1.0,0,0,0.9833,0.0167
298.8,310.3,1528.0,37.1,99.0,0.0,0.0,1.0,0,0,0.9796,0.0204
301.3,310.6,1436.0,44.2,76.0,0.0,1.0,0.0,0,0,0.7302,0.2698
298.8,309.8,1510.0,44.2,35.0,1.0,0.0,0.0,0,0,0.9529,0.0471
301.8,310.7,1597.0,30.8,74.0,0.0,1.0,0.0,0,0,0.909,0.091
301.0,310.5,1248.0,61.4,77.0,0.0,1.0,0.0,0,1,0.7519,0.7519
297.4,308.1,1729.0,31.7,204.0,0.0,1.0,0.0,0,0,0.744,0.256
297.5,308.2,1563.0,38.2,15.0,0.0,1.0,0.0,0,0,0.9726,0.0274
297.4,308.4,1675.0,29.5,59.0,0.0,0.0,1.0,0,0,0.9905,0.0095
298.8,308.9,1379.0,46.7,204.0,0.0,1.0,0.0,0,0,0.5514,0.4486
300.6,309.8,1688.0,28.6,135.0,0.0,1.0,0.0,0,0,0.8249,0.1751
297.9,307.9,1412.0,44.5,85.0,0.0,1.0,0.0,0,0,0.8845,0.1155
303.2,311.5,1336.0,58.2,2.0,0.0,0.0,1.0,1,1,0.7198,0.7198
301.8,310.3,1666.0,32.7,19.0,0.0,0.0,1.0,0,0,0.8885,0.1115
299.0,310.4,1365.0,49.1,226.0,0.0,1.0,0.0,1,0,0.5938,0.4062
298.8,309.7,1480.0,38.1,157.0,0.0,0.0,1.0,0,0,0.9481,0.0519
297.4,308.5,1497.0,36.4,56.0,0.0,0.0,1.0,0,0,0.992,0.008
301.3,310.0,2068.0,17.8,176.0,0.0,0.0,1.0,0,1,0.5141,0.5141
302.6,311.0,1506.0,37.2,95.0,0.0,1.0,0.0,0,0,0.7115,0.2885
303.6,312.1,1967.0,20.9,2.0,0.0,0.0,1.0,0,0,0.8773,0.1227
300.8,311.3,1465.0,43.2,113.0,0.0,0.0,1.0,0,0,0.8629,0.1371
295.6,306.2,1612.0,31.2,131.0,0.0,1.0,0.0,0,0,0.9691,0.0309
298.6,309.9,1593.0,37.4,47.0,0.0,1.0,0.0,0,0,0.965,0.035
298.9,310.1,2109.0,18.0,61.0,0.0,1.0,0.0,0,0,0.9377,0.0623
300.6,310.3,1794.0,24.4,211.0,0.0,1.0,0.0,0,0,0.7102,0.2898
298.2,308.7,1780.0,27.9,35.0,0.0,1.0,0.0,0,0,0.9688,0.0312
303.5,313.0,1902.0,21.6,60.0,0.0,0.0,1.0,0,0,0.9155,0.0845
301.8,310.8,1505.0,41.2,33.0,0.0,1.0,0.0,0,0,0.7903,0.2097
301.5,310.7,1454.0,39.4,17.0,0.0,0.0,1.0,0,0,0.9557,0.0443
297.1,308.4,1359.0,46.6,176.0,1.0,0.0,0.0,0,0,0.9232,0.0768
298.4,309.4,1392.0,50.1,117.0,0.0,1.0,0.0,0,0,0.7543,0.2457
298.0,308.7,1629.0,34.3,191.0,0.0,1.0,0.0,0,0,0.8148,0.1852
297.4,308.6,1469.0,42.6,80.0,0.0,0.0,1.0,0,0,0.967,0.033
299.9,310.5,1539.0,32.8,213.0,0.0,1.0,0.0,0,0,0.8856,0.1144
301.7,310.6,1691.0,27.7,105.0,0.0,0.0,1.0,0,0,0.8994,0.1006
303.0,311.1,1428.0,39.8,181.0,0.0,0.0,1.0,0,0,0.5166,0.4834
299.6,309.0,1372.0,60.4,149.0,0.0,1.0,0.0,0,1,0.9456,0.9456
297.4,308.5,1369.0,53.2,43.0,0.0,1.0,0.0,0,0,0.8579,0.1421
301.9,309.6,1439.0,41.7,201.0,0.0,0.0,1.0,0,1,0.7047,0.7047
302.3,311.7,1442.0,41.7,127.0,0.0,0.0,1.0,0,0,0.7725,0.2275
302.3,311.6,1398.0,49.1,119.0,0.0,1.0,0.0,0,1,0.6254,0.6254
300.7,310.2,1569.0,32.8,31.0,0.0,1.0,0.0,0,0,0.9626,0.0374
299.1,310.1,1429.0,42.9,96.0,1.0,0.0,0.0,0,0,0.9622,0.0378
295.7,306.2,1464.0,46.2,92.0,0.0,1.0,0.0,0,0,0.8498,0.1502
301.7,311.0,1311.0,46.8,136.0,0.0,0.0,1.0,0,0,0.7612,0.2388
303.1,311.3,1494.0,42.7,221.0,1.0,0.0,0.0,0,1,0.8258,0.8258
301.4,310.4,1433.0,43.4,86.0,0.0,1.0,0.0,0,0,0.7013,0.2987
296.9,307.9,1626.0,29.9,177.0,0.0,1.0,0.0,0,0,0.9572,0.0428
302.5,311.5,1521.0,44.1,37.0,0.0,1.0,0.0,0,0,0.583,0.417
299.0,310.1,1432.0,50.0,45.0,1.0,0.0,0.0,0,0,0.9079,0.0921
298.7,309.7,1697.0,29.8,74.0,1.0,0.0,0.0,0,0,0.9843,0.0157
300.7,311.0,1334.0,53.9,150.0,0.0,0.0,1.0,0,1,0.5144,0.5144
301.8,310.6,1522.0,43.8,70.0,0.0,1.0,0.0,0,1,0.5187,0.5187
301.5,310.5,1593.0,32.9,155.0,0.0,1.0,0.0,0,0,0.7102,0.2898
301.7,310.7,1442.0,41.1,89.0,0.0,0.0,1.0,0,0,0.8412,0.1588
301.2,310.4,1515.0,38.4,51.0,0.0,1.0,0.0,0,0,0.8685,0.1315
298.4,309.3,1531.0,37.4,16.0,0.0,1.0,0.0,0,0,0.983,0.017
303.7,312.7,1395.0,53.9,123.0,0.0,1.0,0.0,0,1,0.8899,0.8899
298.9,310.3,1243.0,63.0,163.0,1.0,0.0,0.0,0,1,0.5768,0.5768
300.7,310.8,1534.0,41.3,69.0,0.0,1.0,0.0,0,0,0.8179,0.1821
303.3,311.8,1315.0,62.0,42.0,0.0,1.0,0.0,1,1,0.9226,0.9226
300.3,311.7,1579.0,33.6,59.0,0.0,1.0,0.0,0,0,0.9822,0.0178
302.2,311.0,1463.0,46.8,150.0,0.0,1.0,0.0,0,1,0.7913,0.7913
300.1,311.2,1452.0,42.4,190.0,0.0,0.0,1.0,0,0,0.8419,0.1581
298.6,309.5,1730.0,30.2,41.0,0.0,1.0,0.0,0,0,0.9711,0.0289
302.2,311.4,1449.0,46.5,60.0,0.0,1.0,0.0,0,0,0.5831,0.4169
300.5,311.9,1511.0,44.5,30.0,0.0,0.0,1.0,0,0,0.9464,0.0536
299.3,308.5,1772.0,26.1,52.0,0.0,1.0,0.0,0,0,0.9325,0.0675
298.8,308.3,1634.0,27.9,12.0,0.0,1.0,0.0,0,0,0.9869,0.0131
303.9,312.9,1526.0,42.5,194.0,0.0,1.0,0.0,0,1,0.8322,0.8322
299.2,308.8,1523.0,38.9,112.0,0.0,0.0,1.0,0,0,0.8716,0.1284
297.1,307.9,1420.0,39.8,192.0,1.0,0.0,0.0,0,0,0.9502,0.0498
299.0,310.3,1582.0,33.3,177.0,0.0,0.0,1.0,0,0,0.9554,0.0446
299.6,310.2,1743.0,24.8,99.0,0.0,1.0,0.0,0,0,0.9719,0.0281
297.6,308.6,1522.0,37.0,106.0,0.0,1.0,0.0,0,0,0.9625,0.0375
300.6,310.2,1233.0,52.3,23.0,0.0,0.0,1.0,0,0,0.9212,0.0788
302.4,311.8,1453.0,42.1,105.0,0.0,0.0,1.0,0,0,0.7855,0.2145
296.8,307.4,1549.0,48.3,105.0,0.0,1.0,0.0,0,0,0.5425,0.4575
298.3,307.8,1485.0,42.0,13.0,0.0,0.0,1.0,0,0,0.948,0.052
299.5,308.8,1886.0,20.9,117.0,0.0,0.0,1.0,0,0,0.917,0.083
299.8,309.4,1630.0,32.4,53.0,0.0,1.0,0.0,0,0,0.9359,0.0641
299.0,310.5,1336.0,56.8,136.0,1.0,0.0,0.0,0,0,0.6645,0.3355
302.7,311.7,1784.0,25.1,177.0,0.0,0.0,1.0,0,0,0.7114,0.2886
299.7,309.4,1362.0,51.9,117.0,0.0,1.0,0.0,0,1,0.534,0.534
302.0,310.9,1679.0,29.0,222.0,1.0,0.0,0.0,0,0,0.6395,0.3605
300.8,310.6,1663.0,30.6,139.0,0.0,1.0,0.0,0,0,0.8402,0.1598
298.0,307.8,1386.0,57.3,147.0,0.0,1.0,0.0,0,1,0.8466,0.8466
295.8,306.6,1508.0,46.5,99.0,0.0,1.0,0.0,0,0,0.7945,0.2055
302.3,311.4,1476.0,37.3,20.0,0.0,1.0,0.0,0,0,0.9364,0.0636
302.4,310.9,1444.0,40.7,174.0,1.0,0.0,0.0,0,0,0.58,0.42
299.6,309.4,1642.0,30.3,80.0,0.0,0.0,1.0,0,0,0.9651,0.0349
300.2,309.7,1448.0,36.8,14.0,0.0,1.0,0.0,0,0,0.9769,0.0231
302.2,310.8,1422.0,47.0,3.0,0.0,0.0,1.0,0,0,0.7744,0.2256
303.7,313.1,1355.0,49.1,188.0,0.0,1.0,0.0,0,1,0.759,0.759
300.7,310.5,1561.0,33.2,48.0,0.0,1.0,0.0,0,0,0.9616,0.0384
299.5,308.8,1965.0,20.4,164.0,0.0,1.0,0.0,0,0,0.6718,0.3282
302.3,311.2,1549.0,40.6,66.0,0.0,1.0,0.0,0,0,0.6163,0.3837
303.0,312.8,1648.0,32.1,104.0,0.0,0.0,1.0,0,0,0.8829,0.1171
302.3,311.5,1445.0,44.8,65.0,0.0,0.0,1.0,0,0,0.7565,0.2435
297.3,308.5,1520.0,42.4,171.0,0.0,0.0,1.0,0,0,0.8537,0.1463
301.6,310.8,1392.0,42.4,3.0,0.0,1.0,0.0,0,0,0.9358,0.0642
302.2,311.1,1628.0,30.6,105.0,1.0,0.0,0.0,0,0,0.8987,0.1013
298.1,308.4,1436.0,46.7,103.0,0.0,1.0,0.0,0,0,0.7751,0.2249
299.0,310.2,1494.0,40.6,67.0,0.0,1.0,0.0,0,0,0.9572,0.0428
300.2,310.3,1331.0,52.1,30.0,0.0,1.0,0.0,0,0,0.8118,0.1882
302.3,311.7,1368.0,53.6,165.0,0.0,0.0,1.0,0,1,0.7994,0.7994
297.4,308.6,1657.0,33.1,156.0,0.0,0.0,1.0,0,0,0.945,0.055
300.5,311.6,1525.0,37.6,191.0,0.0,1.0,0.0,0,0,0.8322,0.1678
304.1,313.2,1427.0,46.9,123.0,0.0,0.0,1.0,0,1,0.572,0.572
300.5,311.3,1475.0,46.3,49.0,0.0,1.0,0.0,0,0,0.8417,0.1583
297.2,308.3,1429.0,42.0,6.0,0.0,0.0,1.0,0,0,0.9921,0.0079
300.0,309.5,1735.0,28.9,82.0,1.0,0.0,0.0,0,0,0.9325,0.0675
299.4,308.7,1446.0,62.9,134.0,0.0,1.0,0.0,1,1,0.9818,0.9818
299.8,309.2,1678.0,29.8,202.0,0.0,0.0,1.0,0,0,0.7655,0.2345
296.8,307.9,1413.0,46.5,121.0,0.0,1.0,0.0,0,0,0.8837,0.1163
303.5,312.9,1332.0,52.9,66.0,0.0,1.0,0.0,0,1,0.5488,0.5488
300.4,309.9,1513.0,38.7,76.0,1.0,0.0,0.0,0,0,0.9194,0.0806
297.3,308.5,1528.0,44.5,140.0,0.0,1.0,0.0,0,0,0.7612,0.2388
298.8,310.1,1719.0,28.8,206.0,0.0,0.0,1.0,0,0,0.9226,0.0774
297.8,307.3,1315.0,54.0,180.0,0.0,0.0,1.0,0,1,0.6069,0.6069
302.3,310.8,1511.0,48.1,24.0,0.0,1.0,0.0,0,1,0.6614,0.6614
298.7,310.2,1404.0,50.3,54.0,0.0,1.0,0.0,0,0,0.8908,0.1092
300.0,309.5,1675.0,30.2,11.0,0.0,1.0,0.0,0,0,0.9617,0.0383
299.2,308.4,1415.0,43.5,53.0,0.0,0.0,1.0,0,0,0.9122,0.0878
299.3,309.0,1511.0,47.8,148.0,0.0,1.0,0.0,0,1,0.7164,0.7164
301.0,311.1,1236.0,64.4,177.0,0.0,1.0,0.0,1,1,0.9301,0.9301
296.9,307.8,1549.0,35.8,206.0,1.0,0.0,0.0,1,0,0.9301,0.0699
299.1,308.9,1445.0,43.4,197.0,0.0,1.0,0.0,0,0,0.5484,0.4516
303.9,313.1,1483.0,47.2,71.0,0.0,0.0,1.0,0,1,0.527,0.527
299.2,310.3,1352.0,48.9,238.0,0.0,1.0,0.0,1,0,0.5372,0.4628
297.4,308.5,1495.0,37.8,211.0,0.0,1.0,0.0,0,0,0.8845,0.1155
299.2,310.3,1610.0,33.3,233.0,0.0,1.0,0.0,0,0,0.8105,0.1895
301.7,311.2,1517.0,42.4,113.0,0.0,1.0,0.0,0,0,0.5626,0.4374
300.1,309.4,1568.0,39.7,42.0,0.0,1.0,0.0,0,0,0.8072,0.1928
301.1,311.1,1889.0,23.8,170.0,0.0,1.0,0.0,0,0,0.6933,0.3067
301.2,310.3,1548.0,38.6,59.0,0.0,1.0,0.0,0,0,0.7945,0.2055
302.3,310.7,1402.0,50.9,157.0,0.0,1.0,0.0,0,1,0.8923,0.8923
298.1,309.5,1530.0,40.2,65.0,1.0,0.0,0.0,0,0,0.9772,0.0228
297.2,307.9,1540.0,37.1,164.0,0.0,1.0,0.0,0,0,0.8944,0.1056
296.2,306.9,1516.0,39.1,138.0,0.0,1.0,0.0,0,0,0.9153,0.0847
299.6,309.0,1472.0,48.8,72.0,0.0,1.0,0.0,0,1,0.5137,0.5137
298.9,310.0,2231.0,17.4,151.0,0.0,1.0,0.0,0,0,0.6098,0.3902
300.8,311.8,1427.0,43.3,180.0,0.0,1.0,0.0,0,0,0.7708,0.2292
302.4,311.4,1831.0,26.9,121.0,0.0,1.0,0.0,0,0,0.5919,0.4081
301.3,310.6,1458.0,48.0,104.0,0.0,1.0,0.0,0,1,0.6168,0.6168
300.3,311.8,1483.0,45.1,181.0,0.0,0.0,1.0,0,0,0.753,0.247
299.5,310.9,1496.0,38.5,162.0,0.0,1.0,0.0,0,0,0.9173,0.0827
298.6,308.2,1555.0,36.8,36.0,1.0,0.0,0.0,0,0,0.966,0.034
300.6,310.6,1830.0,26.2,78.0,1.0,0.0,0.0,0,0,0.936,0.064
298.0,308.7,1443.0,49.3,52.0,0.0,1.0,0.0,0,0,0.8215,0.1785
299.5,309.3,1972.0,19.3,177.0,0.0,1.0,0.0,0,0,0.7493,0.2507
298.2,308.3,1589.0,33.2,94.0,0.0,1.0,0.0,0,0,0.9496,0.0504
298.3,307.9,1551.0,33.8,72.0,0.0,1.0,0.0,0,0,0.9557,0.0443
299.9,309.4,1889.0,26.0,6.0,0.0,0.0,1.0,0,0,0.9376,0.0624
298.4,309.4,1540.0,43.2,141.0,0.0,1.0,0.0,0,0,0.7377,0.2623
302.2,311.5,1863.0,25.7,85.0,0.0,0.0,1.0,0,0,0.8186,0.1814
303.1,311.2,1452.0,52.9,11.0,0.0,1.0,0.0,0,1,0.814,0.814
299.8,309.5,1420.0,46.7,136.0,1.0,0.0,0.0,0,0,0.7051,0.2949
300.6,311.7,1535.0,33.3,92.0,1.0,0.0,0.0,0,0,0.9879,0.0121
300.4,310.2,1431.0,43.2,0.0,1.0,0.0,0.0,0,0,0.9664,0.0336
302.3,311.8,1557.0,34.1,185.0,0.0,0.0,1.0,0,0,0.7752,0.2248
302.0,310.8,1783.0,23.1,190.0,0.0,0.0,1.0,0,0,0.7639,0.2361
301.4,310.7,1673.0,27.8,181.0,0.0,1.0,0.0,0,0,0.7738,0.2262
299.9,311.2,1364.0,49.6,50.0,1.0,0.0,0.0,0,0,0.9512,0.0488
303.4,312.8,1622.0,35.1,107.0,0.0,0.0,1.0,0,0,0.7641,0.2359
300.6,311.7,1497.0,43.6,198.0,0.0,1.0,0.0,0,0,0.5852,0.4148
299.1,310.4,1505.0,46.1,176.0,0.0,1.0,0.0,0,0,0.5822,0.4178
299.8,309.5,1542.0,40.3,141.0,0.0,1.0,0.0,0,0,0.6381,0.3619
304.4,313.6,1507.0,43.1,13.0,0.0,1.0,0.0,0,0,0.7066,0.2934
301.1,310.1,1564.0,36.8,7.0,0.0,1.0,0.0,0,0,0.9048,0.0952
300.9,311.4,1387.0,42.7,121.0,1.0,0.0,0.0,0,0,0.9388,0.0612
300.5,311.7,1409.0,54.7,104.0,0.0,1.0,0.0,0,1,0.5306,0.5306
303.4,312.7,1534.0,35.5,98.0,0.0,1.0,0.0,0,0,0.8207,0.1793
298.6,310.1,1596.0,33.0,15.0,0.0,0.0,1.0,0,0,0.9952,0.0048
300.9,309.9,1465.0,42.9,209.0,0.0,0.0,1.0,0,1,0.6061,0.6061
298.2,309.1,1429.0,48.5,164.0,0.0,1.0,0.0,0,0,0.6204,0.3796
298.8,309.9,1415.0,53.2,194.0,0.0,0.0,1.0,0,1,0.5952,0.5952
298.8,309.1,1513.0,40.3,160.0,0.0,1.0,0.0,0,0,0.7627,0.2373
302.2,310.0,1483.0,48.7,20.0,0.0,1.0,0.0,0,1,0.7265,0.7265
303.7,313.1,1423.0,41.2,124.0,0.0,1.0,0.0,0,0,0.7135,0.2865
298.8,309.1,1362.0,45.4,113.0,0.0,1.0,0.0,0,0,0.8818,0.1182
302.2,310.9,1506.0,34.0,49.0,0.0,1.0,0.0,0,0,0.9265,0.0735
302.7,310.5,1511.0,37.7,60.0,0.0,1.0,0.0,0,0,0.6802,0.3198
296.8,308.0,1391.0,54.4,17.0,0.0,1.0,0.0,0,0,0.8591,0.1409
299.3,310.4,1725.0,26.8,167.0,0.0,1.0,0.0,0,0,0.9399,0.0601
298.6,310.0,1512.0,37.5,27.0,0.0,0.0,1.0,0,0,0.9921,0.0079
300.7,310.4,1366.0,52.6,205.0,0.0,1.0,0.0,0,1,0.8378,0.8378
303.9,313.1,1514.0,41.1,121.0,0.0,0.0,1.0,0,0,0.5944,0.4056
300.8,310.3,1777.0,30.1,38.0,1.0,0.0,0.0,0,0,0.9171,0.0829
296.7,307.8,1468.0,39.2,35.0,0.0,1.0,0.0,0,0,0.9875,0.0125
296.7,308.0,1535.0,36.8,210.0,0.0,1.0,0.0,0,0,0.8958,0.1042
300.0,309.2,1566.0,34.4,18.0,0.0,1.0,0.0,0,0,0.9507,0.0493
301.4,310.1,1502.0,46.6,37.0,0.0,1.0,0.0,0,1,0.5313,0.5313
299.3,308.4,1438.0,42.3,0.0,0.0,0.0,1.0,0,0,0.9533,0.0467
300.4,311.2,1436.0,56.8,173.0,0.0,1.0,0.0,0,1,0.8858,0.8858
300.8,310.5,1482.0,39.0,47.0,0.0,1.0,0.0,0,0,0.926,0.074
299.5,310.7,1364.0,49.5,0.0,0.0,0.0,1.0,0,0,0.9702,0.0298
301.4,311.0,1427.0,43.2,13.0,0.0,0.0,1.0,0,0,0.9417,0.0583
301.2,310.7,1527.0,41.1,53.0,0.0,0.0,1.0,0,0,0.8538,0.1462
300.7,311.0,1378.0,41.2,93.0,0.0,0.0,1.0,0,0,0.9634,0.0366
303.0,311.2,1735.0,26.1,194.0,0.0,1.0,0.0,0,1,0.5365,0.5365
298.1,310.0,1534.0,33.7,47.0,0.0,1.0,0.0,0,0,0.9948,0.0052
298.0,308.7,1619.0,40.1,45.0,0.0,1.0,0.0,0,0,0.8931,0.1069
298.6,309.8,1637.0,34.6,207.0,0.0,1.0,0.0,0,0,0.8009,0.1991
297.1,307.8,1536.0,40.4,92.0,0.0,1.0,0.0,0,0,0.9133,0.0867
302.1,311.2,1460.0,46.9,198.0,0.0,1.0,0.0,0,1,0.8493,0.8493
298.8,309.9,1482.0,39.1,45.0,0.0,1.0,0.0,0,0,0.9786,0.0214
298.5,309.3,1551.0,34.7,121.0,0.0,0.0,1.0,0,0,0.9701,0.0299
297.5,308.4,1511.0,42.8,209.0,0.0,1.0,0.0,0,0,0.6395,0.3605
300.7,309.5,1352.0,44.0,126.0,0.0,0.0,1.0,0,0,0.795,0.205
299.3,310.8,1483.0,43.5,15.0,0.0,1.0,0.0,0,0,0.967,0.033
298.8,308.6,1331.0,62.8,81.0,0.0,1.0,0.0,0,1,0.8504,0.8504
297.7,307.5,1379.0,43.3,111.0,0.0,1.0,0.0,0,0,0.8982,0.1018
297.9,307.6,1481.0,38.0,40.0,0.0,1.0,0.0,0,0,0.9642,0.0358
301.5,310.5,1611.0,33.8,144.0,0.0,1.0,0.0,0,0,0.6588,0.3412
301.9,310.9,1641.0,33.2,3.0,0.0,0.0,1.0,0,0,0.9397,0.0603
297.7,308.5,1453.0,45.5,86.0,0.0,1.0,0.0,0,0,0.8806,0.1194
297.2,308.3,1569.0,31.2,63.0,0.0,1.0,0.0,0,0,0.9923,0.0077
299.5,310.7,1488.0,39.5,95.0,0.0,0.0,1.0,0,0,0.9684,0.0316
300.8,311.2,1376.0,48.1,172.0,0.0,1.0,0.0,0,0,0.56,0.44
302.2,311.4,1398.0,47.2,202.0,0.0,0.0,1.0,0,1,0.6834,0.6834
301.0,311.3,1597.0,39.2,66.0,1.0,0.0,0.0,0,0,0.8941,0.1059
300.7,310.4,1543.0,47.3,203.0,0.0,1.0,0.0,0,1,0.885,0.885
302.0,310.4,1608.0,33.1,97.0,0.0,0.0,1.0,0,0,0.8033,0.1967
302.4,311.5,1785.0,24.8,45.0,0.0,1.0,0.0,0,0,0.9146,0.0854
301.8,310.7,1751.0,29.3,133.0,0.0,1.0,0.0,0,0,0.6043,0.3957
302.0,310.6,1539.0,37.4,96.0,0.0,0.0,1.0,0,0,0.7687,0.2313
301.2,311.6,1461.0,52.9,208.0,0.0,1.0,0.0,1,1,0.9027,0.9027
297.9,309.8,1461.0,50.5,38.0,0.0,1.0,0.0,0,0,0.8933,0.1067
300.7,309.6,1536.0,37.2,19.0,0.0,0.0,1.0,0,0,0.9366,0.0634
300.9,310.1,2090.0,17.8,133.0,0.0,1.0,0.0,0,0,0.5682,0.4318
299.9,311.3,1371.0,52.3,167.0,0.0,1.0,0.0,0,0,0.5519,0.4481
297.1,307.8,1428.0,43.7,179.0,0.0,1.0,0.0,0,0,0.8111,0.1889
301.4,310.1,1623.0,32.3,39.0,1.0,0.0,0.0,0,0,0.9353,0.0647
297.8,308.4,1479.0,43.5,143.0,0.0,0.0,1.0,0,0,0.853,0.147
297.8,307.5,1631.0,29.9,144.0,0.0,1.0,0.0,0,0,0.9195,0.0805
298.9,310.0,1378.0,49.3,18.0,0.0,1.0,0.0,0,0,0.9393,0.0607
300.7,309.5,1508.0,39.9,59.0,0.0,1.0,0.0,0,0,0.7833,0.2167
297.7,309.2,1391.0,44.5,159.0,0.0,1.0,0.0,0,0,0.9138,0.0862
298.8,310.0,1484.0,44.9,80.0,0.0,0.0,1.0,0,0,0.9232,0.0768
298.8,309.1,1477.0,42.4,158.0,0.0,1.0,0.0,0,0,0.7386,0.2614
300.5,311.4,1679.0,27.5,59.0,1.0,0.0,0.0,0,0,0.9911,0.0089
300.6,311.4,1468.0,40.4,55.0,0.0,0.0,1.0,0,0,0.97,0.03
301.0,310.9,1578.0,38.4,49.0,0.0,1.0,0.0,0,0,0.8636,0.1364
300.5,311.5,1316.0,49.7,55.0,0.0,1.0,0.0,0,0,0.9197,0.0803
298.3,308.9,1708.0,28.0,42.0,0.0,1.0,0.0,0,0,0.983,0.017
295.8,306.5,1514.0,37.7,60.0,0.0,0.0,1.0,0,0,0.986,0.014
302.1,311.5,1341.0,50.8,99.0,0.0,0.0,1.0,0,0,0.6055,0.3945
297.6,308.3,1424.0,53.9,132.0,0.0,1.0,0.0,0,1,0.5913,0.5913
298.3,308.9,1695.0,30.7,174.0,0.0,1.0,0.0,0,0,0.8598,0.1402
299.4,309.9,1567.0,40.6,87.0,0.0,0.0,1.0,0,0,0.8845,0.1155
297.3,308.4,1459.0,39.4,59.0,0.0,1.0,0.0,0,0,0.9821,0.0179
300.8,310.3,1383.0,46.6,19.0,0.0,1.0,0.0,0,0,0.8694,0.1306
302.2,311.4,1625.0,35.4,70.0,1.0,0.0,0.0,0,0,0.8522,0.1478
298.1,308.3,1680.0,33.7,185.0,0.0,0.0,1.0,0,0,0.7838,0.2162
302.3,310.9,1360.0,44.0,67.0,0.0,0.0,1.0,1,0,0.8421,0.1579
299.8,309.6,1434.0,48.0,82.0,0.0,0.0,1.0,0,0,0.7422,0.2578
298.4,308.2,1528.0,36.2,196.0,0.0,1.0,0.0,0,0,0.7728,0.2272
302.6,310.4,1409.0,53.3,52.0,1.0,0.0,0.0,0,1,0.7766,0.7766
299.6,309.3,1577.0,39.8,48.0,0.0,0.0,1.0,0,0,0.8852,0.1148
300.2,309.4,1459.0,43.9,39.0,0.0,0.0,1.0,0,0,0.866,0.134
300.4,310.8,1520.0,37.6,151.0,0.0,1.0,0.0,0,0,0.8443,0.1557
300.5,309.8,1345.0,62.7,153.0,0.0,1.0,0.0,0,1,0.9677,0.9677
299.0,308.6,1297.0,54.2,110.0,0.0,1.0,0.0,0,0,0.5151,0.4849
303.4,311.6,1449.0,41.7,132.0,0.0,1.0,0.0,0,1,0.5904,0.5904
300.3,311.7,1432.0,47.7,61.0,1.0,0.0,0.0,0,0,0.9335,0.0665
298.2,307.9,1529.0,36.6,105.0,0.0,0.0,1.0,0,0,0.9377,0.0623
301.2,310.7,1615.0,34.9,95.0,0.0,0.0,1.0,0,0,0.8633,0.1367
300.2,311.5,1515.0,36.8,27.0,1.0,0.0,0.0,0,0,0.992,0.008
301.5,310.5,1534.0,39.3,119.0,0.0,1.0,0.0,0,0,0.6028,0.3972
297.4,308.3,1472.0,45.5,2.0,0.0,1.0,0.0,0,0,0.9541,0.0459
302.4,311.9,1366.0,47.3,162.0,1.0,0.0,0.0,0,0,0.5922,0.4078
300.4,311.0,1433.0,46.1,199.0,0.0,0.0,1.0,0,0,0.6132,0.3868
301.3,310.8,1628.0,32.2,43.0,0.0,1.0,0.0,0,0,0.9299,0.0701
298.3,308.6,1589.0,37.1,137.0,0.0,0.0,1.0,0,0,0.8827,0.1173
297.5,309.4,1318.0,58.2,146.0,0.0,1.0,0.0,0,0,0.5756,0.4244
304.3,313.3,1775.0,24.9,39.0,0.0,1.0,0.0,0,0,0.8973,0.1027
300.1,309.3,1469.0,43.9,20.0,0.0,0.0,1.0,0,0,0.8844,0.1156
297.7,309.3,1893.0,24.6,15.0,0.0,1.0,0.0,0,0,0.9861,0.0139
303.4,311.8,1316.0,50.9,69.0,0.0,0.0,1.0,1,0,0.5327,0.4673
300.6,310.9,1344.0,46.7,133.0,0.0,1.0,0.0,0,0,0.7932,0.2068
300.5,311.4,2072.0,18.8,75.0,0.0,0.0,1.0,0,0,0.9357,0.0643
297.7,309.0,1507.0,38.2,94.0,0.0,1.0,0.0,0,0,0.9695,0.0305
301.5,310.4,1329.0,46.6,24.0,0.0,1.0,0.0,0,0,0.8594,0.1406
300.0,311.4,1641.0,34.5,155.0,1.0,0.0,0.0,0,0,0.9302,0.0698
302.6,310.8,1486.0,36.4,160.0,0.0,1.0,0.0,0,0,0.571,0.429
297.1,308.7,1474.0,42.3,64.0,0.0,1.0,0.0,0,0,0.9707,0.0293
302.3,311.1,1543.0,37.5,73.0,1.0,0.0,0.0,0,0,0.8447,0.1553
296.9,308.3,1474.0,39.2,177.0,1.0,0.0,0.0,0,0,0.962,0.038
301.8,311.2,1417.0,55.9,156.0,0.0,1.0,0.0,0,1,0.9332,0.9332
302.2,311.7,1330.0,54.6,154.0,0.0,1.0,0.0,0,1,0.8128,0.8128
297.6,308.6,1529.0,45.3,15.0,0.0,1.0,0.0,0,0,0.9179,0.0821
302.2,310.8,1408.0,46.8,49.0,0.0,0.0,1.0,0,0,0.6921,0.3079
301.9,310.3,1972.0,21.3,67.0,0.0,1.0,0.0,0,0,0.6713,0.3287
300.9,312.1,1617.0,31.0,148.0,0.0,0.0,1.0,0,0,0.9645,0.0355
297.3,308.1,1369.0,52.0,214.0,0.0,0.0,1.0,0,0,0.5199,0.4801
300.0,309.2,1759.0,27.9,5.0,0.0,1.0,0.0,0,0,0.9446,0.0554
302.4,311.8,1648.0,30.0,122.0,0.0,1.0,0.0,0,0,0.8381,0.1619
299.7,309.2,1302.0,55.5,87.0,1.0,0.0,0.0,0,0,0.6054,0.3946
297.7,308.5,1720.0,29.9,210.0,1.0,0.0,0.0,0,0,0.8927,0.1073
298.9,308.5,1503.0,40.6,145.0,0.0,1.0,0.0,0,0,0.7058,0.2942
300.7,310.7,1450.0,43.4,80.0,0.0,1.0,0.0,0,0,0.8301,0.1699
298.3,308.4,1585.0,30.6,127.0,0.0,1.0,0.0,0,0,0.9585,0.0415
302.9,311.0,1469.0,48.7,130.0,1.0,0.0,0.0,0,1,0.8296,0.8296
301.9,311.0,1467.0,48.1,43.0,0.0,0.0,1.0,0,0,0.6044,0.3956
297.3,308.2,1846.0,24.5,41.0,0.0,0.0,1.0,0,0,0.9878,0.0122
299.0,309.9,1884.0,25.6,100.0,1.0,0.0,0.0,0,0,0.948,0.052
297.4,308.4,1478.0,46.2,95.0,0.0,0.0,1.0,0,0,0.8913,0.1087
300.2,309.5,1434.0,51.5,189.0,0.0,0.0,1.0,0,1,0.8302,0.8302
303.8,312.6,1406.0,47.1,162.0,0.0,0.0,1.0,0,1,0.694,0.694
302.3,311.7,1453.0,41.2,147.0,0.0,1.0,0.0,0,0,0.6305,0.3695
300.8,310.7,1358.0,48.1,198.0,0.0,1.0,0.0,0,1,0.5708,0.5708
299.9,309.5,1567.0,35.5,171.0,0.0,1.0,0.0,0,0,0.7278,0.2722
297.9,309.8,1336.0,71.6,31.0,0.0,1.0,0.0,1,1,0.8289,0.8289
298.7,309.9,1434.0,53.0,144.0,0.0,0.0,1.0,0,0,0.5557,0.4443
298.8,308.4,1604.0,29.5,14.0,0.0,0.0,1.0,0,0,0.9911,0.0089
297.2,307.9,1989.0,20.3,186.0,0.0,1.0,0.0,0,0,0.8265,0.1735
301.0,310.9,1916.0,22.0,42.0,1.0,0.0,0.0,0,0,0.9609,0.0391
300.7,311.8,1420.0,47.0,119.0,0.0,1.0,0.0,0,0,0.7846,0.2154
301.7,311.0,1546.0,43.0,23.0,0.0,1.0,0.0,0,0,0.7055,0.2945
297.4,308.4,1341.0,52.2,49.0,0.0,1.0,0.0,0,0,0.8956,0.1044
301.4,310.5,1489.0,43.5,98.0,0.0,1.0,0.0,0,0,0.5532,0.4468
301.5,310.4,2639.0,12.0,21.0,0.0,0.0,1.0,1,1,0.8752,0.8752
300.8,310.8,1415.0,44.5,87.0,0.0,0.0,1.0,0,0,0.8799,0.1201
298.9,308.3,1855.0,23.8,33.0,0.0,1.0,0.0,0,0,0.9445,0.0555
303.5,311.9,1405.0,45.6,10.0,0.0,1.0,0.0,0,0,0.7023,0.2977
300.2,310.1,1474.0,44.0,198.0,0.0,0.0,1.0,0,0,0.5282,0.4718
297.4,308.3,1483.0,41.9,47.0,0.0,0.0,1.0,0,0,0.9742,0.0258
296.8,307.9,1418.0,47.9,127.0,0.0,0.0,1.0,0,0,0.882,0.118
298.3,308.3,1379.0,48.0,181.0,0.0,0.0,1.0,0,0,0.6557,0.3443
301.6,310.5,1593.0,34.5,102.0,0.0,1.0,0.0,0,0,0.7555,0.2445
300.7,310.1,1542.0,35.5,191.0,0.0,1.0,0.0,0,0,0.6675,0.3325
296.6,307.4,1631.0,35.0,168.0,0.0,1.0,0.0,0,0,0.8673,0.1327
302.5,311.4,1559.0,37.6,209.0,0.0,1.0,0.0,0,1,0.6938,0.6938
297.6,309.1,1394.0,50.0,62.0,0.0,1.0,0.0,0,0,0.9107,0.0893
300.1,309.7,1680.0,33.8,140.0,0.0,1.0,0.0,0,0,0.6664,0.3336
301.0,311.6,1301.0,55.0,9.0,0.0,0.0,1.0,0,0,0.8822,0.1178
300.6,309.7,1428.0,42.6,23.0,0.0,0.0,1.0,0,0,0.9273,0.0727
299.9,311.4,1627.0,36.7,118.0,0.0,1.0,0.0,0,0,0.8984,0.1016
300.4,311.2,1489.0,45.3,180.0,1.0,0.0,0.0,0,0,0.6605,0.3395
300.5,309.5,1777.0,23.6,0.0,0.0,1.0,0.0,0,0,0.9715,0.0285
299.5,310.7,1423.0,56.5,7.0,0.0,0.0,1.0,0,0,0.765,0.235
298.2,308.3,1824.0,24.2,49.0,1.0,0.0,0.0,0,0,0.9823,0.0177
298.5,308.8,1670.0,29.6,13.0,0.0,1.0,0.0,0,0,0.9849,0.0151
298.4,309.2,1651.0,28.5,141.0,0.0,1.0,0.0,0,0,0.9647,0.0353
298.3,309.5,1560.0,36.9,131.0,0.0,0.0,1.0,0,0,0.9552,0.0448
297.2,308.0,1869.0,25.4,163.0,0.0,1.0,0.0,0,0,0.8661,0.1339
300.5,309.7,1887.0,24.3,28.0,0.0,1.0,0.0,0,0,0.8908,0.1092
298.1,307.5,1493.0,43.7,153.0,0.0,1.0,0.0,0,0,0.5274,0.4726
299.1,310.4,1369.0,54.5,104.0,1.0,0.0,0.0,0,0,0.7643,0.2357
300.0,309.1,1474.0,45.2,152.0,0.0,0.0,1.0,0,1,0.5266,0.5266
300.7,311.1,1324.0,52.2,85.0,0.0,1.0,0.0,0,0,0.7155,0.2845
298.6,309.8,1279.0,55.9,152.0,1.0,0.0,0.0,0,0,0.7448,0.2552
299.0,308.7,2250.0,16.6,208.0,0.0,1.0,0.0,0,1,0.7864,0.7864
300.4,311.8,1367.0,57.2,10.0,0.0,1.0,0.0,0,0,0.7456,0.2544
300.3,309.2,1587.0,31.4,43.0,0.0,1.0,0.0,0,0,0.947,0.053
298.4,309.7,1530.0,38.6,161.0,0.0,1.0,0.0,0,0,0.8971,0.1029
299.0,308.6,1329.0,60.5,120.0,0.0,1.0,0.0,0,1,0.8653,0.8653
303.4,311.8,1391.0,42.7,197.0,0.0,0.0,1.0,0,1,0.5801,0.5801
304.1,313.3,1689.0,32.5,134.0,1.0,0.0,0.0,0,0,0.6702,0.3298
300.5,311.9,1431.0,49.4,37.0,0.0,1.0,0.0,0,0,0.8744,0.1256
297.3,308.4,1417.0,47.8,31.0,0.0,1.0,0.0,0,0,0.9421,0.0579
298.3,309.4,1509.0,34.2,141.0,0.0,0.0,1.0,0,0,0.9816,0.0184
300.6,311.0,1401.0,54.6,94.0,0.0,0.0,1.0,0,1,0.5091,0.5091
303.8,313.1,1256.0,58.7,213.0,0.0,1.0,0.0,1,1,0.9473,0.9473
302.7,312.1,1478.0,36.0,191.0,1.0,0.0,0.0,0,0,0.815,0.185
298.3,307.9,1766.0,26.5,145.0,0.0,1.0,0.0,0,0,0.8583,0.1417
302.8,312.1,1418.0,51.4,54.0,0.0,1.0,0.0,0,1,0.6145,0.6145
298.4,309.6,1479.0,37.8,144.0,0.0,1.0,0.0,0,0,0.9521,0.0479
301.0,311.0,1581.0,37.0,127.0,0.0,1.0,0.0,0,0,0.7678,0.2322
302.5,310.3,1488.0,41.8,160.0,0.0,0.0,1.0,0,1,0.6979,0.6979
303.4,311.9,1531.0,37.9,203.0,0.0,1.0,0.0,0,1,0.7237,0.7237
298.8,309.0,1661.0,29.5,162.0,0.0,0.0,1.0,0,0,0.9344,0.0656
298.7,309.8,1343.0,53.6,134.0,0.0,0.0,1.0,0,0,0.7317,0.2683
300.8,310.7,1339.0,59.1,203.0,0.0,1.0,0.0,1,1,0.9408,0.9408
297.4,308.4,1392.0,49.7,174.0,0.0,1.0,0.0,0,0,0.6495,0.3505
300.7,309.5,1445.0,46.4,24.0,0.0,0.0,1.0,0,0,0.7767,0.2233
298.4,309.3,1355.0,50.6,8.0,0.0,0.0,1.0,0,0,0.959,0.041
297.5,309.0,1470.0,43.5,191.0,0.0,1.0,0.0,0,0,0.8114,0.1886
303.5,313.0,1322.0,59.5,71.0,0.0,1.0,0.0,0,1,0.8393,0.8393
297.8,309.0,1434.0,43.3,96.0,0.0,0.0,1.0,0,0,0.9636,0.0364
296.5,307.3,1579.0,34.5,166.0,0.0,1.0,0.0,0,0,0.9261,0.0739
300.2,309.9,1906.0,22.9,165.0,1.0,0.0,0.0,0,0,0.8096,0.1904
299.8,311.0,1948.0,20.0,185.0,0.0,0.0,1.0,0,0,0.9201,0.0799
300.6,311.6,1455.0,48.0,203.0,0.0,1.0,0.0,0,1,0.6066,0.6066
299.4,309.1,1352.0,44.7,172.0,0.0,0.0,1.0,0,0,0.8053,0.1947
298.0,307.7,1621.0,34.9,194.0,0.0,0.0,1.0,0,0,0.7511,0.2489
300.8,311.9,1560.0,31.8,21.0,0.0,1.0,0.0,0,0,0.992,0.008
304.1,313.6,1382.0,46.7,134.0,0.0,1.0,0.0,0,1,0.529,0.529
299.4,308.6,1746.0,26.8,107.0,0.0,1.0,0.0,0,0,0.8777,0.1223
301.4,310.0,1651.0,29.8,44.0,0.0,0.0,1.0,0,0,0.9373,0.0627
300.5,311.4,1390.0,51.9,68.0,0.0,0.0,1.0,0,0,0.8047,0.1953
302.2,311.5,1588.0,30.6,39.0,0.0,1.0,0.0,0,0,0.9576,0.0424
298.5,309.5,1561.0,34.8,35.0,0.0,1.0,0.0,0,0,0.9851,0.0149
298.8,309.7,1499.0,40.3,154.0,0.0,0.0,1.0,0,0,0.9042,0.0958
300.0,309.1,1431.0,45.4,90.0,0.0,1.0,0.0,0,0,0.6518,0.3482
300.7,311.9,1476.0,42.0,196.0,0.0,1.0,0.0,0,0,0.7317,0.2683
299.1,310.1,1894.0,20.1,106.0,0.0,1.0,0.0,0,0,0.9704,0.0296
302.2,311.5,1413.0,43.5,83.0,0.0,1.0,0.0,0,0,0.7602,0.2398
300.7,309.7,1598.0,33.7,149.0,0.0,1.0,0.0,0,0,0.7022,0.2978
302.5,311.5,1603.0,32.4,194.0,0.0,1.0,0.0,0,0,0.5647,0.4353
303.7,312.6,1514.0,35.5,138.0,1.0,0.0,0.0,0,0,0.8102,0.1898
297.4,308.7,1582.0,31.9,161.0,0.0,0.0,1.0,0,0,0.979,0.021
299.3,308.3,1651.0,28.0,6.0,0.0,1.0,0.0,0,0,0.9778,0.0222
302.8,312.1,1441.0,52.1,79.0,0.0,1.0,0.0,0,1,0.7644,0.7644
300.3,311.4,1759.0,24.8,34.0,0.0,1.0,0.0,0,0,0.989,0.011
299.4,309.4,1701.0,31.2,199.0,0.0,1.0,0.0,0,0,0.6728,0.3272
298.2,307.9,1544.0,31.4,192.0,0.0,1.0,0.0,0,0,0.9017,0.0983
299.9,309.1,1412.0,48.3,198.0,0.0,1.0,0.0,0,1,0.77,0.77
298.9,309.8,1392.0,43.1,218.0,0.0,0.0,1.0,0,0,0.8511,0.1489
299.0,308.4,1535.0,47.5,163.0,0.0,0.0,1.0,0,1,0.7329,0.7329
302.3,311.4,1609.0,32.3,49.0,0.0,1.0,0.0,0,0,0.9029,0.0971
297.5,308.5,1375.0,55.6,128.0,0.0,1.0,0.0,0,1,0.5064,0.5064
303.7,312.5,1670.0,26.1,139.0,0.0,1.0,0.0,0,0,0.8196,0.1804
295.8,306.5,1568.0,35.1,111.0,0.0,1.0,0.0,0,0,0.9625,0.0375
304.2,313.3,1625.0,37.3,27.0,1.0,0.0,0.0,0,0,0.8176,0.1824
300.4,311.7,1508.0,45.4,164.0,0.0,0.0,1.0,0,0,0.7054,0.2946
302.3,311.7,1544.0,43.2,128.0,0.0,1.0,0.0,0,1,0.634,0.634
301.3,311.1,1834.0,25.4,22.0,0.0,0.0,1.0,0,0,0.9596,0.0404
297.6,309.0,1427.0,45.6,179.0,0.0,0.0,1.0,0,0,0.8678,0.1322
303.6,312.0,1827.0,23.3,103.0,0.0,1.0,0.0,0,0,0.709,0.291
301.8,310.8,1470.0,37.6,204.0,1.0,0.0,0.0,0,0,0.7025,0.2975
300.2,309.8,1394.0,47.4,21.0,0.0,0.0,1.0,0,0,0.8981,0.1019
302.1,310.9,1916.0,23.1,51.0,0.0,0.0,1.0,0,0,0.8486,0.1514
297.5,308.5,1722.0,30.4,178.0,0.0,1.0,0.0,0,0,0.8786,0.1214
300.4,311.8,1707.0,30.0,165.0,0.0,0.0,1.0,0,0,0.9359,0.0641
300.8,309.7,1373.0,45.4,179.0,0.0,1.0,0.0,0,1,0.5628,0.5628
298.9,310.6,1720.0,25.3,197.0,0.0,0.0,1.0,0,0,0.9755,0.0245
300.2,311.6,1322.0,50.9,215.0,0.0,1.0,0.0,0,0,0.5813,0.4187
298.5,308.7,1367.0,47.3,47.0,0.0,0.0,1.0,0,0,0.9423,0.0577
302.1,310.8,1565.0,35.3,6.0,0.0,1.0,0.0,0,0,0.9044,0.0956
303.3,312.7,1262.0,63.8,100.0,0.0,1.0,0.0,0,1,0.9256,0.9256
298.9,310.2,1331.0,49.0,121.0,0.0,0.0,1.0,0,0,0.9231,0.0769
298.4,308.2,1612.0,32.6,10.0,1.0,0.0,0.0,0,0,0.9868,0.0132
297.7,308.2,1500.0,39.9,158.0,0.0,1.0,0.0,0,0,0.8477,0.1523
302.4,310.1,1520.0,36.6,97.0,0.0,0.0,1.0,0,0,0.702,0.298
298.2,307.8,1578.0,34.5,127.0,0.0,0.0,1.0,0,0,0.9156,0.0844
303.4,311.5,1817.0,24.7,125.0,0.0,0.0,1.0,0,0,0.6507,0.3493
302.0,310.5,1573.0,32.1,143.0,0.0,0.0,1.0,0,0,0.8087,0.1913
300.9,310.4,1561.0,32.7,67.0,0.0,1.0,0.0,0,0,0.9451,0.0549
299.3,309.0,1415.0,47.6,156.0,0.0,1.0,0.0,0,1,0.5189,0.5189
297.4,308.2,1386.0,41.0,35.0,0.0,1.0,0.0,0,0,0.988,0.012
299.0,309.5,1861.0,23.3,73.0,0.0,1.0,0.0,0,0,0.9584,0.0416
302.6,310.4,1614.0,36.0,74.0,1.0,0.0,0.0,0,0,0.6471,0.3529
298.8,310.2,1595.0,33.1,34.0,0.0,0.0,1.0,0,0,0.9931,0.0069
300.7,311.1,1373.0,49.9,96.0,0.0,0.0,1.0,0,0,0.7852,0.2148
300.4,309.6,1379.0,54.5,122.0,0.0,1.0,0.0,0,1,0.8078,0.8078
298.1,307.7,1414.0,48.7,159.0,0.0,1.0,0.0,0,1,0.5643,0.5643
301.7,310.2,1471.0,51.1,8.0,0.0,1.0,0.0,0,1,0.6682,0.6682
301.6,310.6,1821.0,26.2,171.0,1.0,0.0,0.0,0,0,0.6657,0.3343
300.5,311.9,1432.0,43.1,16.0,0.0,1.0,0.0,0,0,0.9757,0.0243
303.4,311.8,1515.0,42.6,204.0,0.0,0.0,1.0,0,1,0.8271,0.8271
299.0,310.1,1593.0,35.4,5.0,0.0,0.0,1.0,0,0,0.9898,0.0102
299.0,310.2,1564.0,39.9,97.0,0.0,0.0,1.0,0,0,0.9344,0.0656
298.8,308.6,1599.0,33.0,101.0,0.0,1.0,0.0,0,0,0.9237,0.0763
303.3,311.3,1350.0,48.1,32.0,0.0,1.0,0.0,1,0,0.5611,0.4389
300.1,309.3,1685.0,27.1,203.0,0.0,1.0,0.0,0,0,0.7529,0.2471
302.0,311.2,1420.0,45.8,192.0,0.0,1.0,0.0,0,1,0.7164,0.7164
297.4,308.3,1723.0,28.8,33.0,0.0,1.0,0.0,0,0,0.9851,0.0149
297.5,308.7,1363.0,53.6,194.0,0.0,0.0,1.0,0,0,0.5686,0.4314
303.5,311.5,1629.0,33.5,73.0,1.0,0.0,0.0,0,0,0.7458,0.2542
297.9,309.1,1595.0,32.0,32.0,0.0,1.0,0.0,0,0,0.9919,0.0081
300.4,309.8,1448.0,39.7,107.0,1.0,0.0,0.0,0,0,0.9118,0.0882
298.9,310.3,1551.0,35.2,50.0,0.0,0.0,1.0,0,0,0.9906,0.0094
295.6,306.0,1419.0,51.1,7.0,0.0,1.0,0.0,0,0,0.8871,0.1129
302.2,310.8,1562.0,38.1,78.0,0.0,0.0,1.0,0,0,0.7358,0.2642
298.4,308.0,1380.0,47.6,130.0,0.0,1.0,0.0,0,0,0.659,0.341
302.6,312.1,1439.0,52.3,35.0,0.0,1.0,0.0,0,1,0.6121,0.6121
300.4,309.7,1500.0,35.2,112.0,1.0,0.0,0.0,0,0,0.941,0.059
303.8,312.6,1577.0,41.3,134.0,0.0,1.0,0.0,0,1,0.758,0.758
302.4,311.4,1675.0,29.6,128.0,0.0,0.0,1.0,0,0,0.8263,0.1737
300.7,310.8,1754.0,27.7,84.0,0.0,1.0,0.0,0,0,0.9192,0.0808
298.9,310.2,1304.0,57.2,183.0,0.0,1.0,0.0,0,1,0.6098,0.6098
297.5,309.2,1530.0,40.0,206.0,0.0,0.0,1.0,0,0,0.8911,0.1089
302.0,310.6,1583.0,38.9,94.0,0.0,1.0,0.0,0,0,0.5042,0.4958
297.6,309.0,1822.0,25.4,202.0,0.0,1.0,0.0,0,0,0.8973,0.1027
298.9,308.8,1530.0,38.3,23.0,0.0,1.0,0.0,0,0,0.9515,0.0485
296.7,307.7,1524.0,36.8,82.0,0.0,1.0,0.0,0,0,0.9764,0.0236
300.5,311.9,1330.0,59.5,33.0,0.0,1.0,0.0,0,0,0.6379,0.3621
301.1,309.6,1501.0,36.1,156.0,0.0,1.0,0.0,0,0,0.6688,0.3312
303.9,313.0,1901.0,22.5,110.0,0.0,0.0,1.0,0,0,0.765,0.235
297.4,308.5,1469.0,45.1,63.0,1.0,0.0,0.0,0,0,0.9567,0.0433
298.5,309.4,1521.0,37.5,94.0,0.0,0.0,1.0,0,0,0.9715,0.0285
298.3,308.8,1349.0,52.1,104.0,0.0,0.0,1.0,0,0,0.7902,0.2098
300.6,310.0,1397.0,55.2,90.0,0.0,0.0,1.0,0,1,0.6898,0.6898
298.7,309.8,1475.0,40.5,59.0,0.0,0.0,1.0,0,0,0.9787,0.0213
300.1,309.0,1404.0,54.8,29.0,0.0,1.0,0.0,0,1,0.6665,0.6665
297.6,308.7,1659.0,32.1,49.0,1.0,0.0,0.0,0,0,0.9892,0.0108
303.3,312.6,1827.0,24.2,132.0,1.0,0.0,0.0,0,0,0.8288,0.1712
298.9,310.0,1561.0,45.3,58.0,0.0,0.0,1.0,0,0,0.8659,0.1341
298.3,308.0,1766.0,26.0,96.0,0.0,0.0,1.0,0,0,0.9558,0.0442
300.4,309.7,1466.0,39.8,184.0,0.0,0.0,1.0,0,0,0.7123,0.2877
297.1,308.2,2267.0,15.7,181.0,0.0,1.0,0.0,0,0,0.5939,0.4061
300.7,310.7,1343.0,51.6,211.0,0.0,0.0,1.0,0,1,0.6488,0.6488
302.9,312.2,1605.0,33.9,86.0,0.0,1.0,0.0,0,0,0.8112,0.1888
297.4,308.6,1524.0,43.1,73.0,0.0,1.0,0.0,0,0,0.9162,0.0838
300.7,310.9,1486.0,38.9,106.0,0.0,0.0,1.0,0,0,0.9275,0.0725
298.7,309.8,1469.0,38.4,62.0,0.0,1.0,0.0,0,0,0.9802,0.0198
303.7,312.9,1566.0,32.6,9.0,0.0,0.0,1.0,0,0,0.9675,0.0325
301.4,310.8,1389.0,52.7,125.0,0.0,1.0,0.0,0,1,0.7597,0.7597
301.5,311.1,2076.0,18.7,103.0,0.0,1.0,0.0,0,0,0.6865,0.3135
298.4,308.2,1610.0,35.0,24.0,0.0,0.0,1.0,0,0,0.9685,0.0315
302.5,312.0,1451.0,43.2,189.0,0.0,0.0,1.0,0,0,0.503,0.497
297.9,307.6,1504.0,42.4,180.0,0.0,1.0,0.0,0,0,0.5501,0.4499
298.6,309.5,1580.0,33.9,70.0,0.0,0.0,1.0,0,0,0.984,0.016
297.7,308.7,1479.0,45.7,93.0,0.0,1.0,0.0,0,0,0.8526,0.1474
298.6,308.4,1407.0,50.5,164.0,1.0,0.0,0.0,0,1,0.505,0.505
297.0,308.1,1355.0,43.7,217.0,0.0,1.0,0.0,0,0,0.8754,0.1246
302.4,311.0,1464.0,44.2,106.0,0.0,0.0,1.0,0,0,0.529,0.471
299.7,310.5,1492.0,39.3,131.0,0.0,0.0,1.0,0,0,0.9337,0.0663
303.8,312.6,1565.0,36.0,179.0,0.0,1.0,0.0,0,1,0.5909,0.5909
300.0,309.5,1641.0,30.1,35.0,0.0,1.0,0.0,0,0,0.9628,0.0372
298.0,308.2,2090.0,19.0,143.0,0.0,0.0,1.0,0,0,0.8086,0.1914
298.9,310.6,1387.0,52.7,2.0,0.0,1.0,0.0,0,0,0.9233,0.0767
302.1,311.2,1550.0,34.8,177.0,0.0,1.0,0.0,0,0,0.6339,0.3661
299.6,311.0,1554.0,36.3,62.0,0.0,1.0,0.0,0,0,0.9752,0.0248
298.8,309.1,1368.0,50.8,115.0,0.0,1.0,0.0,0,0,0.6577,0.3423
299.5,309.2,1690.0,29.2,108.0,0.0,1.0,0.0,0,0,0.9057,0.0943
302.6,311.6,1576.0,34.7,182.0,0.0,1.0,0.0,0,0,0.5289,0.4711
298.1,307.8,1761.0,28.2,76.0,0.0,1.0,0.0,0,0,0.9208,0.0792
298.8,310.1,1243.0,74.5,194.0,0.0,0.0,1.0,1,1,0.9744,0.9744
301.1,310.6,1417.0,47.6,10.0,0.0,1.0,0.0,0,0,0.8039,0.1961
298.2,307.8,1585.0,34.6,78.0,0.0,1.0,0.0,0,0,0.9239,0.0761
298.1,309.0,1437.0,36.2,95.0,0.0,1.0,0.0,0,0,0.9858,0.0142
302.9,311.1,1926.0,21.8,58.0,0.0,0.0,1.0,0,0,0.7856,0.2144
302.3,311.3,1621.0,31.6,135.0,0.0,1.0,0.0,0,0,0.7469,0.2531
298.2,308.7,1520.0,35.7,40.0,1.0,0.0,0.0,0,0,0.9899,0.0101
301.7,309.9,1533.0,40.9,106.0,0.0,0.0,1.0,0,0,0.5151,0.4849
299.1,310.5,1428.0,43.0,53.0,0.0,0.0,1.0,0,0,0.9805,0.0195
298.7,309.1,1423.0,49.5,200.0,0.0,0.0,1.0,0,1,0.5375,0.5375
298.7,309.7,1311.0,54.5,52.0,1.0,0.0,0.0,0,0,0.9049,0.0951
300.1,311.5,1454.0,52.4,90.0,0.0,1.0,0.0,0,0,0.5937,0.4063
296.7,307.8,1537.0,36.3,233.0,0.0,0.0,1.0,0,0,0.9044,0.0956
303.6,311.8,1614.0,33.2,155.0,0.0,1.0,0.0,0,1,0.563,0.563
296.9,308.1,1422.0,48.7,215.0,0.0,1.0,0.0,0,0,0.5616,0.4384
298.3,308.0,1363.0,50.1,96.0,0.0,1.0,0.0,0,0,0.6817,0.3183
297.7,308.5,1373.0,56.7,203.0,0.0,1.0,0.0,1,1,0.8056,0.8056
298.3,308.8,1767.0,27.3,168.0,0.0,1.0,0.0,0,0,0.8745,0.1255
298.1,308.7,1527.0,43.0,56.0,0.0,0.0,1.0,0,0,0.9254,0.0746
300.7,310.8,1475.0,42.0,147.0,0.0,1.0,0.0,0,0,0.7053,0.2947
299.4,309.2,1427.0,41.5,29.0,0.0,1.0,0.0,0,0,0.9513,0.0487
300.7,311.2,1452.0,44.4,33.0,0.0,1.0,0.0,0,0,0.9092,0.0908
303.4,311.6,1564.0,41.9,137.0,0.0,1.0,0.0,0,1,0.8274,0.8274
298.0,308.7,1494.0,42.6,96.0,0.0,0.0,1.0,0,0,0.9232,0.0768
297.6,308.5,1678.0,34.2,114.0,0.0,1.0,0.0,0,0,0.9049,0.0951
298.5,308.8,1589.0,30.6,11.0,0.0,1.0,0.0,0,0,0.9913,0.0087
297.3,308.3,1461.0,41.5,108.0,1.0,0.0,0.0,0,0,0.9669,0.0331
298.8,308.9,1455.0,41.3,208.0,0.0,1.0,0.0,1,0,0.6701,0.3299
298.9,310.0,1791.0,27.6,166.0,0.0,1.0,0.0,0,0,0.8816,0.1184
298.8,309.3,1450.0,44.8,63.0,0.0,1.0,0.0,0,0,0.8925,0.1075
298.1,307.8,1514.0,43.5,78.0,0.0,0.0,1.0,0,0,0.8313,0.1687
299.6,311.1,1679.0,30.7,129.0,0.0,1.0,0.0,0,0,0.9527,0.0473
301.5,310.9,1891.0,23.2,122.0,0.0,1.0,0.0,0,0,0.7468,0.2532
301.8,310.5,1593.0,34.9,139.0,0.0,1.0,0.0,0,0,0.5931,0.4069
304.3,313.5,1525.0,42.0,2.0,0.0,0.0,1.0,0,0,0.8274,0.1726
298.6,309.2,1311.0,46.6,44.0,0.0,0.0,1.0,0,0,0.9781,0.0219
297.9,307.5,1602.0,38.3,21.0,0.0,1.0,0.0,0,0,0.9051,0.0949
300.2,309.5,1500.0,45.7,89.0,0.0,0.0,1.0,0,0,0.615,0.385
297.9,307.6,1298.0,52.7,132.0,0.0,1.0,0.0,0,0,0.5868,0.4132
300.4,309.3,1525.0,39.6,202.0,0.0,1.0,0.0,0,1,0.6376,0.6376
301.8,311.1,1495.0,36.9,197.0,0.0,1.0,0.0,0,0,0.6221,0.3779
299.3,309.1,1388.0,45.5,123.0,0.0,1.0,0.0,0,0,0.7648,0.2352
298.3,308.5,1606.0,33.6,67.0,0.0,1.0,0.0,0,0,0.9565,0.0435
298.5,309.4,1573.0,36.0,97.0,1.0,0.0,0.0,0,0,0.9709,0.0291
299.1,310.5,1485.0,37.8,46.0,0.0,1.0,0.0,0,0,0.986,0.014
299.2,310.2,1697.0,30.6,12.0,0.0,1.0,0.0,0,0,0.9836,0.0164
301.9,310.9,1486.0,40.3,6.0,0.0,1.0,0.0,0,0,0.8868,0.1132
295.6,306.2,1414.0,42.5,69.0,1.0,0.0,0.0,0,0,0.9831,0.0169
298.8,309.4,1387.0,54.1,171.0,0.0,1.0,0.0,0,1,0.6956,0.6956
303.6,311.8,1736.0,32.9,99.0,0.0,1.0,0.0,0,1,0.6463,0.6463
298.6,309.5,1420.0,50.4,82.0,1.0,0.0,0.0,0,0,0.8505,0.1495
297.7,308.2,1334.0,53.0,156.0,0.0,1.0,0.0,0,0,0.5556,0.4444
297.2,308.6,1562.0,33.0,84.0,0.0,1.0,0.0,0,0,0.9884,0.0116
302.3,311.2,1758.0,24.4,68.0,0.0,1.0,0.0,0,0,0.9082,0.0918
304.3,313.6,1489.0,40.3,196.0,0.0,0.0,1.0,0,1,0.541,0.541
299.8,309.4,1475.0,43.4,51.0,0.0,1.0,0.0,0,0,0.8291,0.1709
298.2,307.6,1492.0,37.2,178.0,0.0,1.0,0.0,0,0,0.7875,0.2125
302.5,311.8,2023.0,19.1,74.0,0.0,0.0,1.0,0,0,0.8388,0.1612
302.7,311.1,1418.0,43.4,130.0,1.0,0.0,0.0,0,0,0.5971,0.4029
300.6,310.7,1457.0,36.7,193.0,0.0,0.0,1.0,0,0,0.8952,0.1048
299.4,310.8,1628.0,40.2,111.0,0.0,0.0,1.0,0,0,0.8675,0.1325
300.2,311.6,1513.0,40.8,157.0,0.0,0.0,1.0,0,0,0.8913,0.1087
298.0,308.7,1626.0,36.7,210.0,0.0,1.0,0.0,0,0,0.667,0.333
298.2,309.1,1569.0,35.2,199.0,0.0,1.0,0.0,0,0,0.8635,0.1365
296.8,308.0,1561.0,38.3,9.0,0.0,1.0,0.0,0,0,0.9837,0.0163
301.8,311.2,1822.0,26.2,204.0,0.0,1.0,0.0,0,1,0.5232,0.5232
300.5,311.8,1591.0,42.0,182.0,0.0,0.0,1.0,0,0,0.6545,0.3455
300.8,309.8,1657.0,31.1,151.0,0.0,1.0,0.0,0,0,0.7051,0.2949
302.0,310.6,1438.0,43.2,12.0,1.0,0.0,0.0,0,0,0.8854,0.1146
299.3,308.5,1422.0,45.4,37.0,0.0,0.0,1.0,0,0,0.8831,0.1169
301.8,310.8,1736.0,26.5,56.0,0.0,1.0,0.0,0,0,0.9095,0.0905
299.4,310.8,1391.0,48.9,139.0,0.0,1.0,0.0,0,0,0.7794,0.2206
300.3,311.7,1317.0,56.5,7.0,0.0,1.0,0.0,0,0,0.8542,0.1458
299.2,310.3,1440.0,47.0,21.0,0.0,1.0,0.0,0,0,0.9315,0.0685
297.1,307.8,1406.0,60.4,133.0,0.0,1.0,0.0,0,1,0.8418,0.8418
297.3,308.1,1763.0,28.4,54.0,0.0,1.0,0.0,0,0,0.9728,0.0272
295.9,306.6,1679.0,30.4,117.0,0.0,1.0,0.0,0,0,0.9612,0.0388
302.9,312.3,1578.0,36.3,141.0,0.0,1.0,0.0,0,0,0.6218,0.3782
298.0,307.5,1427.0,43.6,101.0,0.0,0.0,1.0,0,0,0.8772,0.1228
296.8,307.5,1347.0,54.8,43.0,0.0,1.0,0.0,0,0,0.8074,0.1926
298.6,309.3,1702.0,27.6,143.0,0.0,1.0,0.0,0,0,0.9484,0.0516
297.7,308.9,1458.0,41.1,14.0,0.0,1.0,0.0,0,0,0.9855,0.0145
301.1,310.5,1428.0,44.1,103.0,0.0,1.0,0.0,0,0,0.6989,0.3011
299.3,308.9,1858.0,24.7,101.0,0.0,0.0,1.0,0,0,0.9024,0.0976
302.7,311.7,1759.0,29.9,5.0,0.0,0.0,1.0,0,0,0.9057,0.0943
297.4,308.2,1536.0,34.6,4.0,0.0,0.0,1.0,0,0,0.9952,0.0048
303.5,312.4,1318.0,54.2,177.0,0.0,0.0,1.0,0,1,0.851,0.851
300.6,310.6,1514.0,39.5,87.0,0.0,1.0,0.0,0,0,0.861,0.139
299.7,309.1,1713.0,33.5,141.0,0.0,1.0,0.0,0,0,0.5876,0.4124
301.5,310.5,1435.0,44.6,135.0,0.0,1.0,0.0,0,1,0.5265,0.5265
301.5,310.1,1541.0,42.2,52.0,0.0,1.0,0.0,0,0,0.5649,0.4351
302.7,312.2,1585.0,35.5,167.0,0.0,0.0,1.0,0,0,0.694,0.306
296.7,308.0,1451.0,50.7,197.0,0.0,1.0,0.0,0,1,0.5404,0.5404
301.8,310.7,1644.0,33.4,68.0,0.0,1.0,0.0,0,0,0.7894,0.2106
301.5,310.5,1927.0,22.4,149.0,0.0,1.0,0.0,0,0,0.5722,0.4278
299.2,308.8,1440.0,39.1,188.0,1.0,0.0,0.0,0,0,0.8595,0.1405
297.7,308.2,2007.0,19.3,181.0,0.0,1.0,0.0,0,0,0.8139,0.1861
298.5,309.7,1557.0,37.7,86.0,0.0,0.0,1.0,0,0,0.9695,0.0305
303.9,313.1,1665.0,29.6,0.0,0.0,1.0,0.0,0,0,0.9434,0.0566
302.0,310.7,1657.0,31.9,37.0,0.0,1.0,0.0,0,0,0.8565,0.1435
298.4,308.6,1477.0,44.0,124.0,0.0,1.0,0.0,0,0,0.7494,0.2506
298.4,308.9,1501.0,50.0,203.0,0.0,1.0,0.0,0,1,0.7974,0.7974
301.4,310.7,1639.0,29.8,127.0,0.0,0.0,1.0,0,0,0.9027,0.0973
300.5,311.6,1447.0,45.4,204.0,0.0,1.0,0.0,0,0,0.5815,0.4185
303.6,312.4,1363.0,53.1,7.0,0.0,1.0,0.0,0,1,0.5509,0.5509
298.9,309.9,1309.0,56.2,119.0,0.0,1.0,0.0,0,0,0.591,0.409
297.6,309.0,1491.0,43.2,7.0,0.0,1.0,0.0,0,0,0.9749,0.0251
296.2,307.3,1477.0,35.2,53.0,0.0,0.0,1.0,0,0,0.996,0.004
300.4,309.8,1725.0,30.4,195.0,0.0,0.0,1.0,0,0,0.6456,0.3544
298.9,309.5,1645.0,31.1,169.0,0.0,1.0,0.0,0,0,0.8974,0.1026
297.0,307.8,1774.0,28.0,188.0,0.0,1.0,0.0,0,0,0.8646,0.1354
297.5,309.4,1482.0,39.3,112.0,0.0,0.0,1.0,0,0,0.9837,0.0163
301.2,311.4,1757.0,28.0,6.0,0.0,1.0,0.0,0,0,0.9662,0.0338
299.5,310.0,1388.0,52.4,94.0,0.0,1.0,0.0,0,0,0.5987,0.4013
297.3,308.6,1511.0,35.7,120.0,0.0,1.0,0.0,0,0,0.9766,0.0234
299.5,309.0,1399.0,49.7,207.0,0.0,0.0,1.0,0,1,0.6944,0.6944
298.8,308.7,1635.0,35.2,47.0,0.0,1.0,0.0,0,0,0.9178,0.0822
298.8,308.8,1555.0,40.6,61.0,0.0,1.0,0.0,0,0,0.8562,0.1438
298.0,308.2,1373.0,51.2,215.0,0.0,0.0,1.0,0,1,0.5777,0.5777
297.5,308.1,1907.0,23.5,125.0,0.0,0.0,1.0,0,0,0.9374,0.0626
297.3,308.9,1799.0,24.5,137.0,0.0,0.0,1.0,0,0,0.9833,0.0167
301.4,310.8,1530.0,39.9,107.0,0.0,0.0,1.0,0,0,0.7703,0.2297
298.0,308.6,1507.0,37.3,217.0,0.0,0.0,1.0,0,0,0.8761,0.1239
296.9,307.7,2008.0,17.5,3.0,0.0,0.0,1.0,0,0,0.9933,0.0067
298.3,309.2,1562.0,37.6,137.0,0.0,1.0,0.0,0,0,0.895,0.105
299.3,310.7,1374.0,48.9,222.0,0.0,0.0,1.0,0,0,0.6877,0.3123
299.8,310.8,1530.0,35.2,163.0,0.0,0.0,1.0,0,0,0.9507,0.0493
302.0,309.9,1308.0,57.6,197.0,0.0,1.0,0.0,1,1,0.9744,0.9744
300.1,309.8,1430.0,56.7,44.0,0.0,1.0,0.0,0,1,0.7339,0.7339
297.4,309.2,1420.0,45.6,193.0,0.0,1.0,0.0,0,0,0.8374,0.1626
302.4,310.0,1426.0,46.6,102.0,0.0,1.0,0.0,0,1,0.7666,0.7666
300.0,309.3,2293.0,16.3,170.0,0.0,0.0,1.0,0,1,0.7566,0.7566
298.7,310.1,1786.0,27.7,114.0,0.0,1.0,0.0,0,0,0.9506,0.0494
298.9,308.9,1753.0,25.8,33.0,0.0,1.0,0.0,0,0,0.9771,0.0229
301.8,311.1,1395.0,44.6,171.0,0.0,0.0,1.0,0,0,0.6009,0.3991
296.8,308.0,1584.0,40.4,227.0,0.0,1.0,0.0,0,0,0.6294,0.3706
302.1,311.2,1422.0,50.3,146.0,0.0,1.0,0.0,0,1,0.816,0.816
302.0,310.4,1568.0,39.2,112.0,0.0,1.0,0.0,0,1,0.572,0.572
297.3,308.7,1491.0,40.2,112.0,0.0,1.0,0.0,0,0,0.9541,0.0459
297.4,309.0,1570.0,37.9,154.0,0.0,1.0,0.0,0,0,0.9172,0.0828
300.5,309.8,1370.0,55.9,143.0,0.0,0.0,1.0,0,1,0.8116,0.8116
299.2,310.6,1434.0,48.4,153.0,1.0,0.0,0.0,0,0,0.8044,0.1956
299.2,310.5,1458.0,44.1,91.0,0.0,1.0,0.0,0,0,0.9128,0.0872
297.2,308.6,1335.0,53.0,39.0,0.0,1.0,0.0,0,0,0.9215,0.0785
303.3,311.3,1393.0,47.4,18.0,0.0,1.0,0.0,0,0,0.5467,0.4533
302.6,311.6,1227.0,68.2,187.0,0.0,0.0,1.0,1,1,0.9839,0.9839
301.5,310.0,1417.0,44.6,49.0,0.0,0.0,1.0,0,0,0.7818,0.2182
303.9,312.6,1426.0,53.4,172.0,0.0,1.0,0.0,0,1,0.959,0.959
298.0,307.6,1509.0,41.6,33.0,0.0,1.0,0.0,0,0,0.8989,0.1011
302.7,310.5,1551.0,35.9,6.0,0.0,1.0,0.0,0,0,0.8189,0.1811
300.4,310.6,1384.0,48.7,24.0,0.0,1.0,0.0,0,0,0.8679,0.1321
298.2,307.8,1804.0,25.1,108.0,0.0,1.0,0.0,0,0,0.9065,0.0935
302.6,312.3,1566.0,36.6,46.0,0.0,0.0,1.0,0,0,0.923,0.077
303.4,311.8,1438.0,58.9,22.0,0.0,1.0,0.0,0,1,0.939,0.939
300.1,309.1,1551.0,33.7,214.0,0.0,1.0,0.0,0,0,0.6316,0.3684
297.6,309.3,1415.0,41.3,17.0,0.0,0.0,1.0,0,0,0.9953,0.0047
297.9,307.8,1450.0,43.5,106.0,0.0,0.0,1.0,0,0,0.8814,0.1186
303.0,311.3,1793.0,29.3,157.0,0.0,1.0,0.0,0,1,0.7097,0.7097
300.0,311.4,1487.0,41.2,22.0,0.0,1.0,0.0,0,0,0.9738,0.0262
299.0,310.1,2033.0,19.3,15.0,0.0,1.0,0.0,0,0,0.9745,0.0255
301.1,311.0,1918.0,21.7,28.0,0.0,1.0,0.0,0,0,0.9442,0.0558
303.9,313.2,1630.0,29.3,104.0,0.0,0.0,1.0,0,0,0.9139,0.0861
300.9,310.5,1702.0,29.3,32.0,0.0,0.0,1.0,0,0,0.9638,0.0362
300.4,309.4,1362.0,42.1,182.0,0.0,0.0,1.0,0,0,0.7615,0.2385
300.5,309.8,1441.0,48.8,200.0,0.0,1.0,0.0,0,1,0.8382,0.8382
300.7,311.1,1438.0,46.6,103.0,0.0,0.0,1.0,0,0,0.797,0.203
298.3,308.4,1539.0,43.4,69.0,0.0,0.0,1.0,0,0,0.8526,0.1474
301.3,310.0,1665.0,31.4,0.0,0.0,1.0,0.0,0,0,0.9182,0.0818
300.2,311.4,1495.0,43.6,95.0,0.0,1.0,0.0,0,0,0.8635,0.1365
298.3,310.0,1442.0,43.9,110.0,0.0,1.0,0.0,0,0,0.938,0.062
296.6,307.5,1582.0,37.9,197.0,0.0,1.0,0.0,0,0,0.7938,0.2062
297.3,308.5,1664.0,28.9,174.0,0.0,0.0,1.0,0,0,0.972,0.028
297.4,309.4,1620.0,35.4,51.0,0.0,1.0,0.0,0,0,0.9846,0.0154
300.1,309.2,1438.0,51.0,211.0,0.0,0.0,1.0,0,1,0.8725,0.8725
299.2,308.6,1462.0,55.0,163.0,1.0,0.0,0.0,0,1,0.8768,0.8768
300.9,310.6,1598.0,35.4,186.0,0.0,1.0,0.0,0,0,0.6082,0.3918
301.1,312.3,1486.0,34.9,122.0,0.0,1.0,0.0,0,0,0.9705,0.0295
300.8,312.0,1443.0,53.3,151.0,0.0,0.0,1.0,0,1,0.5831,0.5831
297.4,308.0,1601.0,34.6,181.0,0.0,0.0,1.0,0,0,0.9059,0.0941
298.0,309.2,1527.0,39.5,85.0,0.0,1.0,0.0,0,0,0.951,0.049
299.1,310.7,1309.0,51.1,188.0,0.0,1.0,0.0,0,0,0.7434,0.2566
297.6,308.3,1623.0,36.9,61.0,0.0,1.0,0.0,0,0,0.9364,0.0636
302.9,312.3,1809.0,25.0,180.0,0.0,0.0,1.0,0,0,0.7119,0.2881
298.0,308.1,1777.0,24.3,200.0,0.0,1.0,0.0,0,0,0.8693,0.1307
297.6,308.7,1460.0,46.7,150.0,0.0,1.0,0.0,0,0,0.7383,0.2617
299.8,309.7,1707.0,29.1,94.0,0.0,1.0,0.0,0,0,0.9173,0.0827
301.3,311.1,1647.0,28.2,140.0,0.0,1.0,0.0,0,0,0.908,0.092
301.3,310.4,1577.0,48.3,78.0,0.0,0.0,1.0,0,1,0.7379,0.7379
302.4,310.5,1372.0,45.7,144.0,0.0,0.0,1.0,1,1,0.5551,0.5551
299.5,309.3,1462.0,46.7,7.0,0.0,1.0,0.0,0,0,0.8439,0.1561
303.7,313.0,1456.0,45.5,51.0,0.0,1.0,0.0,0,0,0.6159,0.3841
297.4,308.5,1410.0,43.9,47.0,0.0,1.0,0.0,0,0,0.9721,0.0279
300.6,309.4,1521.0,37.2,90.0,0.0,0.0,1.0,0,0,0.8638,0.1362
297.6,307.2,1470.0,42.6,44.0,0.0,0.0,1.0,0,0,0.9354,0.0646
297.0,307.8,1396.0,50.0,96.0,0.0,1.0,0.0,0,0,0.8097,0.1903
299.5,309.0,1602.0,31.3,210.0,0.0,0.0,1.0,0,0,0.8263,0.1737
304.2,313.1,1608.0,31.1,20.0,0.0,0.0,1.0,0,0,0.9487,0.0513
297.7,308.2,1526.0,40.1,165.0,1.0,0.0,0.0,0,0,0.8728,0.1272
300.6,309.6,1503.0,38.4,68.0,0.0,0.0,1.0,0,0,0.8971,0.1029
301.8,310.7,1523.0,43.3,60.0,0.0,1.0,0.0,0,0,0.5587,0.4413
301.3,310.1,1531.0,41.6,9.0,0.0,1.0,0.0,0,0,0.7744,0.2256
299.9,309.3,1473.0,40.4,59.0,0.0,1.0,0.0,0,0,0.8853,0.1147
301.2,310.7,1394.0,42.8,168.0,0.0,0.0,1.0,0,0,0.7529,0.2471
297.3,308.5,1514.0,44.5,177.0,0.0,1.0,0.0,0,0,0.6914,0.3086
300.0,311.2,1393.0,43.1,45.0,1.0,0.0,0.0,0,0,0.9853,0.0147
302.2,310.6,1632.0,30.5,122.0,0.0,1.0,0.0,0,0,0.7302,0.2698
298.1,307.7,1388.0,40.3,109.0,0.0,1.0,0.0,0,0,0.9325,0.0675
299.2,309.0,1541.0,36.3,104.0,0.0,0.0,1.0,0,0,0.9312,0.0688
300.2,311.6,1827.0,27.0,22.0,0.0,1.0,0.0,0,0,0.9763,0.0237
300.6,311.9,1372.0,60.1,212.0,0.0,1.0,0.0,1,1,0.9173,0.9173
301.4,310.3,1611.0,41.5,11.0,1.0,0.0,0.0,0,0,0.7547,0.2453
299.9,309.6,1462.0,51.0,119.0,1.0,0.0,0.0,0,1,0.5823,0.5823
298.6,308.3,1278.0,60.5,32.0,0.0,1.0,0.0,0,1,0.5231,0.5231
303.1,312.4,1378.0,50.1,104.0,0.0,0.0,1.0,0,1,0.5103,0.5103
298.1,310.0,1553.0,40.9,49.0,0.0,1.0,0.0,0,0,0.9659,0.0341
300.7,311.7,1499.0,38.9,3.0,0.0,0.0,1.0,0,0,0.9872,0.0128
301.5,310.6,1519.0,40.7,208.0,0.0,1.0,0.0,0,1,0.7042,0.7042
300.2,309.6,1359.0,51.5,66.0,0.0,1.0,0.0,0,0,0.5909,0.4091
300.3,309.9,1611.0,29.0,177.0,0.0,0.0,1.0,0,0,0.917,0.083
298.6,309.9,1615.0,28.8,199.0,0.0,1.0,0.0,0,0,0.9587,0.0413
297.5,308.1,1480.0,42.4,112.0,0.0,0.0,1.0,0,0,0.9213,0.0787
298.6,309.6,1387.0,57.6,50.0,0.0,1.0,0.0,0,0,0.5619,0.4381
301.6,310.9,1385.0,50.7,195.0,0.0,1.0,0.0,0,1,0.8403,0.8403
299.6,310.9,1853.0,26.3,166.0,0.0,1.0,0.0,0,0,0.854,0.146
302.1,310.7,1359.0,49.3,41.0,0.0,1.0,0.0,1,0,0.59,0.41
303.6,312.7,1765.0,27.5,115.0,0.0,0.0,1.0,0,0,0.7802,0.2198
301.2,310.7,1951.0,21.3,44.0,0.0,1.0,0.0,0,0,0.891,0.109
299.0,310.3,1431.0,39.9,157.0,0.0,1.0,0.0,0,0,0.9404,0.0596
300.3,311.8,1746.0,26.3,187.0,0.0,1.0,0.0,0,0,0.9271,0.0729
302.9,311.2,1751.0,23.8,196.0,0.0,1.0,0.0,0,0,0.5756,0.4244
302.3,311.7,1685.0,30.8,130.0,0.0,0.0,1.0,0,0,0.8107,0.1893
297.5,308.6,1452.0,39.0,72.0,0.0,1.0,0.0,0,0,0.9814,0.0186
301.6,310.4,1517.0,41.1,167.0,0.0,1.0,0.0,0,1,0.6532,0.6532
298.1,308.0,1456.0,42.4,59.0,0.0,1.0,0.0,0,0,0.9134,0.0866
301.4,310.6,1464.0,48.6,96.0,0.0,0.0,1.0,0,1,0.5538,0.5538
300.0,309.9,1530.0,34.5,71.0,0.0,0.0,1.0,0,0,0.9712,0.0288
300.9,310.7,1517.0,41.7,210.0,0.0,1.0,0.0,0,1,0.628,0.628
295.3,305.8,1589.0,36.2,184.0,0.0,0.0,1.0,0,0,0.9004,0.0996
302.5,310.4,1429.0,43.2,191.0,0.0,0.0,1.0,0,1,0.72,0.72
297.8,307.5,1405.0,46.9,113.0,0.0,0.0,1.0,0,0,0.8038,0.1962
299.8,309.7,1556.0,37.7,124.0,0.0,0.0,1.0,0,0,0.8645,0.1355
299.2,308.6,1381.0,50.0,193.0,0.0,1.0,0.0,0,1,0.7319,0.7319
302.1,311.1,1423.0,36.8,80.0,0.0,0.0,1.0,0,0,0.9488,0.0512
301.1,312.3,1464.0,35.3,65.0,0.0,1.0,0.0,0,0,0.9873,0.0127
303.4,311.6,1497.0,42.8,58.0,0.0,1.0,0.0,0,1,0.5272,0.5272
299.4,309.0,1404.0,47.3,86.0,0.0,1.0,0.0,0,0,0.7173,0.2827
301.6,310.5,1809.0,25.5,40.0,0.0,1.0,0.0,0,0,0.8829,0.1171
302.4,310.1,1556.0,32.9,132.0,0.0,1.0,0.0,0,0,0.6201,0.3799
301.7,309.5,1298.0,65.5,229.0,0.0,1.0,0.0,1,1,0.9971,0.9971
301.8,310.6,1295.0,62.3,91.0,0.0,1.0,0.0,0,1,0.9287,0.9287
296.8,307.5,1470.0,45.9,132.0,0.0,0.0,1.0,0,0,0.8377,0.1623
299.9,311.3,1703.0,28.4,134.0,0.0,0.0,1.0,0,0,0.9728,0.0272
302.5,311.3,1393.0,47.5,130.0,1.0,0.0,0.0,0,1,0.5058,0.5058
300.6,309.4,1442.0,43.2,96.0,0.0,1.0,0.0,0,0,0.6594,0.3406
303.4,311.9,1419.0,50.9,39.0,0.0,0.0,1.0,0,1,0.5937,0.5937
299.9,309.5,1779.0,26.1,169.0,0.0,1.0,0.0,0,0,0.7722,0.2278
300.2,309.8,1353.0,59.4,26.0,0.0,1.0,0.0,0,1,0.684,0.684
299.5,309.2,1495.0,41.6,17.0,0.0,0.0,1.0,0,0,0.9435,0.0565
301.7,309.9,1457.0,39.2,192.0,0.0,0.0,1.0,0,0,0.5133,0.4867
302.4,311.1,1484.0,45.9,169.0,0.0,1.0,0.0,0,1,0.8415,0.8415
300.1,310.4,1480.0,37.1,77.0,0.0,0.0,1.0,0,0,0.9726,0.0274
301.0,311.2,1511.0,42.9,26.0,0.0,1.0,0.0,0,0,0.8736,0.1264
298.1,308.1,1484.0,40.4,59.0,0.0,1.0,0.0,0,0,0.933,0.067
301.9,311.4,1465.0,39.9,153.0,0.0,0.0,1.0,0,0,0.7719,0.2281
300.9,310.5,1894.0,21.9,188.0,0.0,1.0,0.0,0,0,0.6738,0.3262
303.7,312.9,1532.0,41.3,32.0,0.0,0.0,1.0,0,0,0.796,0.204
299.0,308.7,2248.0,16.8,204.0,0.0,1.0,0.0,0,1,0.7823,0.7823
300.6,310.4,1401.0,42.6,114.0,0.0,1.0,0.0,0,0,0.841,0.159
302.7,312.4,1954.0,24.8,13.0,0.0,1.0,0.0,0,0,0.8282,0.1718
298.8,309.8,1509.0,36.2,57.0,0.0,1.0,0.0,0,0,0.9824,0.0176
301.9,310.6,1260.0,65.9,29.0,0.0,0.0,1.0,0,1,0.8719,0.8719
295.9,306.6,1678.0,26.7,53.0,0.0,1.0,0.0,0,0,0.9928,0.0072
300.7,312.3,1420.0,53.8,67.0,0.0,1.0,0.0,0,0,0.6739,0.3261
300.5,309.8,1421.0,49.6,211.0,0.0,1.0,0.0,0,1,0.8567,0.8567
300.7,309.8,1596.0,31.5,123.0,0.0,1.0,0.0,0,0,0.8591,0.1409
300.9,310.7,1389.0,50.0,214.0,0.0,1.0,0.0,0,1,0.7896,0.7896
301.1,310.0,1433.0,48.1,14.0,0.0,0.0,1.0,0,0,0.7506,0.2494
297.4,308.3,1336.0,53.7,61.0,0.0,1.0,0.0,0,0,0.834,0.166
299.3,310.5,1404.0,47.5,12.0,0.0,0.0,1.0,0,0,0.9692,0.0308
297.8,309.3,2243.0,15.7,36.0,0.0,0.0,1.0,0,0,0.9581,0.0419
295.9,306.6,1412.0,41.0,109.0,0.0,1.0,0.0,0,0,0.9658,0.0342
298.4,309.2,1399.0,45.2,125.0,0.0,0.0,1.0,0,0,0.9171,0.0829
300.6,309.8,1502.0,42.4,133.0,0.0,1.0,0.0,0,0,0.5202,0.4798
299.3,308.7,1393.0,54.2,80.0,0.0,1.0,0.0,0,1,0.6551,0.6551
301.3,310.6,1387.0,53.6,94.0,0.0,1.0,0.0,0,1,0.7299,0.7299
297.5,308.8,1603.0,36.7,184.0,0.0,1.0,0.0,0,0,0.8525,0.1475
298.6,309.4,1407.0,45.1,176.0,0.0,0.0,1.0,0,0,0.8394,0.1606
297.4,308.7,1402.0,40.2,114.0,0.0,1.0,0.0,0,0,0.9773,0.0227
297.8,307.3,1516.0,40.1,166.0,1.0,0.0,0.0,0,0,0.7826,0.2174
297.1,308.4,1583.0,38.2,150.0,0.0,0.0,1.0,0,0,0.9265,0.0735
299.6,310.1,1384.0,49.8,11.0,0.0,1.0,0.0,0,0,0.8933,0.1067
297.3,308.8,1419.0,42.4,139.0,1.0,0.0,0.0,0,0,0.9709,0.0291
298.4,308.9,1638.0,32.4,109.0,0.0,1.0,0.0,0,0,0.9381,0.0619
300.2,311.5,1432.0,43.6,127.0,1.0,0.0,0.0,0,0,0.9362,0.0638
300.8,312.0,1496.0,40.0,175.0,0.0,1.0,0.0,0,0,0.8244,0.1756
301.3,310.6,1426.0,40.7,54.0,0.0,1.0,0.0,0,0,0.9007,0.0993
297.5,309.4,1650.0,34.6,142.0,0.0,1.0,0.0,0,0,0.9417,0.0583
300.9,310.7,1403.0,40.6,207.0,1.0,0.0,0.0,0,0,0.8098,0.1902
301.2,310.6,1670.0,30.0,40.0,0.0,1.0,0.0,0,0,0.9364,0.0636
304.1,313.3,1459.0,50.3,39.0,0.0,1.0,0.0,0,1,0.6597,0.6597
297.9,309.0,1379.0,47.3,28.0,0.0,1.0,0.0,0,0,0.9615,0.0385
302.6,311.8,1638.0,35.1,17.0,0.0,1.0,0.0,0,0,0.8508,0.1492
303.3,311.2,1607.0,31.7,34.0,1.0,0.0,0.0,0,0,0.8984,0.1016
300.5,312.0,1453.0,45.1,151.0,0.0,1.0,0.0,0,0,0.7897,0.2103
301.4,310.7,1509.0,38.3,95.0,0.0,1.0,0.0,0,0,0.8073,0.1927
296.7,307.7,1927.0,23.9,112.0,0.0,1.0,0.0,0,0,0.928,0.072
300.1,309.7,1641.0,30.4,41.0,0.0,1.0,0.0,0,0,0.9594,0.0406
300.3,309.8,1444.0,42.0,3.0,0.0,0.0,1.0,0,0,0.958,0.042
300.2,310.1,1523.0,42.3,25.0,0.0,1.0,0.0,0,0,0.8676,0.1324
303.6,313.1,1405.0,38.3,58.0,0.0,1.0,0.0,0,0,0.9381,0.0619
301.3,310.8,1432.0,54.4,51.0,0.0,1.0,0.0,0,1,0.7115,0.7115
296.9,307.8,1544.0,40.3,150.0,0.0,0.0,1.0,0,0,0.896,0.104
300.7,311.9,1657.0,30.9,116.0,0.0,0.0,1.0,0,0,0.9676,0.0324
302.6,311.7,1430.0,51.7,32.0,0.0,0.0,1.0,0,1,0.5087,0.5087
300.2,309.4,1456.0,48.8,205.0,0.0,0.0,1.0,0,1,0.8083,0.8083
301.9,310.6,1331.0,68.6,85.0,0.0,1.0,0.0,1,1,0.9879,0.9879
302.4,311.1,1880.0,24.5,156.0,0.0,1.0,0.0,0,1,0.5494,0.5494
298.4,308.0,1515.0,42.8,125.0,0.0,1.0,0.0,0,0,0.6408,0.3592
300.4,309.2,1752.0,29.0,52.0,0.0,1.0,0.0,0,0,0.8433,0.1567
300.8,311.4,1322.0,67.2,18.0,0.0,1.0,0.0,1,1,0.8308,0.8308
298.1,307.8,1636.0,36.7,51.0,0.0,0.0,1.0,0,0,0.9167,0.0833
299.2,308.4,1711.0,28.9,197.0,0.0,1.0,0.0,0,0,0.6583,0.3417
301.3,310.3,1560.0,36.3,129.0,0.0,1.0,0.0,0,0,0.6851,0.3149
302.1,311.2,1454.0,59.2,153.0,0.0,1.0,0.0,1,1,0.9817,0.9817
297.9,309.0,1562.0,35.8,40.0,0.0,1.0,0.0,0,0,0.9827,0.0173
298.8,309.1,1418.0,46.3,133.0,0.0,1.0,0.0,0,0,0.7321,0.2679
296.3,307.3,1368.0,49.5,10.0,0.0,0.0,1.0,0,0,0.9745,0.0255
299.2,308.5,1366.0,49.7,74.0,0.0,1.0,0.0,0,0,0.6678,0.3322
300.7,311.2,1878.0,24.3,24.0,0.0,1.0,0.0,0,0,0.9582,0.0418
301.3,311.0,1580.0,36.6,184.0,1.0,0.0,0.0,0,0,0.7086,0.2914
299.5,309.2,1816.0,23.0,15.0,0.0,1.0,0.0,0,0,0.9771,0.0229
302.1,310.6,1385.0,53.6,5.0,0.0,1.0,0.0,0,1,0.6214,0.6214
301.8,310.9,1521.0,39.3,197.0,0.0,1.0,0.0,0,1,0.6121,0.6121
300.7,310.4,1234.0,51.7,160.0,0.0,1.0,0.0,0,0,0.6011,0.3989
300.3,311.5,1445.0,47.3,40.0,0.0,0.0,1.0,0,0,0.9303,0.0697
303.0,311.2,1601.0,32.9,69.0,0.0,1.0,0.0,0,0,0.7608,0.2392
300.9,312.0,1533.0,44.0,162.0,0.0,1.0,0.0,0,0,0.5834,0.4166
301.7,311.0,1585.0,35.9,185.0,0.0,1.0,0.0,0,0,0.5137,0.4863
300.2,309.1,1406.0,42.2,40.0,0.0,0.0,1.0,0,0,0.927,0.073
301.2,312.4,1505.0,39.6,102.0,0.0,0.0,1.0,0,0,0.9475,0.0525
296.2,306.8,1655.0,31.1,136.0,0.0,1.0,0.0,0,0,0.9482,0.0518
298.3,307.8,1330.0,55.4,114.0,0.0,0.0,1.0,0,1,0.5287,0.5287
297.2,308.1,1662.0,31.3,0.0,0.0,1.0,0.0,0,0,0.9905,0.0095
300.8,312.6,1422.0,50.0,117.0,0.0,1.0,0.0,0,0,0.7456,0.2544
303.5,313.1,1897.0,23.6,75.0,0.0,1.0,0.0,0,0,0.8011,0.1989
300.6,309.7,1593.0,32.4,76.0,0.0,1.0,0.0,0,0,0.9051,0.0949
301.1,310.4,1312.0,73.6,49.0,0.0,1.0,0.0,1,1,0.9877,0.9877
298.9,310.1,1324.0,54.6,185.0,1.0,0.0,0.0,0,0,0.6165,0.3835
297.7,308.7,1249.0,60.4,143.0,0.0,1.0,0.0,0,1,0.5478,0.5478
302.6,312.3,1534.0,34.3,31.0,0.0,1.0,0.0,0,0,0.9563,0.0437
300.8,312.5,1517.0,39.2,107.0,0.0,1.0,0.0,0,0,0.9418,0.0582
301.6,310.5,1602.0,32.3,2.0,1.0,0.0,0.0,0,0,0.9698,0.0302
300.9,311.0,2003.0,20.2,138.0,0.0,1.0,0.0,0,0,0.7515,0.2485
300.1,309.0,1612.0,33.0,34.0,0.0,0.0,1.0,0,0,0.9456,0.0544
300.1,311.4,1467.0,35.7,45.0,0.0,1.0,0.0,0,0,0.9911,0.0089
297.8,308.5,1448.0,40.0,192.0,0.0,1.0,0.0,0,0,0.8661,0.1339
297.5,308.3,1476.0,45.6,31.0,0.0,0.0,1.0,0,0,0.9501,0.0499
300.3,309.6,1435.0,45.4,181.0,0.0,1.0,0.0,0,1,0.624,0.624
298.0,309.2,1558.0,41.7,35.0,0.0,0.0,1.0,0,0,0.9626,0.0374
302.5,312.0,1445.0,54.8,0.0,0.0,0.0,1.0,0,1,0.5472,0.5472
301.0,309.6,1724.0,28.1,133.0,0.0,1.0,0.0,0,0,0.7041,0.2959
300.7,311.5,1569.0,36.4,20.0,0.0,0.0,1.0,0,0,0.9803,0.0197
298.8,310.2,1527.0,31.2,102.0,0.0,0.0,1.0,0,0,0.9943,0.0057
300.2,311.6,1375.0,56.9,155.0,0.0,1.0,0.0,0,1,0.6904,0.6904
298.7,309.9,1483.0,32.8,142.0,0.0,1.0,0.0,0,0,0.9839,0.0161
299.7,310.5,1594.0,35.4,134.0,0.0,0.0,1.0,0,0,0.9282,0.0718
301.3,311.0,1495.0,40.8,148.0,0.0,0.0,1.0,0,0,0.7349,0.2651
301.7,310.6,1303.0,59.7,42.0,0.0,1.0,0.0,0,1,0.7858,0.7858
303.8,312.7,1555.0,33.4,128.0,0.0,0.0,1.0,0,0,0.8206,0.1794
301.5,311.1,1507.0,38.6,149.0,0.0,0.0,1.0,0,0,0.7877,0.2123
298.6,310.1,1439.0,49.9,17.0,0.0,1.0,0.0,0,0,0.9139,0.0861
301.4,310.7,1436.0,54.1,90.0,0.0,1.0,0.0,0,1,0.8232,0.8232
301.3,310.8,1455.0,41.2,56.0,0.0,0.0,1.0,0,0,0.9144,0.0856
301.1,311.6,1266.0,55.5,210.0,0.0,0.0,1.0,0,1,0.6214,0.6214
300.4,311.4,1604.0,31.7,119.0,0.0,0.0,1.0,0,0,0.9727,0.0273
299.8,309.6,1598.0,31.0,139.0,0.0,1.0,0.0,0,0,0.9112,0.0888
300.6,309.4,1549.0,43.4,233.0,0.0,1.0,0.0,0,1,0.8999,0.8999
296.7,307.8,1605.0,31.3,128.0,0.0,1.0,0.0,0,0,0.9763,0.0237
301.2,310.7,1426.0,46.1,67.0,0.0,0.0,1.0,0,0,0.7953,0.2047
297.7,308.7,1449.0,40.2,95.0,0.0,1.0,0.0,0,0,0.9648,0.0352
297.0,308.1,1489.0,44.1,96.0,0.0,1.0,0.0,0,0,0.8978,0.1022
299.1,308.8,1502.0,46.7,197.0,0.0,1.0,0.0,0,1,0.7677,0.7677
299.7,309.2,1691.0,27.7,203.0,1.0,0.0,0.0,0,0,0.8561,0.1439
301.5,311.1,1731.0,27.9,101.0,0.0,1.0,0.0,0,0,0.8705,0.1295
298.9,308.2,2022.0,20.0,23.0,0.0,0.0,1.0,0,0,0.934,0.066
303.1,312.5,1453.0,49.1,140.0,0.0,1.0,0.0,0,1,0.7951,0.7951
303.1,311.1,1594.0,35.5,13.0,0.0,0.0,1.0,0,0,0.8358,0.1642
299.4,308.6,1492.0,40.5,181.0,0.0,1.0,0.0,0,0,0.5429,0.4571
302.6,310.2,1563.0,39.0,97.0,0.0,0.0,1.0,0,1,0.5541,0.5541
300.9,310.7,1656.0,30.7,200.0,1.0,0.0,0.0,0,0,0.8148,0.1852
302.3,310.1,1513.0,40.4,22.0,0.0,1.0,0.0,0,0,0.6584,0.3416
301.0,310.9,1473.0,44.2,116.0,0.0,1.0,0.0,0,0,0.6439,0.3561
302.5,310.3,1411.0,49.5,110.0,0.0,0.0,1.0,0,1,0.7806,0.7806
296.6,307.4,1504.0,45.8,58.0,0.0,1.0,0.0,0,0,0.8781,0.1219
302.7,312.1,1543.0,37.5,33.0,0.0,1.0,0.0,0,0,0.8799,0.1201
300.7,310.7,1347.0,46.5,183.0,0.0,0.0,1.0,0,0,0.7148,0.2852
299.0,308.5,1886.0,23.0,198.0,0.0,1.0,0.0,0,0,0.6505,0.3495
301.7,310.5,1377.0,43.1,183.0,0.0,1.0,0.0,0,1,0.5011,0.5011
298.8,308.9,1402.0,37.9,2.0,0.0,1.0,0.0,0,0,0.9911,0.0089
300.2,311.4,1433.0,37.9,36.0,0.0,1.0,0.0,0,0,0.9895,0.0105
303.9,312.8,1419.0,47.9,196.0,0.0,1.0,0.0,0,1,0.8765,0.8765
301.4,311.3,2323.0,15.9,50.0,0.0,1.0,0.0,0,0,0.5075,0.4925
298.6,309.7,1635.0,32.2,110.0,0.0,0.0,1.0,0,0,0.9739,0.0261
298.7,310.1,1402.0,69.7,64.0,0.0,0.0,1.0,1,1,0.9022,0.9022
298.6,309.6,1491.0,36.9,192.0,0.0,1.0,0.0,0,0,0.9077,0.0923
300.8,310.3,1494.0,42.2,35.0,0.0,0.0,1.0,0,0,0.8921,0.1079
301.5,310.6,1565.0,43.9,142.0,0.0,1.0,0.0,0,1,0.7671,0.7671
297.3,308.7,1492.0,43.6,189.0,0.0,1.0,0.0,0,0,0.7707,0.2293
297.5,309.3,1525.0,41.7,235.0,1.0,0.0,0.0,0,0,0.8312,0.1688
298.2,307.8,1749.0,26.1,66.0,0.0,1.0,0.0,0,0,0.9572,0.0428
297.2,307.9,1493.0,38.4,146.0,0.0,1.0,0.0,0,0,0.9249,0.0751
298.7,310.1,1676.0,33.5,70.0,0.0,1.0,0.0,0,0,0.9611,0.0389
297.4,308.5,1486.0,48.6,75.0,0.0,1.0,0.0,0,0,0.7952,0.2048
296.3,307.3,1498.0,41.6,15.0,0.0,0.0,1.0,0,0,0.9854,0.0146
303.1,311.3,1657.0,31.8,217.0,0.0,1.0,0.0,0,1,0.7445,0.7445
297.7,309.2,1365.0,58.6,170.0,0.0,1.0,0.0,0,1,0.7034,0.7034
302.6,311.6,1453.0,37.0,135.0,0.0,1.0,0.0,0,0,0.7947,0.2053
297.6,309.4,1326.0,49.8,199.0,0.0,1.0,0.0,0,0,0.8069,0.1931
300.6,311.7,1507.0,45.5,74.0,0.0,1.0,0.0,0,0,0.8066,0.1934
298.1,308.9,1313.0,50.6,108.0,0.0,1.0,0.0,0,0,0.8547,0.1453
302.2,310.9,1452.0,42.3,56.0,0.0,1.0,0.0,0,0,0.73,0.27
298.1,308.9,1459.0,50.3,115.0,0.0,0.0,1.0,0,0,0.6918,0.3082
297.6,308.4,1611.0,31.0,48.0,0.0,0.0,1.0,0,0,0.9924,0.0076
300.3,311.5,1528.0,40.9,76.0,0.0,0.0,1.0,0,0,0.945,0.055
299.7,309.2,1616.0,31.6,175.0,0.0,1.0,0.0,0,0,0.7934,0.2066
296.9,307.5,1397.0,48.3,22.0,1.0,0.0,0.0,0,0,0.9636,0.0364
300.7,312.1,1512.0,36.9,153.0,0.0,1.0,0.0,0,0,0.929,0.071
297.2,308.5,1364.0,55.6,163.0,0.0,0.0,1.0,0,0,0.5786,0.4214
300.8,310.7,1525.0,39.4,175.0,0.0,1.0,0.0,0,0,0.6197,0.3803
302.3,311.8,1435.0,44.8,98.0,0.0,1.0,0.0,0,0,0.6386,0.3614
303.0,312.5,1507.0,37.9,163.0,1.0,0.0,0.0,0,0,0.7602,0.2398
300.7,311.0,1312.0,52.1,107.0,0.0,1.0,0.0,0,0,0.6681,0.3319
301.2,311.0,1573.0,32.8,57.0,0.0,1.0,0.0,0,0,0.953,0.047
299.2,310.7,1636.0,29.4,23.0,1.0,0.0,0.0,0,0,0.9969,0.0031
298.1,309.0,1592.0,33.9,85.0,0.0,1.0,0.0,0,0,0.969,0.031
300.1,311.5,1434.0,40.8,80.0,0.0,1.0,0.0,0,0,0.9688,0.0312
302.4,311.0,1423.0,46.2,186.0,0.0,1.0,0.0,0,1,0.811,0.811
302.5,311.5,1626.0,36.0,44.0,1.0,0.0,0.0,0,0,0.8526,0.1474
297.0,307.8,1385.0,56.4,202.0,0.0,1.0,0.0,1,1,0.7938,0.7938
297.5,308.5,1448.0,54.3,83.0,0.0,1.0,0.0,0,0,0.5449,0.4551
302.4,311.8,1673.0,30.1,210.0,0.0,1.0,0.0,0,0,0.5572,0.4428
300.4,310.2,1671.0,30.5,234.0,0.0,0.0,1.0,1,0,0.7027,0.2973
299.8,311.2,1564.0,40.0,172.0,0.0,1.0,0.0,0,0,0.7743,0.2257
300.7,309.5,1479.0,43.6,240.0,0.0,1.0,0.0,0,1,0.8439,0.8439
300.3,311.6,1709.0,29.5,27.0,0.0,1.0,0.0,0,0,0.9836,0.0164
302.4,311.1,1443.0,51.8,178.0,0.0,0.0,1.0,0,1,0.9131,0.9131
297.8,309.3,2015.0,20.1,161.0,0.0,1.0,0.0,0,0,0.8976,0.1024
301.6,310.7,1380.0,51.8,216.0,0.0,1.0,0.0,1,1,0.9081,0.9081
299.6,309.1,1560.0,37.1,73.0,0.0,0.0,1.0,0,0,0.9146,0.0854
299.8,309.1,1485.0,39.9,207.0,0.0,1.0,0.0,0,0,0.5127,0.4873
297.8,308.4,1579.0,36.6,152.0,0.0,0.0,1.0,0,0,0.9107,0.0893
301.6,310.6,1691.0,30.1,40.0,0.0,0.0,1.0,0,0,0.9284,0.0716
300.8,312.3,1535.0,40.3,71.0,0.0,0.0,1.0,0,0,0.9579,0.0421
298.2,308.1,1379.0,62.3,149.0,0.0,1.0,0.0,0,1,0.943,0.943
298.1,308.5,1372.0,51.1,116.0,0.0,0.0,1.0,0,0,0.7587,0.2413
300.8,310.8,1549.0,35.5,79.0,0.0,0.0,1.0,0,0,0.9503,0.0497
302.2,310.9,1604.0,40.5,68.0,0.0,1.0,0.0,0,1,0.5441,0.5441
298.0,307.6,1593.0,32.2,118.0,1.0,0.0,0.0,0,0,0.9564,0.0436
303.9,313.2,1481.0,44.1,197.0,0.0,1.0,0.0,0,1,0.7988,0.7988
297.4,308.2,1471.0,46.5,25.0,0.0,1.0,0.0,0,0,0.9195,0.0805
299.8,309.6,1526.0,41.7,85.0,0.0,1.0,0.0,0,0,0.7674,0.2326
300.4,309.7,1679.0,30.1,136.0,0.0,1.0,0.0,0,0,0.7972,0.2028
300.5,309.9,1397.0,45.9,210.0,1.0,0.0,0.0,1,1,0.5024,0.5024
298.5,309.5,1483.0,44.8,92.0,0.0,0.0,1.0,0,0,0.9058,0.0942
300.4,311.8,1405.0,47.9,58.0,0.0,1.0,0.0,0,0,0.9072,0.0928
301.0,311.3,1454.0,41.5,57.0,0.0,0.0,1.0,0,0,0.9482,0.0518
302.9,312.3,1426.0,44.7,157.0,0.0,0.0,1.0,0,0,0.5459,0.4541
300.8,310.7,1586.0,33.4,142.0,0.0,1.0,0.0,0,0,0.8531,0.1469
302.9,312.5,1683.0,32.1,85.0,0.0,1.0,0.0,0,0,0.7975,0.2025
298.3,307.7,1602.0,33.4,106.0,0.0,0.0,1.0,0,0,0.9265,0.0735
300.2,310.2,1438.0,51.5,7.0,0.0,0.0,1.0,0,0,0.7791,0.2209
299.3,309.1,1449.0,47.9,131.0,0.0,0.0,1.0,0,0,0.5915,0.4085
302.3,310.7,1612.0,33.4,139.0,0.0,1.0,0.0,0,0,0.5654,0.4346
301.0,310.4,1614.0,31.6,84.0,0.0,1.0,0.0,0,0,0.9084,0.0916
300.7,310.6,1505.0,40.6,179.0,1.0,0.0,0.0,0,0,0.7214,0.2786
301.7,310.6,1876.0,22.1,99.0,0.0,0.0,1.0,0,0,0.8629,0.1371
299.4,308.7,1525.0,39.0,90.0,0.0,1.0,0.0,0,0,0.8143,0.1857
300.7,310.2,1479.0,52.3,9.0,1.0,0.0,0.0,0,0,0.5944,0.4056
300.1,309.2,1533.0,37.0,101.0,0.0,1.0,0.0,0,0,0.8152,0.1848
297.8,309.2,1295.0,61.2,12.0,0.0,0.0,1.0,0,0,0.8336,0.1664
299.1,308.3,1601.0,31.4,121.0,0.0,1.0,0.0,0,0,0.8927,0.1073
297.3,308.7,1506.0,39.3,187.0,0.0,1.0,0.0,0,0,0.8929,0.1071
298.5,309.4,1548.0,37.7,43.0,0.0,1.0,0.0,0,0,0.9694,0.0306
299.4,309.2,1556.0,35.7,75.0,0.0,1.0,0.0,0,0,0.9252,0.0748
302.8,312.5,1462.0,43.4,68.0,0.0,1.0,0.0,0,0,0.7513,0.2487
302.7,312.4,1423.0,51.9,60.0,0.0,1.0,0.0,0,1,0.6013,0.6013
302.2,311.4,1499.0,37.7,55.0,0.0,1.0,0.0,0,0,0.8812,0.1188
299.3,309.1,1531.0,37.9,127.0,0.0,1.0,0.0,0,0,0.8272,0.1728
300.5,311.9,1370.0,44.8,20.0,0.0,0.0,1.0,0,0,0.9862,0.0138
299.1,308.3,1424.0,43.4,16.0,1.0,0.0,0.0,0,0,0.9495,0.0505
298.4,309.0,2304.0,15.1,89.0,0.0,1.0,0.0,0,0,0.6963,0.3037
298.0,307.6,1569.0,35.6,173.0,0.0,0.0,1.0,0,0,0.837,0.163
298.4,309.3,1496.0,45.6,129.0,0.0,0.0,1.0,0,0,0.8038,0.1962
297.3,308.7,1467.0,36.8,216.0,0.0,1.0,0.0,0,0,0.937,0.063
302.3,311.1,1338.0,53.3,63.0,0.0,0.0,1.0,0,1,0.5293,0.5293
296.4,307.4,2833.0,5.6,213.0,0.0,1.0,0.0,1,1,0.9517,0.9517
301.6,311.1,1408.0,44.4,106.0,0.0,1.0,0.0,0,0,0.7147,0.2853
303.5,312.6,1405.0,51.6,62.0,0.0,0.0,1.0,0,1,0.5748,0.5748
296.3,307.2,1646.0,35.0,192.0,0.0,1.0,0.0,0,0,0.823,0.177
298.4,308.1,1491.0,50.0,156.0,0.0,1.0,0.0,0,1,0.7735,0.7735
300.0,311.4,1484.0,37.0,183.0,0.0,1.0,0.0,0,0,0.9258,0.0742
297.6,308.5,1490.0,43.4,154.0,0.0,0.0,1.0,0,0,0.8553,0.1447
299.3,310.4,1365.0,53.9,171.0,0.0,1.0,0.0,0,1,0.5719,0.5719
302.7,312.2,1376.0,52.8,164.0,0.0,1.0,0.0,0,1,0.8435,0.8435
297.2,307.9,1747.0,29.0,188.0,0.0,0.0,1.0,0,0,0.9014,0.0986
303.1,312.5,1766.0,26.7,157.0,0.0,0.0,1.0,0,0,0.7654,0.2346
300.1,310.5,1356.0,45.8,126.0,0.0,1.0,0.0,0,0,0.8429,0.1571
303.2,311.4,2102.0,19.0,5.0,0.0,0.0,1.0,0,0,0.7199,0.2801
299.0,308.6,1946.0,22.3,102.0,0.0,1.0,0.0,0,0,0.8247,0.1753
299.0,308.6,1661.0,32.2,106.0,0.0,1.0,0.0,0,0,0.8651,0.1349
298.2,307.8,1388.0,48.6,76.0,0.0,1.0,0.0,0,0,0.7474,0.2526
304.1,313.2,1434.0,50.1,43.0,0.0,1.0,0.0,0,1,0.6228,0.6228
301.2,310.6,1437.0,51.2,112.0,0.0,1.0,0.0,0,1,0.741,0.741
303.0,311.2,1519.0,38.0,139.0,0.0,0.0,1.0,0,0,0.5626,0.4374
297.1,308.4,1543.0,39.6,205.0,0.0,1.0,0.0,0,0,0.8056,0.1944
298.1,308.7,1683.0,29.1,161.0,0.0,1.0,0.0,0,0,0.9245,0.0755
300.3,309.9,1518.0,36.4,0.0,0.0,1.0,0.0,0,0,0.9683,0.0317
297.4,308.7,1433.0,43.4,116.0,0.0,1.0,0.0,0,0,0.9364,0.0636
303.6,312.9,1480.0,41.4,135.0,0.0,1.0,0.0,0,0,0.5313,0.4687
300.6,310.9,1702.0,30.3,91.0,0.0,0.0,1.0,0,0,0.9435,0.0565
302.6,312.1,1344.0,51.0,206.0,0.0,1.0,0.0,0,1,0.8165,0.8165
303.0,311.2,1387.0,41.4,100.0,0.0,0.0,1.0,0,0,0.7704,0.2296
298.3,309.0,1408.0,45.4,98.0,0.0,1.0,0.0,0,0,0.8938,0.1062
302.6,310.4,1365.0,66.8,80.0,0.0,1.0,0.0,1,1,0.9931,0.9931
297.9,307.8,1286.0,59.5,55.0,0.0,1.0,0.0,0,0,0.503,0.497
298.9,309.6,1589.0,34.2,197.0,0.0,1.0,0.0,0,0,0.8418,0.1582
297.5,308.8,1477.0,39.0,127.0,0.0,1.0,0.0,0,0,0.959,0.041
303.6,312.0,1309.0,52.9,86.0,0.0,1.0,0.0,1,1,0.7245,0.7245
300.1,310.0,1511.0,41.7,186.0,0.0,1.0,0.0,0,0,0.5094,0.4906
302.3,310.2,1506.0,33.8,43.0,1.0,0.0,0.0,0,0,0.9352,0.0648
301.6,310.8,1343.0,49.5,140.0,0.0,0.0,1.0,0,0,0.5276,0.4724
303.6,311.8,1432.0,42.5,150.0,0.0,0.0,1.0,0,1,0.5547,0.5547
299.3,308.6,1448.0,52.1,71.0,0.0,0.0,1.0,0,1,0.5449,0.5449
301.4,310.8,1738.0,30.3,104.0,0.0,0.0,1.0,0,0,0.8243,0.1757
297.7,308.8,1469.0,43.7,96.0,1.0,0.0,0.0,0,0,0.9502,0.0498
297.9,308.8,1681.0,31.7,94.0,0.0,1.0,0.0,0,0,0.954,0.046
299.6,309.0,1736.0,26.1,146.0,0.0,0.0,1.0,0,0,0.9065,0.0935
300.2,310.4,1501.0,42.9,212.0,1.0,0.0,0.0,0,0,0.5748,0.4252
296.7,307.9,1579.0,33.4,50.0,1.0,0.0,0.0,0,0,0.9943,0.0057
299.7,311.1,1574.0,36.4,135.0,0.0,1.0,0.0,0,0,0.9232,0.0768
298.6,309.7,1422.0,49.7,139.0,0.0,0.0,1.0,0,0,0.7549,0.2451
297.5,309.4,1678.0,34.4,148.0,0.0,0.0,1.0,0,0,0.9491,0.0509
299.5,308.9,1520.0,38.3,122.0,0.0,1.0,0.0,0,0,0.7904,0.2096
299.0,310.4,1382.0,53.0,89.0,0.0,1.0,0.0,0,0,0.7494,0.2506
301.8,310.8,1383.0,46.4,37.0,0.0,1.0,0.0,0,0,0.769,0.231
299.5,309.3,1409.0,44.7,46.0,0.0,1.0,0.0,0,0,0.8956,0.1044
298.0,308.6,1376.0,55.7,214.0,0.0,0.0,1.0,0,1,0.7513,0.7513
299.2,308.3,1582.0,45.5,107.0,0.0,0.0,1.0,0,1,0.6203,0.6203
299.3,308.8,1772.0,25.2,89.0,0.0,1.0,0.0,0,0,0.9287,0.0713
300.4,310.5,1644.0,31.4,41.0,0.0,0.0,1.0,0,0,0.9746,0.0254
299.3,309.0,1425.0,40.6,123.0,1.0,0.0,0.0,0,0,0.9247,0.0753
298.0,307.6,1694.0,29.1,169.0,0.0,1.0,0.0,0,0,0.8319,0.1681
303.9,313.1,1491.0,37.2,195.0,0.0,1.0,0.0,0,0,0.5274,0.4726
302.0,310.8,1383.0,50.3,231.0,0.0,1.0,0.0,1,1,0.9194,0.9194
300.4,309.8,1314.0,63.1,146.0,0.0,1.0,0.0,0,1,0.9536,0.9536
300.5,309.3,1578.0,30.5,34.0,0.0,0.0,1.0,0,0,0.9744,0.0256
300.5,309.5,1542.0,38.5,108.0,0.0,1.0,0.0,0,0,0.6948,0.3052
297.8,307.7,1393.0,38.0,29.0,0.0,1.0,0.0,0,0,0.9882,0.0118
300.3,309.8,1523.0,39.2,24.0,0.0,1.0,0.0,0,0,0.9109,0.0891
298.3,307.6,1942.0,20.6,176.0,0.0,1.0,0.0,0,0,0.7124,0.2876
300.7,310.8,1479.0,49.1,71.0,0.0,1.0,0.0,0,0,0.539,0.461
301.5,310.5,1396.0,44.5,117.0,0.0,1.0,0.0,0,0,0.6278,0.3722
301.0,310.7,1657.0,29.9,148.0,0.0,0.0,1.0,0,0,0.8911,0.1089
296.8,308.0,1453.0,51.0,24.0,1.0,0.0,0.0,0,0,0.9259,0.0741
297.6,308.5,1848.0,23.7,37.0,0.0,0.0,1.0,0,0,0.9898,0.0102
303.5,313.0,1606.0,34.0,126.0,0.0,1.0,0.0,0,0,0.7219,0.2781
297.2,308.5,1550.0,41.5,125.0,0.0,1.0,0.0,0,0,0.8745,0.1255
298.8,310.1,1585.0,31.3,147.0,0.0,0.0,1.0,0,0,0.9808,0.0192
297.3,308.1,1506.0,36.0,150.0,0.0,1.0,0.0,0,0,0.9506,0.0494
298.3,308.4,1484.0,43.4,172.0,0.0,1.0,0.0,0,0,0.6189,0.3811
302.2,311.7,1466.0,49.0,66.0,0.0,0.0,1.0,0,0,0.5397,0.4603
298.2,308.8,1436.0,51.9,153.0,1.0,0.0,0.0,0,0,0.537,0.463
301.4,310.8,1770.0,24.1,112.0,0.0,1.0,0.0,0,0,0.8967,0.1033
300.8,309.7,1481.0,38.1,153.0,0.0,1.0,0.0,0,0,0.6875,0.3125
298.3,309.4,1816.0,22.6,138.0,0.0,0.0,1.0,0,0,0.9791,0.0209
295.7,306.2,1739.0,25.9,94.0,0.0,0.0,1.0,0,0,0.987,0.013
297.9,308.0,1800.0,24.8,44.0,1.0,0.0,0.0,0,0,0.9854,0.0146
301.3,311.0,1576.0,30.4,151.0,0.0,1.0,0.0,0,0,0.9027,0.0973
300.8,311.7,1681.0,31.3,221.0,0.0,1.0,0.0,0,0,0.7371,0.2629
300.0,310.4,1505.0,44.9,133.0,0.0,1.0,0.0,0,0,0.6,0.4
298.1,308.4,1335.0,40.2,109.0,0.0,1.0,0.0,0,0,0.9746,0.0254
302.5,311.1,1538.0,36.8,208.0,0.0,1.0,0.0,0,1,0.6527,0.6527
302.0,310.6,1361.0,46.7,182.0,0.0,1.0,0.0,0,1,0.706,0.706
303.5,311.7,1959.0,22.3,157.0,0.0,1.0,0.0,0,1,0.7229,0.7229
304.0,313.0,1701.0,30.4,171.0,1.0,0.0,0.0,0,0,0.6173,0.3827
300.6,310.7,1440.0,52.5,200.0,0.0,1.0,0.0,0,1,0.8758,0.8758
298.0,307.5,1792.0,27.9,217.0,0.0,1.0,0.0,0,0,0.5631,0.4369
297.8,307.2,1456.0,39.6,199.0,0.0,0.0,1.0,0,0,0.7872,0.2128
297.3,308.0,1527.0,35.1,165.0,0.0,1.0,0.0,0,0,0.9372,0.0628
299.2,308.5,1381.0,60.6,59.0,0.0,1.0,0.0,0,1,0.8604,0.8604
301.6,311.0,1431.0,42.6,158.0,0.0,1.0,0.0,0,0,0.5919,0.4081
302.6,312.3,1321.0,53.4,42.0,0.0,1.0,0.0,0,0,0.6111,0.3889
298.8,309.8,1477.0,46.7,59.0,0.0,0.0,1.0,0,0,0.9056,0.0944
300.9,311.0,1556.0,38.8,127.0,0.0,0.0,1.0,0,0,0.8225,0.1775
302.8,312.3,1386.0,57.8,172.0,0.0,1.0,0.0,0,1,0.956,0.956
300.7,310.9,1356.0,65.3,66.0,0.0,1.0,0.0,1,1,0.9141,0.9141
300.9,310.8,1988.0,19.7,136.0,0.0,0.0,1.0,0,0,0.8442,0.1558
298.9,310.2,1603.0,36.1,126.0,0.0,0.0,1.0,0,0,0.9473,0.0527
298.2,308.3,1304.0,49.8,45.0,0.0,1.0,0.0,0,0,0.9137,0.0863
302.4,310.1,1418.0,52.3,141.0,0.0,1.0,0.0,0,1,0.9478,0.9478
304.0,313.2,1271.0,68.6,161.0,1.0,0.0,0.0,1,1,0.9851,0.9851
299.2,308.8,1314.0,52.5,193.0,0.0,0.0,1.0,0,1,0.5933,0.5933
298.6,309.4,1439.0,47.1,149.0,1.0,0.0,0.0,0,0,0.8002,0.1998
302.4,311.8,1557.0,31.5,49.0,0.0,0.0,1.0,0,0,0.972,0.028
297.8,308.4,1512.0,39.9,181.0,0.0,1.0,0.0,0,0,0.7953,0.2047
301.7,311.0,1343.0,49.2,25.0,0.0,1.0,0.0,0,0,0.7869,0.2131
298.0,309.4,1490.0,40.5,53.0,1.0,0.0,0.0,0,0,0.9858,0.0142
299.0,309.0,1575.0,35.3,47.0,0.0,0.0,1.0,0,0,0.9689,0.0311
300.0,311.4,1655.0,29.6,30.0,0.0,1.0,0.0,0,0,0.9906,0.0094
301.3,310.4,1501.0,41.6,192.0,0.0,1.0,0.0,0,1,0.6614,0.6614
298.2,308.9,1592.0,35.2,142.0,0.0,0.0,1.0,0,0,0.9354,0.0646
299.6,310.9,1530.0,38.8,198.0,0.0,0.0,1.0,0,0,0.8693,0.1307
299.3,310.4,1548.0,41.6,25.0,1.0,0.0,0.0,0,0,0.9674,0.0326
297.4,308.9,1809.0,23.8,131.0,0.0,1.0,0.0,0,0,0.9759,0.0241
297.1,308.3,1763.0,25.7,139.0,0.0,1.0,0.0,0,0,0.9681,0.0319
303.6,312.5,1459.0,48.2,17.0,0.0,0.0,1.0,0,0,0.6041,0.3959
298.3,308.3,1444.0,43.8,176.0,0.0,1.0,0.0,0,0,0.656,0.344
302.1,311.5,1987.0,20.1,21.0,0.0,1.0,0.0,0,0,0.8948,0.1052
299.1,308.8,1502.0,38.3,88.0,0.0,1.0,0.0,0,0,0.9017,0.0983
299.7,311.2,1616.0,42.3,180.0,0.0,0.0,1.0,0,0,0.6499,0.3501
301.7,310.5,2465.0,13.7,149.0,0.0,1.0,0.0,0,1,0.9489,0.9489
300.1,309.4,1694.0,27.4,44.0,0.0,1.0,0.0,0,0,0.9575,0.0425
298.8,309.9,1441.0,41.6,62.0,0.0,1.0,0.0,0,0,0.9676,0.0324
301.9,310.8,1906.0,21.7,62.0,0.0,1.0,0.0,0,0,0.841,0.159
296.0,306.6,1392.0,51.3,124.0,0.0,0.0,1.0,0,0,0.7786,0.2214
298.8,309.7,1336.0,50.3,44.0,0.0,1.0,0.0,0,0,0.9192,0.0808
301.0,312.1,1405.0,46.1,79.0,0.0,1.0,0.0,0,0,0.8935,0.1065
300.9,310.6,1709.0,29.2,158.0,0.0,0.0,1.0,0,0,0.8401,0.1599
297.3,308.3,1538.0,38.5,47.0,0.0,1.0,0.0,0,0,0.9723,0.0277
299.4,309.1,1304.0,50.5,153.0,0.0,1.0,0.0,0,0,0.5782,0.4218
302.7,310.4,1542.0,35.7,38.0,0.0,1.0,0.0,0,0,0.7596,0.2404
298.1,307.7,1479.0,45.0,136.0,0.0,1.0,0.0,0,0,0.5746,0.4254
298.4,308.6,1591.0,36.7,122.0,0.0,1.0,0.0,0,0,0.8538,0.1462
302.0,309.8,1532.0,39.4,2.0,0.0,1.0,0.0,0,0,0.7348,0.2652
300.2,309.8,1487.0,39.2,122.0,0.0,0.0,1.0,0,0,0.8705,0.1295
297.7,309.7,1591.0,37.7,196.0,0.0,1.0,0.0,0,0,0.8747,0.1253
302.3,311.5,1543.0,33.1,39.0,0.0,1.0,0.0,0,0,0.9462,0.0538
301.7,311.0,1715.0,24.8,17.0,0.0,1.0,0.0,0,0,0.9746,0.0254
300.4,309.6,1563.0,34.0,6.0,0.0,0.0,1.0,0,0,0.9739,0.0261
298.3,309.2,1486.0,42.4,16.0,1.0,0.0,0.0,0,0,0.9804,0.0196
297.9,308.5,1383.0,44.6,184.0,1.0,0.0,0.0,0,0,0.8818,0.1182
298.3,307.7,1520.0,41.4,10.0,0.0,0.0,1.0,0,0,0.936,0.064
297.4,308.4,1603.0,34.6,65.0,0.0,1.0,0.0,0,0,0.9737,0.0263
301.5,310.5,1556.0,39.1,48.0,0.0,1.0,0.0,0,0,0.7663,0.2337
297.5,309.3,1459.0,49.7,201.0,1.0,0.0,0.0,0,0,0.6851,0.3149
300.8,312.6,1588.0,35.6,114.0,0.0,0.0,1.0,0,0,0.9671,0.0329
297.8,307.3,1804.0,26.0,222.0,0.0,0.0,1.0,0,0,0.7295,0.2705
303.5,312.4,1606.0,31.7,22.0,0.0,0.0,1.0,0,0,0.9465,0.0535
298.6,310.1,1721.0,27.2,5.0,0.0,1.0,0.0,0,0,0.9945,0.0055
300.9,311.1,1417.0,40.7,24.0,0.0,1.0,0.0,0,0,0.9672,0.0328
298.5,308.0,1363.0,49.2,149.0,0.0,0.0,1.0,0,0,0.6334,0.3666
298.0,308.2,1459.0,42.1,146.0,0.0,1.0,0.0,0,0,0.8153,0.1847
299.0,308.9,1622.0,31.9,42.0,0.0,1.0,0.0,0,0,0.9661,0.0339
302.5,310.2,1716.0,29.9,156.0,0.0,1.0,0.0,0,1,0.6562,0.6562
300.1,311.5,1383.0,49.1,33.0,1.0,0.0,0.0,0,0,0.9598,0.0402
297.1,308.1,1506.0,37.7,210.0,0.0,0.0,1.0,0,0,0.9154,0.0846
300.2,309.3,1342.0,48.7,68.0,1.0,0.0,0.0,0,0,0.824,0.176
300.1,310.4,1554.0,39.4,115.0,0.0,1.0,0.0,0,0,0.8005,0.1995
299.2,308.6,1582.0,38.8,156.0,0.0,1.0,0.0,0,0,0.555,0.445
300.1,310.1,1501.0,39.3,195.0,0.0,0.0,1.0,0,0,0.7487,0.2513
304.1,313.2,1569.0,35.8,146.0,0.0,1.0,0.0,0,0,0.5606,0.4394
301.1,309.8,1519.0,39.6,167.0,0.0,1.0,0.0,0,1,0.5733,0.5733
297.3,308.1,1762.0,26.1,154.0,0.0,1.0,0.0,0,0,0.9436,0.0564
299.3,309.3,1471.0,46.0,42.0,0.0,0.0,1.0,0,0,0.8721,0.1279
301.9,311.0,1455.0,46.0,29.0,0.0,1.0,0.0,0,0,0.6849,0.3151
302.7,312.1,1597.0,39.8,153.0,0.0,1.0,0.0,0,1,0.6539,0.6539
299.1,310.5,1496.0,35.2,60.0,0.0,1.0,0.0,0,0,0.9899,0.0101
300.2,310.4,1202.0,61.7,74.0,0.0,0.0,1.0,0,0,0.5869,0.4131
298.9,308.7,1546.0,43.4,114.0,0.0,1.0,0.0,0,0,0.5882,0.4118
302.5,310.4,1349.0,55.1,187.0,0.0,1.0,0.0,1,1,0.9671,0.9671
298.6,308.3,1589.0,34.1,174.0,0.0,0.0,1.0,0,0,0.8544,0.1456
302.0,310.9,1455.0,43.2,220.0,0.0,1.0,0.0,0,1,0.773,0.773
302.2,310.5,1507.0,40.4,111.0,0.0,0.0,1.0,0,0,0.5881,0.4119
301.7,311.0,1510.0,47.8,27.0,0.0,0.0,1.0,0,0,0.6152,0.3848
300.7,310.3,1533.0,35.6,198.0,0.0,1.0,0.0,0,0,0.6919,0.3081
300.1,309.1,1478.0,46.9,116.0,0.0,1.0,0.0,0,1,0.6454,0.6454
302.8,312.1,1520.0,39.9,48.0,0.0,1.0,0.0,0,0,0.7958,0.2042
301.4,310.7,1675.0,30.7,92.0,0.0,1.0,0.0,0,0,0.8447,0.1553
296.7,307.5,1515.0,42.1,55.0,0.0,0.0,1.0,0,0,0.9611,0.0389
300.4,311.9,1438.0,46.7,41.0,1.0,0.0,0.0,0,0,0.9585,0.0415
297.0,307.9,1569.0,33.3,141.0,0.0,0.0,1.0,0,0,0.9752,0.0248
301.0,310.8,1375.0,57.2,20.0,0.0,1.0,0.0,0,1,0.5888,0.5888
298.6,308.3,1377.0,52.1,181.0,1.0,0.0,0.0,0,1,0.6005,0.6005
300.5,311.3,1468.0,41.1,34.0,0.0,0.0,1.0,0,0,0.9734,0.0266
301.9,310.6,1412.0,46.5,89.0,0.0,0.0,1.0,0,0,0.6068,0.3932
300.0,309.5,1717.0,28.3,48.0,0.0,1.0,0.0,0,0,0.9421,0.0579
296.4,307.5,1596.0,35.1,75.0,1.0,0.0,0.0,0,0,0.9858,0.0142
298.9,309.1,1452.0,45.5,196.0,0.0,1.0,0.0,0,1,0.51,0.51
302.5,311.9,1265.0,59.8,119.0,0.0,1.0,0.0,0,1,0.8503,0.8503
300.7,311.0,1418.0,49.3,106.0,0.0,0.0,1.0,0,0,0.692,0.308
302.6,311.7,1773.0,27.1,30.0,0.0,1.0,0.0,0,0,0.8918,0.1082
295.6,306.2,1584.0,33.6,81.0,0.0,0.0,1.0,0,0,0.9858,0.0142
296.9,307.7,1424.0,43.3,120.0,0.0,1.0,0.0,0,0,0.9216,0.0784
296.9,307.7,1464.0,41.4,6.0,0.0,1.0,0.0,0,0,0.9825,0.0175
300.0,311.5,1666.0,32.0,128.0,0.0,1.0,0.0,0,0,0.9412,0.0588
298.8,310.0,1537.0,39.9,190.0,0.0,1.0,0.0,0,0,0.7827,0.2173
300.8,310.8,1407.0,45.1,51.0,0.0,1.0,0.0,0,0,0.8763,0.1237
298.3,308.5,1575.0,41.2,105.0,0.0,1.0,0.0,0,0,0.7489,0.2511
300.4,311.2,1351.0,62.0,18.0,0.0,1.0,0.0,0,1,0.6077,0.6077
303.9,312.9,1430.0,53.5,189.0,0.0,0.0,1.0,0,1,0.9417,0.9417
302.2,311.9,1597.0,35.8,160.0,1.0,0.0,0.0,0,0,0.7498,0.2502
298.4,309.9,1725.0,27.8,21.0,0.0,1.0,0.0,0,0,0.9922,0.0078
297.1,308.2,1427.0,45.2,136.0,0.0,1.0,0.0,0,0,0.8767,0.1233
298.0,307.5,1387.0,45.5,166.0,0.0,0.0,1.0,0,0,0.7395,0.2605
297.4,308.3,1550.0,47.8,18.0,0.0,0.0,1.0,0,0,0.8791,0.1209
298.2,308.0,1538.0,38.2,59.0,0.0,1.0,0.0,0,0,0.923,0.077
303.0,312.7,1361.0,48.8,120.0,0.0,1.0,0.0,0,0,0.519,0.481
