air_temperature_K,process_temperature_K,rotational_speed_rpm,torque_Nm,tool_wear_min,type_H,type_L,type_M,true_label,pred,confidence,proba_class1
300.7,310.5,1567.0,38.7,129.0,1.0,0.0,0.0,0,0,0.521,0.479
302.6,312.1,1519.0,38.1,178.0,0.0,1.0,0.0,0,0,0.5054,0.4946
298.9,308.2,1328.0,49.2,11.0,0.0,0.0,1.0,0,0,0.5081,0.4919
301.0,311.2,1394.0,41.3,16.0,0.0,0.0,1.0,0,0,0.505,0.495
298.4,309.4,1666.0,24.3,68.0,0.0,0.0,1.0,0,0,0.5541,0.4459
298.2,308.9,1414.0,44.3,68.0,0.0,0.0,1.0,0,0,0.5305,0.4695
299.2,308.4,1667.0,29.0,199.0,0.0,1.0,0.0,0,0,0.5533,0.4467
298.4,308.0,1416.0,38.2,198.0,0.0,0.0,1.0,1,0,0.5291,0.4709
298.0,307.9,1417.0,51.0,137.0,0.0,0.0,1.0,0,0,0.5188,0.4812
298.8,308.5,1446.0,37.0,11.0,0.0,1.0,0.0,0,0,0.533,0.467
300.7,311.1,2377.0,14.3,135.0,0.0,1.0,0.0,0,0,0.5083,0.4917
298.7,309.2,1410.0,45.6,47.0,0.0,0.0,1.0,0,0,0.5238,0.4762
298.2,308.8,1498.0,36.0,39.0,0.0,1.0,0.0,0,0,0.5434,0.4566
297.2,308.5,1574.0,35.8,95.0,0.0,1.0,0.0,0,0,0.5425,0.4575
300.7,310.6,1488.0,39.2,189.0,0.0,0.0,1.0,0,0,0.5134,0.4866
300.2,311.6,1415.0,55.8,82.0,0.0,0.0,1.0,0,0,0.5051,0.4949
303.5,312.0,1441.0,56.8,88.0,0.0,1.0,0.0,0,1,0.5182,0.5182
300.5,311.6,1528.0,42.4,163.0,0.0,1.0,0.0,0,0,0.5192,0.4808
298.9,310.3,1456.0,44.1,118.0,0.0,1.0,0.0,0,0,0.5227,0.4773
299.5,309.1,1476.0,47.8,223.0,0.0,1.0,0.0,0,0,0.5116,0.4884
296.3,307.4,1465.0,47.1,215.0,0.0,1.0,0.0,0,0,0.5009,0.4991
303.3,312.2,1457.0,40.7,48.0,0.0,1.0,0.0,0,1,0.5118,0.5118
297.4,308.3,1854.0,21.8,24.0,0.0,1.0,0.0,0,0,0.5404,0.4596
300.4,311.1,1397.0,50.8,189.0,0.0,1.0,0.0,0,1,0.5028,0.5028
298.7,309.6,1800.0,24.8,78.0,0.0,0.0,1.0,0,0,0.5533,0.4467
301.9,310.3,1485.0,46.3,24.0,0.0,1.0,0.0,0,1,0.5083,0.5083
303.5,312.7,1420.0,49.1,42.0,0.0,0.0,1.0,0,1,0.5151,0.5151
297.9,307.7,1492.0,43.7,59.0,0.0,1.0,0.0,0,0,0.5398,0.4602
298.6,309.5,1426.0,45.4,38.0,0.0,0.0,1.0,0,0,0.5215,0.4785
299.1,310.5,1329.0,54.9,58.0,0.0,1.0,0.0,0,0,0.5031,0.4969
297.1,307.8,1443.0,43.9,137.0,0.0,0.0,1.0,0,0,0.5249,0.4751
300.1,309.5,1450.0,40.1,100.0,0.0,1.0,0.0,0,0,0.5232,0.4768
300.8,311.0,1578.0,44.4,86.0,0.0,1.0,0.0,0,0,0.5172,0.4828
302.9,312.2,1340.0,57.8,90.0,0.0,1.0,0.0,0,1,0.52,0.52
299.9,310.1,1362.0,56.3,179.0,0.0,0.0,1.0,0,1,0.5085,0.5085
301.5,310.6,1481.0,46.8,20.0,0.0,1.0,0.0,0,1,0.5034,0.5034
300.0,309.1,1631.0,28.3,110.0,0.0,1.0,0.0,0,0,0.5498,0.4502
300.3,309.9,1527.0,41.4,2.0,0.0,1.0,0.0,0,0,0.5188,0.4812
298.9,309.6,1284.0,55.3,166.0,0.0,0.0,1.0,0,1,0.5049,0.5049
300.2,311.6,1606.0,31.0,199.0,0.0,1.0,0.0,0,0,0.534,0.466
299.8,309.6,1346.0,53.2,95.0,0.0,0.0,1.0,0,0,0.5005,0.4995
300.1,310.5,1492.0,50.9,111.0,0.0,1.0,0.0,0,0,0.5073,0.4927
304.2,313.4,1475.0,40.2,98.0,0.0,1.0,0.0,0,1,0.5041,0.5041
302.2,311.3,1758.0,26.4,4.0,1.0,0.0,0.0,0,0,0.5222,0.4778
297.5,308.9,1696.0,30.9,133.0,0.0,1.0,0.0,0,0,0.5447,0.4553
299.0,309.4,1693.0,30.1,84.0,0.0,1.0,0.0,0,0,0.5572,0.4428
298.2,308.8,1666.0,31.5,30.0,0.0,1.0,0.0,0,0,0.5529,0.4471
301.5,310.5,1538.0,44.3,43.0,1.0,0.0,0.0,0,0,0.5045,0.4955
300.2,311.6,1540.0,37.7,71.0,0.0,1.0,0.0,0,0,0.5349,0.4651
301.0,311.6,1454.0,40.0,140.0,0.0,0.0,1.0,0,0,0.5141,0.4859
301.4,310.5,1647.0,33.3,85.0,0.0,1.0,0.0,0,0,0.5261,0.4739
300.7,311.8,1407.0,42.4,224.0,0.0,0.0,1.0,0,0,0.5098,0.4902
296.8,308.0,1510.0,39.4,29.0,0.0,1.0,0.0,0,0,0.5251,0.4749
297.9,308.5,1305.0,47.2,155.0,0.0,1.0,0.0,0,0,0.5121,0.4879
298.3,308.4,1528.0,37.3,160.0,0.0,1.0,0.0,0,0,0.5405,0.4595
300.9,309.5,1469.0,43.4,126.0,1.0,0.0,0.0,0,0,0.506,0.494
298.9,310.0,1323.0,52.9,106.0,0.0,0.0,1.0,0,0,0.5064,0.4936
301.8,310.9,1346.0,44.6,142.0,0.0,0.0,1.0,0,1,0.513,0.513
300.9,312.6,1555.0,40.6,109.0,0.0,0.0,1.0,0,0,0.5336,0.4664
302.3,311.8,1879.0,23.0,124.0,0.0,0.0,1.0,0,0,0.5251,0.4749
300.5,310.6,1378.0,51.5,166.0,1.0,0.0,0.0,0,1,0.5078,0.5078
302.2,311.3,1475.0,48.6,104.0,0.0,1.0,0.0,0,1,0.5095,0.5095
302.7,312.0,1944.0,21.4,71.0,0.0,0.0,1.0,0,0,0.5194,0.4806
300.1,309.2,1421.0,42.5,61.0,0.0,1.0,0.0,0,0,0.5214,0.4786
297.1,308.1,1633.0,33.3,192.0,0.0,1.0,0.0,0,0,0.5348,0.4652
300.5,311.6,1509.0,47.2,202.0,0.0,1.0,0.0,0,0,0.5118,0.4882
302.2,311.2,1627.0,33.2,74.0,0.0,0.0,1.0,0,0,0.5158,0.4842
300.6,310.2,1318.0,51.0,8.0,0.0,1.0,0.0,0,1,0.5132,0.5132
303.4,311.5,1501.0,36.2,69.0,0.0,1.0,0.0,0,1,0.5111,0.5111
298.8,309.7,1453.0,47.7,101.0,0.0,0.0,1.0,0,0,0.5225,0.4775
297.5,308.0,1560.0,39.0,141.0,0.0,0.0,1.0,0,0,0.5383,0.4617
302.6,310.4,1415.0,52.1,12.0,0.0,1.0,0.0,0,1,0.5282,0.5282
300.5,310.5,1695.0,26.7,28.0,0.0,1.0,0.0,0,0,0.5431,0.4569
301.6,309.8,1588.0,33.9,89.0,0.0,1.0,0.0,0,0,0.5202,0.4798
297.5,308.8,1824.0,24.0,179.0,1.0,0.0,0.0,0,0,0.5406,0.4594
303.7,312.4,1546.0,33.7,149.0,0.0,0.0,1.0,0,1,0.5032,0.5032
303.7,312.4,1642.0,32.3,206.0,0.0,0.0,1.0,0,1,0.5075,0.5075
298.4,308.4,1479.0,39.2,58.0,1.0,0.0,0.0,0,0,0.5459,0.4541
300.6,309.8,1629.0,37.6,162.0,0.0,1.0,0.0,0,0,0.5267,0.4733
301.1,310.1,1457.0,39.6,215.0,0.0,1.0,0.0,0,0,0.5062,0.4938
297.7,308.2,1489.0,43.0,151.0,1.0,0.0,0.0,0,0,0.5299,0.4701
301.7,310.7,1493.0,51.1,87.0,0.0,1.0,0.0,0,1,0.5114,0.5114
300.6,310.0,1478.0,36.3,95.0,0.0,0.0,1.0,0,0,0.5221,0.4779
297.7,307.2,1518.0,35.8,195.0,0.0,1.0,0.0,0,0,0.5325,0.4675
299.7,309.1,1603.0,38.5,170.0,0.0,0.0,1.0,0,0,0.5346,0.4654
298.6,309.7,1925.0,22.1,7.0,0.0,1.0,0.0,0,0,0.5426,0.4574
298.4,308.7,1386.0,44.9,135.0,0.0,1.0,0.0,0,0,0.5234,0.4766
298.6,309.1,1537.0,35.7,198.0,0.0,1.0,0.0,0,0,0.5353,0.4647
300.7,311.0,1559.0,42.8,121.0,0.0,0.0,1.0,0,0,0.5172,0.4828
300.9,311.0,1567.0,34.3,130.0,0.0,0.0,1.0,0,0,0.5254,0.4746
303.8,313.2,1381.0,52.4,140.0,1.0,0.0,0.0,0,1,0.5087,0.5087
304.0,313.2,1615.0,37.8,127.0,0.0,1.0,0.0,0,0,0.5016,0.4984
303.8,313.1,2117.0,18.6,22.0,0.0,0.0,1.0,0,1,0.5035,0.5035
298.3,309.6,1546.0,36.2,177.0,1.0,0.0,0.0,0,0,0.5322,0.4678
300.9,312.4,1364.0,52.5,125.0,0.0,1.0,0.0,0,0,0.5047,0.4953
298.2,309.0,1410.0,47.6,76.0,0.0,0.0,1.0,0,0,0.5253,0.4747
298.0,307.7,1422.0,45.6,140.0,0.0,1.0,0.0,0,0,0.5272,0.4728
297.5,309.1,1515.0,35.1,213.0,0.0,1.0,0.0,0,0,0.5265,0.4735
303.9,312.7,1339.0,62.3,156.0,0.0,1.0,0.0,0,1,0.5225,0.5225
297.4,308.0,1440.0,42.4,190.0,0.0,0.0,1.0,0,0,0.5207,0.4793
300.2,309.6,1442.0,49.2,61.0,1.0,0.0,0.0,0,0,0.5088,0.4912
299.2,308.4,1386.0,54.1,26.0,0.0,1.0,0.0,0,0,0.5092,0.4908
301.7,309.9,1607.0,37.7,93.0,0.0,1.0,0.0,0,0,0.5145,0.4855
300.1,311.6,1433.0,51.4,76.0,0.0,0.0,1.0,0,0,0.5118,0.4882
301.5,310.5,1702.0,28.7,135.0,0.0,1.0,0.0,0,0,0.5281,0.4719
301.4,310.4,1559.0,39.4,199.0,0.0,1.0,0.0,0,0,0.5123,0.4877
300.3,309.9,1601.0,31.7,180.0,0.0,1.0,0.0,0,0,0.5337,0.4663
300.7,310.6,2006.0,19.1,102.0,0.0,0.0,1.0,0,0,0.5297,0.4703
302.0,310.6,1583.0,35.2,171.0,0.0,1.0,0.0,0,0,0.5122,0.4878
300.7,309.9,1383.0,44.5,176.0,0.0,1.0,0.0,0,1,0.5042,0.5042
302.4,311.0,1555.0,40.6,205.0,0.0,1.0,0.0,0,0,0.5012,0.4988
301.2,310.6,1811.0,24.0,84.0,0.0,1.0,0.0,0,0,0.5359,0.4641
303.5,311.6,1562.0,34.2,107.0,0.0,0.0,1.0,0,1,0.5026,0.5026
303.4,311.5,1424.0,50.8,128.0,0.0,1.0,0.0,0,1,0.5165,0.5165
300.5,311.8,1596.0,34.8,87.0,0.0,1.0,0.0,0,0,0.5391,0.4609
302.2,311.5,1616.0,34.0,19.0,0.0,1.0,0.0,0,0,0.5146,0.4854
297.5,309.4,1803.0,24.7,98.0,0.0,1.0,0.0,0,0,0.542,0.458
301.7,311.0,1298.0,58.1,168.0,0.0,0.0,1.0,0,1,0.5255,0.5255
300.7,311.0,1462.0,41.9,126.0,0.0,1.0,0.0,0,0,0.5115,0.4885
301.9,310.9,1483.0,37.0,35.0,0.0,0.0,1.0,0,0,0.5043,0.4957
303.8,313.1,1458.0,42.2,25.0,0.0,1.0,0.0,0,1,0.5136,0.5136
302.3,311.7,1341.0,46.3,194.0,0.0,0.0,1.0,0,1,0.5153,0.5153
299.1,310.3,1441.0,43.9,94.0,0.0,0.0,1.0,0,0,0.5234,0.4766
297.3,308.6,1505.0,33.5,14.0,0.0,1.0,0.0,0,0,0.5298,0.4702
300.5,309.9,1552.0,41.3,116.0,0.0,0.0,1.0,0,0,0.5199,0.4801
300.3,311.4,1526.0,38.5,101.0,0.0,1.0,0.0,0,0,0.5289,0.4711
298.3,308.9,1862.0,27.0,172.0,0.0,1.0,0.0,0,0,0.5497,0.4503
297.1,308.4,1432.0,53.4,199.0,0.0,0.0,1.0,0,0,0.5009,0.4991
301.8,310.0,1781.0,23.9,198.0,0.0,0.0,1.0,0,0,0.5297,0.4703
297.0,307.9,1493.0,34.7,57.0,0.0,0.0,1.0,0,0,0.5365,0.4635
301.3,310.4,1414.0,51.4,199.0,0.0,1.0,0.0,0,1,0.5138,0.5138
302.6,311.0,1542.0,39.7,141.0,0.0,0.0,1.0,0,0,0.5002,0.4998
298.6,309.7,1672.0,27.5,54.0,1.0,0.0,0.0,0,0,0.5532,0.4468
301.2,310.8,1461.0,40.6,47.0,0.0,1.0,0.0,0,0,0.5085,0.4915
299.8,309.4,1555.0,34.8,122.0,0.0,1.0,0.0,0,0,0.5392,0.4608
300.2,311.0,2370.0,14.7,144.0,0.0,0.0,1.0,0,0,0.5104,0.4896
301.3,310.8,1418.0,45.4,59.0,0.0,0.0,1.0,0,1,0.5033,0.5033
296.4,307.5,1549.0,36.1,58.0,0.0,1.0,0.0,0,0,0.5256,0.4744
298.7,308.5,1444.0,54.2,62.0,0.0,1.0,0.0,0,0,0.5201,0.4799
300.9,310.7,1485.0,41.0,181.0,0.0,0.0,1.0,0,0,0.5094,0.4906
298.1,309.3,1443.0,45.3,70.0,0.0,1.0,0.0,0,0,0.5282,0.4718
299.3,308.7,1420.0,50.3,208.0,0.0,0.0,1.0,0,0,0.5055,0.4945
300.7,311.8,1336.0,58.4,189.0,0.0,1.0,0.0,1,1,0.51,0.51
297.4,308.8,1473.0,46.2,167.0,0.0,1.0,0.0,0,0,0.5179,0.4821
299.6,310.8,1498.0,46.9,116.0,0.0,1.0,0.0,0,0,0.5182,0.4818
302.2,311.8,1618.0,36.0,158.0,0.0,1.0,0.0,0,0,0.517,0.483
300.5,310.6,1543.0,36.2,30.0,0.0,1.0,0.0,0,0,0.5286,0.4714
297.5,308.1,1631.0,30.6,146.0,0.0,1.0,0.0,0,0,0.5454,0.4546
299.5,309.1,1420.0,49.5,5.0,0.0,0.0,1.0,0,0,0.5073,0.4927
300.4,309.6,1614.0,30.3,161.0,0.0,0.0,1.0,0,0,0.5363,0.4637
298.1,308.7,1642.0,30.3,3.0,0.0,1.0,0.0,0,0,0.5429,0.4571
301.7,310.2,1435.0,48.1,12.0,0.0,1.0,0.0,0,1,0.5125,0.5125
302.3,311.5,1507.0,37.5,55.0,0.0,1.0,0.0,0,0,0.5036,0.4964
301.5,310.6,1490.0,48.1,81.0,0.0,1.0,0.0,0,1,0.5056,0.5056
302.4,311.1,1887.0,22.4,197.0,0.0,0.0,1.0,0,0,0.5219,0.4781
300.5,311.9,1403.0,45.7,54.0,0.0,1.0,0.0,0,0,0.5157,0.4843
302.3,311.4,1434.0,40.3,133.0,0.0,1.0,0.0,0,1,0.5025,0.5025
303.5,312.9,1618.0,30.4,130.0,0.0,0.0,1.0,0,0,0.5045,0.4955
295.6,306.0,1396.0,52.4,0.0,1.0,0.0,0.0,0,1,0.5217,0.5217
297.5,308.4,1489.0,39.5,96.0,0.0,1.0,0.0,0,0,0.5403,0.4597
298.9,310.1,1495.0,42.9,175.0,0.0,1.0,0.0,0,0,0.5194,0.4806
296.7,307.7,1502.0,43.9,84.0,0.0,1.0,0.0,0,0,0.5276,0.4724
303.1,312.7,1353.0,51.8,97.0,0.0,1.0,0.0,0,1,0.5085,0.5085
299.2,310.3,1463.0,38.9,160.0,0.0,1.0,0.0,0,0,0.5217,0.4783
301.3,310.6,1510.0,38.5,47.0,0.0,1.0,0.0,0,0,0.5134,0.4866
303.8,312.9,1442.0,48.3,52.0,0.0,1.0,0.0,0,1,0.5115,0.5115
297.5,308.9,1443.0,43.5,0.0,0.0,1.0,0.0,0,0,0.5114,0.4886
298.0,309.9,1403.0,47.7,43.0,0.0,1.0,0.0,0,0,0.513,0.487
297.4,309.0,1497.0,41.8,144.0,0.0,0.0,1.0,0,0,0.5275,0.4725
304.1,313.3,1680.0,29.3,158.0,0.0,0.0,1.0,0,1,0.5056,0.5056
300.4,309.8,1421.0,47.2,0.0,0.0,0.0,1.0,0,0,0.5009,0.4991
300.7,311.2,1399.0,47.9,80.0,0.0,1.0,0.0,0,0,0.5032,0.4968
303.6,312.3,1451.0,43.4,119.0,0.0,1.0,0.0,0,1,0.5065,0.5065
303.4,312.8,1360.0,50.8,94.0,0.0,1.0,0.0,0,1,0.5081,0.5081
296.0,306.7,2044.0,22.3,48.0,0.0,0.0,1.0,0,0,0.502,0.498
300.6,309.4,1367.0,63.2,45.0,0.0,0.0,1.0,1,1,0.5109,0.5109
300.9,312.1,1462.0,46.0,166.0,0.0,1.0,0.0,0,0,0.5114,0.4886
300.3,309.5,1665.0,31.4,32.0,0.0,0.0,1.0,0,0,0.5469,0.4531
301.1,312.3,1534.0,39.0,129.0,0.0,1.0,0.0,0,0,0.5272,0.4728
299.2,308.5,1487.0,41.2,140.0,0.0,1.0,0.0,0,0,0.5336,0.4664
300.1,311.4,1430.0,40.9,93.0,0.0,1.0,0.0,0,0,0.5217,0.4783
300.0,309.6,1618.0,28.7,53.0,0.0,1.0,0.0,0,0,0.5493,0.4507
298.8,309.8,1911.0,21.6,126.0,1.0,0.0,0.0,0,0,0.541,0.459
300.7,311.9,1419.0,47.7,179.0,0.0,1.0,0.0,0,0,0.5056,0.4944
304.2,313.3,1464.0,45.9,48.0,0.0,1.0,0.0,0,1,0.5103,0.5103
302.9,312.4,1550.0,36.9,194.0,0.0,1.0,0.0,0,0,0.5035,0.4965
297.4,308.6,1439.0,51.9,188.0,0.0,1.0,0.0,0,0,0.5061,0.4939
298.0,307.8,1453.0,37.7,119.0,0.0,1.0,0.0,0,0,0.5436,0.4564
298.0,308.7,1479.0,58.5,176.0,0.0,0.0,1.0,1,0,0.5043,0.4957
299.1,310.6,1380.0,44.7,170.0,0.0,1.0,0.0,0,0,0.5084,0.4916
301.7,310.8,1594.0,32.4,204.0,0.0,0.0,1.0,0,0,0.5196,0.4804
301.7,310.7,1641.0,31.9,192.0,0.0,1.0,0.0,0,0,0.5226,0.4774
298.2,309.0,1780.0,29.3,91.0,0.0,1.0,0.0,0,0,0.5552,0.4448
296.4,307.5,1403.0,52.8,94.0,1.0,0.0,0.0,0,0,0.5122,0.4878
300.8,310.8,1689.0,32.9,151.0,0.0,1.0,0.0,0,0,0.5328,0.4672
300.6,310.2,1489.0,47.8,21.0,0.0,1.0,0.0,0,0,0.5068,0.4932
299.2,308.4,1436.0,41.8,28.0,0.0,1.0,0.0,0,0,0.532,0.468
301.9,310.8,1557.0,35.3,65.0,0.0,0.0,1.0,0,0,0.5121,0.4879
300.8,310.8,1461.0,41.3,53.0,0.0,0.0,1.0,0,0,0.5132,0.4868
303.4,312.2,1561.0,38.2,45.0,0.0,0.0,1.0,0,1,0.5064,0.5064
297.8,308.9,1282.0,58.1,108.0,0.0,1.0,0.0,0,0,0.5037,0.4963
302.6,310.2,1631.0,31.0,100.0,0.0,0.0,1.0,0,0,0.5106,0.4894
300.5,309.5,1320.0,49.9,59.0,0.0,0.0,1.0,0,1,0.5057,0.5057
299.2,308.4,1538.0,38.0,98.0,0.0,0.0,1.0,0,0,0.5502,0.4498
296.4,307.2,1748.0,25.3,144.0,0.0,1.0,0.0,0,0,0.5208,0.4792
300.6,310.1,1485.0,49.9,19.0,0.0,1.0,0.0,0,0,0.5038,0.4962
295.5,306.0,1326.0,50.8,18.0,0.0,0.0,1.0,0,1,0.5154,0.5154
301.5,310.6,1578.0,34.1,120.0,0.0,1.0,0.0,0,0,0.5184,0.4816
303.3,311.4,1692.0,27.9,55.0,1.0,0.0,0.0,0,0,0.5021,0.4979
304.2,313.8,1481.0,44.9,136.0,0.0,0.0,1.0,0,1,0.5024,0.5024
302.8,312.4,1590.0,34.4,64.0,0.0,1.0,0.0,0,0,0.5111,0.4889
297.4,309.0,1685.0,30.7,177.0,0.0,0.0,1.0,0,0,0.5386,0.4614
298.0,308.1,1403.0,44.8,148.0,0.0,0.0,1.0,0,0,0.5248,0.4752
298.3,309.1,1472.0,40.1,31.0,0.0,1.0,0.0,0,0,0.5327,0.4673
301.0,311.5,1530.0,43.9,165.0,0.0,0.0,1.0,0,0,0.5129,0.4871
298.6,309.1,1487.0,43.2,206.0,0.0,0.0,1.0,0,0,0.5214,0.4786
303.4,312.3,1663.0,33.9,78.0,0.0,1.0,0.0,0,0,0.5051,0.4949
297.5,308.8,1360.0,50.7,190.0,0.0,1.0,0.0,0,0,0.503,0.497
301.9,309.8,1507.0,44.7,131.0,0.0,1.0,0.0,0,1,0.5058,0.5058
295.7,306.1,1408.0,47.9,117.0,0.0,1.0,0.0,0,0,0.5026,0.4974
296.8,308.0,1497.0,41.7,231.0,0.0,1.0,0.0,0,0,0.5144,0.4856
300.7,310.2,1348.0,54.8,50.0,0.0,1.0,0.0,0,1,0.5126,0.5126
298.0,307.8,1839.0,22.7,79.0,0.0,1.0,0.0,0,0,0.5492,0.4508
303.9,313.1,1310.0,62.9,130.0,0.0,1.0,0.0,0,1,0.5167,0.5167
299.3,308.5,1304.0,60.6,8.0,0.0,0.0,1.0,0,1,0.5053,0.5053
303.7,312.4,1474.0,38.8,139.0,0.0,0.0,1.0,0,1,0.5055,0.5055
297.8,308.3,1498.0,47.3,160.0,0.0,1.0,0.0,0,0,0.5223,0.4777
302.3,311.8,1475.0,42.8,38.0,1.0,0.0,0.0,0,1,0.5019,0.5019
300.7,311.1,1478.0,46.8,165.0,0.0,1.0,0.0,0,0,0.5053,0.4947
298.6,310.0,1517.0,39.0,4.0,0.0,1.0,0.0,0,0,0.5229,0.4771
297.4,308.4,1571.0,39.4,0.0,0.0,1.0,0.0,0,0,0.5251,0.4749
300.7,310.7,1442.0,43.2,49.0,0.0,1.0,0.0,0,0,0.5098,0.4902
300.4,309.4,1487.0,38.9,185.0,1.0,0.0,0.0,0,0,0.5172,0.4828
300.2,310.1,1485.0,40.5,188.0,0.0,0.0,1.0,0,0,0.5148,0.4852
297.3,308.3,1590.0,35.5,59.0,0.0,1.0,0.0,0,0,0.5446,0.4554
300.7,312.3,1577.0,33.2,100.0,0.0,1.0,0.0,0,0,0.5401,0.4599
301.7,310.1,1462.0,38.3,49.0,1.0,0.0,0.0,0,0,0.5035,0.4965
300.7,309.6,1525.0,36.5,71.0,0.0,0.0,1.0,0,0,0.5281,0.4719
303.5,312.8,1877.0,22.3,96.0,0.0,1.0,0.0,0,0,0.5077,0.4923
301.3,310.8,1531.0,53.4,57.0,0.0,1.0,0.0,0,1,0.505,0.505
300.9,310.8,1390.0,40.6,131.0,1.0,0.0,0.0,0,0,0.5038,0.4962
297.3,308.3,1544.0,41.7,6.0,0.0,0.0,1.0,0,0,0.5227,0.4773
299.4,309.1,1670.0,35.9,68.0,0.0,1.0,0.0,0,0,0.5546,0.4454
300.8,310.3,1458.0,43.4,0.0,0.0,0.0,1.0,0,0,0.5054,0.4946
302.3,311.4,1372.0,46.0,86.0,1.0,0.0,0.0,0,1,0.5146,0.5146
303.9,312.7,1401.0,50.0,129.0,1.0,0.0,0.0,0,1,0.509,0.509
301.8,310.6,1459.0,40.2,128.0,0.0,0.0,1.0,0,1,0.5008,0.5008
302.4,311.0,1462.0,48.5,81.0,0.0,1.0,0.0,0,1,0.5157,0.5157
300.4,309.8,1409.0,47.5,138.0,1.0,0.0,0.0,0,1,0.5005,0.5005
299.8,309.7,1910.0,21.8,141.0,0.0,0.0,1.0,0,0,0.5425,0.4575
304.3,313.5,2245.0,15.1,172.0,0.0,0.0,1.0,0,1,0.5103,0.5103
299.2,308.5,1474.0,47.2,132.0,0.0,0.0,1.0,0,0,0.5236,0.4764
300.6,309.6,1411.0,41.6,140.0,0.0,1.0,0.0,0,0,0.5062,0.4938
302.6,311.9,1354.0,48.0,67.0,0.0,1.0,0.0,0,1,0.5162,0.5162
300.9,310.5,2288.0,16.1,85.0,0.0,1.0,0.0,0,0,0.5087,0.4913
297.5,308.5,1340.0,57.4,143.0,0.0,1.0,0.0,0,0,0.5037,0.4963
298.9,310.6,1406.0,43.8,12.0,0.0,1.0,0.0,0,0,0.5103,0.4897
298.9,309.9,1404.0,39.8,62.0,0.0,1.0,0.0,0,0,0.5271,0.4729
301.3,310.7,1819.0,25.5,46.0,0.0,0.0,1.0,0,0,0.5376,0.4624
302.2,311.2,1649.0,33.2,9.0,0.0,1.0,0.0,0,0,0.5156,0.4844
300.7,309.5,1692.0,30.3,64.0,0.0,1.0,0.0,0,0,0.5449,0.4551
301.3,311.2,1675.0,32.1,12.0,0.0,1.0,0.0,0,0,0.5319,0.4681
298.8,309.8,1753.0,27.5,130.0,0.0,1.0,0.0,0,0,0.5487,0.4513
302.2,311.4,1754.0,26.9,33.0,0.0,1.0,0.0,0,0,0.524,0.476
302.6,312.1,1445.0,42.0,181.0,0.0,0.0,1.0,0,1,0.5026,0.5026
300.0,309.1,1791.0,28.2,108.0,0.0,1.0,0.0,0,0,0.5529,0.4471
299.1,308.5,1676.0,31.0,69.0,0.0,1.0,0.0,0,0,0.5638,0.4362
299.2,310.7,1535.0,42.6,17.0,0.0,1.0,0.0,0,0,0.524,0.476
300.8,310.4,1450.0,39.4,62.0,0.0,0.0,1.0,0,0,0.5138,0.4862
299.6,309.0,1648.0,33.6,70.0,0.0,1.0,0.0,0,0,0.556,0.444
301.4,310.8,1543.0,36.9,97.0,0.0,1.0,0.0,0,0,0.5158,0.4842
300.6,310.6,1427.0,52.8,75.0,0.0,0.0,1.0,0,1,0.503,0.503
297.5,309.1,1540.0,38.5,176.0,0.0,0.0,1.0,0,0,0.5287,0.4713
298.1,309.3,1332.0,51.0,72.0,1.0,0.0,0.0,0,0,0.5123,0.4877
301.7,310.8,1502.0,34.4,157.0,0.0,0.0,1.0,0,0,0.5109,0.4891
301.3,310.6,1481.0,40.9,57.0,0.0,1.0,0.0,0,0,0.5076,0.4924
299.4,309.1,1645.0,28.6,57.0,0.0,1.0,0.0,0,0,0.5585,0.4415
303.9,313.0,1759.0,28.4,74.0,0.0,1.0,0.0,0,1,0.5015,0.5015
299.3,308.4,1406.0,47.4,3.0,0.0,1.0,0.0,0,0,0.5117,0.4883
298.8,308.6,1680.0,29.4,95.0,0.0,1.0,0.0,0,0,0.5615,0.4385
299.8,309.0,1467.0,37.3,193.0,1.0,0.0,0.0,0,0,0.5247,0.4753
302.4,312.1,1455.0,40.4,28.0,0.0,1.0,0.0,0,1,0.5004,0.5004
301.1,310.6,1410.0,43.9,73.0,0.0,0.0,1.0,0,1,0.5,0.5
302.4,310.2,1351.0,45.1,168.0,0.0,1.0,0.0,1,1,0.5203,0.5203
300.7,310.2,1877.0,24.8,64.0,1.0,0.0,0.0,0,0,0.5428,0.4572
300.9,311.5,1836.0,21.8,12.0,0.0,0.0,1.0,0,0,0.5404,0.4596
303.7,312.2,1487.0,34.0,94.0,0.0,1.0,0.0,0,1,0.5089,0.5089
301.7,310.8,1385.0,50.7,133.0,0.0,1.0,0.0,0,1,0.5167,0.5167
296.8,307.5,1516.0,36.7,135.0,0.0,0.0,1.0,0,0,0.53,0.47
303.8,312.9,1589.0,37.2,203.0,0.0,1.0,0.0,0,1,0.5085,0.5085
297.2,308.3,1431.0,43.7,46.0,0.0,0.0,1.0,0,0,0.5253,0.4747
298.2,308.9,1367.0,45.0,85.0,0.0,1.0,0.0,0,0,0.5263,0.4737
296.2,307.1,1444.0,46.7,194.0,0.0,1.0,0.0,0,0,0.5009,0.4991
300.2,311.8,1379.0,51.0,46.0,0.0,1.0,0.0,0,0,0.5085,0.4915
300.3,311.7,1635.0,31.8,156.0,0.0,1.0,0.0,0,0,0.5362,0.4638
302.2,311.5,1725.0,34.0,170.0,0.0,1.0,0.0,0,0,0.5217,0.4783
300.2,309.8,1430.0,55.0,102.0,0.0,1.0,0.0,0,1,0.502,0.502
297.7,309.0,1538.0,43.2,30.0,0.0,1.0,0.0,0,0,0.5295,0.4705
299.5,310.9,1577.0,34.6,159.0,0.0,0.0,1.0,0,0,0.5315,0.4685
297.4,308.1,1620.0,31.2,143.0,0.0,0.0,1.0,0,0,0.5441,0.4559
300.5,309.7,1341.0,50.9,137.0,0.0,0.0,1.0,0,1,0.5104,0.5104
302.9,312.1,1334.0,54.7,88.0,0.0,1.0,0.0,0,1,0.5197,0.5197
301.4,310.9,1557.0,39.3,174.0,0.0,0.0,1.0,0,0,0.5133,0.4867
299.5,310.7,1589.0,33.5,5.0,0.0,1.0,0.0,0,0,0.533,0.467
299.1,308.3,1431.0,52.3,38.0,0.0,1.0,0.0,0,0,0.5185,0.4815
299.3,309.0,1447.0,50.4,140.0,0.0,1.0,0.0,0,0,0.512,0.488
300.9,312.0,1375.0,56.1,182.0,0.0,0.0,1.0,0,1,0.5066,0.5066
299.3,309.1,1600.0,35.3,52.0,0.0,0.0,1.0,0,0,0.5523,0.4477
297.2,308.4,1460.0,42.1,41.0,0.0,1.0,0.0,0,0,0.5273,0.4727
302.3,310.9,1459.0,35.0,32.0,0.0,1.0,0.0,0,1,0.5026,0.5026
298.6,309.8,1544.0,30.2,113.0,0.0,1.0,0.0,0,0,0.5447,0.4553
301.2,310.7,1543.0,32.9,40.0,0.0,0.0,1.0,0,0,0.5237,0.4763
302.5,311.9,1437.0,46.7,65.0,0.0,1.0,0.0,0,1,0.5083,0.5083
298.5,308.7,1450.0,43.9,28.0,1.0,0.0,0.0,0,0,0.5285,0.4715
300.8,310.7,1924.0,22.4,36.0,0.0,0.0,1.0,0,0,0.5403,0.4597
303.4,311.5,1483.0,43.0,117.0,0.0,0.0,1.0,0,1,0.5093,0.5093
300.7,310.3,1369.0,50.7,12.0,1.0,0.0,0.0,0,1,0.5089,0.5089
299.1,310.5,1532.0,36.6,62.0,0.0,1.0,0.0,0,0,0.5378,0.4622
302.1,310.6,1326.0,59.1,88.0,0.0,0.0,1.0,1,1,0.5311,0.5311
298.7,309.2,1423.0,48.9,187.0,0.0,0.0,1.0,0,0,0.5093,0.4907
300.6,309.4,1541.0,35.2,105.0,0.0,0.0,1.0,0,0,0.5309,0.4691
302.9,312.4,2030.0,19.1,192.0,0.0,1.0,0.0,0,0,0.5146,0.4854
298.3,309.5,1542.0,36.7,134.0,0.0,1.0,0.0,0,0,0.5388,0.4612
302.6,312.1,1502.0,47.3,171.0,0.0,1.0,0.0,0,1,0.5032,0.5032
296.6,307.4,1368.0,45.1,185.0,0.0,1.0,0.0,0,0,0.5068,0.4932
297.4,308.2,1533.0,37.4,115.0,0.0,1.0,0.0,0,0,0.5418,0.4582
301.9,311.0,1384.0,47.4,121.0,0.0,0.0,1.0,0,1,0.5137,0.5137
301.8,310.5,1548.0,34.1,93.0,0.0,1.0,0.0,0,0,0.5129,0.4871
301.4,310.5,1380.0,48.4,131.0,0.0,1.0,0.0,0,1,0.5135,0.5135
299.3,310.9,1669.0,32.4,5.0,0.0,1.0,0.0,0,0,0.5367,0.4633
303.5,311.8,1944.0,23.5,159.0,0.0,1.0,0.0,0,0,0.5091,0.4909
297.2,308.3,1693.0,28.0,188.0,0.0,1.0,0.0,0,0,0.5388,0.4612
303.8,313.3,1406.0,52.1,166.0,0.0,1.0,0.0,0,1,0.5129,0.5129
298.1,308.8,1628.0,37.6,12.0,0.0,0.0,1.0,0,0,0.5399,0.4601
297.1,307.9,1456.0,50.0,166.0,0.0,1.0,0.0,0,0,0.5119,0.4881
300.3,310.6,1806.0,24.4,88.0,0.0,1.0,0.0,0,0,0.5442,0.4558
298.2,309.0,1601.0,35.8,43.0,0.0,1.0,0.0,0,0,0.5491,0.4509
300.6,310.7,1438.0,48.5,78.0,0.0,1.0,0.0,1,0,0.5033,0.4967
299.1,310.2,1317.0,54.8,231.0,0.0,1.0,0.0,1,1,0.5078,0.5078
299.9,309.6,1294.0,49.7,126.0,0.0,1.0,0.0,0,1,0.5038,0.5038
299.3,308.6,1474.0,49.6,191.0,0.0,1.0,0.0,0,0,0.5112,0.4888
300.6,310.3,1648.0,30.5,217.0,0.0,1.0,0.0,1,0,0.5354,0.4646
300.9,311.4,1434.0,45.4,118.0,0.0,0.0,1.0,0,0,0.5066,0.4934
300.7,309.5,2007.0,19.7,2.0,1.0,0.0,0.0,0,0,0.5418,0.4582
299.4,308.7,1289.0,60.5,104.0,0.0,0.0,1.0,0,1,0.5024,0.5024
299.4,309.1,2421.0,14.2,57.0,0.0,1.0,0.0,0,0,0.5055,0.4945
297.8,308.8,1548.0,36.9,64.0,0.0,1.0,0.0,0,0,0.5465,0.4535
299.8,309.3,1291.0,56.4,188.0,0.0,1.0,0.0,0,1,0.5138,0.5138
300.7,310.6,1349.0,54.5,19.0,0.0,0.0,1.0,0,1,0.5123,0.5123
299.2,308.6,1367.0,47.6,168.0,0.0,0.0,1.0,0,0,0.5087,0.4913
297.0,307.7,1261.0,51.1,130.0,0.0,0.0,1.0,0,0,0.5084,0.4916
302.5,310.3,1551.0,37.3,168.0,0.0,1.0,0.0,0,0,0.5025,0.4975
301.7,311.3,1421.0,45.9,85.0,0.0,1.0,0.0,0,1,0.505,0.505
298.2,308.2,1478.0,50.1,166.0,0.0,1.0,0.0,0,0,0.5171,0.4829
298.4,307.9,1981.0,23.2,16.0,0.0,1.0,0.0,0,0,0.5524,0.4476
301.3,310.6,1556.0,39.0,72.0,0.0,1.0,0.0,0,0,0.5159,0.4841
303.5,311.6,1361.0,46.5,62.0,0.0,1.0,0.0,1,1,0.5263,0.5263
298.9,310.1,1341.0,54.5,51.0,0.0,1.0,0.0,0,0,0.5041,0.4959
300.4,309.7,1584.0,32.6,71.0,0.0,1.0,0.0,0,0,0.5401,0.4599
299.0,310.1,1886.0,21.2,13.0,0.0,1.0,0.0,0,0,0.543,0.457
298.9,309.7,1407.0,48.6,161.0,1.0,0.0,0.0,0,0,0.5094,0.4906
297.6,308.6,1744.0,28.5,42.0,0.0,1.0,0.0,0,0,0.5501,0.4499
299.9,309.2,1548.0,35.7,97.0,0.0,0.0,1.0,0,0,0.5419,0.4581
297.5,308.6,1440.0,38.8,29.0,0.0,0.0,1.0,0,0,0.5286,0.4714
300.7,310.5,1536.0,47.4,192.0,0.0,1.0,0.0,0,0,0.5063,0.4937
301.8,311.5,1443.0,43.3,134.0,0.0,1.0,0.0,0,0,0.5008,0.4992
299.0,310.0,1582.0,31.9,51.0,0.0,1.0,0.0,0,0,0.5467,0.4533
300.7,310.8,1814.0,21.4,59.0,0.0,1.0,0.0,0,0,0.5407,0.4593
298.7,309.9,1593.0,42.5,146.0,0.0,1.0,0.0,0,0,0.5301,0.4699
298.2,307.8,1627.0,31.5,64.0,0.0,1.0,0.0,0,0,0.5593,0.4407
298.5,309.4,1522.0,47.4,20.0,0.0,0.0,1.0,0,0,0.5223,0.4777
302.1,311.2,1369.0,50.8,164.0,0.0,1.0,0.0,0,1,0.5182,0.5182
302.0,310.4,1448.0,43.4,167.0,0.0,1.0,0.0,0,1,0.5081,0.5081
301.4,310.7,1590.0,36.3,43.0,0.0,1.0,0.0,0,0,0.5213,0.4787
296.9,308.0,1416.0,46.9,105.0,1.0,0.0,0.0,0,0,0.5222,0.4778
301.3,310.3,1313.0,55.6,127.0,0.0,1.0,0.0,0,1,0.5233,0.5233
303.3,311.4,1497.0,46.0,234.0,0.0,1.0,0.0,1,1,0.5203,0.5203
297.5,308.5,1662.0,30.3,26.0,0.0,0.0,1.0,0,0,0.5449,0.4551
297.4,308.4,1441.0,46.8,116.0,0.0,0.0,1.0,0,0,0.5256,0.4744
300.4,309.8,1435.0,43.6,203.0,0.0,0.0,1.0,0,0,0.5047,0.4953
296.3,307.3,1372.0,57.7,33.0,0.0,1.0,0.0,0,1,0.505,0.505
297.8,307.2,1880.0,23.0,176.0,0.0,1.0,0.0,0,0,0.5414,0.4586
298.1,308.2,1420.0,63.9,19.0,0.0,0.0,1.0,1,0,0.5021,0.4979
297.5,308.4,1587.0,36.1,98.0,1.0,0.0,0.0,0,0,0.5469,0.4531
299.7,309.3,1445.0,42.6,0.0,0.0,1.0,0.0,0,0,0.5147,0.4853
298.4,308.7,1588.0,35.0,99.0,0.0,1.0,0.0,0,0,0.5542,0.4458
300.3,311.6,1801.0,23.6,97.0,1.0,0.0,0.0,0,0,0.5432,0.4568
302.3,311.8,1559.0,34.4,191.0,0.0,0.0,1.0,0,0,0.5118,0.4882
302.0,310.9,1564.0,39.0,15.0,0.0,1.0,0.0,0,0,0.5073,0.4927
301.8,310.9,1609.0,31.7,202.0,0.0,1.0,0.0,0,0,0.52,0.48
302.7,310.6,1349.0,51.2,6.0,0.0,0.0,1.0,1,1,0.5334,0.5334
298.9,309.0,1812.0,25.9,174.0,0.0,0.0,1.0,0,0,0.5525,0.4475
297.7,308.4,1289.0,51.3,82.0,0.0,1.0,0.0,0,0,0.5135,0.4865
299.0,310.1,1487.0,47.5,123.0,0.0,0.0,1.0,0,0,0.5199,0.4801
302.5,310.4,1967.0,20.3,50.0,0.0,1.0,0.0,0,0,0.5175,0.4825
300.8,310.8,1741.0,27.1,39.0,0.0,1.0,0.0,0,0,0.5424,0.4576
303.4,312.1,1499.0,39.4,197.0,0.0,0.0,1.0,0,1,0.5093,0.5093
300.9,310.9,1749.0,26.4,40.0,0.0,1.0,0.0,0,0,0.5416,0.4584
300.1,311.3,1305.0,64.7,66.0,0.0,1.0,0.0,0,1,0.5053,0.5053
297.2,308.8,1451.0,43.1,68.0,0.0,1.0,0.0,0,0,0.5276,0.4724
301.1,311.2,1564.0,37.0,165.0,0.0,1.0,0.0,0,0,0.5207,0.4793
301.4,310.8,1490.0,38.0,168.0,0.0,1.0,0.0,0,0,0.5092,0.4908
303.6,312.5,1431.0,49.0,162.0,0.0,1.0,0.0,0,1,0.5119,0.5119
301.4,311.1,1469.0,36.9,133.0,0.0,1.0,0.0,0,0,0.5108,0.4892
301.8,310.8,1456.0,46.6,35.0,0.0,1.0,0.0,0,1,0.5088,0.5088
298.6,309.8,1842.0,20.1,142.0,0.0,1.0,0.0,0,0,0.5397,0.4603
300.0,309.3,1397.0,51.2,173.0,0.0,1.0,0.0,0,1,0.5036,0.5036
299.9,310.4,1408.0,38.4,144.0,0.0,1.0,0.0,0,0,0.5154,0.4846
301.7,310.1,1402.0,50.1,3.0,0.0,1.0,0.0,0,1,0.5177,0.5177
301.6,310.6,1553.0,38.9,0.0,0.0,0.0,1.0,0,0,0.5109,0.4891
295.6,306.1,1383.0,48.7,147.0,0.0,1.0,0.0,0,1,0.5043,0.5043
299.7,311.0,1827.0,25.4,194.0,0.0,1.0,0.0,0,0,0.5409,0.4591
300.5,311.4,1556.0,45.3,58.0,0.0,1.0,0.0,0,0,0.5223,0.4777
299.6,310.9,1658.0,28.0,76.0,0.0,1.0,0.0,0,0,0.5467,0.4533
303.9,313.1,1440.0,41.1,12.0,0.0,1.0,0.0,0,1,0.5184,0.5184
300.7,310.8,1486.0,37.1,186.0,0.0,1.0,0.0,0,0,0.5163,0.4837
300.1,309.6,1642.0,34.5,53.0,0.0,1.0,0.0,0,0,0.5459,0.4541
297.3,308.3,1550.0,37.0,54.0,0.0,1.0,0.0,0,0,0.5415,0.4585
302.3,311.8,1369.0,56.2,208.0,0.0,1.0,0.0,1,1,0.5234,0.5234
297.6,307.1,1496.0,39.2,12.0,0.0,1.0,0.0,0,0,0.5261,0.4739
299.7,309.1,1508.0,41.2,152.0,0.0,0.0,1.0,0,0,0.5254,0.4746
297.7,308.4,1288.0,49.5,91.0,1.0,0.0,0.0,0,0,0.5158,0.4842
297.6,308.6,1351.0,51.0,37.0,0.0,1.0,0.0,0,0,0.5099,0.4901
298.1,307.7,1523.0,37.7,80.0,0.0,1.0,0.0,0,0,0.5515,0.4485
297.1,308.5,1425.0,40.0,35.0,0.0,1.0,0.0,0,0,0.5239,0.4761
297.3,308.4,1469.0,46.7,65.0,0.0,1.0,0.0,0,0,0.5276,0.4724
304.2,313.6,1424.0,43.7,151.0,0.0,0.0,1.0,0,1,0.5075,0.5075
300.6,309.7,1470.0,43.8,18.0,1.0,0.0,0.0,0,0,0.5108,0.4892
297.8,308.4,1374.0,47.1,150.0,0.0,1.0,0.0,0,0,0.5177,0.4823
300.5,310.2,1386.0,48.2,225.0,0.0,0.0,1.0,0,1,0.5053,0.5053
298.5,309.2,1449.0,46.4,83.0,0.0,0.0,1.0,0,0,0.5288,0.4712
298.8,310.0,1486.0,38.5,55.0,0.0,0.0,1.0,0,0,0.5346,0.4654
297.8,307.2,1498.0,38.1,188.0,0.0,1.0,0.0,0,0,0.5311,0.4689
297.7,307.3,1249.0,62.8,47.0,1.0,0.0,0.0,0,0,0.5007,0.4993
298.0,309.2,1527.0,32.4,99.0,0.0,1.0,0.0,0,0,0.5474,0.4526
298.0,309.2,1438.0,42.9,101.0,0.0,0.0,1.0,0,0,0.5311,0.4689
300.6,309.8,1541.0,36.2,166.0,1.0,0.0,0.0,0,0,0.5225,0.4775
300.6,311.7,1389.0,52.1,210.0,0.0,0.0,1.0,0,1,0.5025,0.5025
299.2,308.5,1438.0,46.6,63.0,0.0,1.0,0.0,0,0,0.53,0.47
297.5,308.8,1455.0,46.1,147.0,0.0,0.0,1.0,0,0,0.5211,0.4789
302.2,310.8,1827.0,23.8,9.0,0.0,1.0,0.0,0,0,0.524,0.476
297.3,308.6,1431.0,53.0,160.0,0.0,0.0,1.0,0,0,0.5083,0.4917
296.4,307.5,1331.0,47.8,99.0,0.0,1.0,0.0,0,0,0.513,0.487
301.8,310.7,1547.0,41.7,72.0,0.0,1.0,0.0,0,0,0.5044,0.4956
303.4,312.2,1554.0,36.8,85.0,1.0,0.0,0.0,0,1,0.501,0.501
301.0,312.3,1550.0,34.9,111.0,0.0,1.0,0.0,0,0,0.5341,0.4659
302.7,311.0,1694.0,29.8,150.0,0.0,1.0,0.0,0,0,0.5139,0.4861
302.0,311.5,1366.0,52.3,54.0,0.0,0.0,1.0,0,1,0.519,0.519
302.0,311.0,1566.0,37.8,218.0,0.0,1.0,0.0,0,0,0.5097,0.4903
300.6,310.2,1478.0,40.1,5.0,0.0,0.0,1.0,0,0,0.5139,0.4861
297.3,307.9,1461.0,37.5,161.0,1.0,0.0,0.0,0,0,0.5312,0.4688
302.4,310.2,1485.0,45.9,50.0,0.0,0.0,1.0,0,1,0.5139,0.5139
300.2,309.8,1398.0,54.8,39.0,0.0,1.0,0.0,0,1,0.5024,0.5024
302.3,311.9,1374.0,52.4,154.0,1.0,0.0,0.0,0,1,0.5142,0.5142
297.1,308.6,1717.0,31.3,61.0,0.0,0.0,1.0,0,0,0.5435,0.4565
302.7,312.5,1417.0,51.5,19.0,0.0,0.0,1.0,0,1,0.5151,0.5151
300.6,310.9,1472.0,47.6,75.0,0.0,1.0,0.0,0,0,0.5081,0.4919
300.1,309.7,1601.0,35.8,160.0,0.0,1.0,0.0,0,0,0.5324,0.4676
298.2,308.2,1446.0,38.2,61.0,0.0,1.0,0.0,0,0,0.5453,0.4547
299.8,310.9,1545.0,40.7,166.0,0.0,1.0,0.0,0,0,0.5227,0.4773
302.3,310.9,1523.0,43.2,210.0,0.0,0.0,1.0,0,1,0.5035,0.5035
299.1,308.9,1467.0,47.2,218.0,0.0,1.0,0.0,0,0,0.5139,0.4861
301.8,309.6,1432.0,43.7,138.0,0.0,1.0,0.0,0,1,0.5081,0.5081
301.8,310.7,1461.0,44.2,49.0,0.0,1.0,0.0,0,1,0.5057,0.5057
298.6,309.8,1597.0,35.9,213.0,0.0,1.0,0.0,0,0,0.5327,0.4673
301.3,310.3,1460.0,41.5,197.0,0.0,1.0,0.0,0,0,0.5018,0.4982
299.3,308.7,1802.0,26.0,130.0,0.0,1.0,0.0,0,0,0.5558,0.4442
303.0,311.2,1800.0,23.7,61.0,0.0,1.0,0.0,0,0,0.5114,0.4886
299.5,309.4,1563.0,41.5,183.0,0.0,1.0,0.0,0,0,0.5264,0.4736
299.2,308.8,1542.0,39.2,179.0,0.0,1.0,0.0,0,0,0.5335,0.4665
299.0,310.1,1623.0,33.0,210.0,0.0,1.0,0.0,0,0,0.5357,0.4643
300.5,310.0,1580.0,37.0,181.0,0.0,0.0,1.0,0,0,0.5249,0.4751
300.6,309.6,1409.0,42.4,57.0,0.0,1.0,0.0,0,0,0.5108,0.4892
300.4,310.6,1545.0,35.6,16.0,0.0,0.0,1.0,0,0,0.5285,0.4715
301.8,310.3,1688.0,28.8,31.0,0.0,1.0,0.0,0,0,0.5267,0.4733
300.7,309.6,1541.0,34.6,131.0,0.0,1.0,0.0,0,0,0.5262,0.4738
299.0,308.6,1466.0,46.4,112.0,0.0,1.0,0.0,0,0,0.529,0.471
298.2,308.7,1408.0,46.3,3.0,0.0,1.0,0.0,0,0,0.5121,0.4879
297.2,308.3,1794.0,27.5,38.0,0.0,0.0,1.0,0,0,0.5426,0.4574
302.4,310.1,1426.0,46.8,95.0,0.0,1.0,0.0,0,1,0.5182,0.5182
300.9,310.9,1755.0,27.9,148.0,0.0,1.0,0.0,0,0,0.5364,0.4636
300.3,309.9,1394.0,46.7,210.0,1.0,0.0,0.0,1,1,0.502,0.502
302.8,312.3,1494.0,37.5,198.0,0.0,1.0,0.0,0,0,0.5004,0.4996
301.8,311.2,1840.0,26.6,202.0,0.0,1.0,0.0,0,0,0.5314,0.4686
300.1,309.2,1783.0,27.3,118.0,0.0,1.0,0.0,0,0,0.5504,0.4496
300.7,309.5,1685.0,31.1,27.0,0.0,1.0,0.0,0,0,0.5433,0.4567
297.4,308.4,1573.0,34.5,205.0,0.0,1.0,0.0,0,0,0.5342,0.4658
297.9,309.7,2194.0,16.8,27.0,0.0,1.0,0.0,0,0,0.5167,0.4833
297.8,307.8,1452.0,39.8,21.0,0.0,1.0,0.0,0,0,0.5314,0.4686
299.3,309.2,1465.0,41.5,127.0,0.0,1.0,0.0,0,0,0.5284,0.4716
302.5,310.2,1563.0,34.8,150.0,0.0,1.0,0.0,0,0,0.5057,0.4943
302.5,311.9,1298.0,57.5,57.0,0.0,0.0,1.0,0,1,0.5276,0.5276
298.4,308.2,1584.0,41.0,191.0,0.0,0.0,1.0,0,0,0.5356,0.4644
296.6,307.6,1809.0,25.1,86.0,0.0,1.0,0.0,0,0,0.5273,0.4727
300.1,309.2,1418.0,39.8,221.0,0.0,0.0,1.0,0,0,0.513,0.487
297.5,308.2,1419.0,48.5,108.0,0.0,1.0,0.0,0,0,0.5247,0.4753
300.8,312.6,1376.0,53.6,119.0,0.0,1.0,0.0,0,0,0.5077,0.4923
297.9,309.0,1583.0,36.7,104.0,0.0,1.0,0.0,0,0,0.5467,0.4533
300.6,311.9,1425.0,44.9,224.0,0.0,1.0,0.0,0,0,0.5098,0.4902
300.4,311.4,1424.0,44.6,127.0,0.0,1.0,0.0,0,0,0.5114,0.4886
297.9,309.1,1521.0,36.1,15.0,0.0,1.0,0.0,0,0,0.5324,0.4676
300.5,310.5,1452.0,42.9,29.0,0.0,1.0,0.0,0,0,0.512,0.488
302.7,310.7,1369.0,47.5,11.0,0.0,1.0,0.0,1,1,0.5285,0.5285
297.0,307.9,1882.0,24.2,97.0,0.0,0.0,1.0,0,0,0.5325,0.4675
303.6,312.4,1388.0,41.9,221.0,0.0,1.0,0.0,0,1,0.5211,0.5211
298.2,308.3,1448.0,43.3,199.0,0.0,0.0,1.0,0,0,0.5221,0.4779
302.0,310.8,1454.0,36.6,0.0,0.0,1.0,0.0,0,1,0.5003,0.5003
296.9,307.5,2721.0,9.3,18.0,0.0,1.0,0.0,1,1,0.5049,0.5049
299.4,308.7,1487.0,52.6,205.0,0.0,0.0,1.0,0,0,0.5074,0.4926
301.1,312.3,1595.0,31.9,134.0,0.0,1.0,0.0,0,0,0.5344,0.4656
297.1,308.1,1352.0,44.4,0.0,0.0,0.0,1.0,0,0,0.5053,0.4947
298.8,309.6,1309.0,57.4,185.0,1.0,0.0,0.0,0,1,0.5064,0.5064
300.9,311.0,1499.0,38.0,111.0,0.0,1.0,0.0,0,0,0.5179,0.4821
298.7,309.2,1586.0,31.4,180.0,0.0,1.0,0.0,0,0,0.5427,0.4573
298.1,308.6,1439.0,44.9,205.0,0.0,1.0,0.0,0,0,0.5172,0.4828
296.2,307.2,1356.0,43.6,22.0,0.0,1.0,0.0,0,0,0.5037,0.4963
299.0,310.1,1705.0,30.1,84.0,0.0,0.0,1.0,0,0,0.5518,0.4482
300.4,310.1,1484.0,38.0,198.0,1.0,0.0,0.0,0,0,0.5166,0.4834
300.6,309.3,1510.0,46.0,87.0,0.0,0.0,1.0,0,0,0.5139,0.4861
298.0,308.6,1610.0,33.1,56.0,0.0,1.0,0.0,0,0,0.5545,0.4455
300.5,311.9,1710.0,28.4,158.0,0.0,1.0,0.0,0,0,0.5394,0.4606
303.7,312.9,1502.0,40.5,0.0,0.0,1.0,0.0,0,1,0.5172,0.5172
301.7,310.8,1559.0,44.5,135.0,0.0,1.0,0.0,0,0,0.5021,0.4979
299.4,310.8,1376.0,53.9,215.0,0.0,1.0,0.0,1,1,0.5028,0.5028
300.5,310.6,1621.0,32.0,184.0,0.0,0.0,1.0,0,0,0.532,0.468
303.8,313.0,1427.0,43.0,0.0,0.0,1.0,0.0,0,1,0.5209,0.5209
300.7,310.9,1535.0,37.1,113.0,0.0,1.0,0.0,0,0,0.5232,0.4768
300.4,311.4,1936.0,23.9,131.0,0.0,1.0,0.0,0,0,0.5388,0.4612
301.9,310.5,1477.0,42.4,128.0,0.0,1.0,0.0,0,1,0.5038,0.5038
303.5,312.5,1380.0,46.1,166.0,0.0,1.0,0.0,0,1,0.5129,0.5129
298.7,310.1,1644.0,34.1,46.0,0.0,0.0,1.0,0,0,0.5461,0.4539
303.3,311.8,1548.0,33.5,75.0,0.0,0.0,1.0,0,1,0.5037,0.5037
299.6,310.7,1922.0,23.3,205.0,0.0,1.0,0.0,1,0,0.5409,0.4591
303.6,312.8,1701.0,30.8,12.0,0.0,1.0,0.0,0,1,0.5072,0.5072
299.9,309.1,1345.0,56.8,10.0,0.0,0.0,1.0,0,1,0.5062,0.5062
299.0,308.7,1537.0,42.8,202.0,0.0,1.0,0.0,0,0,0.5274,0.4726
296.8,308.1,1492.0,43.7,222.0,1.0,0.0,0.0,0,0,0.5125,0.4875
303.7,312.7,1532.0,42.7,194.0,0.0,0.0,1.0,0,1,0.5095,0.5095
303.0,311.3,1365.0,56.2,146.0,0.0,1.0,0.0,1,1,0.5243,0.5243
299.0,308.8,1382.0,58.5,199.0,1.0,0.0,0.0,0,1,0.5034,0.5034
300.0,311.3,1407.0,47.3,208.0,0.0,1.0,0.0,0,0,0.5048,0.4952
298.4,309.1,1525.0,39.3,86.0,0.0,0.0,1.0,0,0,0.5445,0.4555
300.1,309.3,1340.0,56.0,130.0,0.0,1.0,0.0,0,1,0.5087,0.5087
296.2,307.2,1382.0,52.0,201.0,0.0,1.0,0.0,0,1,0.5075,0.5075
296.6,307.6,1671.0,28.8,108.0,0.0,1.0,0.0,0,0,0.5316,0.4684
296.1,306.9,1541.0,32.6,33.0,1.0,0.0,0.0,0,0,0.509,0.491
300.6,309.5,1867.0,23.0,242.0,0.0,1.0,0.0,0,0,0.5466,0.4534
302.5,310.8,1577.0,36.9,158.0,0.0,1.0,0.0,0,0,0.5053,0.4947
300.6,310.4,1494.0,47.3,118.0,0.0,1.0,0.0,0,0,0.5052,0.4948
301.4,310.4,1543.0,40.9,190.0,0.0,1.0,0.0,0,0,0.5087,0.4913
300.8,310.9,1678.0,28.1,63.0,0.0,0.0,1.0,0,0,0.54,0.46
301.2,310.9,1467.0,37.1,153.0,0.0,1.0,0.0,0,0,0.5109,0.4891
297.2,307.9,1337.0,58.1,184.0,0.0,1.0,0.0,0,1,0.5046,0.5046
300.5,309.8,1507.0,42.5,117.0,0.0,1.0,0.0,0,0,0.5151,0.4849
298.0,307.5,1524.0,36.3,98.0,0.0,0.0,1.0,0,0,0.5504,0.4496
298.4,309.2,2118.0,17.7,210.0,0.0,1.0,0.0,0,0,0.5367,0.4633
299.1,310.3,1449.0,40.7,40.0,0.0,1.0,0.0,0,0,0.5249,0.4751
301.7,310.1,2695.0,12.6,10.0,0.0,1.0,0.0,0,1,0.5082,0.5082
298.5,309.4,1560.0,37.9,37.0,0.0,1.0,0.0,0,0,0.5417,0.4583
298.5,310.1,1809.0,28.9,20.0,0.0,1.0,0.0,0,0,0.544,0.456
296.5,307.6,1541.0,38.5,98.0,0.0,1.0,0.0,0,0,0.5286,0.4714
300.7,311.7,1460.0,46.1,15.0,0.0,1.0,0.0,0,0,0.5119,0.4881
297.8,307.7,1505.0,39.7,25.0,0.0,1.0,0.0,0,0,0.5359,0.4641
299.5,310.8,1571.0,38.2,74.0,0.0,1.0,0.0,0,0,0.5374,0.4626
297.6,308.5,1360.0,48.6,77.0,0.0,0.0,1.0,0,0,0.5209,0.4791
303.1,311.2,1394.0,45.3,144.0,0.0,1.0,0.0,0,1,0.516,0.516
298.3,309.4,1378.0,52.3,12.0,0.0,1.0,0.0,0,0,0.5027,0.4973
299.7,309.0,1465.0,49.0,158.0,0.0,0.0,1.0,0,0,0.5092,0.4908
302.2,311.4,1372.0,55.1,9.0,0.0,0.0,1.0,0,1,0.5259,0.5259
301.5,310.4,1580.0,35.7,161.0,1.0,0.0,0.0,0,0,0.5162,0.4838
304.1,313.2,2028.0,18.9,45.0,0.0,0.0,1.0,0,1,0.5099,0.5099
297.3,308.1,1566.0,35.7,156.0,0.0,1.0,0.0,0,0,0.5374,0.4626
299.2,308.4,1393.0,48.4,35.0,0.0,1.0,0.0,0,0,0.5198,0.4802
301.2,312.3,1548.0,38.3,87.0,0.0,0.0,1.0,0,0,0.5314,0.4686
301.0,310.5,1601.0,33.2,77.0,0.0,1.0,0.0,0,0,0.5297,0.4703
297.2,308.3,1326.0,57.2,100.0,0.0,0.0,1.0,0,0,0.5075,0.4925
302.5,311.6,1400.0,54.0,196.0,0.0,1.0,0.0,0,1,0.5214,0.5214
299.6,310.6,1633.0,34.2,151.0,0.0,0.0,1.0,0,0,0.5361,0.4639
298.9,310.2,1359.0,56.9,166.0,0.0,1.0,0.0,0,1,0.501,0.501
303.4,311.8,1306.0,61.0,215.0,0.0,1.0,0.0,1,1,0.5382,0.5382
301.8,309.5,1525.0,39.6,227.0,0.0,1.0,0.0,0,0,0.5062,0.4938
297.0,307.8,1414.0,47.5,168.0,0.0,1.0,0.0,0,0,0.5125,0.4875
299.1,308.3,1426.0,40.1,60.0,0.0,1.0,0.0,0,0,0.5418,0.4582
303.3,312.4,1505.0,38.9,68.0,0.0,0.0,1.0,0,1,0.5032,0.5032
299.2,308.5,1370.0,52.4,61.0,0.0,1.0,0.0,0,0,0.5152,0.4848
302.5,311.9,1414.0,51.6,205.0,0.0,0.0,1.0,0,1,0.5173,0.5173
300.9,311.2,1518.0,35.0,90.0,1.0,0.0,0.0,0,0,0.525,0.475
300.9,311.3,1603.0,31.8,190.0,0.0,0.0,1.0,0,0,0.5297,0.4703
302.3,311.0,1521.0,34.8,72.0,0.0,0.0,1.0,0,0,0.5043,0.4957
297.4,308.4,1588.0,32.5,207.0,0.0,1.0,0.0,0,0,0.536,0.464
303.5,312.6,1602.0,34.2,108.0,0.0,1.0,0.0,0,0,0.5044,0.4956
304.3,313.4,1482.0,43.8,41.0,0.0,0.0,1.0,0,1,0.5118,0.5118
302.6,311.5,1442.0,59.8,169.0,0.0,1.0,0.0,1,1,0.5216,0.5216
302.2,311.4,1609.0,32.1,41.0,0.0,1.0,0.0,0,0,0.5155,0.4845
303.8,313.2,1506.0,46.9,154.0,1.0,0.0,0.0,0,1,0.5039,0.5039
301.3,310.6,1499.0,36.1,163.0,0.0,0.0,1.0,0,0,0.5124,0.4876
302.7,312.2,1336.0,46.8,179.0,0.0,1.0,0.0,0,1,0.514,0.514
303.0,311.1,1597.0,36.7,191.0,0.0,0.0,1.0,0,0,0.501,0.499
300.4,309.7,1384.0,45.1,159.0,0.0,1.0,0.0,0,1,0.5009,0.5009
297.8,308.5,1561.0,46.3,194.0,0.0,1.0,0.0,0,0,0.5222,0.4778
300.4,309.5,1349.0,50.4,30.0,0.0,1.0,0.0,0,1,0.5046,0.5046
297.1,308.2,1529.0,37.9,183.0,0.0,0.0,1.0,0,0,0.5283,0.4717
298.6,309.9,1517.0,34.0,215.0,0.0,0.0,1.0,0,0,0.5275,0.4725
300.0,311.4,1483.0,45.6,187.0,0.0,1.0,0.0,0,0,0.5131,0.4869
301.4,309.9,1460.0,47.2,22.0,1.0,0.0,0.0,0,1,0.5049,0.5049
299.6,310.9,1487.0,42.5,164.0,0.0,1.0,0.0,0,0,0.5176,0.4824
295.8,306.4,1325.0,56.2,65.0,0.0,1.0,0.0,0,1,0.5019,0.5019
300.6,310.0,1313.0,52.9,93.0,0.0,1.0,0.0,0,1,0.5124,0.5124
295.5,306.1,1822.0,24.3,164.0,0.0,0.0,1.0,0,1,0.5066,0.5066
300.6,310.4,2514.0,13.4,215.0,0.0,1.0,0.0,0,0,0.5085,0.4915
300.7,309.5,1667.0,30.5,29.0,1.0,0.0,0.0,0,0,0.543,0.457
299.6,310.9,1630.0,29.8,206.0,0.0,0.0,1.0,0,0,0.535,0.465
300.6,310.4,1407.0,51.1,157.0,0.0,0.0,1.0,0,1,0.5071,0.5071
301.2,310.7,1568.0,38.3,49.0,0.0,1.0,0.0,0,0,0.5202,0.4798
298.8,308.5,1577.0,33.2,0.0,0.0,0.0,1.0,0,0,0.5417,0.4583
296.9,307.8,1477.0,37.2,160.0,0.0,0.0,1.0,0,0,0.5275,0.4725
298.5,308.2,1564.0,37.5,15.0,0.0,0.0,1.0,0,0,0.5429,0.4571
301.5,310.5,1351.0,52.9,116.0,0.0,1.0,0.0,0,1,0.5207,0.5207
298.2,308.3,1475.0,49.9,47.0,0.0,1.0,0.0,0,0,0.5273,0.4727
298.5,309.3,1471.0,44.7,119.0,0.0,1.0,0.0,0,0,0.5285,0.4715
302.3,310.9,1762.0,24.5,73.0,0.0,0.0,1.0,0,0,0.5213,0.4787
300.3,311.5,1548.0,32.2,25.0,0.0,1.0,0.0,0,0,0.5353,0.4647
301.0,311.0,1423.0,38.6,199.0,0.0,0.0,1.0,0,0,0.5076,0.4924
302.3,311.4,1333.0,66.7,205.0,0.0,1.0,0.0,1,1,0.5289,0.5289
297.3,308.4,1449.0,44.4,34.0,0.0,0.0,1.0,0,0,0.5232,0.4768
298.9,310.1,1513.0,41.5,80.0,0.0,0.0,1.0,0,0,0.5338,0.4662
297.9,309.5,1390.0,47.9,127.0,0.0,1.0,0.0,0,0,0.5168,0.4832
299.3,308.6,1520.0,33.7,76.0,0.0,1.0,0.0,0,0,0.5541,0.4459
297.6,308.4,1407.0,55.2,86.0,0.0,1.0,0.0,0,0,0.5163,0.4837
302.0,311.1,1373.0,55.7,157.0,0.0,1.0,0.0,0,1,0.5215,0.5215
302.8,310.9,1636.0,35.0,38.0,0.0,1.0,0.0,0,0,0.5038,0.4962
298.8,310.6,1803.0,25.4,209.0,0.0,1.0,0.0,0,0,0.5375,0.4625
303.2,311.2,1427.0,45.6,25.0,0.0,1.0,0.0,0,1,0.5257,0.5257
299.9,309.5,1412.0,57.9,59.0,0.0,0.0,1.0,0,0,0.501,0.499
298.2,308.2,1436.0,50.2,43.0,0.0,1.0,0.0,0,0,0.5238,0.4762
297.2,308.5,1524.0,41.4,192.0,1.0,0.0,0.0,0,0,0.5232,0.4768
300.5,310.8,1445.0,46.6,155.0,0.0,1.0,0.0,0,0,0.5035,0.4965
300.5,310.5,2633.0,12.2,17.0,0.0,1.0,0.0,1,1,0.501,0.501
297.3,308.7,1569.0,33.9,93.0,1.0,0.0,0.0,0,0,0.5444,0.4556
299.8,310.2,1573.0,33.3,168.0,1.0,0.0,0.0,0,0,0.5325,0.4675
302.6,310.5,1511.0,37.2,197.0,0.0,1.0,0.0,0,1,0.5013,0.5013
299.8,309.8,1427.0,45.2,106.0,0.0,0.0,1.0,0,0,0.5149,0.4851
301.2,310.9,1460.0,46.7,166.0,0.0,0.0,1.0,0,1,0.5018,0.5018
297.6,308.3,1438.0,47.8,84.0,0.0,1.0,0.0,0,0,0.5285,0.4715
298.4,308.0,1571.0,37.4,50.0,0.0,1.0,0.0,0,0,0.5537,0.4463
302.2,311.4,1477.0,41.7,15.0,0.0,1.0,0.0,0,1,0.5036,0.5036
300.4,309.6,1543.0,38.1,209.0,0.0,1.0,0.0,0,0,0.523,0.477
300.0,311.3,1629.0,32.1,55.0,0.0,0.0,1.0,0,0,0.5439,0.4561
300.8,310.7,1386.0,42.1,170.0,0.0,0.0,1.0,0,0,0.5005,0.4995
298.5,308.0,1379.0,49.6,152.0,0.0,1.0,0.0,0,0,0.5153,0.4847
298.1,308.7,1568.0,32.9,10.0,0.0,1.0,0.0,0,0,0.5407,0.4593
298.8,308.6,1730.0,25.9,59.0,0.0,1.0,0.0,0,0,0.5627,0.4373
297.9,307.7,1567.0,34.7,74.0,0.0,1.0,0.0,0,0,0.5534,0.4466
302.5,310.2,1454.0,43.0,108.0,0.0,1.0,0.0,0,1,0.5119,0.5119
303.4,311.8,1499.0,45.0,16.0,0.0,1.0,0.0,0,1,0.5201,0.5201
299.2,308.4,1434.0,46.8,2.0,0.0,1.0,0.0,0,0,0.5147,0.4853
298.2,308.4,1510.0,39.9,134.0,0.0,0.0,1.0,0,0,0.5402,0.4598
295.8,306.5,1534.0,37.9,88.0,0.0,1.0,0.0,0,0,0.5088,0.4912
301.7,310.1,1660.0,29.3,72.0,1.0,0.0,0.0,0,0,0.5261,0.4739
297.4,308.8,1353.0,49.4,188.0,0.0,1.0,0.0,0,0,0.5041,0.4959
301.1,311.1,1429.0,42.5,123.0,0.0,1.0,0.0,0,0,0.5047,0.4953
303.9,313.3,1567.0,35.0,168.0,0.0,0.0,1.0,0,1,0.5046,0.5046
297.3,308.7,1587.0,35.8,148.0,0.0,1.0,0.0,0,0,0.5372,0.4628
303.7,312.3,1606.0,37.4,103.0,0.0,1.0,0.0,0,0,0.5005,0.4995
303.5,312.0,1475.0,42.9,85.0,0.0,0.0,1.0,0,1,0.5099,0.5099
303.3,311.8,1692.0,30.6,18.0,0.0,1.0,0.0,0,1,0.5015,0.5015
297.8,307.9,1600.0,33.5,13.0,1.0,0.0,0.0,0,0,0.5417,0.4583
298.7,310.3,1481.0,41.5,83.0,0.0,0.0,1.0,0,0,0.5306,0.4694
296.2,306.8,1389.0,53.3,132.0,0.0,1.0,0.0,0,0,0.505,0.495
301.7,310.9,1435.0,48.0,66.0,0.0,0.0,1.0,0,1,0.5103,0.5103
300.9,312.1,1423.0,40.2,63.0,0.0,1.0,0.0,0,0,0.5225,0.4775
300.2,310.2,1415.0,49.6,21.0,0.0,1.0,0.0,0,0,0.5024,0.4976
297.0,308.1,2540.0,13.3,98.0,1.0,0.0,0.0,0,1,0.5067,0.5067
299.3,310.5,1281.0,59.8,15.0,0.0,1.0,0.0,0,1,0.5091,0.5091
297.4,309.3,1622.0,35.0,123.0,0.0,0.0,1.0,0,0,0.5393,0.4607
298.0,308.9,1390.0,53.9,88.0,0.0,1.0,0.0,0,0,0.5159,0.4841
295.6,306.2,1632.0,32.2,76.0,1.0,0.0,0.0,0,1,0.5017,0.5017
299.0,310.0,1486.0,34.6,91.0,0.0,0.0,1.0,0,0,0.5388,0.4612
301.2,311.0,1567.0,35.1,64.0,0.0,1.0,0.0,0,0,0.5246,0.4754
300.2,311.4,1891.0,22.6,86.0,0.0,1.0,0.0,0,0,0.5422,0.4578
303.8,313.2,1732.0,29.6,147.0,0.0,0.0,1.0,0,0,0.5028,0.4972
299.3,309.2,1511.0,37.2,129.0,0.0,1.0,0.0,0,0,0.5376,0.4624
301.1,309.7,1668.0,30.8,158.0,0.0,1.0,0.0,0,0,0.5314,0.4686
300.2,311.6,1999.0,21.0,19.0,0.0,1.0,0.0,0,0,0.5407,0.4593
297.1,308.5,1323.0,44.4,207.0,0.0,1.0,0.0,1,0,0.5058,0.4942
302.0,310.8,1948.0,19.7,66.0,0.0,1.0,0.0,0,0,0.5233,0.4767
301.0,311.4,1484.0,36.2,188.0,0.0,1.0,0.0,0,0,0.5175,0.4825
304.0,312.7,1456.0,51.2,160.0,0.0,0.0,1.0,0,1,0.5122,0.5122
297.8,307.5,1372.0,54.1,157.0,0.0,1.0,0.0,0,0,0.5087,0.4913
300.1,311.4,1377.0,56.7,50.0,1.0,0.0,0.0,0,0,0.5008,0.4992
298.4,309.3,1549.0,40.8,139.0,0.0,1.0,0.0,0,0,0.535,0.465
302.1,311.4,1467.0,43.4,33.0,0.0,0.0,1.0,0,1,0.5042,0.5042
303.7,312.8,1832.0,23.6,35.0,0.0,1.0,0.0,0,1,0.5048,0.5048
299.7,310.4,1614.0,36.2,108.0,0.0,1.0,0.0,0,0,0.5385,0.4615
299.0,310.0,1667.0,30.0,53.0,0.0,0.0,1.0,0,0,0.5517,0.4483
297.5,308.8,1309.0,57.3,0.0,0.0,1.0,0.0,0,1,0.5108,0.5108
303.0,311.2,1409.0,41.9,98.0,0.0,1.0,0.0,0,1,0.515,0.515
300.7,311.8,1564.0,36.8,11.0,0.0,1.0,0.0,0,0,0.5304,0.4696
304.0,313.1,1472.0,45.5,166.0,1.0,0.0,0.0,0,1,0.509,0.509
297.5,308.8,1502.0,45.9,150.0,0.0,1.0,0.0,0,0,0.523,0.477
300.4,309.7,1685.0,32.3,167.0,0.0,0.0,1.0,0,0,0.5382,0.4618
298.3,308.1,1505.0,46.1,80.0,0.0,1.0,0.0,0,0,0.5391,0.4609
298.7,309.7,1293.0,59.1,125.0,0.0,1.0,0.0,0,0,0.5003,0.4997
299.3,308.6,1384.0,53.6,218.0,0.0,1.0,0.0,1,1,0.5005,0.5005
302.4,311.9,1422.0,46.4,194.0,0.0,0.0,1.0,0,1,0.5091,0.5091
297.5,308.6,1546.0,33.8,139.0,0.0,1.0,0.0,0,0,0.5418,0.4582
302.4,311.2,1466.0,43.9,152.0,0.0,1.0,0.0,0,1,0.5063,0.5063
300.4,309.7,1547.0,38.0,181.0,0.0,0.0,1.0,0,0,0.5226,0.4774
299.5,309.3,1520.0,42.3,149.0,0.0,1.0,0.0,0,0,0.5254,0.4746
302.5,311.9,1347.0,54.3,125.0,0.0,0.0,1.0,0,1,0.5172,0.5172
301.2,311.7,1433.0,49.3,206.0,0.0,1.0,0.0,0,1,0.5013,0.5013
302.0,311.2,1270.0,65.3,182.0,0.0,1.0,0.0,1,1,0.528,0.528
300.8,311.3,1505.0,45.5,141.0,0.0,1.0,0.0,0,0,0.51,0.49
299.2,308.2,1674.0,28.2,14.0,0.0,0.0,1.0,0,0,0.5573,0.4427
299.1,310.1,1486.0,40.7,39.0,0.0,1.0,0.0,0,0,0.529,0.471
297.6,308.8,1416.0,45.9,101.0,0.0,0.0,1.0,0,0,0.5263,0.4737
300.0,309.8,1372.0,39.6,105.0,0.0,1.0,0.0,0,0,0.5158,0.4842
302.0,311.1,1406.0,50.5,187.0,0.0,1.0,0.0,0,1,0.5162,0.5162
300.9,310.8,1571.0,39.9,51.0,0.0,1.0,0.0,0,0,0.5228,0.4772
297.4,308.3,1431.0,43.0,113.0,0.0,1.0,0.0,0,0,0.5309,0.4691
297.5,308.6,1347.0,57.0,132.0,0.0,0.0,1.0,0,0,0.506,0.494
303.4,311.7,1515.0,44.2,168.0,0.0,0.0,1.0,0,1,0.5083,0.5083
300.5,311.4,1312.0,51.4,60.0,0.0,0.0,1.0,0,1,0.5027,0.5027
297.7,308.1,1469.0,48.8,183.0,0.0,0.0,1.0,0,0,0.5151,0.4849
298.5,309.4,1417.0,41.2,155.0,1.0,0.0,0.0,0,0,0.5228,0.4772
299.4,309.0,1507.0,41.0,213.0,0.0,1.0,0.0,0,0,0.5249,0.4751
299.7,310.3,1462.0,40.4,19.0,1.0,0.0,0.0,0,0,0.5208,0.4792
300.3,311.1,1480.0,46.6,185.0,0.0,1.0,0.0,0,0,0.5086,0.4914
300.4,309.5,1711.0,29.2,215.0,0.0,1.0,0.0,0,0,0.544,0.456
302.2,311.1,1426.0,50.6,101.0,1.0,0.0,0.0,0,1,0.5168,0.5168
300.6,309.5,1516.0,39.0,142.0,0.0,1.0,0.0,0,0,0.5189,0.4811
300.2,309.2,1431.0,51.3,57.0,0.0,1.0,0.0,0,0,0.5071,0.4929
297.1,308.2,1399.0,42.6,194.0,0.0,1.0,0.0,0,0,0.5151,0.4849
299.7,309.6,1419.0,45.1,170.0,0.0,1.0,0.0,0,0,0.5084,0.4916
300.6,311.3,1531.0,38.5,0.0,0.0,1.0,0.0,0,0,0.5225,0.4775
299.0,310.0,1360.0,48.1,37.0,0.0,1.0,0.0,0,0,0.5093,0.4907
302.0,310.4,1828.0,26.3,82.0,0.0,0.0,1.0,0,0,0.5264,0.4736
303.4,312.9,1307.0,54.3,68.0,0.0,0.0,1.0,0,1,0.5143,0.5143
301.9,310.8,1650.0,29.8,94.0,0.0,1.0,0.0,0,0,0.5216,0.4784
298.8,310.3,1708.0,27.1,78.0,1.0,0.0,0.0,0,0,0.5501,0.4499
301.2,311.0,1544.0,39.3,217.0,0.0,1.0,0.0,0,0,0.5159,0.4841
301.9,309.8,1724.0,27.5,126.0,1.0,0.0,0.0,0,0,0.5251,0.4749
297.2,308.1,1340.0,61.3,207.0,0.0,0.0,1.0,1,1,0.51,0.51
297.8,309.7,1341.0,49.2,208.0,0.0,1.0,0.0,0,1,0.5015,0.5015
299.6,309.2,1425.0,45.9,133.0,0.0,1.0,0.0,0,0,0.5148,0.4852
298.9,310.2,1498.0,50.2,160.0,0.0,1.0,0.0,0,0,0.5126,0.4874
302.0,311.2,1845.0,27.3,45.0,0.0,1.0,0.0,0,0,0.5296,0.4704
297.7,309.4,1392.0,44.1,140.0,0.0,1.0,0.0,0,0,0.5191,0.4809
300.6,310.5,1509.0,43.1,31.0,0.0,1.0,0.0,0,0,0.5159,0.4841
298.5,307.9,1640.0,33.1,146.0,0.0,0.0,1.0,0,0,0.5532,0.4468
301.5,310.5,1587.0,33.8,57.0,1.0,0.0,0.0,0,0,0.5216,0.4784
297.2,308.3,1578.0,37.8,3.0,0.0,0.0,1.0,0,0,0.5261,0.4739
297.8,309.8,1798.0,25.5,203.0,0.0,0.0,1.0,0,0,0.5354,0.4646
299.6,310.2,1627.0,36.6,17.0,0.0,1.0,0.0,0,0,0.5379,0.4621
300.3,311.5,1403.0,60.1,58.0,0.0,1.0,0.0,0,1,0.5009,0.5009
301.9,310.9,1309.0,48.0,124.0,0.0,1.0,0.0,0,1,0.5201,0.5201
298.9,308.7,1504.0,41.8,165.0,0.0,1.0,0.0,0,0,0.5298,0.4702
300.5,309.5,1691.0,27.6,67.0,0.0,0.0,1.0,0,0,0.5479,0.4521
299.8,311.1,1452.0,47.3,188.0,0.0,1.0,0.0,0,0,0.5085,0.4915
301.4,310.8,1782.0,26.5,6.0,0.0,0.0,1.0,0,0,0.535,0.465
298.8,308.4,1473.0,41.1,128.0,0.0,1.0,0.0,0,0,0.5376,0.4624
300.5,309.7,1685.0,29.4,140.0,0.0,0.0,1.0,0,0,0.5397,0.4603
301.0,309.7,1511.0,39.3,146.0,0.0,0.0,1.0,0,0,0.5123,0.4877
303.6,312.5,1286.0,62.4,101.0,0.0,1.0,0.0,0,1,0.5218,0.5218
301.0,310.7,1300.0,57.2,174.0,0.0,1.0,0.0,0,1,0.5207,0.5207
299.3,308.9,1767.0,24.8,196.0,0.0,0.0,1.0,0,0,0.5536,0.4464
298.8,310.0,1529.0,38.5,77.0,0.0,0.0,1.0,0,0,0.5392,0.4608
299.8,311.1,1300.0,64.2,165.0,0.0,1.0,0.0,0,1,0.5067,0.5067
297.4,308.8,1538.0,41.2,126.0,0.0,1.0,0.0,0,0,0.5337,0.4663
301.0,309.9,1507.0,41.8,19.0,0.0,1.0,0.0,0,0,0.5119,0.4881
301.2,309.9,1984.0,19.7,169.0,0.0,1.0,0.0,0,0,0.5321,0.4679
302.0,310.4,1895.0,23.2,161.0,0.0,1.0,0.0,0,0,0.5263,0.4737
295.6,306.3,1911.0,20.9,74.0,0.0,1.0,0.0,0,1,0.5076,0.5076
298.5,308.8,1557.0,36.0,21.0,0.0,0.0,1.0,0,0,0.5436,0.4564
298.8,310.3,1528.0,37.1,99.0,0.0,0.0,1.0,0,0,0.5373,0.4627
301.3,310.6,1436.0,44.2,76.0,0.0,1.0,0.0,0,1,0.5012,0.5012
298.8,309.8,1510.0,44.2,35.0,1.0,0.0,0.0,0,0,0.5276,0.4724
301.8,310.7,1597.0,30.8,74.0,0.0,1.0,0.0,0,0,0.5196,0.4804
301.0,310.5,1248.0,61.4,77.0,0.0,1.0,0.0,0,1,0.5235,0.5235
297.4,308.1,1729.0,31.7,204.0,0.0,1.0,0.0,0,0,0.5414,0.4586
297.5,308.2,1563.0,38.2,15.0,0.0,1.0,0.0,0,0,0.5335,0.4665
297.4,308.4,1675.0,29.5,59.0,0.0,0.0,1.0,0,0,0.5493,0.4507
298.8,308.9,1379.0,46.7,204.0,0.0,1.0,0.0,0,0,0.5086,0.4914
300.6,309.8,1688.0,28.6,135.0,0.0,1.0,0.0,0,0,0.5389,0.4611
297.9,307.9,1412.0,44.5,85.0,0.0,1.0,0.0,0,0,0.5353,0.4647
303.2,311.5,1336.0,58.2,2.0,0.0,0.0,1.0,1,1,0.54,0.54
301.8,310.3,1666.0,32.7,19.0,0.0,0.0,1.0,0,0,0.5231,0.4769
299.0,310.4,1365.0,49.1,226.0,0.0,1.0,0.0,1,1,0.5003,0.5003
298.8,309.7,1480.0,38.1,157.0,0.0,0.0,1.0,0,0,0.5284,0.4716
297.4,308.5,1497.0,36.4,56.0,0.0,0.0,1.0,0,0,0.5403,0.4597
301.3,310.0,2068.0,17.8,176.0,0.0,0.0,1.0,0,0,0.5277,0.4723
302.6,311.0,1506.0,37.2,95.0,0.0,1.0,0.0,0,1,0.5017,0.5017
303.6,312.1,1967.0,20.9,2.0,0.0,0.0,1.0,0,1,0.5023,0.5023
300.8,311.3,1465.0,43.2,113.0,0.0,0.0,1.0,0,0,0.5121,0.4879
295.6,306.2,1612.0,31.2,131.0,0.0,1.0,0.0,0,1,0.5004,0.5004
298.6,309.9,1593.0,37.4,47.0,0.0,1.0,0.0,0,0,0.5423,0.4577
298.9,310.1,2109.0,18.0,61.0,0.0,1.0,0.0,0,0,0.5249,0.4751
300.6,310.3,1794.0,24.4,211.0,0.0,1.0,0.0,0,0,0.5417,0.4583
298.2,308.7,1780.0,27.9,35.0,0.0,1.0,0.0,0,0,0.5561,0.4439
303.5,313.0,1902.0,21.6,60.0,0.0,0.0,1.0,0,0,0.5041,0.4959
301.8,310.8,1505.0,41.2,33.0,0.0,1.0,0.0,0,0,0.5026,0.4974
301.5,310.7,1454.0,39.4,17.0,0.0,0.0,1.0,0,0,0.5038,0.4962
297.1,308.4,1359.0,46.6,176.0,1.0,0.0,0.0,0,0,0.5096,0.4904
298.4,309.4,1392.0,50.1,117.0,0.0,1.0,0.0,0,0,0.5162,0.4838
298.0,308.7,1629.0,34.3,191.0,0.0,1.0,0.0,0,0,0.5422,0.4578
297.4,308.6,1469.0,42.6,80.0,0.0,0.0,1.0,0,0,0.5338,0.4662
299.9,310.5,1539.0,32.8,213.0,0.0,1.0,0.0,0,0,0.5287,0.4713
301.7,310.6,1691.0,27.7,105.0,0.0,0.0,1.0,0,0,0.5262,0.4738
303.0,311.1,1428.0,39.8,181.0,0.0,0.0,1.0,0,1,0.5111,0.5111
299.6,309.0,1372.0,60.4,149.0,0.0,1.0,0.0,0,1,0.5055,0.5055
297.4,308.5,1369.0,53.2,43.0,0.0,1.0,0.0,0,0,0.5091,0.4909
301.9,309.6,1439.0,41.7,201.0,0.0,0.0,1.0,0,1,0.5061,0.5061
302.3,311.7,1442.0,41.7,127.0,0.0,0.0,1.0,0,1,0.5005,0.5005
302.3,311.6,1398.0,49.1,119.0,0.0,1.0,0.0,0,1,0.512,0.512
300.7,310.2,1569.0,32.8,31.0,0.0,1.0,0.0,0,0,0.5321,0.4679
299.1,310.1,1429.0,42.9,96.0,1.0,0.0,0.0,0,0,0.5241,0.4759
295.7,306.2,1464.0,46.2,92.0,0.0,1.0,0.0,0,0,0.5061,0.4939
301.7,311.0,1311.0,46.8,136.0,0.0,0.0,1.0,0,1,0.5162,0.5162
303.1,311.3,1494.0,42.7,221.0,1.0,0.0,0.0,0,1,0.514,0.514
301.4,310.4,1433.0,43.4,86.0,0.0,1.0,0.0,0,1,0.5025,0.5025
296.9,307.9,1626.0,29.9,177.0,0.0,1.0,0.0,0,0,0.5333,0.4667
302.5,311.5,1521.0,44.1,37.0,0.0,1.0,0.0,0,1,0.5057,0.5057
299.0,310.1,1432.0,50.0,45.0,1.0,0.0,0.0,0,0,0.5145,0.4855
298.7,309.7,1697.0,29.8,74.0,1.0,0.0,0.0,0,0,0.5548,0.4452
300.7,311.0,1334.0,53.9,150.0,0.0,0.0,1.0,0,1,0.5113,0.5113
301.8,310.6,1522.0,43.8,70.0,0.0,1.0,0.0,0,1,0.5008,0.5008
301.5,310.5,1593.0,32.9,155.0,0.0,1.0,0.0,0,0,0.52,0.48
301.7,310.7,1442.0,41.1,89.0,0.0,0.0,1.0,0,1,0.5017,0.5017
301.2,310.4,1515.0,38.4,51.0,0.0,1.0,0.0,0,0,0.5152,0.4848
298.4,309.3,1531.0,37.4,16.0,0.0,1.0,0.0,0,0,0.5342,0.4658
303.7,312.7,1395.0,53.9,123.0,0.0,1.0,0.0,0,1,0.51,0.51
298.9,310.3,1243.0,63.0,163.0,1.0,0.0,0.0,0,1,0.5067,0.5067
300.7,310.8,1534.0,41.3,69.0,0.0,1.0,0.0,0,0,0.5203,0.4797
303.3,311.8,1315.0,62.0,42.0,0.0,1.0,0.0,1,1,0.538,0.538
300.3,311.7,1579.0,33.6,59.0,0.0,1.0,0.0,0,0,0.5407,0.4593
302.2,311.0,1463.0,46.8,150.0,0.0,1.0,0.0,0,1,0.5097,0.5097
300.1,311.2,1452.0,42.4,190.0,0.0,0.0,1.0,0,0,0.5128,0.4872
298.6,309.5,1730.0,30.2,41.0,0.0,1.0,0.0,0,0,0.5542,0.4458
302.2,311.4,1449.0,46.5,60.0,0.0,1.0,0.0,0,1,0.5097,0.5097
300.5,311.9,1511.0,44.5,30.0,0.0,0.0,1.0,0,0,0.5231,0.4769
299.3,308.5,1772.0,26.1,52.0,0.0,1.0,0.0,0,0,0.5639,0.4361
298.8,308.3,1634.0,27.9,12.0,0.0,1.0,0.0,0,0,0.5533,0.4467
303.9,312.9,1526.0,42.5,194.0,0.0,1.0,0.0,0,1,0.5113,0.5113
299.2,308.8,1523.0,38.9,112.0,0.0,0.0,1.0,0,0,0.5427,0.4573
297.1,307.9,1420.0,39.8,192.0,1.0,0.0,0.0,0,0,0.5204,0.4796
299.0,310.3,1582.0,33.3,177.0,0.0,0.0,1.0,0,0,0.533,0.467
299.6,310.2,1743.0,24.8,99.0,0.0,1.0,0.0,0,0,0.5483,0.4517
297.6,308.6,1522.0,37.0,106.0,0.0,1.0,0.0,0,0,0.5436,0.4564
300.6,310.2,1233.0,52.3,23.0,0.0,0.0,1.0,0,1,0.5202,0.5202
302.4,311.8,1453.0,42.1,105.0,0.0,0.0,1.0,0,1,0.5004,0.5004
296.8,307.4,1549.0,48.3,105.0,0.0,1.0,0.0,0,0,0.5247,0.4753
298.3,307.8,1485.0,42.0,13.0,0.0,0.0,1.0,0,0,0.5309,0.4691
299.5,308.8,1886.0,20.9,117.0,0.0,0.0,1.0,0,0,0.5483,0.4517
299.8,309.4,1630.0,32.4,53.0,0.0,1.0,0.0,0,0,0.5513,0.4487
299.0,310.5,1336.0,56.8,136.0,1.0,0.0,0.0,0,0,0.5022,0.4978
302.7,311.7,1784.0,25.1,177.0,0.0,0.0,1.0,0,0,0.5169,0.4831
299.7,309.4,1362.0,51.9,117.0,0.0,1.0,0.0,0,0,0.5025,0.4975
302.0,310.9,1679.0,29.0,222.0,1.0,0.0,0.0,0,0,0.5223,0.4777
300.8,310.6,1663.0,30.6,139.0,0.0,1.0,0.0,0,0,0.5331,0.4669
298.0,307.8,1386.0,57.3,147.0,0.0,1.0,0.0,0,0,0.5074,0.4926
295.8,306.6,1508.0,46.5,99.0,0.0,1.0,0.0,0,0,0.5108,0.4892
302.3,311.4,1476.0,37.3,20.0,0.0,1.0,0.0,0,1,0.5009,0.5009
302.4,310.9,1444.0,40.7,174.0,1.0,0.0,0.0,0,1,0.5064,0.5064
299.6,309.4,1642.0,30.3,80.0,0.0,0.0,1.0,0,0,0.5541,0.4459
300.2,309.7,1448.0,36.8,14.0,0.0,1.0,0.0,0,0,0.5211,0.4789
302.2,310.8,1422.0,47.0,3.0,0.0,0.0,1.0,0,1,0.5174,0.5174
303.7,313.1,1355.0,49.1,188.0,0.0,1.0,0.0,0,1,0.5175,0.5175
300.7,310.5,1561.0,33.2,48.0,0.0,1.0,0.0,0,0,0.5316,0.4684
299.5,308.8,1965.0,20.4,164.0,0.0,1.0,0.0,0,0,0.547,0.453
302.3,311.2,1549.0,40.6,66.0,0.0,1.0,0.0,0,0,0.5019,0.4981
303.0,312.8,1648.0,32.1,104.0,0.0,0.0,1.0,0,0,0.5155,0.4845
302.3,311.5,1445.0,44.8,65.0,0.0,0.0,1.0,0,1,0.5081,0.5081
297.3,308.5,1520.0,42.4,171.0,0.0,0.0,1.0,0,0,0.5251,0.4749
301.6,310.8,1392.0,42.4,3.0,0.0,1.0,0.0,0,1,0.5071,0.5071
302.2,311.1,1628.0,30.6,105.0,1.0,0.0,0.0,0,0,0.5169,0.4831
298.1,308.4,1436.0,46.7,103.0,0.0,1.0,0.0,0,0,0.5307,0.4693
299.0,310.2,1494.0,40.6,67.0,0.0,1.0,0.0,0,0,0.5326,0.4674
300.2,310.3,1331.0,52.1,30.0,0.0,1.0,0.0,0,1,0.5066,0.5066
302.3,311.7,1368.0,53.6,165.0,0.0,0.0,1.0,0,1,0.5181,0.5181
297.4,308.6,1657.0,33.1,156.0,0.0,0.0,1.0,0,0,0.5413,0.4587
300.5,311.6,1525.0,37.6,191.0,0.0,1.0,0.0,0,0,0.5238,0.4762
304.1,313.2,1427.0,46.9,123.0,0.0,0.0,1.0,0,1,0.5045,0.5045
300.5,311.3,1475.0,46.3,49.0,0.0,1.0,0.0,0,0,0.5143,0.4857
297.2,308.3,1429.0,42.0,6.0,0.0,0.0,1.0,0,0,0.5149,0.4851
300.0,309.5,1735.0,28.9,82.0,1.0,0.0,0.0,0,0,0.5528,0.4472
299.4,308.7,1446.0,62.9,134.0,0.0,1.0,0.0,1,0,0.5008,0.4992
299.8,309.2,1678.0,29.8,202.0,0.0,0.0,1.0,0,0,0.547,0.453
296.8,307.9,1413.0,46.5,121.0,0.0,1.0,0.0,0,0,0.5199,0.4801
303.5,312.9,1332.0,52.9,66.0,0.0,1.0,0.0,0,1,0.5133,0.5133
300.4,309.9,1513.0,38.7,76.0,1.0,0.0,0.0,0,0,0.5263,0.4737
297.3,308.5,1528.0,44.5,140.0,0.0,1.0,0.0,0,0,0.5272,0.4728
298.8,310.1,1719.0,28.8,206.0,0.0,0.0,1.0,0,0,0.5406,0.4594
297.8,307.3,1315.0,54.0,180.0,0.0,0.0,1.0,0,0,0.5024,0.4976
302.3,310.8,1511.0,48.1,24.0,0.0,1.0,0.0,0,1,0.5126,0.5126
298.7,310.2,1404.0,50.3,54.0,0.0,1.0,0.0,0,0,0.5135,0.4865
300.0,309.5,1675.0,30.2,11.0,0.0,1.0,0.0,0,0,0.5463,0.4537
299.2,308.4,1415.0,43.5,53.0,0.0,0.0,1.0,0,0,0.5333,0.4667
299.3,309.0,1511.0,47.8,148.0,0.0,1.0,0.0,0,0,0.5188,0.4812
301.0,311.1,1236.0,64.4,177.0,0.0,1.0,0.0,1,1,0.5205,0.5205
296.9,307.8,1549.0,35.8,206.0,1.0,0.0,0.0,1,0,0.5259,0.4741
299.1,308.9,1445.0,43.4,197.0,0.0,1.0,0.0,0,0,0.5181,0.4819
303.9,313.1,1483.0,47.2,71.0,0.0,0.0,1.0,0,1,0.504,0.504
299.2,310.3,1352.0,48.9,238.0,0.0,1.0,0.0,1,1,0.5012,0.5012
297.4,308.5,1495.0,37.8,211.0,0.0,1.0,0.0,0,0,0.5262,0.4738
299.2,310.3,1610.0,33.3,233.0,0.0,1.0,0.0,0,0,0.5339,0.4661
301.7,311.2,1517.0,42.4,113.0,0.0,1.0,0.0,0,0,0.5054,0.4946
300.1,309.4,1568.0,39.7,42.0,0.0,1.0,0.0,0,0,0.5352,0.4648
301.1,311.1,1889.0,23.8,170.0,0.0,1.0,0.0,0,0,0.536,0.464
301.2,310.3,1548.0,38.6,59.0,0.0,1.0,0.0,0,0,0.5175,0.4825
302.3,310.7,1402.0,50.9,157.0,0.0,1.0,0.0,0,1,0.5204,0.5204
298.1,309.5,1530.0,40.2,65.0,1.0,0.0,0.0,0,0,0.5386,0.4614
297.2,307.9,1540.0,37.1,164.0,0.0,1.0,0.0,0,0,0.5331,0.4669
296.2,306.9,1516.0,39.1,138.0,0.0,1.0,0.0,0,0,0.5157,0.4843
299.6,309.0,1472.0,48.8,72.0,0.0,1.0,0.0,0,0,0.522,0.478
298.9,310.0,2231.0,17.4,151.0,0.0,1.0,0.0,0,0,0.5192,0.4808
300.8,311.8,1427.0,43.3,180.0,0.0,1.0,0.0,0,0,0.5099,0.4901
302.4,311.4,1831.0,26.9,121.0,0.0,1.0,0.0,0,0,0.5236,0.4764
301.3,310.6,1458.0,48.0,104.0,0.0,1.0,0.0,0,1,0.5056,0.5056
300.3,311.8,1483.0,45.1,181.0,0.0,0.0,1.0,0,0,0.5148,0.4852
299.5,310.9,1496.0,38.5,162.0,0.0,1.0,0.0,0,0,0.5227,0.4773
298.6,308.2,1555.0,36.8,36.0,1.0,0.0,0.0,0,0,0.5509,0.4491
300.6,310.6,1830.0,26.2,78.0,1.0,0.0,0.0,0,0,0.5434,0.4566
298.0,308.7,1443.0,49.3,52.0,0.0,1.0,0.0,0,0,0.5241,0.4759
299.5,309.3,1972.0,19.3,177.0,0.0,1.0,0.0,0,0,0.5432,0.4568
298.2,308.3,1589.0,33.2,94.0,0.0,1.0,0.0,0,0,0.5569,0.4431
298.3,307.9,1551.0,33.8,72.0,0.0,1.0,0.0,0,0,0.5575,0.4425
299.9,309.4,1889.0,26.0,6.0,0.0,0.0,1.0,0,0,0.5511,0.4489
298.4,309.4,1540.0,43.2,141.0,0.0,1.0,0.0,0,0,0.5302,0.4698
302.2,311.5,1863.0,25.7,85.0,0.0,0.0,1.0,0,0,0.5273,0.4727
303.1,311.2,1452.0,52.9,11.0,0.0,1.0,0.0,0,1,0.5296,0.5296
299.8,309.5,1420.0,46.7,136.0,1.0,0.0,0.0,0,0,0.5093,0.4907
300.6,311.7,1535.0,33.3,92.0,1.0,0.0,0.0,0,0,0.5342,0.4658
300.4,310.2,1431.0,43.2,0.0,1.0,0.0,0.0,0,0,0.5065,0.4935
302.3,311.8,1557.0,34.1,185.0,0.0,0.0,1.0,0,0,0.5121,0.4879
302.0,310.8,1783.0,23.1,190.0,0.0,0.0,1.0,0,0,0.5251,0.4749
301.4,310.7,1673.0,27.8,181.0,0.0,1.0,0.0,0,0,0.5288,0.4712
299.9,311.2,1364.0,49.6,50.0,1.0,0.0,0.0,0,0,0.5068,0.4932
303.4,312.8,1622.0,35.1,107.0,0.0,0.0,1.0,0,0,0.5083,0.4917
300.6,311.7,1497.0,43.6,198.0,0.0,1.0,0.0,0,0,0.5153,0.4847
299.1,310.4,1505.0,46.1,176.0,0.0,1.0,0.0,0,0,0.5153,0.4847
299.8,309.5,1542.0,40.3,141.0,0.0,1.0,0.0,0,0,0.5274,0.4726
304.4,313.6,1507.0,43.1,13.0,0.0,1.0,0.0,0,1,0.5177,0.5177
301.1,310.1,1564.0,36.8,7.0,0.0,1.0,0.0,0,0,0.5206,0.4794
300.9,311.4,1387.0,42.7,121.0,1.0,0.0,0.0,0,0,0.5064,0.4936
300.5,311.7,1409.0,54.7,104.0,0.0,1.0,0.0,0,0,0.5027,0.4973
303.4,312.7,1534.0,35.5,98.0,0.0,1.0,0.0,0,0,0.5026,0.4974
298.6,310.1,1596.0,33.0,15.0,0.0,0.0,1.0,0,0,0.5358,0.4642
300.9,309.9,1465.0,42.9,209.0,0.0,0.0,1.0,0,0,0.5041,0.4959
298.2,309.1,1429.0,48.5,164.0,0.0,1.0,0.0,0,0,0.5142,0.4858
298.8,309.9,1415.0,53.2,194.0,0.0,0.0,1.0,0,0,0.502,0.498
298.8,309.1,1513.0,40.3,160.0,0.0,1.0,0.0,0,0,0.5314,0.4686
302.2,310.0,1483.0,48.7,20.0,0.0,1.0,0.0,0,1,0.5147,0.5147
303.7,313.1,1423.0,41.2,124.0,0.0,1.0,0.0,0,1,0.5028,0.5028
298.8,309.1,1362.0,45.4,113.0,0.0,1.0,0.0,0,0,0.5208,0.4792
302.2,310.9,1506.0,34.0,49.0,0.0,1.0,0.0,0,0,0.5043,0.4957
302.7,310.5,1511.0,37.7,60.0,0.0,1.0,0.0,0,1,0.5056,0.5056
296.8,308.0,1391.0,54.4,17.0,0.0,1.0,0.0,0,1,0.5017,0.5017
299.3,310.4,1725.0,26.8,167.0,0.0,1.0,0.0,0,0,0.5413,0.4587
298.6,310.0,1512.0,37.5,27.0,0.0,0.0,1.0,0,0,0.5312,0.4688
300.7,310.4,1366.0,52.6,205.0,0.0,1.0,0.0,0,1,0.5128,0.5128
303.9,313.1,1514.0,41.1,121.0,0.0,0.0,1.0,0,1,0.5004,0.5004
300.8,310.3,1777.0,30.1,38.0,1.0,0.0,0.0,0,0,0.5429,0.4571
296.7,307.8,1468.0,39.2,35.0,0.0,1.0,0.0,0,0,0.5234,0.4766
296.7,308.0,1535.0,36.8,210.0,0.0,1.0,0.0,0,0,0.5217,0.4783
300.0,309.2,1566.0,34.4,18.0,0.0,1.0,0.0,0,0,0.5398,0.4602
301.4,310.1,1502.0,46.6,37.0,0.0,1.0,0.0,0,1,0.5005,0.5005
299.3,308.4,1438.0,42.3,0.0,0.0,0.0,1.0,0,0,0.5203,0.4797
300.4,311.2,1436.0,56.8,173.0,0.0,1.0,0.0,0,1,0.5041,0.5041
300.8,310.5,1482.0,39.0,47.0,0.0,1.0,0.0,0,0,0.5172,0.4828
299.5,310.7,1364.0,49.5,0.0,0.0,0.0,1.0,0,1,0.5004,0.5004
301.4,311.0,1427.0,43.2,13.0,0.0,0.0,1.0,0,1,0.5008,0.5008
301.2,310.7,1527.0,41.1,53.0,0.0,0.0,1.0,0,0,0.5131,0.4869
300.7,311.0,1378.0,41.2,93.0,0.0,0.0,1.0,0,0,0.5078,0.4922
303.0,311.2,1735.0,26.1,194.0,0.0,1.0,0.0,0,0,0.5093,0.4907
298.1,310.0,1534.0,33.7,47.0,0.0,1.0,0.0,0,0,0.5367,0.4633
298.0,308.7,1619.0,40.1,45.0,0.0,1.0,0.0,0,0,0.5457,0.4543
298.6,309.8,1637.0,34.6,207.0,0.0,1.0,0.0,0,0,0.5362,0.4638
297.1,307.8,1536.0,40.4,92.0,0.0,1.0,0.0,0,0,0.5374,0.4626
302.1,311.2,1460.0,46.9,198.0,0.0,1.0,0.0,0,1,0.5088,0.5088
298.8,309.9,1482.0,39.1,45.0,0.0,1.0,0.0,0,0,0.5328,0.4672
298.5,309.3,1551.0,34.7,121.0,0.0,0.0,1.0,0,0,0.5455,0.4545
297.5,308.4,1511.0,42.8,209.0,0.0,1.0,0.0,0,0,0.5221,0.4779
300.7,309.5,1352.0,44.0,126.0,0.0,0.0,1.0,0,1,0.5016,0.5016
299.3,310.8,1483.0,43.5,15.0,0.0,1.0,0.0,0,0,0.5186,0.4814
298.8,308.6,1331.0,62.8,81.0,0.0,1.0,0.0,0,0,0.504,0.496
297.7,307.5,1379.0,43.3,111.0,0.0,1.0,0.0,0,0,0.5322,0.4678
297.9,307.6,1481.0,38.0,40.0,0.0,1.0,0.0,0,0,0.5421,0.4579
301.5,310.5,1611.0,33.8,144.0,0.0,1.0,0.0,0,0,0.5202,0.4798
301.9,310.9,1641.0,33.2,3.0,0.0,0.0,1.0,0,0,0.5192,0.4808
297.7,308.5,1453.0,45.5,86.0,0.0,1.0,0.0,0,0,0.5323,0.4677
297.2,308.3,1569.0,31.2,63.0,0.0,1.0,0.0,0,0,0.5445,0.4555
299.5,310.7,1488.0,39.5,95.0,0.0,0.0,1.0,0,0,0.5292,0.4708
300.8,311.2,1376.0,48.1,172.0,0.0,1.0,0.0,0,1,0.504,0.504
302.2,311.4,1398.0,47.2,202.0,0.0,0.0,1.0,0,1,0.5139,0.5139
301.0,311.3,1597.0,39.2,66.0,1.0,0.0,0.0,0,0,0.5267,0.4733
300.7,310.4,1543.0,47.3,203.0,0.0,1.0,0.0,0,0,0.5072,0.4928
302.0,310.4,1608.0,33.1,97.0,0.0,0.0,1.0,0,0,0.515,0.485
302.4,311.5,1785.0,24.8,45.0,0.0,1.0,0.0,0,0,0.5215,0.4785
301.8,310.7,1751.0,29.3,133.0,0.0,1.0,0.0,0,0,0.5264,0.4736
302.0,310.6,1539.0,37.4,96.0,0.0,0.0,1.0,0,0,0.5062,0.4938
301.2,311.6,1461.0,52.9,208.0,0.0,1.0,0.0,1,1,0.5039,0.5039
297.9,309.8,1461.0,50.5,38.0,0.0,1.0,0.0,0,0,0.5134,0.4866
300.7,309.6,1536.0,37.2,19.0,0.0,0.0,1.0,0,0,0.5253,0.4747
300.9,310.1,2090.0,17.8,133.0,0.0,1.0,0.0,0,0,0.5241,0.4759
299.9,311.3,1371.0,52.3,167.0,0.0,1.0,0.0,0,0,0.5002,0.4998
297.1,307.8,1428.0,43.7,179.0,0.0,1.0,0.0,0,0,0.5174,0.4826
301.4,310.1,1623.0,32.3,39.0,1.0,0.0,0.0,0,0,0.5276,0.4724
297.8,308.4,1479.0,43.5,143.0,0.0,0.0,1.0,0,0,0.5301,0.4699
297.8,307.5,1631.0,29.9,144.0,0.0,1.0,0.0,0,0,0.5474,0.4526
298.9,310.0,1378.0,49.3,18.0,0.0,1.0,0.0,0,0,0.5058,0.4942
300.7,309.5,1508.0,39.9,59.0,0.0,1.0,0.0,0,0,0.5229,0.4771
297.7,309.2,1391.0,44.5,159.0,0.0,1.0,0.0,0,0,0.5166,0.4834
298.8,310.0,1484.0,44.9,80.0,0.0,0.0,1.0,0,0,0.5281,0.4719
298.8,309.1,1477.0,42.4,158.0,0.0,1.0,0.0,0,0,0.5261,0.4739
300.5,311.4,1679.0,27.5,59.0,1.0,0.0,0.0,0,0,0.5442,0.4558
300.6,311.4,1468.0,40.4,55.0,0.0,0.0,1.0,0,0,0.5214,0.4786
301.0,310.9,1578.0,38.4,49.0,0.0,1.0,0.0,0,0,0.5244,0.4756
300.5,311.5,1316.0,49.7,55.0,0.0,1.0,0.0,0,0,0.5001,0.4999
298.3,308.9,1708.0,28.0,42.0,0.0,1.0,0.0,0,0,0.557,0.443
295.8,306.5,1514.0,37.7,60.0,0.0,0.0,1.0,0,0,0.5056,0.4944
302.1,311.5,1341.0,50.8,99.0,0.0,0.0,1.0,0,1,0.5174,0.5174
297.6,308.3,1424.0,53.9,132.0,0.0,1.0,0.0,0,0,0.5141,0.4859
298.3,308.9,1695.0,30.7,174.0,0.0,1.0,0.0,0,0,0.5486,0.4514
299.4,309.9,1567.0,40.6,87.0,0.0,0.0,1.0,0,0,0.5368,0.4632
297.3,308.4,1459.0,39.4,59.0,0.0,1.0,0.0,0,0,0.535,0.465
300.8,310.3,1383.0,46.6,19.0,0.0,1.0,0.0,0,1,0.504,0.504
302.2,311.4,1625.0,35.4,70.0,1.0,0.0,0.0,0,0,0.5154,0.4846
298.1,308.3,1680.0,33.7,185.0,0.0,0.0,1.0,0,0,0.5474,0.4526
302.3,310.9,1360.0,44.0,67.0,0.0,0.0,1.0,1,1,0.519,0.519
299.8,309.6,1434.0,48.0,82.0,0.0,0.0,1.0,0,0,0.5143,0.4857
298.4,308.2,1528.0,36.2,196.0,0.0,1.0,0.0,0,0,0.5389,0.4611
302.6,310.4,1409.0,53.3,52.0,1.0,0.0,0.0,0,1,0.5293,0.5293
299.6,309.3,1577.0,39.8,48.0,0.0,0.0,1.0,0,0,0.5414,0.4586
300.2,309.4,1459.0,43.9,39.0,0.0,0.0,1.0,0,0,0.5183,0.4817
300.4,310.8,1520.0,37.6,151.0,0.0,1.0,0.0,0,0,0.5213,0.4787
300.5,309.8,1345.0,62.7,153.0,0.0,1.0,0.0,0,1,0.5154,0.5154
299.0,308.6,1297.0,54.2,110.0,0.0,1.0,0.0,0,0,0.5063,0.4937
303.4,311.6,1449.0,41.7,132.0,0.0,1.0,0.0,0,1,0.5095,0.5095
300.3,311.7,1432.0,47.7,61.0,1.0,0.0,0.0,0,0,0.5153,0.4847
298.2,307.9,1529.0,36.6,105.0,0.0,0.0,1.0,0,0,0.5516,0.4484
301.2,310.7,1615.0,34.9,95.0,0.0,0.0,1.0,0,0,0.5253,0.4747
300.2,311.5,1515.0,36.8,27.0,1.0,0.0,0.0,0,0,0.5306,0.4694
301.5,310.5,1534.0,39.3,119.0,0.0,1.0,0.0,0,0,0.5089,0.4911
297.4,308.3,1472.0,45.5,2.0,0.0,1.0,0.0,0,0,0.5133,0.4867
302.4,311.9,1366.0,47.3,162.0,1.0,0.0,0.0,0,1,0.5111,0.5111
300.4,311.0,1433.0,46.1,199.0,0.0,0.0,1.0,0,0,0.5044,0.4956
301.3,310.8,1628.0,32.2,43.0,0.0,1.0,0.0,0,0,0.5293,0.4707
298.3,308.6,1589.0,37.1,137.0,0.0,0.0,1.0,0,0,0.5462,0.4538
297.5,309.4,1318.0,58.2,146.0,0.0,1.0,0.0,0,0,0.5001,0.4999
304.3,313.3,1775.0,24.9,39.0,0.0,1.0,0.0,0,1,0.5193,0.5193
300.1,309.3,1469.0,43.9,20.0,0.0,0.0,1.0,0,0,0.5177,0.4823
297.7,309.3,1893.0,24.6,15.0,0.0,1.0,0.0,0,0,0.5399,0.4601
303.4,311.8,1316.0,50.9,69.0,0.0,0.0,1.0,1,1,0.5274,0.5274
300.6,310.9,1344.0,46.7,133.0,0.0,1.0,0.0,0,1,0.503,0.503
300.5,311.4,2072.0,18.8,75.0,0.0,0.0,1.0,0,0,0.5303,0.4697
297.7,309.0,1507.0,38.2,94.0,0.0,1.0,0.0,0,0,0.541,0.459
301.5,310.4,1329.0,46.6,24.0,0.0,1.0,0.0,0,1,0.5177,0.5177
300.0,311.4,1641.0,34.5,155.0,1.0,0.0,0.0,0,0,0.5352,0.4648
302.6,310.8,1486.0,36.4,160.0,0.0,1.0,0.0,0,1,0.5009,0.5009
297.1,308.7,1474.0,42.3,64.0,0.0,1.0,0.0,0,0,0.5289,0.4711
302.3,311.1,1543.0,37.5,73.0,1.0,0.0,0.0,0,0,0.5042,0.4958
296.9,308.3,1474.0,39.2,177.0,1.0,0.0,0.0,0,0,0.5229,0.4771
301.8,311.2,1417.0,55.9,156.0,0.0,1.0,0.0,0,1,0.517,0.517
302.2,311.7,1330.0,54.6,154.0,0.0,1.0,0.0,0,1,0.5197,0.5197
297.6,308.6,1529.0,45.3,15.0,0.0,1.0,0.0,0,0,0.5228,0.4772
302.2,310.8,1408.0,46.8,49.0,0.0,0.0,1.0,0,1,0.5184,0.5184
301.9,310.3,1972.0,21.3,67.0,0.0,1.0,0.0,0,0,0.5247,0.4753
300.9,312.1,1617.0,31.0,148.0,0.0,0.0,1.0,0,0,0.5349,0.4651
297.3,308.1,1369.0,52.0,214.0,0.0,0.0,1.0,0,0,0.5,0.5
300.0,309.2,1759.0,27.9,5.0,0.0,1.0,0.0,0,0,0.5508,0.4492
302.4,311.8,1648.0,30.0,122.0,0.0,1.0,0.0,0,0,0.519,0.481
299.7,309.2,1302.0,55.5,87.0,1.0,0.0,0.0,0,1,0.5017,0.5017
297.7,308.5,1720.0,29.9,210.0,1.0,0.0,0.0,0,0,0.5447,0.4553
298.9,308.5,1503.0,40.6,145.0,0.0,1.0,0.0,0,0,0.536,0.464
300.7,310.7,1450.0,43.4,80.0,0.0,1.0,0.0,0,0,0.5098,0.4902
298.3,308.4,1585.0,30.6,127.0,0.0,1.0,0.0,0,0,0.5539,0.4461
302.9,311.0,1469.0,48.7,130.0,1.0,0.0,0.0,0,1,0.5152,0.5152
301.9,311.0,1467.0,48.1,43.0,0.0,0.0,1.0,0,1,0.51,0.51
297.3,308.2,1846.0,24.5,41.0,0.0,0.0,1.0,0,0,0.5419,0.4581
299.0,309.9,1884.0,25.6,100.0,1.0,0.0,0.0,0,0,0.5476,0.4524
297.4,308.4,1478.0,46.2,95.0,0.0,0.0,1.0,0,0,0.5303,0.4697
300.2,309.5,1434.0,51.5,189.0,0.0,0.0,1.0,0,1,0.5035,0.5035
303.8,312.6,1406.0,47.1,162.0,0.0,0.0,1.0,0,1,0.5126,0.5126
302.3,311.7,1453.0,41.2,147.0,0.0,1.0,0.0,0,0,0.5005,0.4995
300.8,310.7,1358.0,48.1,198.0,0.0,1.0,0.0,0,1,0.5091,0.5091
299.9,309.5,1567.0,35.5,171.0,0.0,1.0,0.0,0,0,0.5325,0.4675
297.9,309.8,1336.0,71.6,31.0,0.0,1.0,0.0,1,1,0.5082,0.5082
298.7,309.9,1434.0,53.0,144.0,0.0,0.0,1.0,0,0,0.5096,0.4904
298.8,308.4,1604.0,29.5,14.0,0.0,0.0,1.0,0,0,0.5519,0.4481
297.2,307.9,1989.0,20.3,186.0,0.0,1.0,0.0,0,0,0.5335,0.4665
301.0,310.9,1916.0,22.0,42.0,1.0,0.0,0.0,0,0,0.5385,0.4615
300.7,311.8,1420.0,47.0,119.0,0.0,1.0,0.0,0,0,0.5099,0.4901
301.7,311.0,1546.0,43.0,23.0,0.0,1.0,0.0,0,0,0.5061,0.4939
297.4,308.4,1341.0,52.2,49.0,0.0,1.0,0.0,0,0,0.5102,0.4898
301.4,310.5,1489.0,43.5,98.0,0.0,1.0,0.0,0,0,0.5015,0.4985
301.5,310.4,2639.0,12.0,21.0,0.0,0.0,1.0,1,1,0.5081,0.5081
300.8,310.8,1415.0,44.5,87.0,0.0,0.0,1.0,0,0,0.5043,0.4957
298.9,308.3,1855.0,23.8,33.0,0.0,1.0,0.0,0,0,0.5601,0.4399
303.5,311.9,1405.0,45.6,10.0,0.0,1.0,0.0,0,1,0.5274,0.5274
300.2,310.1,1474.0,44.0,198.0,0.0,0.0,1.0,0,0,0.5093,0.4907
297.4,308.3,1483.0,41.9,47.0,0.0,0.0,1.0,0,0,0.5333,0.4667
296.8,307.9,1418.0,47.9,127.0,0.0,0.0,1.0,0,0,0.5177,0.4823
298.3,308.3,1379.0,48.0,181.0,0.0,0.0,1.0,0,0,0.5121,0.4879
301.6,310.5,1593.0,34.5,102.0,0.0,1.0,0.0,0,0,0.5181,0.4819
300.7,310.1,1542.0,35.5,191.0,0.0,1.0,0.0,0,0,0.5221,0.4779
296.6,307.4,1631.0,35.0,168.0,0.0,1.0,0.0,0,0,0.5257,0.4743
302.5,311.4,1559.0,37.6,209.0,0.0,1.0,0.0,0,0,0.5042,0.4958
297.6,309.1,1394.0,50.0,62.0,0.0,1.0,0.0,0,0,0.5161,0.4839
300.1,309.7,1680.0,33.8,140.0,0.0,1.0,0.0,0,0,0.5401,0.4599
301.0,311.6,1301.0,55.0,9.0,0.0,0.0,1.0,0,1,0.5142,0.5142
300.6,309.7,1428.0,42.6,23.0,0.0,0.0,1.0,0,0,0.5091,0.4909
299.9,311.4,1627.0,36.7,118.0,0.0,1.0,0.0,0,0,0.5369,0.4631
300.4,311.2,1489.0,45.3,180.0,1.0,0.0,0.0,0,0,0.5108,0.4892
300.5,309.5,1777.0,23.6,0.0,0.0,1.0,0.0,0,0,0.5456,0.4544
299.5,310.7,1423.0,56.5,7.0,0.0,0.0,1.0,0,0,0.5007,0.4993
298.2,308.3,1824.0,24.2,49.0,1.0,0.0,0.0,0,0,0.5558,0.4442
298.5,308.8,1670.0,29.6,13.0,0.0,1.0,0.0,0,0,0.5508,0.4492
298.4,309.2,1651.0,28.5,141.0,0.0,1.0,0.0,0,0,0.5497,0.4503
298.3,309.5,1560.0,36.9,131.0,0.0,0.0,1.0,0,0,0.54,0.46
297.2,308.0,1869.0,25.4,163.0,0.0,1.0,0.0,0,0,0.5378,0.4622
300.5,309.7,1887.0,24.3,28.0,0.0,1.0,0.0,0,0,0.5476,0.4524
298.1,307.5,1493.0,43.7,153.0,0.0,1.0,0.0,0,0,0.5314,0.4686
299.1,310.4,1369.0,54.5,104.0,1.0,0.0,0.0,0,0,0.5073,0.4927
300.0,309.1,1474.0,45.2,152.0,0.0,0.0,1.0,0,0,0.5132,0.4868
300.7,311.1,1324.0,52.2,85.0,0.0,1.0,0.0,0,1,0.5075,0.5075
298.6,309.8,1279.0,55.9,152.0,1.0,0.0,0.0,0,1,0.5019,0.5019
299.0,308.7,2250.0,16.6,208.0,0.0,1.0,0.0,0,0,0.5372,0.4628
300.4,311.8,1367.0,57.2,10.0,0.0,1.0,0.0,0,1,0.5035,0.5035
300.3,309.2,1587.0,31.4,43.0,0.0,1.0,0.0,0,0,0.5457,0.4543
298.4,309.7,1530.0,38.6,161.0,0.0,1.0,0.0,0,0,0.5305,0.4695
299.0,308.6,1329.0,60.5,120.0,0.0,1.0,0.0,0,0,0.5013,0.4987
303.4,311.8,1391.0,42.7,197.0,0.0,0.0,1.0,0,1,0.5184,0.5184
304.1,313.3,1689.0,32.5,134.0,1.0,0.0,0.0,0,1,0.5005,0.5005
300.5,311.9,1431.0,49.4,37.0,0.0,1.0,0.0,0,0,0.5115,0.4885
297.3,308.4,1417.0,47.8,31.0,0.0,1.0,0.0,0,0,0.5158,0.4842
298.3,309.4,1509.0,34.2,141.0,0.0,0.0,1.0,0,0,0.5389,0.4611
300.6,311.0,1401.0,54.6,94.0,0.0,0.0,1.0,0,1,0.5046,0.5046
303.8,313.1,1256.0,58.7,213.0,0.0,1.0,0.0,1,1,0.5312,0.5312
302.7,312.1,1478.0,36.0,191.0,1.0,0.0,0.0,0,0,0.5012,0.4988
298.3,307.9,1766.0,26.5,145.0,0.0,1.0,0.0,0,0,0.5538,0.4462
302.8,312.1,1418.0,51.4,54.0,0.0,1.0,0.0,0,1,0.516,0.516
298.4,309.6,1479.0,37.8,144.0,0.0,1.0,0.0,0,0,0.5316,0.4684
301.0,311.0,1581.0,37.0,127.0,0.0,1.0,0.0,0,0,0.5227,0.4773
302.5,310.3,1488.0,41.8,160.0,0.0,0.0,1.0,0,1,0.5069,0.5069
303.4,311.9,1531.0,37.9,203.0,0.0,1.0,0.0,0,1,0.5086,0.5086
298.8,309.0,1661.0,29.5,162.0,0.0,0.0,1.0,0,0,0.5502,0.4498
298.7,309.8,1343.0,53.6,134.0,0.0,0.0,1.0,0,0,0.5054,0.4946
300.8,310.7,1339.0,59.1,203.0,0.0,1.0,0.0,1,1,0.517,0.517
297.4,308.4,1392.0,49.7,174.0,0.0,1.0,0.0,0,0,0.5092,0.4908
300.7,309.5,1445.0,46.4,24.0,0.0,0.0,1.0,0,0,0.505,0.495
298.4,309.3,1355.0,50.6,8.0,0.0,0.0,1.0,0,0,0.5022,0.4978
297.5,309.0,1470.0,43.5,191.0,0.0,1.0,0.0,0,0,0.5178,0.4822
303.5,313.0,1322.0,59.5,71.0,0.0,1.0,0.0,0,1,0.5165,0.5165
297.8,309.0,1434.0,43.3,96.0,0.0,0.0,1.0,0,0,0.5311,0.4689
296.5,307.3,1579.0,34.5,166.0,0.0,1.0,0.0,0,0,0.5228,0.4772
300.2,309.9,1906.0,22.9,165.0,1.0,0.0,0.0,0,0,0.5423,0.4577
299.8,311.0,1948.0,20.0,185.0,0.0,0.0,1.0,0,0,0.5357,0.4643
300.6,311.6,1455.0,48.0,203.0,0.0,1.0,0.0,0,0,0.5062,0.4938
299.4,309.1,1352.0,44.7,172.0,0.0,0.0,1.0,0,0,0.5074,0.4926
298.0,307.7,1621.0,34.9,194.0,0.0,0.0,1.0,0,0,0.543,0.457
300.8,311.9,1560.0,31.8,21.0,0.0,1.0,0.0,0,0,0.5345,0.4655
304.1,313.6,1382.0,46.7,134.0,0.0,1.0,0.0,0,1,0.5053,0.5053
299.4,308.6,1746.0,26.8,107.0,0.0,1.0,0.0,0,0,0.5594,0.4406
301.4,310.0,1651.0,29.8,44.0,0.0,0.0,1.0,0,0,0.5312,0.4688
300.5,311.4,1390.0,51.9,68.0,0.0,0.0,1.0,0,0,0.5023,0.4977
302.2,311.5,1588.0,30.6,39.0,0.0,1.0,0.0,0,0,0.5148,0.4852
298.5,309.5,1561.0,34.8,35.0,0.0,1.0,0.0,0,0,0.5433,0.4567
298.8,309.7,1499.0,40.3,154.0,0.0,0.0,1.0,0,0,0.5275,0.4725
300.0,309.1,1431.0,45.4,90.0,0.0,1.0,0.0,0,0,0.5184,0.4816
300.7,311.9,1476.0,42.0,196.0,0.0,1.0,0.0,0,0,0.5163,0.4837
299.1,310.1,1894.0,20.1,106.0,0.0,1.0,0.0,0,0,0.5403,0.4597
302.2,311.5,1413.0,43.5,83.0,0.0,1.0,0.0,0,1,0.5069,0.5069
300.7,309.7,1598.0,33.7,149.0,0.0,1.0,0.0,0,0,0.5294,0.4706
302.5,311.5,1603.0,32.4,194.0,0.0,1.0,0.0,0,0,0.5111,0.4889
303.7,312.6,1514.0,35.5,138.0,1.0,0.0,0.0,0,1,0.503,0.503
297.4,308.7,1582.0,31.9,161.0,0.0,0.0,1.0,0,0,0.5393,0.4607
299.3,308.3,1651.0,28.0,6.0,0.0,1.0,0.0,0,0,0.5533,0.4467
302.8,312.1,1441.0,52.1,79.0,0.0,1.0,0.0,0,1,0.512,0.512
300.3,311.4,1759.0,24.8,34.0,0.0,1.0,0.0,0,0,0.5459,0.4541
299.4,309.4,1701.0,31.2,199.0,0.0,1.0,0.0,0,0,0.5468,0.4532
298.2,307.9,1544.0,31.4,192.0,0.0,1.0,0.0,0,0,0.544,0.456
299.9,309.1,1412.0,48.3,198.0,0.0,1.0,0.0,0,0,0.5018,0.4982
298.9,309.8,1392.0,43.1,218.0,0.0,0.0,1.0,0,0,0.5095,0.4905
299.0,308.4,1535.0,47.5,163.0,0.0,0.0,1.0,0,0,0.523,0.477
302.3,311.4,1609.0,32.3,49.0,0.0,1.0,0.0,0,0,0.5139,0.4861
297.5,308.5,1375.0,55.6,128.0,0.0,1.0,0.0,0,0,0.5096,0.4904
303.7,312.5,1670.0,26.1,139.0,0.0,1.0,0.0,0,0,0.5001,0.4999
295.8,306.5,1568.0,35.1,111.0,0.0,1.0,0.0,0,0,0.5082,0.4918
304.2,313.3,1625.0,37.3,27.0,1.0,0.0,0.0,0,1,0.5135,0.5135
300.4,311.7,1508.0,45.4,164.0,0.0,0.0,1.0,0,0,0.5155,0.4845
302.3,311.7,1544.0,43.2,128.0,0.0,1.0,0.0,0,0,0.5046,0.4954
301.3,311.1,1834.0,25.4,22.0,0.0,0.0,1.0,0,0,0.5383,0.4617
297.6,309.0,1427.0,45.6,179.0,0.0,0.0,1.0,0,0,0.5147,0.4853
303.6,312.0,1827.0,23.3,103.0,0.0,1.0,0.0,0,0,0.5063,0.4937
301.8,310.8,1470.0,37.6,204.0,1.0,0.0,0.0,0,0,0.5041,0.4959
300.2,309.8,1394.0,47.4,21.0,0.0,0.0,1.0,0,0,0.5032,0.4968
302.1,310.9,1916.0,23.1,51.0,0.0,0.0,1.0,0,0,0.5259,0.4741
297.5,308.5,1722.0,30.4,178.0,0.0,1.0,0.0,0,0,0.5433,0.4567
300.4,311.8,1707.0,30.0,165.0,0.0,0.0,1.0,0,0,0.5393,0.4607
300.8,309.7,1373.0,45.4,179.0,0.0,1.0,0.0,0,1,0.5074,0.5074
298.9,310.6,1720.0,25.3,197.0,0.0,0.0,1.0,0,0,0.5361,0.4639
300.2,311.6,1322.0,50.9,215.0,0.0,1.0,0.0,0,1,0.5043,0.5043
298.5,308.7,1367.0,47.3,47.0,0.0,0.0,1.0,0,0,0.5213,0.4787
302.1,310.8,1565.0,35.3,6.0,0.0,1.0,0.0,0,0,0.509,0.491
303.3,312.7,1262.0,63.8,100.0,0.0,1.0,0.0,0,1,0.521,0.521
298.9,310.2,1331.0,49.0,121.0,0.0,0.0,1.0,0,0,0.5088,0.4912
298.4,308.2,1612.0,32.6,10.0,1.0,0.0,0.0,0,0,0.5475,0.4525
297.7,308.2,1500.0,39.9,158.0,0.0,1.0,0.0,0,0,0.5337,0.4663
302.4,310.1,1520.0,36.6,97.0,0.0,0.0,1.0,0,0,0.5013,0.4987
298.2,307.8,1578.0,34.5,127.0,0.0,0.0,1.0,0,0,0.5517,0.4483
303.4,311.5,1817.0,24.7,125.0,0.0,0.0,1.0,0,0,0.5097,0.4903
302.0,310.5,1573.0,32.1,143.0,0.0,0.0,1.0,0,0,0.5137,0.4863
300.9,310.4,1561.0,32.7,67.0,0.0,1.0,0.0,0,0,0.5292,0.4708
299.3,309.0,1415.0,47.6,156.0,0.0,1.0,0.0,0,0,0.5115,0.4885
297.4,308.2,1386.0,41.0,35.0,0.0,1.0,0.0,0,0,0.5253,0.4747
299.0,309.5,1861.0,23.3,73.0,0.0,1.0,0.0,0,0,0.5519,0.4481
302.6,310.4,1614.0,36.0,74.0,1.0,0.0,0.0,0,0,0.5049,0.4951
298.8,310.2,1595.0,33.1,34.0,0.0,0.0,1.0,0,0,0.5416,0.4584
300.7,311.1,1373.0,49.9,96.0,0.0,0.0,1.0,0,1,0.5022,0.5022
300.4,309.6,1379.0,54.5,122.0,0.0,1.0,0.0,0,1,0.5086,0.5086
298.1,307.7,1414.0,48.7,159.0,0.0,1.0,0.0,0,0,0.5182,0.4818
301.7,310.2,1471.0,51.1,8.0,0.0,1.0,0.0,0,1,0.5124,0.5124
301.6,310.6,1821.0,26.2,171.0,1.0,0.0,0.0,0,0,0.5315,0.4685
300.5,311.9,1432.0,43.1,16.0,0.0,1.0,0.0,0,0,0.5166,0.4834
303.4,311.8,1515.0,42.6,204.0,0.0,0.0,1.0,0,1,0.5121,0.5121
299.0,310.1,1593.0,35.4,5.0,0.0,0.0,1.0,0,0,0.533,0.467
299.0,310.2,1564.0,39.9,97.0,0.0,0.0,1.0,0,0,0.537,0.463
298.8,308.6,1599.0,33.0,101.0,0.0,1.0,0.0,0,0,0.5575,0.4425
303.3,311.3,1350.0,48.1,32.0,0.0,1.0,0.0,1,1,0.533,0.533
300.1,309.3,1685.0,27.1,203.0,0.0,1.0,0.0,0,0,0.546,0.454
302.0,311.2,1420.0,45.8,192.0,0.0,1.0,0.0,0,1,0.5095,0.5095
297.4,308.3,1723.0,28.8,33.0,0.0,1.0,0.0,0,0,0.5461,0.4539
297.5,308.7,1363.0,53.6,194.0,0.0,0.0,1.0,0,1,0.5004,0.5004
303.5,311.5,1629.0,33.5,73.0,1.0,0.0,0.0,0,1,0.5025,0.5025
297.9,309.1,1595.0,32.0,32.0,0.0,1.0,0.0,0,0,0.5451,0.4549
300.4,309.8,1448.0,39.7,107.0,1.0,0.0,0.0,0,0,0.5173,0.4827
298.9,310.3,1551.0,35.2,50.0,0.0,0.0,1.0,0,0,0.5399,0.4601
295.6,306.0,1419.0,51.1,7.0,0.0,1.0,0.0,0,1,0.5182,0.5182
302.2,310.8,1562.0,38.1,78.0,0.0,0.0,1.0,0,0,0.505,0.495
298.4,308.0,1380.0,47.6,130.0,0.0,1.0,0.0,0,0,0.5233,0.4767
302.6,312.1,1439.0,52.3,35.0,0.0,1.0,0.0,0,1,0.5158,0.5158
300.4,309.7,1500.0,35.2,112.0,1.0,0.0,0.0,0,0,0.5275,0.4725
303.8,312.6,1577.0,41.3,134.0,0.0,1.0,0.0,0,0,0.5003,0.4997
302.4,311.4,1675.0,29.6,128.0,0.0,0.0,1.0,0,0,0.5183,0.4817
300.7,310.8,1754.0,27.7,84.0,0.0,1.0,0.0,0,0,0.542,0.458
298.9,310.2,1304.0,57.2,183.0,0.0,1.0,0.0,0,1,0.5062,0.5062
297.5,309.2,1530.0,40.0,206.0,0.0,0.0,1.0,0,0,0.5225,0.4775
302.0,310.6,1583.0,38.9,94.0,0.0,1.0,0.0,0,0,0.5073,0.4927
297.6,309.0,1822.0,25.4,202.0,0.0,1.0,0.0,0,0,0.5414,0.4586
298.9,308.8,1530.0,38.3,23.0,0.0,1.0,0.0,0,0,0.5407,0.4593
296.7,307.7,1524.0,36.8,82.0,0.0,1.0,0.0,0,0,0.533,0.467
300.5,311.9,1330.0,59.5,33.0,0.0,1.0,0.0,0,1,0.5051,0.5051
301.1,309.6,1501.0,36.1,156.0,0.0,1.0,0.0,0,0,0.5151,0.4849
303.9,313.0,1901.0,22.5,110.0,0.0,0.0,1.0,0,0,0.5014,0.4986
297.4,308.5,1469.0,45.1,63.0,1.0,0.0,0.0,0,0,0.53,0.47
298.5,309.4,1521.0,37.5,94.0,0.0,0.0,1.0,0,0,0.5436,0.4564
298.3,308.8,1349.0,52.1,104.0,0.0,0.0,1.0,0,0,0.515,0.485
300.6,310.0,1397.0,55.2,90.0,0.0,0.0,1.0,0,1,0.5089,0.5089
298.7,309.8,1475.0,40.5,59.0,0.0,0.0,1.0,0,0,0.5333,0.4667
300.1,309.0,1404.0,54.8,29.0,0.0,1.0,0.0,0,0,0.5012,0.4988
297.6,308.7,1659.0,32.1,49.0,1.0,0.0,0.0,0,0,0.5498,0.4502
303.3,312.6,1827.0,24.2,132.0,1.0,0.0,0.0,0,0,0.5118,0.4882
298.9,310.0,1561.0,45.3,58.0,0.0,0.0,1.0,0,0,0.5316,0.4684
298.3,308.0,1766.0,26.0,96.0,0.0,0.0,1.0,0,0,0.5576,0.4424
300.4,309.7,1466.0,39.8,184.0,0.0,0.0,1.0,0,0,0.513,0.487
297.1,308.2,2267.0,15.7,181.0,0.0,1.0,0.0,0,0,0.5209,0.4791
300.7,310.7,1343.0,51.6,211.0,0.0,0.0,1.0,0,1,0.5125,0.5125
302.9,312.2,1605.0,33.9,86.0,0.0,1.0,0.0,0,0,0.5104,0.4896
297.4,308.6,1524.0,43.1,73.0,0.0,1.0,0.0,0,0,0.5357,0.4643
300.7,310.9,1486.0,38.9,106.0,0.0,0.0,1.0,0,0,0.518,0.482
298.7,309.8,1469.0,38.4,62.0,0.0,1.0,0.0,0,0,0.5354,0.4646
303.7,312.9,1566.0,32.6,9.0,0.0,0.0,1.0,0,1,0.5149,0.5149
301.4,310.8,1389.0,52.7,125.0,0.0,1.0,0.0,0,1,0.5155,0.5155
301.5,311.1,2076.0,18.7,103.0,0.0,1.0,0.0,0,0,0.5225,0.4775
298.4,308.2,1610.0,35.0,24.0,0.0,0.0,1.0,0,0,0.5508,0.4492
302.5,312.0,1451.0,43.2,189.0,0.0,0.0,1.0,0,1,0.5036,0.5036
297.9,307.6,1504.0,42.4,180.0,0.0,1.0,0.0,0,0,0.5286,0.4714
298.6,309.5,1580.0,33.9,70.0,0.0,0.0,1.0,0,0,0.5505,0.4495
297.7,308.7,1479.0,45.7,93.0,0.0,1.0,0.0,0,0,0.532,0.468
298.6,308.4,1407.0,50.5,164.0,1.0,0.0,0.0,0,0,0.5117,0.4883
297.0,308.1,1355.0,43.7,217.0,0.0,1.0,0.0,0,0,0.5081,0.4919
302.4,311.0,1464.0,44.2,106.0,0.0,0.0,1.0,0,1,0.5094,0.5094
299.7,310.5,1492.0,39.3,131.0,0.0,0.0,1.0,0,0,0.5242,0.4758
303.8,312.6,1565.0,36.0,179.0,0.0,1.0,0.0,0,1,0.5065,0.5065
300.0,309.5,1641.0,30.1,35.0,0.0,1.0,0.0,0,0,0.5493,0.4507
298.0,308.2,2090.0,19.0,143.0,0.0,0.0,1.0,0,0,0.5314,0.4686
298.9,310.6,1387.0,52.7,2.0,0.0,1.0,0.0,0,1,0.5009,0.5009
302.1,311.2,1550.0,34.8,177.0,0.0,1.0,0.0,0,0,0.5113,0.4887
299.6,311.0,1554.0,36.3,62.0,0.0,1.0,0.0,0,0,0.5378,0.4622
298.8,309.1,1368.0,50.8,115.0,0.0,1.0,0.0,0,0,0.5136,0.4864
299.5,309.2,1690.0,29.2,108.0,0.0,1.0,0.0,0,0,0.5547,0.4453
302.6,311.6,1576.0,34.7,182.0,0.0,1.0,0.0,0,0,0.5081,0.4919
298.1,307.8,1761.0,28.2,76.0,0.0,1.0,0.0,0,0,0.5576,0.4424
298.8,310.1,1243.0,74.5,194.0,0.0,0.0,1.0,1,1,0.5069,0.5069
301.1,310.6,1417.0,47.6,10.0,0.0,1.0,0.0,0,1,0.5052,0.5052
298.2,307.8,1585.0,34.6,78.0,0.0,1.0,0.0,0,0,0.5573,0.4427
298.1,309.0,1437.0,36.2,95.0,0.0,1.0,0.0,0,0,0.5412,0.4588
302.9,311.1,1926.0,21.8,58.0,0.0,0.0,1.0,0,0,0.5136,0.4864
302.3,311.3,1621.0,31.6,135.0,0.0,1.0,0.0,0,0,0.5157,0.4843
298.2,308.7,1520.0,35.7,40.0,1.0,0.0,0.0,0,0,0.5462,0.4538
301.7,309.9,1533.0,40.9,106.0,0.0,0.0,1.0,0,0,0.5044,0.4956
299.1,310.5,1428.0,43.0,53.0,0.0,0.0,1.0,0,0,0.5219,0.4781
298.7,309.1,1423.0,49.5,200.0,0.0,0.0,1.0,0,0,0.508,0.492
298.7,309.7,1311.0,54.5,52.0,1.0,0.0,0.0,0,0,0.5031,0.4969
300.1,311.5,1454.0,52.4,90.0,0.0,1.0,0.0,0,0,0.5106,0.4894
296.7,307.8,1537.0,36.3,233.0,0.0,0.0,1.0,0,0,0.5194,0.4806
303.6,311.8,1614.0,33.2,155.0,0.0,1.0,0.0,0,1,0.5002,0.5002
296.9,308.1,1422.0,48.7,215.0,0.0,1.0,0.0,0,0,0.5039,0.4961
298.3,308.0,1363.0,50.1,96.0,0.0,1.0,0.0,0,0,0.5238,0.4762
297.7,308.5,1373.0,56.7,203.0,0.0,1.0,0.0,1,1,0.5028,0.5028
298.3,308.8,1767.0,27.3,168.0,0.0,1.0,0.0,0,0,0.551,0.449
298.1,308.7,1527.0,43.0,56.0,0.0,0.0,1.0,0,0,0.54,0.46
300.7,310.8,1475.0,42.0,147.0,0.0,1.0,0.0,0,0,0.5101,0.4899
299.4,309.2,1427.0,41.5,29.0,0.0,1.0,0.0,0,0,0.5251,0.4749
300.7,311.2,1452.0,44.4,33.0,0.0,1.0,0.0,0,0,0.5113,0.4887
303.4,311.6,1564.0,41.9,137.0,0.0,1.0,0.0,0,1,0.503,0.503
298.0,308.7,1494.0,42.6,96.0,0.0,0.0,1.0,0,0,0.5389,0.4611
297.6,308.5,1678.0,34.2,114.0,0.0,1.0,0.0,0,0,0.5483,0.4517
298.5,308.8,1589.0,30.6,11.0,0.0,1.0,0.0,0,0,0.5458,0.4542
297.3,308.3,1461.0,41.5,108.0,1.0,0.0,0.0,0,0,0.5339,0.4661
298.8,308.9,1455.0,41.3,208.0,0.0,1.0,0.0,1,0,0.5225,0.4775
298.9,310.0,1791.0,27.6,166.0,0.0,1.0,0.0,0,0,0.5446,0.4554
298.8,309.3,1450.0,44.8,63.0,0.0,1.0,0.0,0,0,0.5295,0.4705
298.1,307.8,1514.0,43.5,78.0,0.0,0.0,1.0,0,0,0.5437,0.4563
299.6,311.1,1679.0,30.7,129.0,0.0,1.0,0.0,0,0,0.5412,0.4588
301.5,310.9,1891.0,23.2,122.0,0.0,1.0,0.0,0,0,0.5309,0.4691
301.8,310.5,1593.0,34.9,139.0,0.0,1.0,0.0,0,0,0.5146,0.4854
304.3,313.5,1525.0,42.0,2.0,0.0,0.0,1.0,0,1,0.5199,0.5199
298.6,309.2,1311.0,46.6,44.0,0.0,0.0,1.0,0,0,0.5127,0.4873
297.9,307.5,1602.0,38.3,21.0,0.0,1.0,0.0,0,0,0.5407,0.4593
300.2,309.5,1500.0,45.7,89.0,0.0,0.0,1.0,0,0,0.5177,0.4823
297.9,307.6,1298.0,52.7,132.0,0.0,1.0,0.0,0,0,0.5122,0.4878
300.4,309.3,1525.0,39.6,202.0,0.0,1.0,0.0,0,0,0.5201,0.4799
301.8,311.1,1495.0,36.9,197.0,0.0,1.0,0.0,0,0,0.5082,0.4918
299.3,309.1,1388.0,45.5,123.0,0.0,1.0,0.0,0,0,0.5177,0.4823
298.3,308.5,1606.0,33.6,67.0,0.0,1.0,0.0,0,0,0.558,0.442
298.5,309.4,1573.0,36.0,97.0,1.0,0.0,0.0,0,0,0.5478,0.4522
299.1,310.5,1485.0,37.8,46.0,0.0,1.0,0.0,0,0,0.5312,0.4688
299.2,310.2,1697.0,30.6,12.0,0.0,1.0,0.0,0,0,0.5436,0.4564
301.9,310.9,1486.0,40.3,6.0,0.0,1.0,0.0,0,0,0.5005,0.4995
295.6,306.2,1414.0,42.5,69.0,1.0,0.0,0.0,0,0,0.5008,0.4992
298.8,309.4,1387.0,54.1,171.0,0.0,1.0,0.0,0,0,0.5021,0.4979
303.6,311.8,1736.0,32.9,99.0,0.0,1.0,0.0,0,0,0.5051,0.4949
298.6,309.5,1420.0,50.4,82.0,1.0,0.0,0.0,0,0,0.5193,0.4807
297.7,308.2,1334.0,53.0,156.0,0.0,1.0,0.0,0,0,0.5068,0.4932
297.2,308.6,1562.0,33.0,84.0,0.0,1.0,0.0,0,0,0.5439,0.4561
302.3,311.2,1758.0,24.4,68.0,0.0,1.0,0.0,0,0,0.5218,0.4782
304.3,313.6,1489.0,40.3,196.0,0.0,0.0,1.0,0,1,0.5142,0.5142
299.8,309.4,1475.0,43.4,51.0,0.0,1.0,0.0,0,0,0.5259,0.4741
298.2,307.6,1492.0,37.2,178.0,0.0,1.0,0.0,0,0,0.5371,0.4629
302.5,311.8,2023.0,19.1,74.0,0.0,0.0,1.0,0,0,0.5184,0.4816
302.7,311.1,1418.0,43.4,130.0,1.0,0.0,0.0,0,1,0.512,0.512
300.6,310.7,1457.0,36.7,193.0,0.0,0.0,1.0,0,0,0.5146,0.4854
299.4,310.8,1628.0,40.2,111.0,0.0,0.0,1.0,0,0,0.5351,0.4649
300.2,311.6,1513.0,40.8,157.0,0.0,0.0,1.0,0,0,0.5221,0.4779
298.0,308.7,1626.0,36.7,210.0,0.0,1.0,0.0,0,0,0.5386,0.4614
298.2,309.1,1569.0,35.2,199.0,0.0,1.0,0.0,0,0,0.5363,0.4637
296.8,308.0,1561.0,38.3,9.0,0.0,1.0,0.0,0,0,0.5218,0.4782
301.8,311.2,1822.0,26.2,204.0,0.0,1.0,0.0,0,0,0.5309,0.4691
300.5,311.8,1591.0,42.0,182.0,0.0,0.0,1.0,0,0,0.5247,0.4753
300.8,309.8,1657.0,31.1,151.0,0.0,1.0,0.0,0,0,0.5336,0.4664
302.0,310.6,1438.0,43.2,12.0,1.0,0.0,0.0,0,1,0.5096,0.5096
299.3,308.5,1422.0,45.4,37.0,0.0,0.0,1.0,0,0,0.5264,0.4736
301.8,310.8,1736.0,26.5,56.0,0.0,1.0,0.0,0,0,0.5287,0.4713
299.4,310.8,1391.0,48.9,139.0,0.0,1.0,0.0,0,0,0.5083,0.4917
300.3,311.7,1317.0,56.5,7.0,0.0,1.0,0.0,0,1,0.5066,0.5066
299.2,310.3,1440.0,47.0,21.0,0.0,1.0,0.0,0,0,0.5132,0.4868
297.1,307.8,1406.0,60.4,133.0,0.0,1.0,0.0,0,0,0.5052,0.4948
297.3,308.1,1763.0,28.4,54.0,0.0,1.0,0.0,0,0,0.5462,0.4538
295.9,306.6,1679.0,30.4,117.0,0.0,1.0,0.0,0,0,0.5095,0.4905
302.9,312.3,1578.0,36.3,141.0,0.0,1.0,0.0,0,0,0.5095,0.4905
298.0,307.5,1427.0,43.6,101.0,0.0,0.0,1.0,0,0,0.5377,0.4623
296.8,307.5,1347.0,54.8,43.0,0.0,1.0,0.0,0,0,0.5048,0.4952
298.6,309.3,1702.0,27.6,143.0,0.0,1.0,0.0,0,0,0.5503,0.4497
297.7,308.9,1458.0,41.1,14.0,0.0,1.0,0.0,0,0,0.5222,0.4778
301.1,310.5,1428.0,44.1,103.0,0.0,1.0,0.0,0,1,0.5002,0.5002
299.3,308.9,1858.0,24.7,101.0,0.0,0.0,1.0,0,0,0.5548,0.4452
302.7,311.7,1759.0,29.9,5.0,0.0,0.0,1.0,0,0,0.5133,0.4867
297.4,308.2,1536.0,34.6,4.0,0.0,0.0,1.0,0,0,0.5298,0.4702
303.5,312.4,1318.0,54.2,177.0,0.0,0.0,1.0,0,1,0.5234,0.5234
300.6,310.6,1514.0,39.5,87.0,0.0,1.0,0.0,0,0,0.521,0.479
299.7,309.1,1713.0,33.5,141.0,0.0,1.0,0.0,0,0,0.5482,0.4518
301.5,310.5,1435.0,44.6,135.0,0.0,1.0,0.0,0,1,0.5059,0.5059
301.5,310.1,1541.0,42.2,52.0,0.0,1.0,0.0,0,0,0.5076,0.4924
302.7,312.2,1585.0,35.5,167.0,0.0,0.0,1.0,0,0,0.5106,0.4894
296.7,308.0,1451.0,50.7,197.0,0.0,1.0,0.0,0,0,0.5026,0.4974
301.8,310.7,1644.0,33.4,68.0,0.0,1.0,0.0,0,0,0.521,0.479
301.5,310.5,1927.0,22.4,149.0,0.0,1.0,0.0,0,0,0.5302,0.4698
299.2,308.8,1440.0,39.1,188.0,1.0,0.0,0.0,0,0,0.5249,0.4751
297.7,308.2,2007.0,19.3,181.0,0.0,1.0,0.0,0,0,0.5382,0.4618
298.5,309.7,1557.0,37.7,86.0,0.0,0.0,1.0,0,0,0.5435,0.4565
303.9,313.1,1665.0,29.6,0.0,0.0,1.0,0.0,0,1,0.5177,0.5177
302.0,310.7,1657.0,31.9,37.0,0.0,1.0,0.0,0,0,0.5201,0.4799
298.4,308.6,1477.0,44.0,124.0,0.0,1.0,0.0,0,0,0.5333,0.4667
298.4,308.9,1501.0,50.0,203.0,0.0,1.0,0.0,0,0,0.5134,0.4866
301.4,310.7,1639.0,29.8,127.0,0.0,0.0,1.0,0,0,0.5263,0.4737
300.5,311.6,1447.0,45.4,204.0,0.0,1.0,0.0,0,0,0.5093,0.4907
303.6,312.4,1363.0,53.1,7.0,0.0,1.0,0.0,0,1,0.5322,0.5322
298.9,309.9,1309.0,56.2,119.0,0.0,1.0,0.0,0,0,0.5023,0.4977
297.6,309.0,1491.0,43.2,7.0,0.0,1.0,0.0,0,0,0.5178,0.4822
296.2,307.3,1477.0,35.2,53.0,0.0,0.0,1.0,0,0,0.5179,0.4821
300.4,309.8,1725.0,30.4,195.0,0.0,0.0,1.0,0,0,0.5417,0.4583
298.9,309.5,1645.0,31.1,169.0,0.0,1.0,0.0,0,0,0.5444,0.4556
297.0,307.8,1774.0,28.0,188.0,0.0,1.0,0.0,0,0,0.5358,0.4642
297.5,309.4,1482.0,39.3,112.0,0.0,0.0,1.0,0,0,0.532,0.468
301.2,311.4,1757.0,28.0,6.0,0.0,1.0,0.0,0,0,0.5376,0.4624
299.5,310.0,1388.0,52.4,94.0,0.0,1.0,0.0,0,0,0.507,0.493
297.3,308.6,1511.0,35.7,120.0,0.0,1.0,0.0,0,0,0.5394,0.4606
299.5,309.0,1399.0,49.7,207.0,0.0,0.0,1.0,0,0,0.5024,0.4976
298.8,308.7,1635.0,35.2,47.0,0.0,1.0,0.0,0,0,0.5568,0.4432
298.8,308.8,1555.0,40.6,61.0,0.0,1.0,0.0,0,0,0.547,0.453
298.0,308.2,1373.0,51.2,215.0,0.0,0.0,1.0,0,0,0.5042,0.4958
297.5,308.1,1907.0,23.5,125.0,0.0,0.0,1.0,0,0,0.5385,0.4615
297.3,308.9,1799.0,24.5,137.0,0.0,0.0,1.0,0,0,0.539,0.461
301.4,310.8,1530.0,39.9,107.0,0.0,0.0,1.0,0,0,0.5106,0.4894
298.0,308.6,1507.0,37.3,217.0,0.0,0.0,1.0,0,0,0.5313,0.4687
296.9,307.7,2008.0,17.5,3.0,0.0,0.0,1.0,0,0,0.5252,0.4748
298.3,309.2,1562.0,37.6,137.0,0.0,1.0,0.0,0,0,0.5406,0.4594
299.3,310.7,1374.0,48.9,222.0,0.0,0.0,1.0,0,0,0.5006,0.4994
299.8,310.8,1530.0,35.2,163.0,0.0,0.0,1.0,0,0,0.527,0.473
302.0,309.9,1308.0,57.6,197.0,0.0,1.0,0.0,1,1,0.532,0.532
300.1,309.8,1430.0,56.7,44.0,0.0,1.0,0.0,0,1,0.5001,0.5001
297.4,309.2,1420.0,45.6,193.0,0.0,1.0,0.0,0,0,0.5101,0.4899
302.4,310.0,1426.0,46.6,102.0,0.0,1.0,0.0,0,1,0.5175,0.5175
300.0,309.3,2293.0,16.3,170.0,0.0,0.0,1.0,0,0,0.5238,0.4762
298.7,310.1,1786.0,27.7,114.0,0.0,1.0,0.0,0,0,0.5477,0.4523
298.9,308.9,1753.0,25.8,33.0,0.0,1.0,0.0,0,0,0.5592,0.4408
301.8,311.1,1395.0,44.6,171.0,0.0,0.0,1.0,0,1,0.5083,0.5083
296.8,308.0,1584.0,40.4,227.0,0.0,1.0,0.0,0,0,0.52,0.48
302.1,311.2,1422.0,50.3,146.0,0.0,1.0,0.0,0,1,0.514,0.514
302.0,310.4,1568.0,39.2,112.0,0.0,1.0,0.0,0,0,0.5053,0.4947
297.3,308.7,1491.0,40.2,112.0,0.0,1.0,0.0,0,0,0.5344,0.4656
297.4,309.0,1570.0,37.9,154.0,0.0,1.0,0.0,0,0,0.5333,0.4667
300.5,309.8,1370.0,55.9,143.0,0.0,0.0,1.0,0,1,0.5129,0.5129
299.2,310.6,1434.0,48.4,153.0,1.0,0.0,0.0,0,0,0.5104,0.4896
299.2,310.5,1458.0,44.1,91.0,0.0,1.0,0.0,0,0,0.5238,0.4762
297.2,308.6,1335.0,53.0,39.0,0.0,1.0,0.0,0,0,0.5037,0.4963
303.3,311.3,1393.0,47.4,18.0,0.0,1.0,0.0,0,1,0.5304,0.5304
302.6,311.6,1227.0,68.2,187.0,0.0,0.0,1.0,1,1,0.5318,0.5318
301.5,310.0,1417.0,44.6,49.0,0.0,0.0,1.0,0,1,0.5063,0.5063
303.9,312.6,1426.0,53.4,172.0,0.0,1.0,0.0,0,1,0.5177,0.5177
298.0,307.6,1509.0,41.6,33.0,0.0,1.0,0.0,0,0,0.5383,0.4617
302.7,310.5,1551.0,35.9,6.0,0.0,1.0,0.0,0,1,0.5016,0.5016
300.4,310.6,1384.0,48.7,24.0,0.0,1.0,0.0,0,1,0.5005,0.5005
298.2,307.8,1804.0,25.1,108.0,0.0,1.0,0.0,0,0,0.5532,0.4468
302.6,312.3,1566.0,36.6,46.0,0.0,0.0,1.0,0,0,0.5102,0.4898
303.4,311.8,1438.0,58.9,22.0,0.0,1.0,0.0,0,1,0.5341,0.5341
300.1,309.1,1551.0,33.7,214.0,0.0,1.0,0.0,0,0,0.5341,0.4659
297.6,309.3,1415.0,41.3,17.0,0.0,0.0,1.0,0,0,0.5152,0.4848
297.9,307.8,1450.0,43.5,106.0,0.0,0.0,1.0,0,0,0.5374,0.4626
303.0,311.3,1793.0,29.3,157.0,0.0,1.0,0.0,0,0,0.5141,0.4859
300.0,311.4,1487.0,41.2,22.0,0.0,1.0,0.0,0,0,0.5234,0.4766
299.0,310.1,2033.0,19.3,15.0,0.0,1.0,0.0,0,0,0.5362,0.4638
301.1,311.0,1918.0,21.7,28.0,0.0,1.0,0.0,0,0,0.538,0.462
303.9,313.2,1630.0,29.3,104.0,0.0,0.0,1.0,0,1,0.5024,0.5024
300.9,310.5,1702.0,29.3,32.0,0.0,0.0,1.0,0,0,0.5395,0.4605
300.4,309.4,1362.0,42.1,182.0,0.0,0.0,1.0,0,0,0.5007,0.4993
300.5,309.8,1441.0,48.8,200.0,0.0,1.0,0.0,0,1,0.5024,0.5024
300.7,311.1,1438.0,46.6,103.0,0.0,0.0,1.0,0,0,0.5058,0.4942
298.3,308.4,1539.0,43.4,69.0,0.0,0.0,1.0,0,0,0.5438,0.4562
301.3,310.0,1665.0,31.4,0.0,0.0,1.0,0.0,0,0,0.5297,0.4703
300.2,311.4,1495.0,43.6,95.0,0.0,1.0,0.0,0,0,0.5221,0.4779
298.3,310.0,1442.0,43.9,110.0,0.0,1.0,0.0,0,0,0.5249,0.4751
296.6,307.5,1582.0,37.9,197.0,0.0,1.0,0.0,0,0,0.5207,0.4793
297.3,308.5,1664.0,28.9,174.0,0.0,0.0,1.0,0,0,0.5402,0.4598
297.4,309.4,1620.0,35.4,51.0,0.0,1.0,0.0,0,0,0.5389,0.4611
300.1,309.2,1438.0,51.0,211.0,0.0,0.0,1.0,0,1,0.5006,0.5006
299.2,308.6,1462.0,55.0,163.0,1.0,0.0,0.0,0,0,0.5058,0.4942
300.9,310.6,1598.0,35.4,186.0,0.0,1.0,0.0,0,0,0.5247,0.4753
301.1,312.3,1486.0,34.9,122.0,0.0,1.0,0.0,0,0,0.528,0.472
300.8,312.0,1443.0,53.3,151.0,0.0,0.0,1.0,0,0,0.5023,0.4977
297.4,308.0,1601.0,34.6,181.0,0.0,0.0,1.0,0,0,0.5378,0.4622
298.0,309.2,1527.0,39.5,85.0,0.0,1.0,0.0,0,0,0.5418,0.4582
299.1,310.7,1309.0,51.1,188.0,0.0,1.0,0.0,0,1,0.5033,0.5033
297.6,308.3,1623.0,36.9,61.0,0.0,1.0,0.0,0,0,0.5488,0.4512
302.9,312.3,1809.0,25.0,180.0,0.0,0.0,1.0,0,0,0.5147,0.4853
298.0,308.1,1777.0,24.3,200.0,0.0,1.0,0.0,0,0,0.5494,0.4506
297.6,308.7,1460.0,46.7,150.0,0.0,1.0,0.0,0,0,0.521,0.479
299.8,309.7,1707.0,29.1,94.0,0.0,1.0,0.0,0,0,0.5513,0.4487
301.3,311.1,1647.0,28.2,140.0,0.0,1.0,0.0,0,0,0.5289,0.4711
301.3,310.4,1577.0,48.3,78.0,0.0,0.0,1.0,0,0,0.5019,0.4981
302.4,310.5,1372.0,45.7,144.0,0.0,0.0,1.0,1,1,0.5185,0.5185
299.5,309.3,1462.0,46.7,7.0,0.0,1.0,0.0,0,0,0.5141,0.4859
303.7,313.0,1456.0,45.5,51.0,0.0,1.0,0.0,0,1,0.508,0.508
297.4,308.5,1410.0,43.9,47.0,0.0,1.0,0.0,0,0,0.5248,0.4752
300.6,309.4,1521.0,37.2,90.0,0.0,0.0,1.0,0,0,0.5284,0.4716
297.6,307.2,1470.0,42.6,44.0,0.0,0.0,1.0,0,0,0.5333,0.4667
297.0,307.8,1396.0,50.0,96.0,0.0,1.0,0.0,0,0,0.5199,0.4801
299.5,309.0,1602.0,31.3,210.0,0.0,0.0,1.0,0,0,0.5439,0.4561
304.2,313.1,1608.0,31.1,20.0,0.0,0.0,1.0,0,1,0.5217,0.5217
297.7,308.2,1526.0,40.1,165.0,1.0,0.0,0.0,0,0,0.5335,0.4665
300.6,309.6,1503.0,38.4,68.0,0.0,0.0,1.0,0,0,0.5253,0.4747
301.8,310.7,1523.0,43.3,60.0,0.0,1.0,0.0,0,0,0.5006,0.4994
301.3,310.1,1531.0,41.6,9.0,0.0,1.0,0.0,0,0,0.5095,0.4905
299.9,309.3,1473.0,40.4,59.0,0.0,1.0,0.0,0,0,0.5307,0.4693
301.2,310.7,1394.0,42.8,168.0,0.0,0.0,1.0,0,1,0.5033,0.5033
297.3,308.5,1514.0,44.5,177.0,0.0,1.0,0.0,0,0,0.5211,0.4789
300.0,311.2,1393.0,43.1,45.0,1.0,0.0,0.0,0,0,0.5152,0.4848
302.2,310.6,1632.0,30.5,122.0,0.0,1.0,0.0,0,0,0.5158,0.4842
298.1,307.7,1388.0,40.3,109.0,0.0,1.0,0.0,0,0,0.5391,0.4609
299.2,309.0,1541.0,36.3,104.0,0.0,0.0,1.0,0,0,0.5471,0.4529
300.2,311.6,1827.0,27.0,22.0,0.0,1.0,0.0,0,0,0.5471,0.4529
300.6,311.9,1372.0,60.1,212.0,0.0,1.0,0.0,1,1,0.5078,0.5078
301.4,310.3,1611.0,41.5,11.0,1.0,0.0,0.0,0,0,0.515,0.485
299.9,309.6,1462.0,51.0,119.0,1.0,0.0,0.0,0,0,0.5069,0.4931
298.6,308.3,1278.0,60.5,32.0,0.0,1.0,0.0,0,1,0.5008,0.5008
303.1,312.4,1378.0,50.1,104.0,0.0,0.0,1.0,0,1,0.5098,0.5098
298.1,310.0,1553.0,40.9,49.0,0.0,1.0,0.0,0,0,0.5327,0.4673
300.7,311.7,1499.0,38.9,3.0,0.0,0.0,1.0,0,0,0.5215,0.4785
301.5,310.6,1519.0,40.7,208.0,0.0,1.0,0.0,0,0,0.5071,0.4929
300.2,309.6,1359.0,51.5,66.0,0.0,1.0,0.0,0,1,0.5008,0.5008
300.3,309.9,1611.0,29.0,177.0,0.0,0.0,1.0,0,0,0.5359,0.4641
298.6,309.9,1615.0,28.8,199.0,0.0,1.0,0.0,0,0,0.5367,0.4633
297.5,308.1,1480.0,42.4,112.0,0.0,0.0,1.0,0,0,0.5358,0.4642
298.6,309.6,1387.0,57.6,50.0,0.0,1.0,0.0,0,0,0.5067,0.4933
301.6,310.9,1385.0,50.7,195.0,0.0,1.0,0.0,0,1,0.5159,0.5159
299.6,310.9,1853.0,26.3,166.0,0.0,1.0,0.0,0,0,0.5412,0.4588
302.1,310.7,1359.0,49.3,41.0,0.0,1.0,0.0,1,1,0.5246,0.5246
303.6,312.7,1765.0,27.5,115.0,0.0,0.0,1.0,0,0,0.5074,0.4926
301.2,310.7,1951.0,21.3,44.0,0.0,1.0,0.0,0,0,0.5348,0.4652
299.0,310.3,1431.0,39.9,157.0,0.0,1.0,0.0,0,0,0.5191,0.4809
300.3,311.8,1746.0,26.3,187.0,0.0,1.0,0.0,0,0,0.5399,0.4601
302.9,311.2,1751.0,23.8,196.0,0.0,1.0,0.0,0,0,0.5104,0.4896
302.3,311.7,1685.0,30.8,130.0,0.0,0.0,1.0,0,0,0.5215,0.4785
297.5,308.6,1452.0,39.0,72.0,0.0,1.0,0.0,0,0,0.5376,0.4624
301.6,310.4,1517.0,41.1,167.0,0.0,1.0,0.0,0,0,0.5038,0.4962
298.1,308.0,1456.0,42.4,59.0,0.0,1.0,0.0,0,0,0.5405,0.4595
301.4,310.6,1464.0,48.6,96.0,0.0,0.0,1.0,0,1,0.5071,0.5071
300.0,309.9,1530.0,34.5,71.0,0.0,0.0,1.0,0,0,0.5377,0.4623
300.9,310.7,1517.0,41.7,210.0,0.0,1.0,0.0,0,0,0.5121,0.4879
295.3,305.8,1589.0,36.2,184.0,0.0,0.0,1.0,0,1,0.5112,0.5112
302.5,310.4,1429.0,43.2,191.0,0.0,0.0,1.0,0,1,0.5132,0.5132
297.8,307.5,1405.0,46.9,113.0,0.0,0.0,1.0,0,0,0.5291,0.4709
299.8,309.7,1556.0,37.7,124.0,0.0,0.0,1.0,0,0,0.5334,0.4666
299.2,308.6,1381.0,50.0,193.0,0.0,1.0,0.0,0,0,0.504,0.496
302.1,311.1,1423.0,36.8,80.0,0.0,0.0,1.0,0,1,0.5019,0.5019
301.1,312.3,1464.0,35.3,65.0,0.0,1.0,0.0,0,0,0.5298,0.4702
303.4,311.6,1497.0,42.8,58.0,0.0,1.0,0.0,0,1,0.515,0.515
299.4,309.0,1404.0,47.3,86.0,0.0,1.0,0.0,0,0,0.5207,0.4793
301.6,310.5,1809.0,25.5,40.0,0.0,1.0,0.0,0,0,0.5336,0.4664
302.4,310.1,1556.0,32.9,132.0,0.0,1.0,0.0,0,0,0.5078,0.4922
301.7,309.5,1298.0,65.5,229.0,0.0,1.0,0.0,1,1,0.5265,0.5265
301.8,310.6,1295.0,62.3,91.0,0.0,1.0,0.0,0,1,0.5297,0.5297
296.8,307.5,1470.0,45.9,132.0,0.0,0.0,1.0,0,0,0.5212,0.4788
299.9,311.3,1703.0,28.4,134.0,0.0,0.0,1.0,0,0,0.541,0.459
302.5,311.3,1393.0,47.5,130.0,1.0,0.0,0.0,0,1,0.5148,0.5148
300.6,309.4,1442.0,43.2,96.0,0.0,1.0,0.0,0,0,0.5121,0.4879
303.4,311.9,1419.0,50.9,39.0,0.0,0.0,1.0,0,1,0.5257,0.5257
299.9,309.5,1779.0,26.1,169.0,0.0,1.0,0.0,0,0,0.5477,0.4523
300.2,309.8,1353.0,59.4,26.0,0.0,1.0,0.0,0,1,0.5088,0.5088
299.5,309.2,1495.0,41.6,17.0,0.0,0.0,1.0,0,0,0.5274,0.4726
301.7,309.9,1457.0,39.2,192.0,0.0,0.0,1.0,0,0,0.5004,0.4996
302.4,311.1,1484.0,45.9,169.0,0.0,1.0,0.0,0,1,0.5082,0.5082
300.1,310.4,1480.0,37.1,77.0,0.0,0.0,1.0,0,0,0.5277,0.4723
301.0,311.2,1511.0,42.9,26.0,0.0,1.0,0.0,0,0,0.5143,0.4857
298.1,308.1,1484.0,40.4,59.0,0.0,1.0,0.0,0,0,0.5446,0.4554
301.9,311.4,1465.0,39.9,153.0,0.0,0.0,1.0,0,0,0.504,0.496
300.9,310.5,1894.0,21.9,188.0,0.0,1.0,0.0,0,0,0.5372,0.4628
303.7,312.9,1532.0,41.3,32.0,0.0,0.0,1.0,0,1,0.5095,0.5095
299.0,308.7,2248.0,16.8,204.0,0.0,1.0,0.0,0,0,0.537,0.463
300.6,310.4,1401.0,42.6,114.0,0.0,1.0,0.0,0,0,0.5053,0.4947
302.7,312.4,1954.0,24.8,13.0,0.0,1.0,0.0,0,0,0.5199,0.4801
298.8,309.8,1509.0,36.2,57.0,0.0,1.0,0.0,0,0,0.5406,0.4594
301.9,310.6,1260.0,65.9,29.0,0.0,0.0,1.0,0,1,0.5328,0.5328
295.9,306.6,1678.0,26.7,53.0,0.0,1.0,0.0,0,0,0.5015,0.4985
300.7,312.3,1420.0,53.8,67.0,0.0,1.0,0.0,0,0,0.5093,0.4907
300.5,309.8,1421.0,49.6,211.0,0.0,1.0,0.0,0,1,0.5046,0.5046
300.7,309.8,1596.0,31.5,123.0,0.0,1.0,0.0,0,0,0.5326,0.4674
300.9,310.7,1389.0,50.0,214.0,0.0,1.0,0.0,0,1,0.5091,0.5091
301.1,310.0,1433.0,48.1,14.0,0.0,0.0,1.0,0,1,0.5052,0.5052
297.4,308.3,1336.0,53.7,61.0,0.0,1.0,0.0,0,0,0.5109,0.4891
299.3,310.5,1404.0,47.5,12.0,0.0,0.0,1.0,0,0,0.5073,0.4927
297.8,309.3,2243.0,15.7,36.0,0.0,0.0,1.0,0,0,0.5122,0.4878
295.9,306.6,1412.0,41.0,109.0,0.0,1.0,0.0,0,0,0.5089,0.4911
298.4,309.2,1399.0,45.2,125.0,0.0,0.0,1.0,0,0,0.5228,0.4772
300.6,309.8,1502.0,42.4,133.0,0.0,1.0,0.0,0,0,0.5121,0.4879
299.3,308.7,1393.0,54.2,80.0,0.0,1.0,0.0,0,0,0.5126,0.4874
301.3,310.6,1387.0,53.6,94.0,0.0,1.0,0.0,0,1,0.5163,0.5163
297.5,308.8,1603.0,36.7,184.0,0.0,1.0,0.0,0,0,0.5344,0.4656
298.6,309.4,1407.0,45.1,176.0,0.0,0.0,1.0,0,0,0.5138,0.4862
297.4,308.7,1402.0,40.2,114.0,0.0,1.0,0.0,0,0,0.5304,0.4696
297.8,307.3,1516.0,40.1,166.0,1.0,0.0,0.0,0,0,0.533,0.467
297.1,308.4,1583.0,38.2,150.0,0.0,0.0,1.0,0,0,0.5332,0.4668
299.6,310.1,1384.0,49.8,11.0,0.0,1.0,0.0,0,0,0.5024,0.4976
297.3,308.8,1419.0,42.4,139.0,1.0,0.0,0.0,0,0,0.5241,0.4759
298.4,308.9,1638.0,32.4,109.0,0.0,1.0,0.0,0,0,0.555,0.445
300.2,311.5,1432.0,43.6,127.0,1.0,0.0,0.0,0,0,0.5156,0.4844
300.8,312.0,1496.0,40.0,175.0,0.0,1.0,0.0,0,0,0.5204,0.4796
301.3,310.6,1426.0,40.7,54.0,0.0,1.0,0.0,0,0,0.5029,0.4971
297.5,309.4,1650.0,34.6,142.0,0.0,1.0,0.0,0,0,0.5379,0.4621
300.9,310.7,1403.0,40.6,207.0,1.0,0.0,0.0,0,0,0.5029,0.4971
301.2,310.6,1670.0,30.0,40.0,0.0,1.0,0.0,0,0,0.5341,0.4659
304.1,313.3,1459.0,50.3,39.0,0.0,1.0,0.0,0,1,0.5129,0.5129
297.9,309.0,1379.0,47.3,28.0,0.0,1.0,0.0,0,0,0.5135,0.4865
302.6,311.8,1638.0,35.1,17.0,0.0,1.0,0.0,0,0,0.5091,0.4909
303.3,311.2,1607.0,31.7,34.0,1.0,0.0,0.0,0,1,0.5053,0.5053
300.5,312.0,1453.0,45.1,151.0,0.0,1.0,0.0,0,0,0.515,0.485
301.4,310.7,1509.0,38.3,95.0,0.0,1.0,0.0,0,0,0.5112,0.4888
296.7,307.7,1927.0,23.9,112.0,0.0,1.0,0.0,0,0,0.524,0.476
300.1,309.7,1641.0,30.4,41.0,0.0,1.0,0.0,0,0,0.5477,0.4523
300.3,309.8,1444.0,42.0,3.0,0.0,0.0,1.0,0,0,0.5107,0.4893
300.2,310.1,1523.0,42.3,25.0,0.0,1.0,0.0,0,0,0.5218,0.4782
303.6,313.1,1405.0,38.3,58.0,0.0,1.0,0.0,0,1,0.507,0.507
301.3,310.8,1432.0,54.4,51.0,0.0,1.0,0.0,0,1,0.5127,0.5127
296.9,307.8,1544.0,40.3,150.0,0.0,0.0,1.0,0,0,0.5279,0.4721
300.7,311.9,1657.0,30.9,116.0,0.0,0.0,1.0,0,0,0.5399,0.4601
302.6,311.7,1430.0,51.7,32.0,0.0,0.0,1.0,0,1,0.5205,0.5205
300.2,309.4,1456.0,48.8,205.0,0.0,0.0,1.0,0,0,0.502,0.498
301.9,310.6,1331.0,68.6,85.0,0.0,1.0,0.0,1,1,0.5257,0.5257
302.4,311.1,1880.0,24.5,156.0,0.0,1.0,0.0,0,0,0.5227,0.4773
298.4,308.0,1515.0,42.8,125.0,0.0,1.0,0.0,0,0,0.5397,0.4603
300.4,309.2,1752.0,29.0,52.0,0.0,1.0,0.0,0,0,0.553,0.447
300.8,311.4,1322.0,67.2,18.0,0.0,1.0,0.0,1,1,0.5122,0.5122
298.1,307.8,1636.0,36.7,51.0,0.0,0.0,1.0,0,0,0.5541,0.4459
299.2,308.4,1711.0,28.9,197.0,0.0,1.0,0.0,0,0,0.5552,0.4448
301.3,310.3,1560.0,36.3,129.0,0.0,1.0,0.0,0,0,0.5165,0.4835
302.1,311.2,1454.0,59.2,153.0,0.0,1.0,0.0,1,1,0.519,0.519
297.9,309.0,1562.0,35.8,40.0,0.0,1.0,0.0,0,0,0.5438,0.4562
298.8,309.1,1418.0,46.3,133.0,0.0,1.0,0.0,0,0,0.5204,0.4796
296.3,307.3,1368.0,49.5,10.0,0.0,0.0,1.0,0,1,0.5039,0.5039
299.2,308.5,1366.0,49.7,74.0,0.0,1.0,0.0,0,0,0.5196,0.4804
300.7,311.2,1878.0,24.3,24.0,0.0,1.0,0.0,0,0,0.5435,0.4565
301.3,311.0,1580.0,36.6,184.0,1.0,0.0,0.0,0,0,0.5197,0.4803
299.5,309.2,1816.0,23.0,15.0,0.0,1.0,0.0,0,0,0.554,0.446
302.1,310.6,1385.0,53.6,5.0,0.0,1.0,0.0,0,1,0.526,0.526
301.8,310.9,1521.0,39.3,197.0,0.0,1.0,0.0,0,0,0.5068,0.4932
300.7,310.4,1234.0,51.7,160.0,0.0,1.0,0.0,0,1,0.5206,0.5206
300.3,311.5,1445.0,47.3,40.0,0.0,0.0,1.0,0,0,0.5138,0.4862
303.0,311.2,1601.0,32.9,69.0,0.0,1.0,0.0,0,0,0.5017,0.4983
300.9,312.0,1533.0,44.0,162.0,0.0,1.0,0.0,0,0,0.5178,0.4822
301.7,311.0,1585.0,35.9,185.0,0.0,1.0,0.0,0,0,0.5165,0.4835
300.2,309.1,1406.0,42.2,40.0,0.0,0.0,1.0,0,0,0.5183,0.4817
301.2,312.4,1505.0,39.6,102.0,0.0,0.0,1.0,0,0,0.5276,0.4724
296.2,306.8,1655.0,31.1,136.0,0.0,1.0,0.0,0,0,0.5164,0.4836
298.3,307.8,1330.0,55.4,114.0,0.0,0.0,1.0,0,0,0.513,0.487
297.2,308.1,1662.0,31.3,0.0,0.0,1.0,0.0,0,0,0.5322,0.4678
300.8,312.6,1422.0,50.0,117.0,0.0,1.0,0.0,0,0,0.5145,0.4855
303.5,313.1,1897.0,23.6,75.0,0.0,1.0,0.0,0,0,0.5073,0.4927
300.6,309.7,1593.0,32.4,76.0,0.0,1.0,0.0,0,0,0.5379,0.4621
301.1,310.4,1312.0,73.6,49.0,0.0,1.0,0.0,1,1,0.5115,0.5115
298.9,310.1,1324.0,54.6,185.0,1.0,0.0,0.0,0,1,0.5043,0.5043
297.7,308.7,1249.0,60.4,143.0,0.0,1.0,0.0,0,1,0.5026,0.5026
302.6,312.3,1534.0,34.3,31.0,0.0,1.0,0.0,0,0,0.5068,0.4932
300.8,312.5,1517.0,39.2,107.0,0.0,1.0,0.0,0,0,0.5331,0.4669
301.6,310.5,1602.0,32.3,2.0,1.0,0.0,0.0,0,0,0.521,0.479
300.9,311.0,2003.0,20.2,138.0,0.0,1.0,0.0,0,0,0.5308,0.4692
300.1,309.0,1612.0,33.0,34.0,0.0,0.0,1.0,0,0,0.5485,0.4515
300.1,311.4,1467.0,35.7,45.0,0.0,1.0,0.0,0,0,0.5296,0.4704
297.8,308.5,1448.0,40.0,192.0,0.0,1.0,0.0,0,0,0.5255,0.4745
297.5,308.3,1476.0,45.6,31.0,0.0,0.0,1.0,0,0,0.5249,0.4751
300.3,309.6,1435.0,45.4,181.0,0.0,1.0,0.0,0,0,0.5032,0.4968
298.0,309.2,1558.0,41.7,35.0,0.0,0.0,1.0,0,0,0.5351,0.4649
302.5,312.0,1445.0,54.8,0.0,0.0,0.0,1.0,0,1,0.5206,0.5206
301.0,309.6,1724.0,28.1,133.0,0.0,1.0,0.0,0,0,0.5368,0.4632
300.7,311.5,1569.0,36.4,20.0,0.0,0.0,1.0,0,0,0.5308,0.4692
298.8,310.2,1527.0,31.2,102.0,0.0,0.0,1.0,0,0,0.5414,0.4586
300.2,311.6,1375.0,56.9,155.0,0.0,1.0,0.0,0,1,0.5021,0.5021
298.7,309.9,1483.0,32.8,142.0,0.0,1.0,0.0,0,0,0.5341,0.4659
299.7,310.5,1594.0,35.4,134.0,0.0,0.0,1.0,0,0,0.5347,0.4653
301.3,311.0,1495.0,40.8,148.0,0.0,0.0,1.0,0,0,0.5083,0.4917
301.7,310.6,1303.0,59.7,42.0,0.0,1.0,0.0,0,1,0.5303,0.5303
303.8,312.7,1555.0,33.4,128.0,0.0,0.0,1.0,0,1,0.5022,0.5022
301.5,311.1,1507.0,38.6,149.0,0.0,0.0,1.0,0,0,0.5105,0.4895
298.6,310.1,1439.0,49.9,17.0,0.0,1.0,0.0,0,0,0.5092,0.4908
301.4,310.7,1436.0,54.1,90.0,0.0,1.0,0.0,0,1,0.5145,0.5145
301.3,310.8,1455.0,41.2,56.0,0.0,0.0,1.0,0,0,0.5057,0.4943
301.1,311.6,1266.0,55.5,210.0,0.0,0.0,1.0,0,1,0.5188,0.5188
300.4,311.4,1604.0,31.7,119.0,0.0,0.0,1.0,0,0,0.5362,0.4638
299.8,309.6,1598.0,31.0,139.0,0.0,1.0,0.0,0,0,0.5415,0.4585
300.6,309.4,1549.0,43.4,233.0,0.0,1.0,0.0,0,0,0.5157,0.4843
296.7,307.8,1605.0,31.3,128.0,0.0,1.0,0.0,0,0,0.5337,0.4663
301.2,310.7,1426.0,46.1,67.0,0.0,0.0,1.0,0,1,0.5027,0.5027
297.7,308.7,1449.0,40.2,95.0,0.0,1.0,0.0,0,0,0.5375,0.4625
297.0,308.1,1489.0,44.1,96.0,0.0,1.0,0.0,0,0,0.5301,0.4699
299.1,308.8,1502.0,46.7,197.0,0.0,1.0,0.0,0,0,0.5179,0.4821
299.7,309.2,1691.0,27.7,203.0,1.0,0.0,0.0,0,0,0.5487,0.4513
301.5,311.1,1731.0,27.9,101.0,0.0,1.0,0.0,0,0,0.5318,0.4682
298.9,308.2,2022.0,20.0,23.0,0.0,0.0,1.0,0,0,0.5513,0.4487
303.1,312.5,1453.0,49.1,140.0,0.0,1.0,0.0,0,1,0.5051,0.5051
303.1,311.1,1594.0,35.5,13.0,0.0,0.0,1.0,0,1,0.5051,0.5051
299.4,308.6,1492.0,40.5,181.0,0.0,1.0,0.0,0,0,0.5276,0.4724
302.6,310.2,1563.0,39.0,97.0,0.0,0.0,1.0,0,1,0.501,0.501
300.9,310.7,1656.0,30.7,200.0,1.0,0.0,0.0,0,0,0.5326,0.4674
302.3,310.1,1513.0,40.4,22.0,0.0,1.0,0.0,0,1,0.5031,0.5031
301.0,310.9,1473.0,44.2,116.0,0.0,1.0,0.0,0,0,0.5057,0.4943
302.5,310.3,1411.0,49.5,110.0,0.0,0.0,1.0,0,1,0.5221,0.5221
296.6,307.4,1504.0,45.8,58.0,0.0,1.0,0.0,0,0,0.5223,0.4777
302.7,312.1,1543.0,37.5,33.0,0.0,1.0,0.0,0,0,0.503,0.497
300.7,310.7,1347.0,46.5,183.0,0.0,0.0,1.0,0,1,0.5073,0.5073
299.0,308.5,1886.0,23.0,198.0,0.0,1.0,0.0,0,0,0.5558,0.4442
301.7,310.5,1377.0,43.1,183.0,0.0,1.0,0.0,0,1,0.5107,0.5107
298.8,308.9,1402.0,37.9,2.0,0.0,1.0,0.0,0,0,0.5219,0.4781
300.2,311.4,1433.0,37.9,36.0,0.0,1.0,0.0,0,0,0.5232,0.4768
303.9,312.8,1419.0,47.9,196.0,0.0,1.0,0.0,0,1,0.5191,0.5191
301.4,311.3,2323.0,15.9,50.0,0.0,1.0,0.0,0,0,0.5095,0.4905
298.6,309.7,1635.0,32.2,110.0,0.0,0.0,1.0,0,0,0.5492,0.4508
298.7,310.1,1402.0,69.7,64.0,0.0,0.0,1.0,1,0,0.5044,0.4956
298.6,309.6,1491.0,36.9,192.0,0.0,1.0,0.0,0,0,0.5271,0.4729
300.8,310.3,1494.0,42.2,35.0,0.0,0.0,1.0,0,0,0.5134,0.4866
301.5,310.6,1565.0,43.9,142.0,0.0,1.0,0.0,0,0,0.5043,0.4957
297.3,308.7,1492.0,43.6,189.0,0.0,1.0,0.0,0,0,0.5191,0.4809
297.5,309.3,1525.0,41.7,235.0,1.0,0.0,0.0,0,0,0.5172,0.4828
298.2,307.8,1749.0,26.1,66.0,0.0,1.0,0.0,0,0,0.5583,0.4417
297.2,307.9,1493.0,38.4,146.0,0.0,1.0,0.0,0,0,0.5328,0.4672
298.7,310.1,1676.0,33.5,70.0,0.0,1.0,0.0,0,0,0.5495,0.4505
297.4,308.5,1486.0,48.6,75.0,0.0,1.0,0.0,0,0,0.5272,0.4728
296.3,307.3,1498.0,41.6,15.0,0.0,0.0,1.0,0,0,0.5093,0.4907
303.1,311.3,1657.0,31.8,217.0,0.0,1.0,0.0,0,0,0.5024,0.4976
297.7,309.2,1365.0,58.6,170.0,0.0,1.0,0.0,0,1,0.5013,0.5013
302.6,311.6,1453.0,37.0,135.0,0.0,1.0,0.0,0,0,0.5001,0.4999
297.6,309.4,1326.0,49.8,199.0,0.0,1.0,0.0,0,1,0.5012,0.5012
300.6,311.7,1507.0,45.5,74.0,0.0,1.0,0.0,0,0,0.5202,0.4798
298.1,308.9,1313.0,50.6,108.0,0.0,1.0,0.0,0,0,0.5136,0.4864
302.2,310.9,1452.0,42.3,56.0,0.0,1.0,0.0,0,1,0.5086,0.5086
298.1,308.9,1459.0,50.3,115.0,0.0,0.0,1.0,0,0,0.5225,0.4775
297.6,308.4,1611.0,31.0,48.0,0.0,0.0,1.0,0,0,0.55,0.45
300.3,311.5,1528.0,40.9,76.0,0.0,0.0,1.0,0,0,0.5289,0.4711
299.7,309.2,1616.0,31.6,175.0,0.0,1.0,0.0,0,0,0.5428,0.4572
296.9,307.5,1397.0,48.3,22.0,1.0,0.0,0.0,0,0,0.5093,0.4907
300.7,312.1,1512.0,36.9,153.0,0.0,1.0,0.0,0,0,0.5269,0.4731
297.2,308.5,1364.0,55.6,163.0,0.0,0.0,1.0,0,0,0.5017,0.4983
300.8,310.7,1525.0,39.4,175.0,0.0,1.0,0.0,0,0,0.5155,0.4845
302.3,311.8,1435.0,44.8,98.0,0.0,1.0,0.0,0,1,0.5034,0.5034
303.0,312.5,1507.0,37.9,163.0,1.0,0.0,0.0,0,0,0.5031,0.4969
300.7,311.0,1312.0,52.1,107.0,0.0,1.0,0.0,0,1,0.5093,0.5093
301.2,311.0,1573.0,32.8,57.0,0.0,1.0,0.0,0,0,0.5271,0.4729
299.2,310.7,1636.0,29.4,23.0,1.0,0.0,0.0,0,0,0.541,0.459
298.1,309.0,1592.0,33.9,85.0,0.0,1.0,0.0,0,0,0.5526,0.4474
300.1,311.5,1434.0,40.8,80.0,0.0,1.0,0.0,0,0,0.5237,0.4763
302.4,311.0,1423.0,46.2,186.0,0.0,1.0,0.0,0,1,0.5141,0.5141
302.5,311.5,1626.0,36.0,44.0,1.0,0.0,0.0,0,0,0.5099,0.4901
297.0,307.8,1385.0,56.4,202.0,0.0,1.0,0.0,1,1,0.5051,0.5051
297.5,308.5,1448.0,54.3,83.0,0.0,1.0,0.0,0,0,0.5188,0.4812
302.4,311.8,1673.0,30.1,210.0,0.0,1.0,0.0,0,0,0.517,0.483
300.4,310.2,1671.0,30.5,234.0,0.0,0.0,1.0,1,0,0.5386,0.4614
299.8,311.2,1564.0,40.0,172.0,0.0,1.0,0.0,0,0,0.5251,0.4749
300.7,309.5,1479.0,43.6,240.0,0.0,1.0,0.0,0,0,0.508,0.492
300.3,311.6,1709.0,29.5,27.0,0.0,1.0,0.0,0,0,0.5455,0.4545
302.4,311.1,1443.0,51.8,178.0,0.0,0.0,1.0,0,1,0.5175,0.5175
297.8,309.3,2015.0,20.1,161.0,0.0,1.0,0.0,0,0,0.5318,0.4682
301.6,310.7,1380.0,51.8,216.0,0.0,1.0,0.0,1,1,0.5186,0.5186
299.6,309.1,1560.0,37.1,73.0,0.0,0.0,1.0,0,0,0.5467,0.4533
299.8,309.1,1485.0,39.9,207.0,0.0,1.0,0.0,0,0,0.5218,0.4782
297.8,308.4,1579.0,36.6,152.0,0.0,0.0,1.0,0,0,0.542,0.458
301.6,310.6,1691.0,30.1,40.0,0.0,0.0,1.0,0,0,0.5293,0.4707
300.8,312.3,1535.0,40.3,71.0,0.0,0.0,1.0,0,0,0.5335,0.4665
298.2,308.1,1379.0,62.3,149.0,0.0,1.0,0.0,0,0,0.502,0.498
298.1,308.5,1372.0,51.1,116.0,0.0,0.0,1.0,0,0,0.5179,0.4821
300.8,310.8,1549.0,35.5,79.0,0.0,0.0,1.0,0,0,0.5269,0.4731
302.2,310.9,1604.0,40.5,68.0,0.0,1.0,0.0,0,0,0.5054,0.4946
298.0,307.6,1593.0,32.2,118.0,1.0,0.0,0.0,0,0,0.5524,0.4476
303.9,313.2,1481.0,44.1,197.0,0.0,1.0,0.0,0,1,0.5129,0.5129
297.4,308.2,1471.0,46.5,25.0,0.0,1.0,0.0,0,0,0.5209,0.4791
299.8,309.6,1526.0,41.7,85.0,0.0,1.0,0.0,0,0,0.5309,0.4691
300.4,309.7,1679.0,30.1,136.0,0.0,1.0,0.0,0,0,0.5404,0.4596
300.5,309.9,1397.0,45.9,210.0,1.0,0.0,0.0,1,1,0.5026,0.5026
298.5,309.5,1483.0,44.8,92.0,0.0,0.0,1.0,0,0,0.531,0.469
300.4,311.8,1405.0,47.9,58.0,0.0,1.0,0.0,0,0,0.5131,0.4869
301.0,311.3,1454.0,41.5,57.0,0.0,0.0,1.0,0,0,0.5131,0.4869
302.9,312.3,1426.0,44.7,157.0,0.0,0.0,1.0,0,1,0.5052,0.5052
300.8,310.7,1586.0,33.4,142.0,0.0,1.0,0.0,0,0,0.5269,0.4731
302.9,312.5,1683.0,32.1,85.0,0.0,1.0,0.0,0,0,0.5167,0.4833
298.3,307.7,1602.0,33.4,106.0,0.0,0.0,1.0,0,0,0.5567,0.4433
300.2,310.2,1438.0,51.5,7.0,0.0,0.0,1.0,0,0,0.5011,0.4989
299.3,309.1,1449.0,47.9,131.0,0.0,0.0,1.0,0,0,0.517,0.483
302.3,310.7,1612.0,33.4,139.0,0.0,1.0,0.0,0,0,0.512,0.488
301.0,310.4,1614.0,31.6,84.0,0.0,1.0,0.0,0,0,0.5313,0.4687
300.7,310.6,1505.0,40.6,179.0,1.0,0.0,0.0,0,0,0.513,0.487
301.7,310.6,1876.0,22.1,99.0,0.0,0.0,1.0,0,0,0.528,0.472
299.4,308.7,1525.0,39.0,90.0,0.0,1.0,0.0,0,0,0.5455,0.4545
300.7,310.2,1479.0,52.3,9.0,1.0,0.0,0.0,0,1,0.5007,0.5007
300.1,309.2,1533.0,37.0,101.0,0.0,1.0,0.0,0,0,0.5364,0.4636
297.8,309.2,1295.0,61.2,12.0,0.0,0.0,1.0,0,1,0.5108,0.5108
299.1,308.3,1601.0,31.4,121.0,0.0,1.0,0.0,0,0,0.5568,0.4432
297.3,308.7,1506.0,39.3,187.0,0.0,1.0,0.0,0,0,0.5256,0.4744
298.5,309.4,1548.0,37.7,43.0,0.0,1.0,0.0,0,0,0.5425,0.4575
299.4,309.2,1556.0,35.7,75.0,0.0,1.0,0.0,0,0,0.5486,0.4514
302.8,312.5,1462.0,43.4,68.0,0.0,1.0,0.0,0,0,0.5011,0.4989
302.7,312.4,1423.0,51.9,60.0,0.0,1.0,0.0,0,1,0.51,0.51
302.2,311.4,1499.0,37.7,55.0,0.0,1.0,0.0,0,0,0.5036,0.4964
299.3,309.1,1531.0,37.9,127.0,0.0,1.0,0.0,0,0,0.5391,0.4609
300.5,311.9,1370.0,44.8,20.0,0.0,0.0,1.0,0,0,0.5103,0.4897
299.1,308.3,1424.0,43.4,16.0,1.0,0.0,0.0,0,0,0.5251,0.4749
298.4,309.0,2304.0,15.1,89.0,0.0,1.0,0.0,0,0,0.5051,0.4949
298.0,307.6,1569.0,35.6,173.0,0.0,0.0,1.0,0,0,0.5419,0.4581
298.4,309.3,1496.0,45.6,129.0,0.0,0.0,1.0,0,0,0.5271,0.4729
297.3,308.7,1467.0,36.8,216.0,0.0,1.0,0.0,0,0,0.5231,0.4769
302.3,311.1,1338.0,53.3,63.0,0.0,0.0,1.0,0,1,0.5284,0.5284
296.4,307.4,2833.0,5.6,213.0,0.0,1.0,0.0,1,1,0.5144,0.5144
301.6,311.1,1408.0,44.4,106.0,0.0,1.0,0.0,0,1,0.5046,0.5046
303.5,312.6,1405.0,51.6,62.0,0.0,0.0,1.0,0,1,0.5144,0.5144
296.3,307.2,1646.0,35.0,192.0,0.0,1.0,0.0,0,0,0.5176,0.4824
298.4,308.1,1491.0,50.0,156.0,0.0,1.0,0.0,0,0,0.5199,0.4801
300.0,311.4,1484.0,37.0,183.0,0.0,1.0,0.0,0,0,0.5219,0.4781
297.6,308.5,1490.0,43.4,154.0,0.0,0.0,1.0,0,0,0.5273,0.4727
299.3,310.4,1365.0,53.9,171.0,0.0,1.0,0.0,0,1,0.5013,0.5013
302.7,312.2,1376.0,52.8,164.0,0.0,1.0,0.0,0,1,0.5153,0.5153
297.2,307.9,1747.0,29.0,188.0,0.0,0.0,1.0,0,0,0.5394,0.4606
303.1,312.5,1766.0,26.7,157.0,0.0,0.0,1.0,0,0,0.513,0.487
300.1,310.5,1356.0,45.8,126.0,0.0,1.0,0.0,0,0,0.5029,0.4971
303.2,311.4,2102.0,19.0,5.0,0.0,0.0,1.0,0,0,0.5065,0.4935
299.0,308.6,1946.0,22.3,102.0,0.0,1.0,0.0,0,0,0.5485,0.4515
299.0,308.6,1661.0,32.2,106.0,0.0,1.0,0.0,0,0,0.559,0.441
298.2,307.8,1388.0,48.6,76.0,0.0,1.0,0.0,0,0,0.5293,0.4707
304.1,313.2,1434.0,50.1,43.0,0.0,1.0,0.0,0,1,0.5136,0.5136
301.2,310.6,1437.0,51.2,112.0,0.0,1.0,0.0,0,1,0.5099,0.5099
303.0,311.2,1519.0,38.0,139.0,0.0,0.0,1.0,0,1,0.5022,0.5022
297.1,308.4,1543.0,39.6,205.0,0.0,1.0,0.0,0,0,0.5243,0.4757
298.1,308.7,1683.0,29.1,161.0,0.0,1.0,0.0,0,0,0.5496,0.4504
300.3,309.9,1518.0,36.4,0.0,0.0,1.0,0.0,0,0,0.5235,0.4765
297.4,308.7,1433.0,43.4,116.0,0.0,1.0,0.0,0,0,0.5282,0.4718
303.6,312.9,1480.0,41.4,135.0,0.0,1.0,0.0,0,1,0.501,0.501
300.6,310.9,1702.0,30.3,91.0,0.0,0.0,1.0,0,0,0.5408,0.4592
302.6,312.1,1344.0,51.0,206.0,0.0,1.0,0.0,0,1,0.5208,0.5208
303.0,311.2,1387.0,41.4,100.0,0.0,0.0,1.0,0,1,0.516,0.516
298.3,309.0,1408.0,45.4,98.0,0.0,1.0,0.0,0,0,0.5278,0.4722
302.6,310.4,1365.0,66.8,80.0,0.0,1.0,0.0,1,1,0.5311,0.5311
297.9,307.8,1286.0,59.5,55.0,0.0,1.0,0.0,0,0,0.5054,0.4946
298.9,309.6,1589.0,34.2,197.0,0.0,1.0,0.0,0,0,0.5368,0.4632
297.5,308.8,1477.0,39.0,127.0,0.0,1.0,0.0,0,0,0.5347,0.4653
303.6,312.0,1309.0,52.9,86.0,0.0,1.0,0.0,1,1,0.5237,0.5237
300.1,310.0,1511.0,41.7,186.0,0.0,1.0,0.0,0,0,0.5163,0.4837
302.3,310.2,1506.0,33.8,43.0,1.0,0.0,0.0,0,0,0.5033,0.4967
301.6,310.8,1343.0,49.5,140.0,0.0,0.0,1.0,0,1,0.5174,0.5174
303.6,311.8,1432.0,42.5,150.0,0.0,0.0,1.0,0,1,0.5112,0.5112
299.3,308.6,1448.0,52.1,71.0,0.0,0.0,1.0,0,0,0.5202,0.4798
301.4,310.8,1738.0,30.3,104.0,0.0,0.0,1.0,0,0,0.5316,0.4684
297.7,308.8,1469.0,43.7,96.0,1.0,0.0,0.0,0,0,0.5335,0.4665
297.9,308.8,1681.0,31.7,94.0,0.0,1.0,0.0,0,0,0.5542,0.4458
299.6,309.0,1736.0,26.1,146.0,0.0,0.0,1.0,0,0,0.5521,0.4479
300.2,310.4,1501.0,42.9,212.0,1.0,0.0,0.0,0,0,0.5138,0.4862
296.7,307.9,1579.0,33.4,50.0,1.0,0.0,0.0,0,0,0.5332,0.4668
299.7,311.1,1574.0,36.4,135.0,0.0,1.0,0.0,0,0,0.5323,0.4677
298.6,309.7,1422.0,49.7,139.0,0.0,0.0,1.0,0,0,0.5138,0.4862
297.5,309.4,1678.0,34.4,148.0,0.0,0.0,1.0,0,0,0.5376,0.4624
299.5,308.9,1520.0,38.3,122.0,0.0,1.0,0.0,0,0,0.5388,0.4612
299.0,310.4,1382.0,53.0,89.0,0.0,1.0,0.0,0,0,0.5104,0.4896
301.8,310.8,1383.0,46.4,37.0,0.0,1.0,0.0,0,1,0.515,0.515
299.5,309.3,1409.0,44.7,46.0,0.0,1.0,0.0,0,0,0.5207,0.4793
298.0,308.6,1376.0,55.7,214.0,0.0,0.0,1.0,0,1,0.5016,0.5016
299.2,308.3,1582.0,45.5,107.0,0.0,0.0,1.0,0,0,0.5381,0.4619
299.3,308.8,1772.0,25.2,89.0,0.0,1.0,0.0,0,0,0.5595,0.4405
300.4,310.5,1644.0,31.4,41.0,0.0,0.0,1.0,0,0,0.5414,0.4586
299.3,309.0,1425.0,40.6,123.0,1.0,0.0,0.0,0,0,0.5289,0.4711
298.0,307.6,1694.0,29.1,169.0,0.0,1.0,0.0,0,0,0.549,0.451
303.9,313.1,1491.0,37.2,195.0,0.0,1.0,0.0,0,1,0.5122,0.5122
302.0,310.8,1383.0,50.3,231.0,0.0,1.0,0.0,1,1,0.5211,0.5211
300.4,309.8,1314.0,63.1,146.0,0.0,1.0,0.0,0,1,0.5154,0.5154
300.5,309.3,1578.0,30.5,34.0,0.0,0.0,1.0,0,0,0.5417,0.4583
300.5,309.5,1542.0,38.5,108.0,0.0,1.0,0.0,0,0,0.5266,0.4734
297.8,307.7,1393.0,38.0,29.0,0.0,1.0,0.0,0,0,0.5326,0.4674
300.3,309.8,1523.0,39.2,24.0,0.0,1.0,0.0,0,0,0.5258,0.4742
298.3,307.6,1942.0,20.6,176.0,0.0,1.0,0.0,0,0,0.5467,0.4533
300.7,310.8,1479.0,49.1,71.0,0.0,1.0,0.0,0,0,0.5048,0.4952
301.5,310.5,1396.0,44.5,117.0,0.0,1.0,0.0,0,1,0.5084,0.5084
301.0,310.7,1657.0,29.9,148.0,0.0,0.0,1.0,0,0,0.531,0.469
296.8,308.0,1453.0,51.0,24.0,1.0,0.0,0.0,0,0,0.5078,0.4922
297.6,308.5,1848.0,23.7,37.0,0.0,0.0,1.0,0,0,0.546,0.454
303.5,313.0,1606.0,34.0,126.0,0.0,1.0,0.0,0,0,0.5062,0.4938
297.2,308.5,1550.0,41.5,125.0,0.0,1.0,0.0,0,0,0.5331,0.4669
298.8,310.1,1585.0,31.3,147.0,0.0,0.0,1.0,0,0,0.5389,0.4611
297.3,308.1,1506.0,36.0,150.0,0.0,1.0,0.0,0,0,0.5361,0.4639
298.3,308.4,1484.0,43.4,172.0,0.0,1.0,0.0,0,0,0.527,0.473
302.2,311.7,1466.0,49.0,66.0,0.0,0.0,1.0,0,1,0.5076,0.5076
298.2,308.8,1436.0,51.9,153.0,1.0,0.0,0.0,0,0,0.5129,0.4871
301.4,310.8,1770.0,24.1,112.0,0.0,1.0,0.0,0,0,0.5317,0.4683
300.8,309.7,1481.0,38.1,153.0,0.0,1.0,0.0,0,0,0.5137,0.4863
298.3,309.4,1816.0,22.6,138.0,0.0,0.0,1.0,0,0,0.5448,0.4552
295.7,306.2,1739.0,25.9,94.0,0.0,0.0,1.0,0,1,0.5029,0.5029
297.9,308.0,1800.0,24.8,44.0,1.0,0.0,0.0,0,0,0.5526,0.4474
301.3,311.0,1576.0,30.4,151.0,0.0,1.0,0.0,0,0,0.5237,0.4763
300.8,311.7,1681.0,31.3,221.0,0.0,1.0,0.0,0,0,0.5373,0.4627
300.0,310.4,1505.0,44.9,133.0,0.0,1.0,0.0,0,0,0.515,0.485
298.1,308.4,1335.0,40.2,109.0,0.0,1.0,0.0,0,0,0.5321,0.4679
302.5,311.1,1538.0,36.8,208.0,0.0,1.0,0.0,0,0,0.5025,0.4975
302.0,310.6,1361.0,46.7,182.0,0.0,1.0,0.0,0,1,0.5183,0.5183
303.5,311.7,1959.0,22.3,157.0,0.0,1.0,0.0,0,0,0.5087,0.4913
304.0,313.0,1701.0,30.4,171.0,1.0,0.0,0.0,0,1,0.5041,0.5041
300.6,310.7,1440.0,52.5,200.0,0.0,1.0,0.0,0,1,0.5047,0.5047
298.0,307.5,1792.0,27.9,217.0,0.0,1.0,0.0,0,0,0.5488,0.4512
297.8,307.2,1456.0,39.6,199.0,0.0,0.0,1.0,0,0,0.5261,0.4739
297.3,308.0,1527.0,35.1,165.0,0.0,1.0,0.0,0,0,0.5356,0.4644
299.2,308.5,1381.0,60.6,59.0,0.0,1.0,0.0,0,0,0.5067,0.4933
301.6,311.0,1431.0,42.6,158.0,0.0,1.0,0.0,0,1,0.5018,0.5018
302.6,312.3,1321.0,53.4,42.0,0.0,1.0,0.0,0,1,0.5204,0.5204
298.8,309.8,1477.0,46.7,59.0,0.0,0.0,1.0,0,0,0.5255,0.4745
300.9,311.0,1556.0,38.8,127.0,0.0,0.0,1.0,0,0,0.52,0.48
302.8,312.3,1386.0,57.8,172.0,0.0,1.0,0.0,0,1,0.5201,0.5201
300.7,310.9,1356.0,65.3,66.0,0.0,1.0,0.0,1,1,0.5117,0.5117
300.9,310.8,1988.0,19.7,136.0,0.0,0.0,1.0,0,0,0.5302,0.4698
298.9,310.2,1603.0,36.1,126.0,0.0,0.0,1.0,0,0,0.5393,0.4607
298.2,308.3,1304.0,49.8,45.0,0.0,1.0,0.0,0,0,0.5144,0.4856
302.4,310.1,1418.0,52.3,141.0,0.0,1.0,0.0,0,1,0.5232,0.5232
304.0,313.2,1271.0,68.6,161.0,1.0,0.0,0.0,1,1,0.5267,0.5267
299.2,308.8,1314.0,52.5,193.0,0.0,0.0,1.0,0,1,0.5045,0.5045
298.6,309.4,1439.0,47.1,149.0,1.0,0.0,0.0,0,0,0.5174,0.4826
302.4,311.8,1557.0,31.5,49.0,0.0,0.0,1.0,0,0,0.5107,0.4893
297.8,308.4,1512.0,39.9,181.0,0.0,1.0,0.0,0,0,0.5311,0.4689
301.7,311.0,1343.0,49.2,25.0,0.0,1.0,0.0,0,1,0.5192,0.5192
298.0,309.4,1490.0,40.5,53.0,1.0,0.0,0.0,0,0,0.5342,0.4658
299.0,309.0,1575.0,35.3,47.0,0.0,0.0,1.0,0,0,0.5518,0.4482
300.0,311.4,1655.0,29.6,30.0,0.0,1.0,0.0,0,0,0.5438,0.4562
301.3,310.4,1501.0,41.6,192.0,0.0,1.0,0.0,0,0,0.5054,0.4946
298.2,308.9,1592.0,35.2,142.0,0.0,0.0,1.0,0,0,0.5454,0.4546
299.6,310.9,1530.0,38.8,198.0,0.0,0.0,1.0,0,0,0.523,0.477
299.3,310.4,1548.0,41.6,25.0,1.0,0.0,0.0,0,0,0.5287,0.4713
297.4,308.9,1809.0,23.8,131.0,0.0,1.0,0.0,0,0,0.54,0.46
297.1,308.3,1763.0,25.7,139.0,0.0,1.0,0.0,0,0,0.5387,0.4613
303.6,312.5,1459.0,48.2,17.0,0.0,0.0,1.0,0,1,0.5214,0.5214
298.3,308.3,1444.0,43.8,176.0,0.0,1.0,0.0,0,0,0.5237,0.4763
302.1,311.5,1987.0,20.1,21.0,0.0,1.0,0.0,0,0,0.5254,0.4746
299.1,308.8,1502.0,38.3,88.0,0.0,1.0,0.0,0,0,0.546,0.454
299.7,311.2,1616.0,42.3,180.0,0.0,0.0,1.0,0,0,0.5256,0.4744
301.7,310.5,2465.0,13.7,149.0,0.0,1.0,0.0,0,0,0.5016,0.4984
300.1,309.4,1694.0,27.4,44.0,0.0,1.0,0.0,0,0,0.553,0.447
298.8,309.9,1441.0,41.6,62.0,0.0,1.0,0.0,0,0,0.5287,0.4713
301.9,310.8,1906.0,21.7,62.0,0.0,1.0,0.0,0,0,0.5271,0.4729
296.0,306.6,1392.0,51.3,124.0,0.0,0.0,1.0,0,0,0.5055,0.4945
298.8,309.7,1336.0,50.3,44.0,0.0,1.0,0.0,0,0,0.5077,0.4923
301.0,312.1,1405.0,46.1,79.0,0.0,1.0,0.0,0,0,0.5129,0.4871
300.9,310.6,1709.0,29.2,158.0,0.0,0.0,1.0,0,0,0.5344,0.4656
297.3,308.3,1538.0,38.5,47.0,0.0,1.0,0.0,0,0,0.5385,0.4615
299.4,309.1,1304.0,50.5,153.0,0.0,1.0,0.0,0,1,0.5012,0.5012
302.7,310.4,1542.0,35.7,38.0,0.0,1.0,0.0,0,1,0.5016,0.5016
298.1,307.7,1479.0,45.0,136.0,0.0,1.0,0.0,0,0,0.5321,0.4679
298.4,308.6,1591.0,36.7,122.0,0.0,1.0,0.0,0,0,0.5496,0.4504
302.0,309.8,1532.0,39.4,2.0,0.0,1.0,0.0,0,0,0.5038,0.4962
300.2,309.8,1487.0,39.2,122.0,0.0,0.0,1.0,0,0,0.5219,0.4781
297.7,309.7,1591.0,37.7,196.0,0.0,1.0,0.0,0,0,0.5263,0.4737
302.3,311.5,1543.0,33.1,39.0,0.0,1.0,0.0,0,0,0.5086,0.4914
301.7,311.0,1715.0,24.8,17.0,0.0,1.0,0.0,0,0,0.5288,0.4712
300.4,309.6,1563.0,34.0,6.0,0.0,0.0,1.0,0,0,0.5315,0.4685
298.3,309.2,1486.0,42.4,16.0,1.0,0.0,0.0,0,0,0.5253,0.4747
297.9,308.5,1383.0,44.6,184.0,1.0,0.0,0.0,0,0,0.516,0.484
298.3,307.7,1520.0,41.4,10.0,0.0,0.0,1.0,0,0,0.5325,0.4675
297.4,308.4,1603.0,34.6,65.0,0.0,1.0,0.0,0,0,0.5473,0.4527
301.5,310.5,1556.0,39.1,48.0,0.0,1.0,0.0,0,0,0.5133,0.4867
297.5,309.3,1459.0,49.7,201.0,1.0,0.0,0.0,0,0,0.5064,0.4936
300.8,312.6,1588.0,35.6,114.0,0.0,0.0,1.0,0,0,0.5396,0.4604
297.8,307.3,1804.0,26.0,222.0,0.0,0.0,1.0,0,0,0.5438,0.4562
303.5,312.4,1606.0,31.7,22.0,0.0,0.0,1.0,0,1,0.5091,0.5091
298.6,310.1,1721.0,27.2,5.0,0.0,1.0,0.0,0,0,0.5394,0.4606
300.9,311.1,1417.0,40.7,24.0,0.0,1.0,0.0,0,0,0.509,0.491
298.5,308.0,1363.0,49.2,149.0,0.0,0.0,1.0,0,0,0.5155,0.4845
298.0,308.2,1459.0,42.1,146.0,0.0,1.0,0.0,0,0,0.5322,0.4678
299.0,308.9,1622.0,31.9,42.0,0.0,1.0,0.0,0,0,0.557,0.443
302.5,310.2,1716.0,29.9,156.0,0.0,1.0,0.0,0,0,0.5166,0.4834
300.1,311.5,1383.0,49.1,33.0,1.0,0.0,0.0,0,0,0.5077,0.4923
297.1,308.1,1506.0,37.7,210.0,0.0,0.0,1.0,0,0,0.5249,0.4751
300.2,309.3,1342.0,48.7,68.0,1.0,0.0,0.0,0,0,0.503,0.497
300.1,310.4,1554.0,39.4,115.0,0.0,1.0,0.0,0,0,0.5269,0.4731
299.2,308.6,1582.0,38.8,156.0,0.0,1.0,0.0,0,0,0.5401,0.4599
300.1,310.1,1501.0,39.3,195.0,0.0,0.0,1.0,0,0,0.5186,0.4814
304.1,313.2,1569.0,35.8,146.0,0.0,1.0,0.0,0,1,0.5041,0.5041
301.1,309.8,1519.0,39.6,167.0,0.0,1.0,0.0,0,0,0.5107,0.4893
297.3,308.1,1762.0,26.1,154.0,0.0,1.0,0.0,0,0,0.5414,0.4586
299.3,309.3,1471.0,46.0,42.0,0.0,0.0,1.0,0,0,0.525,0.475
301.9,311.0,1455.0,46.0,29.0,0.0,1.0,0.0,0,1,0.5085,0.5085
302.7,312.1,1597.0,39.8,153.0,0.0,1.0,0.0,0,0,0.5094,0.4906
299.1,310.5,1496.0,35.2,60.0,0.0,1.0,0.0,0,0,0.5358,0.4642
300.2,310.4,1202.0,61.7,74.0,0.0,0.0,1.0,0,1,0.5157,0.5157
298.9,308.7,1546.0,43.4,114.0,0.0,1.0,0.0,0,0,0.5382,0.4618
302.5,310.4,1349.0,55.1,187.0,0.0,1.0,0.0,1,1,0.5299,0.5299
298.6,308.3,1589.0,34.1,174.0,0.0,0.0,1.0,0,0,0.5468,0.4532
302.0,310.9,1455.0,43.2,220.0,0.0,1.0,0.0,0,1,0.506,0.506
302.2,310.5,1507.0,40.4,111.0,0.0,0.0,1.0,0,1,0.5022,0.5022
301.7,311.0,1510.0,47.8,27.0,0.0,0.0,1.0,0,1,0.5032,0.5032
300.7,310.3,1533.0,35.6,198.0,0.0,1.0,0.0,0,0,0.5213,0.4787
300.1,309.1,1478.0,46.9,116.0,0.0,1.0,0.0,0,0,0.5145,0.4855
302.8,312.1,1520.0,39.9,48.0,0.0,1.0,0.0,0,1,0.5001,0.5001
301.4,310.7,1675.0,30.7,92.0,0.0,1.0,0.0,0,0,0.5294,0.4706
296.7,307.5,1515.0,42.1,55.0,0.0,0.0,1.0,0,0,0.5268,0.4732
300.4,311.9,1438.0,46.7,41.0,1.0,0.0,0.0,0,0,0.5168,0.4832
297.0,307.9,1569.0,33.3,141.0,0.0,0.0,1.0,0,0,0.5367,0.4633
301.0,310.8,1375.0,57.2,20.0,0.0,1.0,0.0,0,1,0.5145,0.5145
298.6,308.3,1377.0,52.1,181.0,1.0,0.0,0.0,0,0,0.5056,0.4944
300.5,311.3,1468.0,41.1,34.0,0.0,0.0,1.0,0,0,0.5197,0.4803
301.9,310.6,1412.0,46.5,89.0,0.0,0.0,1.0,0,1,0.514,0.514
300.0,309.5,1717.0,28.3,48.0,0.0,1.0,0.0,0,0,0.5538,0.4462
296.4,307.5,1596.0,35.1,75.0,1.0,0.0,0.0,0,0,0.5279,0.4721
298.9,309.1,1452.0,45.5,196.0,0.0,1.0,0.0,0,0,0.5154,0.4846
302.5,311.9,1265.0,59.8,119.0,0.0,1.0,0.0,0,1,0.5244,0.5244
300.7,311.0,1418.0,49.3,106.0,0.0,0.0,1.0,0,0,0.5002,0.4998
302.6,311.7,1773.0,27.1,30.0,0.0,1.0,0.0,0,0,0.5177,0.4823
295.6,306.2,1584.0,33.6,81.0,0.0,0.0,1.0,0,1,0.5006,0.5006
296.9,307.7,1424.0,43.3,120.0,0.0,1.0,0.0,0,0,0.5253,0.4747
296.9,307.7,1464.0,41.4,6.0,0.0,1.0,0.0,0,0,0.5145,0.4855
300.0,311.5,1666.0,32.0,128.0,0.0,1.0,0.0,0,0,0.5402,0.4598
298.8,310.0,1537.0,39.9,190.0,0.0,1.0,0.0,0,0,0.525,0.475
300.8,310.8,1407.0,45.1,51.0,0.0,1.0,0.0,0,0,0.5033,0.4967
298.3,308.5,1575.0,41.2,105.0,0.0,1.0,0.0,0,0,0.5458,0.4542
300.4,311.2,1351.0,62.0,18.0,0.0,1.0,0.0,0,1,0.5087,0.5087
303.9,312.9,1430.0,53.5,189.0,0.0,0.0,1.0,0,1,0.5209,0.5209
302.2,311.9,1597.0,35.8,160.0,1.0,0.0,0.0,0,0,0.5165,0.4835
298.4,309.9,1725.0,27.8,21.0,0.0,1.0,0.0,0,0,0.5446,0.4554
297.1,308.2,1427.0,45.2,136.0,0.0,1.0,0.0,0,0,0.5221,0.4779
298.0,307.5,1387.0,45.5,166.0,0.0,0.0,1.0,0,0,0.5204,0.4796
297.4,308.3,1550.0,47.8,18.0,0.0,0.0,1.0,0,0,0.5207,0.4793
298.2,308.0,1538.0,38.2,59.0,0.0,1.0,0.0,0,0,0.5512,0.4488
303.0,312.7,1361.0,48.8,120.0,0.0,1.0,0.0,0,1,0.5056,0.5056
