benchmark_mode,objective_type,budget_normalization,experiment_group,ansatz_type,gate_set,encoding_type,entanglement_topology,entangler_type,cost_type,n_qubits,reference_depth,depth,target_entangling_budget,actual_entangling_budget,gates_per_layer,run_id,seed,layer_id,qubit_id,gate_type,axis_id,param_index,param_id,grad_value,abs_grad,is_near_zero
random_bp,expectation_value,same_entangling_gate_count,pm_12q_bp_sweep,hea,RX_RY_RZ_CNOT,none,linear,cnot,local,12,1,1,11,11,11,0,0,0,0,RX,0,0,layer_000_wire_000_RX,-0.01135967024830643,0.01135967024830643,False
random_bp,expectation_value,same_entangling_gate_count,pm_12q_bp_sweep,hea,RX_RY_RZ_CNOT,none,linear,cnot,local,12,1,1,11,11,11,0,0,0,0,RY,1,1,layer_000_wire_000_RY,0.07816968099885398,0.07816968099885398,False
random_bp,expectation_value,same_entangling_gate_count,pm_12q_bp_sweep,hea,RX_RY_RZ_CNOT,none,linear,cnot,local,12,1,1,11,11,11,0,0,0,0,RZ,2,2,layer_000_wire_000_RZ,2.6340000218333372e-17,2.6340000218333372e-17,True
random_bp,expectation_value,same_entangling_gate_count,pm_12q_bp_sweep,hea,RX_RY_RZ_CNOT,none,linear,cnot,local,12,1,1,11,11,11,0,0,0,1,RX,0,3,layer_000_wire_001_RX,-0.0003158964046476787,0.0003158964046476787,False
random_bp,expectation_value,same_entangling_gate_count,pm_12q_bp_sweep,hea,RX_RY_RZ_CNOT,none,linear,cnot,local,12,1,1,11,11,11,0,0,0,1,RY,1,4,layer_000_wire_001_RY,0.007218524115762429,0.007218524115762429,False
random_bp,expectation_value,same_entangling_gate_count,pm_12q_bp_sweep,hea,RX_RY_RZ_CNOT,none,linear,cnot,local,12,1,1,11,11,11,0,0,0,1,RZ,2,5,layer_000_wire_001_RZ,-1.3304423367595703e-17,1.3304423367595703e-17,True
random_bp,expectation_value,same_entangling_gate_count,pm_12q_bp_sweep,hea,RX_RY_RZ_CNOT,none,linear,cnot,local,12,1,1,11,11,11,0,0,0,2,RX,0,6,layer_000_wire_002_RX,-0.0003458866119836904,0.0003458866119836904,False
random_bp,expectation_value,same_entangling_gate_count,pm_12q_bp_sweep,hea,RX_RY_RZ_CNOT,none,linear,cnot,local,12,1,1,11,11,11,0,0,0,2,RY,1,7,layer_000_wire_002_RY,-0.0033700761051043177,0.0033700761051043177,False
random_bp,expectation_value,same_entangling_gate_count,pm_12q_bp_sweep,hea,RX_RY_RZ_CNOT,none,linear,cnot,local,12,1,1,11,11,11,0,0,0,2,RZ,2,8,layer_000_wire_002_RZ,9.226520679302848e-20,9.226520679302848e-20,True
random_bp,expectation_value,same_entangling_gate_count,pm_12q_bp_sweep,hea,RX_RY_RZ_CNOT,none,linear,cnot,local,12,1,1,11,11,11,0,0,0,3,RX,0,9,layer_000_wire_003_RX,7.577331311672841e-05,7.577331311672841e-05,False
random_bp,expectation_value,same_entangling_gate_count,pm_12q_bp_sweep,hea,RX_RY_RZ_CNOT,none,linear,cnot,local,12,1,1,11,11,11,0,0,0,3,RY,1,10,layer_000_wire_003_RY,0.00039925372774504697,0.00039925372774504697,False
random_bp,expectation_value,same_entangling_gate_count,pm_12q_bp_sweep,hea,RX_RY_RZ_CNOT,none,linear,cnot,local,12,1,1,11,11,11,0,0,0,3,RZ,2,11,layer_000_wire_003_RZ,-7.575962679725029e-18,7.575962679725029e-18,True
random_bp,expectation_value,same_entangling_gate_count,pm_12q_bp_sweep,hea,RX_RY_RZ_CNOT,none,linear,cnot,local,12,1,1,11,11,11,0,0,0,4,RX,0,12,layer_000_wire_004_RX,9.860482923907711e-05,9.860482923907711e-05,False
random_bp,expectation_value,same_entangling_gate_count,pm_12q_bp_sweep,hea,RX_RY_RZ_CNOT,none,linear,cnot,local,12,1,1,11,11,11,0,0,0,4,RY,1,13,layer_000_wire_004_RY,-1.6901462551343737e-05,1.6901462551343737e-05,False
random_bp,expectation_value,same_entangling_gate_count,pm_12q_bp_sweep,hea,RX_RY_RZ_CNOT,none,linear,cnot,local,12,1,1,11,11,11,0,0,0,4,RZ,2,14,layer_000_wire_004_RZ,-2.019275880222804e-17,2.019275880222804e-17,True
random_bp,expectation_value,same_entangling_gate_count,pm_12q_bp_sweep,hea,RX_RY_RZ_CNOT,none,linear,cnot,local,12,1,1,11,11,11,0,0,0,5,RX,0,15,layer_000_wire_005_RX,-3.9646033325842905e-05,3.9646033325842905e-05,False
random_bp,expectation_value,same_entangling_gate_count,pm_12q_bp_sweep,hea,RX_RY_RZ_CNOT,none,linear,cnot,local,12,1,1,11,11,11,0,0,0,5,RY,1,16,layer_000_wire_005_RY,2.3210352875368753e-05,2.3210352875368753e-05,False
random_bp,expectation_value,same_entangling_gate_count,pm_12q_bp_sweep,hea,RX_RY_RZ_CNOT,none,linear,cnot,local,12,1,1,11,11,11,0,0,0,5,RZ,2,17,layer_000_wire_005_RZ,-6.222712367132868e-18,6.222712367132868e-18,True
random_bp,expectation_value,same_entangling_gate_count,pm_12q_bp_sweep,hea,RX_RY_RZ_CNOT,none,linear,cnot,local,12,1,1,11,11,11,0,0,0,6,RX,0,18,layer_000_wire_006_RX,8.306737166100323e-06,8.306737166100323e-06,False
random_bp,expectation_value,same_entangling_gate_count,pm_12q_bp_sweep,hea,RX_RY_RZ_CNOT,none,linear,cnot,local,12,1,1,11,11,11,0,0,0,6,RY,1,19,layer_000_wire_006_RY,1.4162241472816424e-06,1.4162241472816424e-06,False
random_bp,expectation_value,same_entangling_gate_count,pm_12q_bp_sweep,hea,RX_RY_RZ_CNOT,none,linear,cnot,local,12,1,1,11,11,11,0,0,0,6,RZ,2,20,layer_000_wire_006_RZ,-2.9114454337454988e-18,2.9114454337454988e-18,True
random_bp,expectation_value,same_entangling_gate_count,pm_12q_bp_sweep,hea,RX_RY_RZ_CNOT,none,linear,cnot,local,12,1,1,11,11,11,0,0,0,7,RX,0,21,layer_000_wire_007_RX,2.0041823936660375e-06,2.0041823936660375e-06,False
random_bp,expectation_value,same_entangling_gate_count,pm_12q_bp_sweep,hea,RX_RY_RZ_CNOT,none,linear,cnot,local,12,1,1,11,11,11,0,0,0,7,RY,1,22,layer_000_wire_007_RY,3.7130096259187922e-06,3.7130096259187922e-06,False
random_bp,expectation_value,same_entangling_gate_count,pm_12q_bp_sweep,hea,RX_RY_RZ_CNOT,none,linear,cnot,local,12,1,1,11,11,11,0,0,0,7,RZ,2,23,layer_000_wire_007_RZ,-7.242220147529384e-18,7.242220147529384e-18,True
random_bp,expectation_value,same_entangling_gate_count,pm_12q_bp_sweep,hea,RX_RY_RZ_CNOT,none,linear,cnot,local,12,1,1,11,11,11,0,0,0,8,RX,0,24,layer_000_wire_008_RX,3.755851961163327e-07,3.755851961163327e-07,True
random_bp,expectation_value,same_entangling_gate_count,pm_12q_bp_sweep,hea,RX_RY_RZ_CNOT,none,linear,cnot,local,12,1,1,11,11,11,0,0,0,8,RY,1,25,layer_000_wire_008_RY,-3.8006508823809626e-07,3.8006508823809626e-07,True
random_bp,expectation_value,same_entangling_gate_count,pm_12q_bp_sweep,hea,RX_RY_RZ_CNOT,none,linear,cnot,local,12,1,1,11,11,11,0,0,0,8,RZ,2,26,layer_000_wire_008_RZ,-3.20575648155925e-18,3.20575648155925e-18,True
random_bp,expectation_value,same_entangling_gate_count,pm_12q_bp_sweep,hea,RX_RY_RZ_CNOT,none,linear,cnot,local,12,1,1,11,11,11,0,0,0,9,RX,0,27,layer_000_wire_009_RX,5.649243503633855e-08,5.649243503633855e-08,True
random_bp,expectation_value,same_entangling_gate_count,pm_12q_bp_sweep,hea,RX_RY_RZ_CNOT,none,linear,cnot,local,12,1,1,11,11,11,0,0,0,9,RY,1,28,layer_000_wire_009_RY,-1.0890507048839926e-06,1.0890507048839926e-06,False
random_bp,expectation_value,same_entangling_gate_count,pm_12q_bp_sweep,hea,RX_RY_RZ_CNOT,none,linear,cnot,local,12,1,1,11,11,11,0,0,0,9,RZ,2,29,layer_000_wire_009_RZ,8.708163009240619e-18,8.708163009240619e-18,True
random_bp,expectation_value,same_entangling_gate_count,pm_12q_bp_sweep,hea,RX_RY_RZ_CNOT,none,linear,cnot,local,12,1,1,11,11,11,0,0,0,10,RX,0,30,layer_000_wire_010_RX,-2.9076394191321353e-07,2.9076394191321353e-07,True
random_bp,expectation_value,same_entangling_gate_count,pm_12q_bp_sweep,hea,RX_RY_RZ_CNOT,none,linear,cnot,local,12,1,1,11,11,11,0,0,0,10,RY,1,31,layer_000_wire_010_RY,9.932238927232856e-08,9.932238927232856e-08,True
random_bp,expectation_value,same_entangling_gate_count,pm_12q_bp_sweep,hea,RX_RY_RZ_CNOT,none,linear,cnot,local,12,1,1,11,11,11,0,0,0,10,RZ,2,32,layer_000_wire_010_RZ,-4.665412035366541e-17,4.665412035366541e-17,True
random_bp,expectation_value,same_entangling_gate_count,pm_12q_bp_sweep,hea,RX_RY_RZ_CNOT,none,linear,cnot,local,12,1,1,11,11,11,0,0,0,11,RX,0,33,layer_000_wire_011_RX,-9.783434252660927e-08,9.783434252660927e-08,True
random_bp,expectation_value,same_entangling_gate_count,pm_12q_bp_sweep,hea,RX_RY_RZ_CNOT,none,linear,cnot,local,12,1,1,11,11,11,0,0,0,11,RY,1,34,layer_000_wire_011_RY,-2.8464422044448615e-09,2.8464422044448615e-09,True
random_bp,expectation_value,same_entangling_gate_count,pm_12q_bp_sweep,hea,RX_RY_RZ_CNOT,none,linear,cnot,local,12,1,1,11,11,11,0,0,0,11,RZ,2,35,layer_000_wire_011_RZ,1.733364427740284e-17,1.733364427740284e-17,True
random_bp,expectation_value,same_entangling_gate_count,pm_12q_bp_sweep,hea,RX_RY_RZ_CNOT,none,linear,cnot,local,12,1,1,11,11,11,1,1,0,0,RX,0,0,layer_000_wire_000_RX,0.004624314733101085,0.004624314733101085,False
random_bp,expectation_value,same_entangling_gate_count,pm_12q_bp_sweep,hea,RX_RY_RZ_CNOT,none,linear,cnot,local,12,1,1,11,11,11,1,1,0,0,RY,1,1,layer_000_wire_000_RY,-0.01999143321302555,0.01999143321302555,False
random_bp,expectation_value,same_entangling_gate_count,pm_12q_bp_sweep,hea,RX_RY_RZ_CNOT,none,linear,cnot,local,12,1,1,11,11,11,1,1,0,0,RZ,2,2,layer_000_wire_000_RZ,2.5985335568228577e-18,2.5985335568228577e-18,True
random_bp,expectation_value,same_entangling_gate_count,pm_12q_bp_sweep,hea,RX_RY_RZ_CNOT,none,linear,cnot,local,12,1,1,11,11,11,1,1,0,1,RX,0,3,layer_000_wire_001_RX,0.005672832705626164,0.005672832705626164,False
random_bp,expectation_value,same_entangling_gate_count,pm_12q_bp_sweep,hea,RX_RY_RZ_CNOT,none,linear,cnot,local,12,1,1,11,11,11,1,1,0,1,RY,1,4,layer_000_wire_001_RY,0.04145580205230383,0.04145580205230383,False
random_bp,expectation_value,same_entangling_gate_count,pm_12q_bp_sweep,hea,RX_RY_RZ_CNOT,none,linear,cnot,local,12,1,1,11,11,11,1,1,0,1,RZ,2,5,layer_000_wire_001_RZ,1.917069686565489e-18,1.917069686565489e-18,True
random_bp,expectation_value,same_entangling_gate_count,pm_12q_bp_sweep,hea,RX_RY_RZ_CNOT,none,linear,cnot,local,12,1,1,11,11,11,1,1,0,2,RX,0,6,layer_000_wire_002_RX,-0.021564279911847097,0.021564279911847097,False
random_bp,expectation_value,same_entangling_gate_count,pm_12q_bp_sweep,hea,RX_RY_RZ_CNOT,none,linear,cnot,local,12,1,1,11,11,11,1,1,0,2,RY,1,7,layer_000_wire_002_RY,-0.007349311134046349,0.007349311134046349,False
random_bp,expectation_value,same_entangling_gate_count,pm_12q_bp_sweep,hea,RX_RY_RZ_CNOT,none,linear,cnot,local,12,1,1,11,11,11,1,1,0,2,RZ,2,8,layer_000_wire_002_RZ,2.063574979868179e-18,2.063574979868179e-18,True
random_bp,expectation_value,same_entangling_gate_count,pm_12q_bp_sweep,hea,RX_RY_RZ_CNOT,none,linear,cnot,local,12,1,1,11,11,11,1,1,0,3,RX,0,9,layer_000_wire_003_RX,4.080968880576519e-05,4.080968880576519e-05,False
random_bp,expectation_value,same_entangling_gate_count,pm_12q_bp_sweep,hea,RX_RY_RZ_CNOT,none,linear,cnot,local,12,1,1,11,11,11,1,1,0,3,RY,1,10,layer_000_wire_003_RY,-0.01056829475631715,0.01056829475631715,False
random_bp,expectation_value,same_entangling_gate_count,pm_12q_bp_sweep,hea,RX_RY_RZ_CNOT,none,linear,cnot,local,12,1,1,11,11,11,1,1,0,3,RZ,2,11,layer_000_wire_003_RZ,2.7917137893921762e-18,2.7917137893921762e-18,True
random_bp,expectation_value,same_entangling_gate_count,pm_12q_bp_sweep,hea,RX_RY_RZ_CNOT,none,linear,cnot,local,12,1,1,11,11,11,1,1,0,4,RX,0,12,layer_000_wire_004_RX,1.938450648472298e-05,1.938450648472298e-05,False
random_bp,expectation_value,same_entangling_gate_count,pm_12q_bp_sweep,hea,RX_RY_RZ_CNOT,none,linear,cnot,local,12,1,1,11,11,11,1,1,0,4,RY,1,13,layer_000_wire_004_RY,4.310181131443602e-05,4.310181131443602e-05,False
random_bp,expectation_value,same_entangling_gate_count,pm_12q_bp_sweep,hea,RX_RY_RZ_CNOT,none,linear,cnot,local,12,1,1,11,11,11,1,1,0,4,RZ,2,14,layer_000_wire_004_RZ,-3.2250544003458655e-19,3.2250544003458655e-19,True
random_bp,expectation_value,same_entangling_gate_count,pm_12q_bp_sweep,hea,RX_RY_RZ_CNOT,none,linear,cnot,local,12,1,1,11,11,11,1,1,0,5,RX,0,15,layer_000_wire_005_RX,-5.233506108604999e-06,5.233506108604999e-06,False
random_bp,expectation_value,same_entangling_gate_count,pm_12q_bp_sweep,hea,RX_RY_RZ_CNOT,none,linear,cnot,local,12,1,1,11,11,11,1,1,0,5,RY,1,16,layer_000_wire_005_RY,1.9497593740504943e-05,1.9497593740504943e-05,False
random_bp,expectation_value,same_entangling_gate_count,pm_12q_bp_sweep,hea,RX_RY_RZ_CNOT,none,linear,cnot,local,12,1,1,11,11,11,1,1,0,5,RZ,2,17,layer_000_wire_005_RZ,2.17567218865414e-18,2.17567218865414e-18,True
random_bp,expectation_value,same_entangling_gate_count,pm_12q_bp_sweep,hea,RX_RY_RZ_CNOT,none,linear,cnot,local,12,1,1,11,11,11,1,1,0,6,RX,0,18,layer_000_wire_006_RX,-1.534742012650192e-06,1.534742012650192e-06,False
random_bp,expectation_value,same_entangling_gate_count,pm_12q_bp_sweep,hea,RX_RY_RZ_CNOT,none,linear,cnot,local,12,1,1,11,11,11,1,1,0,6,RY,1,19,layer_000_wire_006_RY,5.960696250768144e-06,5.960696250768144e-06,False
random_bp,expectation_value,same_entangling_gate_count,pm_12q_bp_sweep,hea,RX_RY_RZ_CNOT,none,linear,cnot,local,12,1,1,11,11,11,1,1,0,6,RZ,2,20,layer_000_wire_006_RZ,1.9727073531911895e-18,1.9727073531911895e-18,True
random_bp,expectation_value,same_entangling_gate_count,pm_12q_bp_sweep,hea,RX_RY_RZ_CNOT,none,linear,cnot,local,12,1,1,11,11,11,1,1,0,7,RX,0,21,layer_000_wire_007_RX,3.3133883863348257e-07,3.3133883863348257e-07,True
random_bp,expectation_value,same_entangling_gate_count,pm_12q_bp_sweep,hea,RX_RY_RZ_CNOT,none,linear,cnot,local,12,1,1,11,11,11,1,1,0,7,RY,1,22,layer_000_wire_007_RY,5.980580286644305e-09,5.980580286644305e-09,True
random_bp,expectation_value,same_entangling_gate_count,pm_12q_bp_sweep,hea,RX_RY_RZ_CNOT,none,linear,cnot,local,12,1,1,11,11,11,1,1,0,7,RZ,2,23,layer_000_wire_007_RZ,-3.0583780029832634e-18,3.0583780029832634e-18,True
random_bp,expectation_value,same_entangling_gate_count,pm_12q_bp_sweep,hea,RX_RY_RZ_CNOT,none,linear,cnot,local,12,1,1,11,11,11,1,1,0,8,RX,0,24,layer_000_wire_008_RX,-2.743098609370165e-09,2.743098609370165e-09,True
random_bp,expectation_value,same_entangling_gate_count,pm_12q_bp_sweep,hea,RX_RY_RZ_CNOT,none,linear,cnot,local,12,1,1,11,11,11,1,1,0,8,RY,1,25,layer_000_wire_008_RY,6.98960234205015e-08,6.98960234205015e-08,True
random_bp,expectation_value,same_entangling_gate_count,pm_12q_bp_sweep,hea,RX_RY_RZ_CNOT,none,linear,cnot,local,12,1,1,11,11,11,1,1,0,8,RZ,2,26,layer_000_wire_008_RZ,-5.577557397859132e-18,5.577557397859132e-18,True
random_bp,expectation_value,same_entangling_gate_count,pm_12q_bp_sweep,hea,RX_RY_RZ_CNOT,none,linear,cnot,local,12,1,1,11,11,11,1,1,0,9,RX,0,27,layer_000_wire_009_RX,2.125076600800746e-09,2.125076600800746e-09,True
random_bp,expectation_value,same_entangling_gate_count,pm_12q_bp_sweep,hea,RX_RY_RZ_CNOT,none,linear,cnot,local,12,1,1,11,11,11,1,1,0,9,RY,1,28,layer_000_wire_009_RY,-5.764375400618693e-10,5.764375400618693e-10,True
random_bp,expectation_value,same_entangling_gate_count,pm_12q_bp_sweep,hea,RX_RY_RZ_CNOT,none,linear,cnot,local,12,1,1,11,11,11,1,1,0,9,RZ,2,29,layer_000_wire_009_RZ,-1.5177299145364036e-18,1.5177299145364036e-18,True
random_bp,expectation_value,same_entangling_gate_count,pm_12q_bp_sweep,hea,RX_RY_RZ_CNOT,none,linear,cnot,local,12,1,1,11,11,11,1,1,0,10,RX,0,30,layer_000_wire_010_RX,6.782000308569458e-11,6.782000308569458e-11,True
random_bp,expectation_value,same_entangling_gate_count,pm_12q_bp_sweep,hea,RX_RY_RZ_CNOT,none,linear,cnot,local,12,1,1,11,11,11,1,1,0,10,RY,1,31,layer_000_wire_010_RY,5.967058999689634e-10,5.967058999689634e-10,True
random_bp,expectation_value,same_entangling_gate_count,pm_12q_bp_sweep,hea,RX_RY_RZ_CNOT,none,linear,cnot,local,12,1,1,11,11,11,1,1,0,10,RZ,2,32,layer_000_wire_010_RZ,-1.8406609117312604e-17,1.8406609117312604e-17,True
random_bp,expectation_value,same_entangling_gate_count,pm_12q_bp_sweep,hea,RX_RY_RZ_CNOT,none,linear,cnot,local,12,1,1,11,11,11,1,1,0,11,RX,0,33,layer_000_wire_011_RX,5.73083032417987e-10,5.73083032417987e-10,True
random_bp,expectation_value,same_entangling_gate_count,pm_12q_bp_sweep,hea,RX_RY_RZ_CNOT,none,linear,cnot,local,12,1,1,11,11,11,1,1,0,11,RY,1,34,layer_000_wire_011_RY,-8.336972778799634e-11,8.336972778799634e-11,True
random_bp,expectation_value,same_entangling_gate_count,pm_12q_bp_sweep,hea,RX_RY_RZ_CNOT,none,linear,cnot,local,12,1,1,11,11,11,1,1,0,11,RZ,2,35,layer_000_wire_011_RZ,1.0866294505628013e-17,1.0866294505628013e-17,True
random_bp,expectation_value,same_entangling_gate_count,pm_12q_bp_sweep,hea,RX_RY_RZ_CNOT,none,linear,cnot,local,12,1,1,11,11,11,2,2,0,0,RX,0,0,layer_000_wire_000_RX,-0.0016515261320382297,0.0016515261320382297,False
random_bp,expectation_value,same_entangling_gate_count,pm_12q_bp_sweep,hea,RX_RY_RZ_CNOT,none,linear,cnot,local,12,1,1,11,11,11,2,2,0,0,RY,1,1,layer_000_wire_000_RY,-0.00038385690942263796,0.00038385690942263796,False
random_bp,expectation_value,same_entangling_gate_count,pm_12q_bp_sweep,hea,RX_RY_RZ_CNOT,none,linear,cnot,local,12,1,1,11,11,11,2,2,0,0,RZ,2,2,layer_000_wire_000_RZ,-2.6216043855378605e-17,2.6216043855378605e-17,True
random_bp,expectation_value,same_entangling_gate_count,pm_12q_bp_sweep,hea,RX_RY_RZ_CNOT,none,linear,cnot,local,12,1,1,11,11,11,2,2,0,1,RX,0,3,layer_000_wire_001_RX,0.0012661582874620345,0.0012661582874620345,False
random_bp,expectation_value,same_entangling_gate_count,pm_12q_bp_sweep,hea,RX_RY_RZ_CNOT,none,linear,cnot,local,12,1,1,11,11,11,2,2,0,1,RY,1,4,layer_000_wire_001_RY,0.0014135796485097085,0.0014135796485097085,False
random_bp,expectation_value,same_entangling_gate_count,pm_12q_bp_sweep,hea,RX_RY_RZ_CNOT,none,linear,cnot,local,12,1,1,11,11,11,2,2,0,1,RZ,2,5,layer_000_wire_001_RZ,8.246979600680499e-18,8.246979600680499e-18,True
random_bp,expectation_value,same_entangling_gate_count,pm_12q_bp_sweep,hea,RX_RY_RZ_CNOT,none,linear,cnot,local,12,1,1,11,11,11,2,2,0,2,RX,0,6,layer_000_wire_002_RX,0.001722541625932999,0.001722541625932999,False
random_bp,expectation_value,same_entangling_gate_count,pm_12q_bp_sweep,hea,RX_RY_RZ_CNOT,none,linear,cnot,local,12,1,1,11,11,11,2,2,0,2,RY,1,7,layer_000_wire_002_RY,0.0002557843152311957,0.0002557843152311957,False
random_bp,expectation_value,same_entangling_gate_count,pm_12q_bp_sweep,hea,RX_RY_RZ_CNOT,none,linear,cnot,local,12,1,1,11,11,11,2,2,0,2,RZ,2,8,layer_000_wire_002_RZ,-1.7855050303364966e-17,1.7855050303364966e-17,True
random_bp,expectation_value,same_entangling_gate_count,pm_12q_bp_sweep,hea,RX_RY_RZ_CNOT,none,linear,cnot,local,12,1,1,11,11,11,2,2,0,3,RX,0,9,layer_000_wire_003_RX,0.00040569225712909366,0.00040569225712909366,False
random_bp,expectation_value,same_entangling_gate_count,pm_12q_bp_sweep,hea,RX_RY_RZ_CNOT,none,linear,cnot,local,12,1,1,11,11,11,2,2,0,3,RY,1,10,layer_000_wire_003_RY,0.00011002520660989912,0.00011002520660989912,False
random_bp,expectation_value,same_entangling_gate_count,pm_12q_bp_sweep,hea,RX_RY_RZ_CNOT,none,linear,cnot,local,12,1,1,11,11,11,2,2,0,3,RZ,2,11,layer_000_wire_003_RZ,-5.992329407726836e-18,5.992329407726836e-18,True
random_bp,expectation_value,same_entangling_gate_count,pm_12q_bp_sweep,hea,RX_RY_RZ_CNOT,none,linear,cnot,local,12,1,1,11,11,11,2,2,0,4,RX,0,12,layer_000_wire_004_RX,-1.9110528967837575e-05,1.9110528967837575e-05,False
random_bp,expectation_value,same_entangling_gate_count,pm_12q_bp_sweep,hea,RX_RY_RZ_CNOT,none,linear,cnot,local,12,1,1,11,11,11,2,2,0,4,RY,1,13,layer_000_wire_004_RY,7.635758942562231e-05,7.635758942562231e-05,False
random_bp,expectation_value,same_entangling_gate_count,pm_12q_bp_sweep,hea,RX_RY_RZ_CNOT,none,linear,cnot,local,12,1,1,11,11,11,2,2,0,4,RZ,2,14,layer_000_wire_004_RZ,-3.6078076609277614e-19,3.6078076609277614e-19,True
random_bp,expectation_value,same_entangling_gate_count,pm_12q_bp_sweep,hea,RX_RY_RZ_CNOT,none,linear,cnot,local,12,1,1,11,11,11,2,2,0,5,RX,0,15,layer_000_wire_005_RX,-6.307489313420156e-05,6.307489313420156e-05,False
random_bp,expectation_value,same_entangling_gate_count,pm_12q_bp_sweep,hea,RX_RY_RZ_CNOT,none,linear,cnot,local,12,1,1,11,11,11,2,2,0,5,RY,1,16,layer_000_wire_005_RY,1.1807275440836232e-05,1.1807275440836232e-05,False
random_bp,expectation_value,same_entangling_gate_count,pm_12q_bp_sweep,hea,RX_RY_RZ_CNOT,none,linear,cnot,local,12,1,1,11,11,11,2,2,0,5,RZ,2,17,layer_000_wire_005_RZ,-1.6004716911186133e-18,1.6004716911186133e-18,True
random_bp,expectation_value,same_entangling_gate_count,pm_12q_bp_sweep,hea,RX_RY_RZ_CNOT,none,linear,cnot,local,12,1,1,11,11,11,2,2,0,6,RX,0,18,layer_000_wire_006_RX,-6.674727959998953e-06,6.674727959998953e-06,False
random_bp,expectation_value,same_entangling_gate_count,pm_12q_bp_sweep,hea,RX_RY_RZ_CNOT,none,linear,cnot,local,12,1,1,11,11,11,2,2,0,6,RY,1,19,layer_000_wire_006_RY,1.9801583655596024e-05,1.9801583655596024e-05,False
random_bp,expectation_value,same_entangling_gate_count,pm_12q_bp_sweep,hea,RX_RY_RZ_CNOT,none,linear,cnot,local,12,1,1,11,11,11,2,2,0,6,RZ,2,20,layer_000_wire_006_RZ,-2.295746409528814e-18,2.295746409528814e-18,True
random_bp,expectation_value,same_entangling_gate_count,pm_12q_bp_sweep,hea,RX_RY_RZ_CNOT,none,linear,cnot,local,12,1,1,11,11,11,2,2,0,7,RX,0,21,layer_000_wire_007_RX,-7.801610737179598e-07,7.801610737179598e-07,True
random_bp,expectation_value,same_entangling_gate_count,pm_12q_bp_sweep,hea,RX_RY_RZ_CNOT,none,linear,cnot,local,12,1,1,11,11,11,2,2,0,7,RY,1,22,layer_000_wire_007_RY,9.125003616778695e-06,9.125003616778695e-06,False
random_bp,expectation_value,same_entangling_gate_count,pm_12q_bp_sweep,hea,RX_RY_RZ_CNOT,none,linear,cnot,local,12,1,1,11,11,11,2,2,0,7,RZ,2,23,layer_000_wire_007_RZ,-4.023226795870429e-18,4.023226795870429e-18,True
random_bp,expectation_value,same_entangling_gate_count,pm_12q_bp_sweep,hea,RX_RY_RZ_CNOT,none,linear,cnot,local,12,1,1,11,11,11,2,2,0,8,RX,0,24,layer_000_wire_008_RX,-8.40045811805704e-06,8.40045811805704e-06,False
random_bp,expectation_value,same_entangling_gate_count,pm_12q_bp_sweep,hea,RX_RY_RZ_CNOT,none,linear,cnot,local,12,1,1,11,11,11,2,2,0,8,RY,1,25,layer_000_wire_008_RY,-1.9774018300260996e-06,1.9774018300260996e-06,False
random_bp,expectation_value,same_entangling_gate_count,pm_12q_bp_sweep,hea,RX_RY_RZ_CNOT,none,linear,cnot,local,12,1,1,11,11,11,2,2,0,8,RZ,2,26,layer_000_wire_008_RZ,4.2000001308105685e-19,4.2000001308105685e-19,True
random_bp,expectation_value,same_entangling_gate_count,pm_12q_bp_sweep,hea,RX_RY_RZ_CNOT,none,linear,cnot,local,12,1,1,11,11,11,2,2,0,9,RX,0,27,layer_000_wire_009_RX,-4.648915015601652e-06,4.648915015601652e-06,False
random_bp,expectation_value,same_entangling_gate_count,pm_12q_bp_sweep,hea,RX_RY_RZ_CNOT,none,linear,cnot,local,12,1,1,11,11,11,2,2,0,9,RY,1,28,layer_000_wire_009_RY,-1.3686293173142885e-06,1.3686293173142885e-06,False
random_bp,expectation_value,same_entangling_gate_count,pm_12q_bp_sweep,hea,RX_RY_RZ_CNOT,none,linear,cnot,local,12,1,1,11,11,11,2,2,0,9,RZ,2,29,layer_000_wire_009_RZ,3.39176556473708e-18,3.39176556473708e-18,True
random_bp,expectation_value,same_entangling_gate_count,pm_12q_bp_sweep,hea,RX_RY_RZ_CNOT,none,linear,cnot,local,12,1,1,11,11,11,2,2,0,10,RX,0,30,layer_000_wire_010_RX,-6.862969563880614e-07,6.862969563880614e-07,True
random_bp,expectation_value,same_entangling_gate_count,pm_12q_bp_sweep,hea,RX_RY_RZ_CNOT,none,linear,cnot,local,12,1,1,11,11,11,2,2,0,10,RY,1,31,layer_000_wire_010_RY,1.8992579030308303e-07,1.8992579030308303e-07,True
random_bp,expectation_value,same_entangling_gate_count,pm_12q_bp_sweep,hea,RX_RY_RZ_CNOT,none,linear,cnot,local,12,1,1,11,11,11,2,2,0,10,RZ,2,32,layer_000_wire_010_RZ,-2.4969419772150286e-17,2.4969419772150286e-17,True
random_bp,expectation_value,same_entangling_gate_count,pm_12q_bp_sweep,hea,RX_RY_RZ_CNOT,none,linear,cnot,local,12,1,1,11,11,11,2,2,0,11,RX,0,33,layer_000_wire_011_RX,-1.6695403368326237e-07,1.6695403368326237e-07,True
random_bp,expectation_value,same_entangling_gate_count,pm_12q_bp_sweep,hea,RX_RY_RZ_CNOT,none,linear,cnot,local,12,1,1,11,11,11,2,2,0,11,RY,1,34,layer_000_wire_011_RY,1.5367845161294753e-07,1.5367845161294753e-07,True
random_bp,expectation_value,same_entangling_gate_count,pm_12q_bp_sweep,hea,RX_RY_RZ_CNOT,none,linear,cnot,local,12,1,1,11,11,11,2,2,0,11,RZ,2,35,layer_000_wire_011_RZ,8.07395774255125e-18,8.07395774255125e-18,True
random_bp,expectation_value,same_entangling_gate_count,pm_12q_bp_sweep,hea,RX_RY_RZ_CNOT,none,linear,cnot,global,12,1,1,11,11,11,3,0,0,0,RX,0,0,layer_000_wire_000_RX,-5.421010862427522e-20,5.421010862427522e-20,True
random_bp,expectation_value,same_entangling_gate_count,pm_12q_bp_sweep,hea,RX_RY_RZ_CNOT,none,linear,cnot,global,12,1,1,11,11,11,3,0,0,0,RY,1,1,layer_000_wire_000_RY,3.686287386450715e-18,3.686287386450715e-18,True
random_bp,expectation_value,same_entangling_gate_count,pm_12q_bp_sweep,hea,RX_RY_RZ_CNOT,none,linear,cnot,global,12,1,1,11,11,11,3,0,0,0,RZ,2,2,layer_000_wire_000_RZ,-8.207979888309681e-20,8.207979888309681e-20,True
random_bp,expectation_value,same_entangling_gate_count,pm_12q_bp_sweep,hea,RX_RY_RZ_CNOT,none,linear,cnot,global,12,1,1,11,11,11,3,0,0,1,RX,0,3,layer_000_wire_001_RX,-0.00010178094915012993,0.00010178094915012993,False
random_bp,expectation_value,same_entangling_gate_count,pm_12q_bp_sweep,hea,RX_RY_RZ_CNOT,none,linear,cnot,global,12,1,1,11,11,11,3,0,0,1,RY,1,4,layer_000_wire_001_RY,0.002325788534329221,0.002325788534329221,False
random_bp,expectation_value,same_entangling_gate_count,pm_12q_bp_sweep,hea,RX_RY_RZ_CNOT,none,linear,cnot,global,12,1,1,11,11,11,3,0,0,1,RZ,2,5,layer_000_wire_001_RZ,-3.0636615940771835e-18,3.0636615940771835e-18,True
random_bp,expectation_value,same_entangling_gate_count,pm_12q_bp_sweep,hea,RX_RY_RZ_CNOT,none,linear,cnot,global,12,1,1,11,11,11,3,0,0,2,RX,0,6,layer_000_wire_002_RX,-1.0842021724855044e-19,1.0842021724855044e-19,True
random_bp,expectation_value,same_entangling_gate_count,pm_12q_bp_sweep,hea,RX_RY_RZ_CNOT,none,linear,cnot,global,12,1,1,11,11,11,3,0,0,2,RY,1,7,layer_000_wire_002_RY,6.884683795282953e-18,6.884683795282953e-18,True
random_bp,expectation_value,same_entangling_gate_count,pm_12q_bp_sweep,hea,RX_RY_RZ_CNOT,none,linear,cnot,global,12,1,1,11,11,11,3,0,0,2,RZ,2,8,layer_000_wire_002_RZ,3.870002611716904e-19,3.870002611716904e-19,True
random_bp,expectation_value,same_entangling_gate_count,pm_12q_bp_sweep,hea,RX_RY_RZ_CNOT,none,linear,cnot,global,12,1,1,11,11,11,3,0,0,3,RX,0,9,layer_000_wire_003_RX,0.0004220792961175026,0.0004220792961175026,False
random_bp,expectation_value,same_entangling_gate_count,pm_12q_bp_sweep,hea,RX_RY_RZ_CNOT,none,linear,cnot,global,12,1,1,11,11,11,3,0,0,3,RY,1,10,layer_000_wire_003_RY,0.0022239588774392756,0.0022239588774392756,False
random_bp,expectation_value,same_entangling_gate_count,pm_12q_bp_sweep,hea,RX_RY_RZ_CNOT,none,linear,cnot,global,12,1,1,11,11,11,3,0,0,3,RZ,2,11,layer_000_wire_003_RZ,-3.887001004984657e-18,3.887001004984657e-18,True
random_bp,expectation_value,same_entangling_gate_count,pm_12q_bp_sweep,hea,RX_RY_RZ_CNOT,none,linear,cnot,global,12,1,1,11,11,11,3,0,0,4,RX,0,12,layer_000_wire_004_RX,-3.3068166260807885e-18,3.3068166260807885e-18,True
random_bp,expectation_value,same_entangling_gate_count,pm_12q_bp_sweep,hea,RX_RY_RZ_CNOT,none,linear,cnot,global,12,1,1,11,11,11,3,0,0,4,RY,1,13,layer_000_wire_004_RY,2.520770051028798e-18,2.520770051028798e-18,True
random_bp,expectation_value,same_entangling_gate_count,pm_12q_bp_sweep,hea,RX_RY_RZ_CNOT,none,linear,cnot,global,12,1,1,11,11,11,3,0,0,4,RZ,2,14,layer_000_wire_004_RZ,-3.317291078088568e-18,3.317291078088568e-18,True
random_bp,expectation_value,same_entangling_gate_count,pm_12q_bp_sweep,hea,RX_RY_RZ_CNOT,none,linear,cnot,global,12,1,1,11,11,11,3,0,0,5,RX,0,15,layer_000_wire_005_RX,-0.0019363371974153993,0.0019363371974153993,False
random_bp,expectation_value,same_entangling_gate_count,pm_12q_bp_sweep,hea,RX_RY_RZ_CNOT,none,linear,cnot,global,12,1,1,11,11,11,3,0,0,5,RY,1,16,layer_000_wire_005_RY,0.001133608229310668,0.001133608229310668,False
random_bp,expectation_value,same_entangling_gate_count,pm_12q_bp_sweep,hea,RX_RY_RZ_CNOT,none,linear,cnot,global,12,1,1,11,11,11,3,0,0,5,RZ,2,17,layer_000_wire_005_RZ,-3.2794644730596876e-18,3.2794644730596876e-18,True
random_bp,expectation_value,same_entangling_gate_count,pm_12q_bp_sweep,hea,RX_RY_RZ_CNOT,none,linear,cnot,global,12,1,1,11,11,11,3,0,0,6,RX,0,18,layer_000_wire_006_RX,-3.5236570605778894e-18,3.5236570605778894e-18,True
random_bp,expectation_value,same_entangling_gate_count,pm_12q_bp_sweep,hea,RX_RY_RZ_CNOT,none,linear,cnot,global,12,1,1,11,11,11,3,0,0,6,RY,1,19,layer_000_wire_006_RY,-4.526544070126981e-18,4.526544070126981e-18,True
random_bp,expectation_value,same_entangling_gate_count,pm_12q_bp_sweep,hea,RX_RY_RZ_CNOT,none,linear,cnot,global,12,1,1,11,11,11,3,0,0,6,RZ,2,20,layer_000_wire_006_RZ,-2.3459680369656306e-18,2.3459680369656306e-18,True
random_bp,expectation_value,same_entangling_gate_count,pm_12q_bp_sweep,hea,RX_RY_RZ_CNOT,none,linear,cnot,global,12,1,1,11,11,11,3,0,0,7,RX,0,21,layer_000_wire_007_RX,-0.0009678303500264933,0.0009678303500264933,False
random_bp,expectation_value,same_entangling_gate_count,pm_12q_bp_sweep,hea,RX_RY_RZ_CNOT,none,linear,cnot,global,12,1,1,11,11,11,3,0,0,7,RY,1,22,layer_000_wire_007_RY,-0.0017930321198603777,0.0017930321198603777,False
random_bp,expectation_value,same_entangling_gate_count,pm_12q_bp_sweep,hea,RX_RY_RZ_CNOT,none,linear,cnot,global,12,1,1,11,11,11,3,0,0,7,RZ,2,23,layer_000_wire_007_RZ,2.5164842285029287e-18,2.5164842285029287e-18,True
random_bp,expectation_value,same_entangling_gate_count,pm_12q_bp_sweep,hea,RX_RY_RZ_CNOT,none,linear,cnot,global,12,1,1,11,11,11,3,0,0,8,RX,0,24,layer_000_wire_008_RX,3.469446951953614e-18,3.469446951953614e-18,True
random_bp,expectation_value,same_entangling_gate_count,pm_12q_bp_sweep,hea,RX_RY_RZ_CNOT,none,linear,cnot,global,12,1,1,11,11,11,3,0,0,8,RY,1,25,layer_000_wire_008_RY,-7.589415207398531e-19,7.589415207398531e-19,True
random_bp,expectation_value,same_entangling_gate_count,pm_12q_bp_sweep,hea,RX_RY_RZ_CNOT,none,linear,cnot,global,12,1,1,11,11,11,3,0,0,8,RZ,2,26,layer_000_wire_008_RZ,-4.467036784951539e-19,4.467036784951539e-19,True
random_bp,expectation_value,same_entangling_gate_count,pm_12q_bp_sweep,hea,RX_RY_RZ_CNOT,none,linear,cnot,global,12,1,1,11,11,11,3,0,0,9,RX,0,27,layer_000_wire_009_RX,0.00011816749226786826,0.00011816749226786826,False
random_bp,expectation_value,same_entangling_gate_count,pm_12q_bp_sweep,hea,RX_RY_RZ_CNOT,none,linear,cnot,global,12,1,1,11,11,11,3,0,0,9,RY,1,28,layer_000_wire_009_RY,-0.00227801104128514,0.00227801104128514,False
random_bp,expectation_value,same_entangling_gate_count,pm_12q_bp_sweep,hea,RX_RY_RZ_CNOT,none,linear,cnot,global,12,1,1,11,11,11,3,0,0,9,RZ,2,29,layer_000_wire_009_RZ,2.1513863574731014e-19,2.1513863574731014e-19,True
random_bp,expectation_value,same_entangling_gate_count,pm_12q_bp_sweep,hea,RX_RY_RZ_CNOT,none,linear,cnot,global,12,1,1,11,11,11,3,0,0,10,RX,0,30,layer_000_wire_010_RX,4.716279450311944e-18,4.716279450311944e-18,True
random_bp,expectation_value,same_entangling_gate_count,pm_12q_bp_sweep,hea,RX_RY_RZ_CNOT,none,linear,cnot,global,12,1,1,11,11,11,3,0,0,10,RY,1,31,layer_000_wire_010_RY,3.0899761915836876e-18,3.0899761915836876e-18,True
random_bp,expectation_value,same_entangling_gate_count,pm_12q_bp_sweep,hea,RX_RY_RZ_CNOT,none,linear,cnot,global,12,1,1,11,11,11,3,0,0,10,RZ,2,32,layer_000_wire_010_RZ,4.86837907232214e-18,4.86837907232214e-18,True
random_bp,expectation_value,same_entangling_gate_count,pm_12q_bp_sweep,hea,RX_RY_RZ_CNOT,none,linear,cnot,global,12,1,1,11,11,11,3,0,0,11,RX,0,33,layer_000_wire_011_RX,-0.0053929632247301275,0.0053929632247301275,False
random_bp,expectation_value,same_entangling_gate_count,pm_12q_bp_sweep,hea,RX_RY_RZ_CNOT,none,linear,cnot,global,12,1,1,11,11,11,3,0,0,11,RY,1,34,layer_000_wire_011_RY,-0.0001569056194552294,0.0001569056194552294,False
random_bp,expectation_value,same_entangling_gate_count,pm_12q_bp_sweep,hea,RX_RY_RZ_CNOT,none,linear,cnot,global,12,1,1,11,11,11,3,0,0,11,RZ,2,35,layer_000_wire_011_RZ,-1.858413741672862e-18,1.858413741672862e-18,True
random_bp,expectation_value,same_entangling_gate_count,pm_12q_bp_sweep,hea,RX_RY_RZ_CNOT,none,linear,cnot,global,12,1,1,11,11,11,4,1,0,0,RX,0,0,layer_000_wire_000_RX,2.1212881372799884e-19,2.1212881372799884e-19,True
random_bp,expectation_value,same_entangling_gate_count,pm_12q_bp_sweep,hea,RX_RY_RZ_CNOT,none,linear,cnot,global,12,1,1,11,11,11,4,1,0,0,RY,1,1,layer_000_wire_000_RY,-1.6572199613030386e-18,1.6572199613030386e-18,True
random_bp,expectation_value,same_entangling_gate_count,pm_12q_bp_sweep,hea,RX_RY_RZ_CNOT,none,linear,cnot,global,12,1,1,11,11,11,4,1,0,0,RZ,2,2,layer_000_wire_000_RZ,-7.810990854843027e-19,7.810990854843027e-19,True
random_bp,expectation_value,same_entangling_gate_count,pm_12q_bp_sweep,hea,RX_RY_RZ_CNOT,none,linear,cnot,global,12,1,1,11,11,11,4,1,0,1,RX,0,3,layer_000_wire_001_RX,3.5664876711544793e-06,3.5664876711544793e-06,False
random_bp,expectation_value,same_entangling_gate_count,pm_12q_bp_sweep,hea,RX_RY_RZ_CNOT,none,linear,cnot,global,12,1,1,11,11,11,4,1,0,1,RY,1,4,layer_000_wire_001_RY,2.6063100145842266e-05,2.6063100145842266e-05,False
random_bp,expectation_value,same_entangling_gate_count,pm_12q_bp_sweep,hea,RX_RY_RZ_CNOT,none,linear,cnot,global,12,1,1,11,11,11,4,1,0,1,RZ,2,5,layer_000_wire_001_RZ,5.975997425665063e-20,5.975997425665063e-20,True
random_bp,expectation_value,same_entangling_gate_count,pm_12q_bp_sweep,hea,RX_RY_RZ_CNOT,none,linear,cnot,global,12,1,1,11,11,11,4,1,0,2,RX,0,6,layer_000_wire_002_RX,-3.2415950891422074e-18,3.2415950891422074e-18,True
random_bp,expectation_value,same_entangling_gate_count,pm_12q_bp_sweep,hea,RX_RY_RZ_CNOT,none,linear,cnot,global,12,1,1,11,11,11,4,1,0,2,RY,1,7,layer_000_wire_002_RY,-3.570667389150503e-18,3.570667389150503e-18,True
random_bp,expectation_value,same_entangling_gate_count,pm_12q_bp_sweep,hea,RX_RY_RZ_CNOT,none,linear,cnot,global,12,1,1,11,11,11,4,1,0,2,RZ,2,8,layer_000_wire_002_RZ,2.344362753446472e-18,2.344362753446472e-18,True
random_bp,expectation_value,same_entangling_gate_count,pm_12q_bp_sweep,hea,RX_RY_RZ_CNOT,none,linear,cnot,global,12,1,1,11,11,11,4,1,0,3,RX,0,9,layer_000_wire_003_RX,-1.8658855138839408e-06,1.8658855138839408e-06,False
random_bp,expectation_value,same_entangling_gate_count,pm_12q_bp_sweep,hea,RX_RY_RZ_CNOT,none,linear,cnot,global,12,1,1,11,11,11,4,1,0,3,RY,1,10,layer_000_wire_003_RY,0.00048319966824853227,0.00048319966824853227,False
random_bp,expectation_value,same_entangling_gate_count,pm_12q_bp_sweep,hea,RX_RY_RZ_CNOT,none,linear,cnot,global,12,1,1,11,11,11,4,1,0,3,RZ,2,11,layer_000_wire_003_RZ,-2.3660454496287832e-19,2.3660454496287832e-19,True
random_bp,expectation_value,same_entangling_gate_count,pm_12q_bp_sweep,hea,RX_RY_RZ_CNOT,none,linear,cnot,global,12,1,1,11,11,11,4,1,0,4,RX,0,12,layer_000_wire_004_RX,-5.902972609415219e-18,5.902972609415219e-18,True
random_bp,expectation_value,same_entangling_gate_count,pm_12q_bp_sweep,hea,RX_RY_RZ_CNOT,none,linear,cnot,global,12,1,1,11,11,11,4,1,0,4,RY,1,13,layer_000_wire_004_RY,-2.4377608221978764e-18,2.4377608221978764e-18,True
random_bp,expectation_value,same_entangling_gate_count,pm_12q_bp_sweep,hea,RX_RY_RZ_CNOT,none,linear,cnot,global,12,1,1,11,11,11,4,1,0,4,RZ,2,14,layer_000_wire_004_RZ,4.231518779590149e-18,4.231518779590149e-18,True
random_bp,expectation_value,same_entangling_gate_count,pm_12q_bp_sweep,hea,RX_RY_RZ_CNOT,none,linear,cnot,global,12,1,1,11,11,11,4,1,0,5,RX,0,15,layer_000_wire_005_RX,3.2087211004416406e-06,3.2087211004416406e-06,False
random_bp,expectation_value,same_entangling_gate_count,pm_12q_bp_sweep,hea,RX_RY_RZ_CNOT,none,linear,cnot,global,12,1,1,11,11,11,4,1,0,5,RY,1,16,layer_000_wire_005_RY,-1.1954192685524828e-05,1.1954192685524828e-05,False
random_bp,expectation_value,same_entangling_gate_count,pm_12q_bp_sweep,hea,RX_RY_RZ_CNOT,none,linear,cnot,global,12,1,1,11,11,11,4,1,0,5,RZ,2,17,layer_000_wire_005_RZ,-1.3568974982099825e-18,1.3568974982099825e-18,True
random_bp,expectation_value,same_entangling_gate_count,pm_12q_bp_sweep,hea,RX_RY_RZ_CNOT,none,linear,cnot,global,12,1,1,11,11,11,4,1,0,6,RX,0,18,layer_000_wire_006_RX,1.3662641439211864e-18,1.3662641439211864e-18,True
random_bp,expectation_value,same_entangling_gate_count,pm_12q_bp_sweep,hea,RX_RY_RZ_CNOT,none,linear,cnot,global,12,1,1,11,11,11,4,1,0,6,RY,1,19,layer_000_wire_006_RY,1.7779221562867764e-18,1.7779221562867764e-18,True
random_bp,expectation_value,same_entangling_gate_count,pm_12q_bp_sweep,hea,RX_RY_RZ_CNOT,none,linear,cnot,global,12,1,1,11,11,11,4,1,0,6,RZ,2,20,layer_000_wire_006_RZ,1.5885532307365348e-18,1.5885532307365348e-18,True
random_bp,expectation_value,same_entangling_gate_count,pm_12q_bp_sweep,hea,RX_RY_RZ_CNOT,none,linear,cnot,global,12,1,1,11,11,11,4,1,0,7,RX,0,21,layer_000_wire_007_RX,5.5151825657479704e-05,5.5151825657479704e-05,False
random_bp,expectation_value,same_entangling_gate_count,pm_12q_bp_sweep,hea,RX_RY_RZ_CNOT,none,linear,cnot,global,12,1,1,11,11,11,4,1,0,7,RY,1,22,layer_000_wire_007_RY,9.95476180550101e-07,9.95476180550101e-07,True
random_bp,expectation_value,same_entangling_gate_count,pm_12q_bp_sweep,hea,RX_RY_RZ_CNOT,none,linear,cnot,global,12,1,1,11,11,11,4,1,0,7,RZ,2,23,layer_000_wire_007_RZ,2.0863728515189946e-18,2.0863728515189946e-18,True
random_bp,expectation_value,same_entangling_gate_count,pm_12q_bp_sweep,hea,RX_RY_RZ_CNOT,none,linear,cnot,global,12,1,1,11,11,11,4,1,0,8,RX,0,24,layer_000_wire_008_RX,1.2582674431462632e-18,1.2582674431462632e-18,True
random_bp,expectation_value,same_entangling_gate_count,pm_12q_bp_sweep,hea,RX_RY_RZ_CNOT,none,linear,cnot,global,12,1,1,11,11,11,4,1,0,8,RY,1,25,layer_000_wire_008_RY,3.9946073792512804e-18,3.9946073792512804e-18,True
random_bp,expectation_value,same_entangling_gate_count,pm_12q_bp_sweep,hea,RX_RY_RZ_CNOT,none,linear,cnot,global,12,1,1,11,11,11,4,1,0,8,RZ,2,26,layer_000_wire_008_RZ,-1.5833048621605777e-18,1.5833048621605777e-18,True
random_bp,expectation_value,same_entangling_gate_count,pm_12q_bp_sweep,hea,RX_RY_RZ_CNOT,none,linear,cnot,global,12,1,1,11,11,11,4,1,0,9,RX,0,27,layer_000_wire_009_RX,6.253425280374104e-05,6.253425280374104e-05,False
random_bp,expectation_value,same_entangling_gate_count,pm_12q_bp_sweep,hea,RX_RY_RZ_CNOT,none,linear,cnot,global,12,1,1,11,11,11,4,1,0,9,RY,1,28,layer_000_wire_009_RY,-1.696272474835206e-05,1.696272474835206e-05,False
random_bp,expectation_value,same_entangling_gate_count,pm_12q_bp_sweep,hea,RX_RY_RZ_CNOT,none,linear,cnot,global,12,1,1,11,11,11,4,1,0,9,RZ,2,29,layer_000_wire_009_RZ,-6.849585009184136e-18,6.849585009184136e-18,True
random_bp,expectation_value,same_entangling_gate_count,pm_12q_bp_sweep,hea,RX_RY_RZ_CNOT,none,linear,cnot,global,12,1,1,11,11,11,4,1,0,10,RX,0,30,layer_000_wire_010_RX,2.1446874224478885e-18,2.1446874224478885e-18,True
random_bp,expectation_value,same_entangling_gate_count,pm_12q_bp_sweep,hea,RX_RY_RZ_CNOT,none,linear,cnot,global,12,1,1,11,11,11,4,1,0,10,RY,1,31,layer_000_wire_010_RY,8.258571235729428e-18,8.258571235729428e-18,True
random_bp,expectation_value,same_entangling_gate_count,pm_12q_bp_sweep,hea,RX_RY_RZ_CNOT,none,linear,cnot,global,12,1,1,11,11,11,4,1,0,10,RZ,2,32,layer_000_wire_010_RZ,2.8170632100251767e-19,2.8170632100251767e-19,True
random_bp,expectation_value,same_entangling_gate_count,pm_12q_bp_sweep,hea,RX_RY_RZ_CNOT,none,linear,cnot,global,12,1,1,11,11,11,4,1,0,11,RX,0,33,layer_000_wire_011_RX,6.303129958884757e-05,6.303129958884757e-05,False
random_bp,expectation_value,same_entangling_gate_count,pm_12q_bp_sweep,hea,RX_RY_RZ_CNOT,none,linear,cnot,global,12,1,1,11,11,11,4,1,0,11,RY,1,34,layer_000_wire_011_RY,-9.169531732012191e-06,9.169531732012191e-06,False
random_bp,expectation_value,same_entangling_gate_count,pm_12q_bp_sweep,hea,RX_RY_RZ_CNOT,none,linear,cnot,global,12,1,1,11,11,11,4,1,0,11,RZ,2,35,layer_000_wire_011_RZ,2.0641357066697732e-18,2.0641357066697732e-18,True
random_bp,expectation_value,same_entangling_gate_count,pm_12q_bp_sweep,hea,RX_RY_RZ_CNOT,none,linear,cnot,global,12,1,1,11,11,11,5,2,0,0,RX,0,0,layer_000_wire_000_RX,8.673617379884035e-18,8.673617379884035e-18,True
random_bp,expectation_value,same_entangling_gate_count,pm_12q_bp_sweep,hea,RX_RY_RZ_CNOT,none,linear,cnot,global,12,1,1,11,11,11,5,2,0,0,RY,1,1,layer_000_wire_000_RY,-1.9081958235744878e-17,1.9081958235744878e-17,True
random_bp,expectation_value,same_entangling_gate_count,pm_12q_bp_sweep,hea,RX_RY_RZ_CNOT,none,linear,cnot,global,12,1,1,11,11,11,5,2,0,0,RZ,2,2,layer_000_wire_000_RZ,3.7716728733475056e-18,3.7716728733475056e-18,True
random_bp,expectation_value,same_entangling_gate_count,pm_12q_bp_sweep,hea,RX_RY_RZ_CNOT,none,linear,cnot,global,12,1,1,11,11,11,5,2,0,1,RX,0,3,layer_000_wire_001_RX,0.0110597023210008,0.0110597023210008,False
random_bp,expectation_value,same_entangling_gate_count,pm_12q_bp_sweep,hea,RX_RY_RZ_CNOT,none,linear,cnot,global,12,1,1,11,11,11,5,2,0,1,RY,1,4,layer_000_wire_001_RY,0.012347405750413359,0.012347405750413359,False
random_bp,expectation_value,same_entangling_gate_count,pm_12q_bp_sweep,hea,RX_RY_RZ_CNOT,none,linear,cnot,global,12,1,1,11,11,11,5,2,0,1,RZ,2,5,layer_000_wire_001_RZ,1.622225873182954e-17,1.622225873182954e-17,True
random_bp,expectation_value,same_entangling_gate_count,pm_12q_bp_sweep,hea,RX_RY_RZ_CNOT,none,linear,cnot,global,12,1,1,11,11,11,5,2,0,2,RX,0,6,layer_000_wire_002_RX,-5.204170427930421e-18,5.204170427930421e-18,True
random_bp,expectation_value,same_entangling_gate_count,pm_12q_bp_sweep,hea,RX_RY_RZ_CNOT,none,linear,cnot,global,12,1,1,11,11,11,5,2,0,2,RY,1,7,layer_000_wire_002_RY,-1.474514954580286e-17,1.474514954580286e-17,True
random_bp,expectation_value,same_entangling_gate_count,pm_12q_bp_sweep,hea,RX_RY_RZ_CNOT,none,linear,cnot,global,12,1,1,11,11,11,5,2,0,2,RZ,2,8,layer_000_wire_002_RZ,-1.1807484925141967e-17,1.1807484925141967e-17,True
random_bp,expectation_value,same_entangling_gate_count,pm_12q_bp_sweep,hea,RX_RY_RZ_CNOT,none,linear,cnot,global,12,1,1,11,11,11,5,2,0,3,RX,0,9,layer_000_wire_003_RX,0.02581401036568249,0.02581401036568249,False
random_bp,expectation_value,same_entangling_gate_count,pm_12q_bp_sweep,hea,RX_RY_RZ_CNOT,none,linear,cnot,global,12,1,1,11,11,11,5,2,0,3,RY,1,10,layer_000_wire_003_RY,0.007000852922392378,0.007000852922392378,False
random_bp,expectation_value,same_entangling_gate_count,pm_12q_bp_sweep,hea,RX_RY_RZ_CNOT,none,linear,cnot,global,12,1,1,11,11,11,5,2,0,3,RZ,2,11,layer_000_wire_003_RZ,-1.9978672434027496e-17,1.9978672434027496e-17,True
random_bp,expectation_value,same_entangling_gate_count,pm_12q_bp_sweep,hea,RX_RY_RZ_CNOT,none,linear,cnot,global,12,1,1,11,11,11,5,2,0,4,RX,0,12,layer_000_wire_004_RX,4.7704895589362195e-18,4.7704895589362195e-18,True
random_bp,expectation_value,same_entangling_gate_count,pm_12q_bp_sweep,hea,RX_RY_RZ_CNOT,none,linear,cnot,global,12,1,1,11,11,11,5,2,0,4,RY,1,13,layer_000_wire_004_RY,-6.938893903907228e-18,6.938893903907228e-18,True
random_bp,expectation_value,same_entangling_gate_count,pm_12q_bp_sweep,hea,RX_RY_RZ_CNOT,none,linear,cnot,global,12,1,1,11,11,11,5,2,0,4,RZ,2,14,layer_000_wire_004_RZ,-1.0172221966503453e-17,1.0172221966503453e-17,True
random_bp,expectation_value,same_entangling_gate_count,pm_12q_bp_sweep,hea,RX_RY_RZ_CNOT,none,linear,cnot,global,12,1,1,11,11,11,5,2,0,5,RX,0,15,layer_000_wire_005_RX,0.018814093599653574,0.018814093599653574,False
random_bp,expectation_value,same_entangling_gate_count,pm_12q_bp_sweep,hea,RX_RY_RZ_CNOT,none,linear,cnot,global,12,1,1,11,11,11,5,2,0,5,RY,1,16,layer_000_wire_005_RY,-0.003521895547696853,0.003521895547696853,False
random_bp,expectation_value,same_entangling_gate_count,pm_12q_bp_sweep,hea,RX_RY_RZ_CNOT,none,linear,cnot,global,12,1,1,11,11,11,5,2,0,5,RZ,2,17,layer_000_wire_005_RZ,1.5044076280604065e-17,1.5044076280604065e-17,True
random_bp,expectation_value,same_entangling_gate_count,pm_12q_bp_sweep,hea,RX_RY_RZ_CNOT,none,linear,cnot,global,12,1,1,11,11,11,5,2,0,6,RX,0,18,layer_000_wire_006_RX,6.938893903907228e-18,6.938893903907228e-18,True
random_bp,expectation_value,same_entangling_gate_count,pm_12q_bp_sweep,hea,RX_RY_RZ_CNOT,none,linear,cnot,global,12,1,1,11,11,11,5,2,0,6,RY,1,19,layer_000_wire_006_RY,-1.3877787807814457e-17,1.3877787807814457e-17,True
random_bp,expectation_value,same_entangling_gate_count,pm_12q_bp_sweep,hea,RX_RY_RZ_CNOT,none,linear,cnot,global,12,1,1,11,11,11,5,2,0,6,RZ,2,20,layer_000_wire_006_RZ,4.233517339089684e-18,4.233517339089684e-18,True
random_bp,expectation_value,same_entangling_gate_count,pm_12q_bp_sweep,hea,RX_RY_RZ_CNOT,none,linear,cnot,global,12,1,1,11,11,11,5,2,0,7,RX,0,21,layer_000_wire_007_RX,0.0011819744147064408,0.0011819744147064408,False
random_bp,expectation_value,same_entangling_gate_count,pm_12q_bp_sweep,hea,RX_RY_RZ_CNOT,none,linear,cnot,global,12,1,1,11,11,11,5,2,0,7,RY,1,22,layer_000_wire_007_RY,-0.013824735907000618,0.013824735907000618,False
random_bp,expectation_value,same_entangling_gate_count,pm_12q_bp_sweep,hea,RX_RY_RZ_CNOT,none,linear,cnot,global,12,1,1,11,11,11,5,2,0,7,RZ,2,23,layer_000_wire_007_RZ,1.29785557087377e-17,1.29785557087377e-17,True
random_bp,expectation_value,same_entangling_gate_count,pm_12q_bp_sweep,hea,RX_RY_RZ_CNOT,none,linear,cnot,global,12,1,1,11,11,11,5,2,0,8,RX,0,24,layer_000_wire_008_RX,1.6479873021779667e-17,1.6479873021779667e-17,True
random_bp,expectation_value,same_entangling_gate_count,pm_12q_bp_sweep,hea,RX_RY_RZ_CNOT,none,linear,cnot,global,12,1,1,11,11,11,5,2,0,8,RY,1,25,layer_000_wire_008_RY,-7.806255641895632e-18,7.806255641895632e-18,True
random_bp,expectation_value,same_entangling_gate_count,pm_12q_bp_sweep,hea,RX_RY_RZ_CNOT,none,linear,cnot,global,12,1,1,11,11,11,5,2,0,8,RZ,2,26,layer_000_wire_008_RZ,3.638180432408734e-18,3.638180432408734e-18,True
random_bp,expectation_value,same_entangling_gate_count,pm_12q_bp_sweep,hea,RX_RY_RZ_CNOT,none,linear,cnot,global,12,1,1,11,11,11,5,2,0,9,RX,0,27,layer_000_wire_009_RX,0.04601301243650451,0.04601301243650451,False
random_bp,expectation_value,same_entangling_gate_count,pm_12q_bp_sweep,hea,RX_RY_RZ_CNOT,none,linear,cnot,global,12,1,1,11,11,11,5,2,0,9,RY,1,28,layer_000_wire_009_RY,0.01354611938205957,0.01354611938205957,False
random_bp,expectation_value,same_entangling_gate_count,pm_12q_bp_sweep,hea,RX_RY_RZ_CNOT,none,linear,cnot,global,12,1,1,11,11,11,5,2,0,9,RZ,2,29,layer_000_wire_009_RZ,9.718737936523057e-18,9.718737936523057e-18,True
random_bp,expectation_value,same_entangling_gate_count,pm_12q_bp_sweep,hea,RX_RY_RZ_CNOT,none,linear,cnot,global,12,1,1,11,11,11,5,2,0,10,RX,0,30,layer_000_wire_010_RX,3.469446951953614e-18,3.469446951953614e-18,True
random_bp,expectation_value,same_entangling_gate_count,pm_12q_bp_sweep,hea,RX_RY_RZ_CNOT,none,linear,cnot,global,12,1,1,11,11,11,5,2,0,10,RY,1,31,layer_000_wire_010_RY,-1.1275702593849246e-17,1.1275702593849246e-17,True
random_bp,expectation_value,same_entangling_gate_count,pm_12q_bp_sweep,hea,RX_RY_RZ_CNOT,none,linear,cnot,global,12,1,1,11,11,11,5,2,0,10,RZ,2,32,layer_000_wire_010_RZ,-6.257353776469457e-18,6.257353776469457e-18,True
random_bp,expectation_value,same_entangling_gate_count,pm_12q_bp_sweep,hea,RX_RY_RZ_CNOT,none,linear,cnot,global,12,1,1,11,11,11,5,2,0,11,RX,0,33,layer_000_wire_011_RX,-0.023597503922446056,0.023597503922446056,False
random_bp,expectation_value,same_entangling_gate_count,pm_12q_bp_sweep,hea,RX_RY_RZ_CNOT,none,linear,cnot,global,12,1,1,11,11,11,5,2,0,11,RY,1,34,layer_000_wire_011_RY,0.02172111559305175,0.02172111559305175,False
random_bp,expectation_value,same_entangling_gate_count,pm_12q_bp_sweep,hea,RX_RY_RZ_CNOT,none,linear,cnot,global,12,1,1,11,11,11,5,2,0,11,RZ,2,35,layer_000_wire_011_RZ,-3.707462159782044e-17,3.707462159782044e-17,True
random_bp,expectation_value,same_entangling_gate_count,pm_12q_bp_sweep,hea,RX_RY_RZ_CNOT,none,linear,cnot,local,12,2,2,22,22,11,6,0,0,0,RX,0,0,layer_000_wire_000_RX,-0.008600208404874861,0.008600208404874861,False
random_bp,expectation_value,same_entangling_gate_count,pm_12q_bp_sweep,hea,RX_RY_RZ_CNOT,none,linear,cnot,local,12,2,2,22,22,11,6,0,0,0,RY,1,1,layer_000_wire_000_RY,-0.013249841860402761,0.013249841860402761,False
random_bp,expectation_value,same_entangling_gate_count,pm_12q_bp_sweep,hea,RX_RY_RZ_CNOT,none,linear,cnot,local,12,2,2,22,22,11,6,0,0,0,RZ,2,2,layer_000_wire_000_RZ,-0.010444444637411393,0.010444444637411393,False
random_bp,expectation_value,same_entangling_gate_count,pm_12q_bp_sweep,hea,RX_RY_RZ_CNOT,none,linear,cnot,local,12,2,2,22,22,11,6,0,0,1,RX,0,3,layer_000_wire_001_RX,-0.15414360387530182,0.15414360387530182,False
random_bp,expectation_value,same_entangling_gate_count,pm_12q_bp_sweep,hea,RX_RY_RZ_CNOT,none,linear,cnot,local,12,2,2,22,22,11,6,0,0,1,RY,1,4,layer_000_wire_001_RY,0.052625553136358985,0.052625553136358985,False
random_bp,expectation_value,same_entangling_gate_count,pm_12q_bp_sweep,hea,RX_RY_RZ_CNOT,none,linear,cnot,local,12,2,2,22,22,11,6,0,0,1,RZ,2,5,layer_000_wire_001_RZ,0.1399995777874081,0.1399995777874081,False
random_bp,expectation_value,same_entangling_gate_count,pm_12q_bp_sweep,hea,RX_RY_RZ_CNOT,none,linear,cnot,local,12,2,2,22,22,11,6,0,0,2,RX,0,6,layer_000_wire_002_RX,0.008883756199028793,0.008883756199028793,False
random_bp,expectation_value,same_entangling_gate_count,pm_12q_bp_sweep,hea,RX_RY_RZ_CNOT,none,linear,cnot,local,12,2,2,22,22,11,6,0,0,2,RY,1,7,layer_000_wire_002_RY,0.010350760653707845,0.010350760653707845,False
random_bp,expectation_value,same_entangling_gate_count,pm_12q_bp_sweep,hea,RX_RY_RZ_CNOT,none,linear,cnot,local,12,2,2,22,22,11,6,0,0,2,RZ,2,8,layer_000_wire_002_RZ,-0.007756595612764326,0.007756595612764326,False
random_bp,expectation_value,same_entangling_gate_count,pm_12q_bp_sweep,hea,RX_RY_RZ_CNOT,none,linear,cnot,local,12,2,2,22,22,11,6,0,0,3,RX,0,9,layer_000_wire_003_RX,-0.013002490719640263,0.013002490719640263,False
random_bp,expectation_value,same_entangling_gate_count,pm_12q_bp_sweep,hea,RX_RY_RZ_CNOT,none,linear,cnot,local,12,2,2,22,22,11,6,0,0,3,RY,1,10,layer_000_wire_003_RY,0.007964030846354192,0.007964030846354192,False
random_bp,expectation_value,same_entangling_gate_count,pm_12q_bp_sweep,hea,RX_RY_RZ_CNOT,none,linear,cnot,local,12,2,2,22,22,11,6,0,0,3,RZ,2,11,layer_000_wire_003_RZ,0.013289151835206344,0.013289151835206344,False
random_bp,expectation_value,same_entangling_gate_count,pm_12q_bp_sweep,hea,RX_RY_RZ_CNOT,none,linear,cnot,local,12,2,2,22,22,11,6,0,0,4,RX,0,12,layer_000_wire_004_RX,0.017832318951285328,0.017832318951285328,False
random_bp,expectation_value,same_entangling_gate_count,pm_12q_bp_sweep,hea,RX_RY_RZ_CNOT,none,linear,cnot,local,12,2,2,22,22,11,6,0,0,4,RY,1,13,layer_000_wire_004_RY,-0.0010057479198545063,0.0010057479198545063,False
random_bp,expectation_value,same_entangling_gate_count,pm_12q_bp_sweep,hea,RX_RY_RZ_CNOT,none,linear,cnot,local,12,2,2,22,22,11,6,0,0,4,RZ,2,14,layer_000_wire_004_RZ,0.002506142924710608,0.002506142924710608,False
random_bp,expectation_value,same_entangling_gate_count,pm_12q_bp_sweep,hea,RX_RY_RZ_CNOT,none,linear,cnot,local,12,2,2,22,22,11,6,0,0,5,RX,0,15,layer_000_wire_005_RX,0.01139717411905921,0.01139717411905921,False
random_bp,expectation_value,same_entangling_gate_count,pm_12q_bp_sweep,hea,RX_RY_RZ_CNOT,none,linear,cnot,local,12,2,2,22,22,11,6,0,0,5,RY,1,16,layer_000_wire_005_RY,0.00711358326459529,0.00711358326459529,False
random_bp,expectation_value,same_entangling_gate_count,pm_12q_bp_sweep,hea,RX_RY_RZ_CNOT,none,linear,cnot,local,12,2,2,22,22,11,6,0,0,5,RZ,2,17,layer_000_wire_005_RZ,-0.01784065243806464,0.01784065243806464,False
random_bp,expectation_value,same_entangling_gate_count,pm_12q_bp_sweep,hea,RX_RY_RZ_CNOT,none,linear,cnot,local,12,2,2,22,22,11,6,0,0,6,RX,0,18,layer_000_wire_006_RX,-0.004953125117775896,0.004953125117775896,False
random_bp,expectation_value,same_entangling_gate_count,pm_12q_bp_sweep,hea,RX_RY_RZ_CNOT,none,linear,cnot,local,12,2,2,22,22,11,6,0,0,6,RY,1,19,layer_000_wire_006_RY,0.006290520688328683,0.006290520688328683,False
random_bp,expectation_value,same_entangling_gate_count,pm_12q_bp_sweep,hea,RX_RY_RZ_CNOT,none,linear,cnot,local,12,2,2,22,22,11,6,0,0,6,RZ,2,20,layer_000_wire_006_RZ,-0.01953916228529731,0.01953916228529731,False
random_bp,expectation_value,same_entangling_gate_count,pm_12q_bp_sweep,hea,RX_RY_RZ_CNOT,none,linear,cnot,local,12,2,2,22,22,11,6,0,0,7,RX,0,21,layer_000_wire_007_RX,0.004275566301129338,0.004275566301129338,False
random_bp,expectation_value,same_entangling_gate_count,pm_12q_bp_sweep,hea,RX_RY_RZ_CNOT,none,linear,cnot,local,12,2,2,22,22,11,6,0,0,7,RY,1,22,layer_000_wire_007_RY,0.004672859135610809,0.004672859135610809,False
random_bp,expectation_value,same_entangling_gate_count,pm_12q_bp_sweep,hea,RX_RY_RZ_CNOT,none,linear,cnot,local,12,2,2,22,22,11,6,0,0,7,RZ,2,23,layer_000_wire_007_RZ,-0.0015397156403733105,0.0015397156403733105,False
random_bp,expectation_value,same_entangling_gate_count,pm_12q_bp_sweep,hea,RX_RY_RZ_CNOT,none,linear,cnot,local,12,2,2,22,22,11,6,0,0,8,RX,0,24,layer_000_wire_008_RX,0.008751345258196663,0.008751345258196663,False
random_bp,expectation_value,same_entangling_gate_count,pm_12q_bp_sweep,hea,RX_RY_RZ_CNOT,none,linear,cnot,local,12,2,2,22,22,11,6,0,0,8,RY,1,25,layer_000_wire_008_RY,0.009397374332846535,0.009397374332846535,False
random_bp,expectation_value,same_entangling_gate_count,pm_12q_bp_sweep,hea,RX_RY_RZ_CNOT,none,linear,cnot,local,12,2,2,22,22,11,6,0,0,8,RZ,2,26,layer_000_wire_008_RZ,0.012040724998635446,0.012040724998635446,False
random_bp,expectation_value,same_entangling_gate_count,pm_12q_bp_sweep,hea,RX_RY_RZ_CNOT,none,linear,cnot,local,12,2,2,22,22,11,6,0,0,9,RX,0,27,layer_000_wire_009_RX,0.013073510318416411,0.013073510318416411,False
random_bp,expectation_value,same_entangling_gate_count,pm_12q_bp_sweep,hea,RX_RY_RZ_CNOT,none,linear,cnot,local,12,2,2,22,22,11,6,0,0,9,RY,1,28,layer_000_wire_009_RY,0.0038874042574907133,0.0038874042574907133,False
random_bp,expectation_value,same_entangling_gate_count,pm_12q_bp_sweep,hea,RX_RY_RZ_CNOT,none,linear,cnot,local,12,2,2,22,22,11,6,0,0,9,RZ,2,29,layer_000_wire_009_RZ,-0.012201224577107124,0.012201224577107124,False
random_bp,expectation_value,same_entangling_gate_count,pm_12q_bp_sweep,hea,RX_RY_RZ_CNOT,none,linear,cnot,local,12,2,2,22,22,11,6,0,0,10,RX,0,30,layer_000_wire_010_RX,0.013848508109254032,0.013848508109254032,False
random_bp,expectation_value,same_entangling_gate_count,pm_12q_bp_sweep,hea,RX_RY_RZ_CNOT,none,linear,cnot,local,12,2,2,22,22,11,6,0,0,10,RY,1,31,layer_000_wire_010_RY,0.004738883346541149,0.004738883346541149,False
random_bp,expectation_value,same_entangling_gate_count,pm_12q_bp_sweep,hea,RX_RY_RZ_CNOT,none,linear,cnot,local,12,2,2,22,22,11,6,0,0,10,RZ,2,32,layer_000_wire_010_RZ,0.017814680350023177,0.017814680350023177,False
random_bp,expectation_value,same_entangling_gate_count,pm_12q_bp_sweep,hea,RX_RY_RZ_CNOT,none,linear,cnot,local,12,2,2,22,22,11,6,0,0,11,RX,0,33,layer_000_wire_011_RX,0.007439013359738456,0.007439013359738456,False
random_bp,expectation_value,same_entangling_gate_count,pm_12q_bp_sweep,hea,RX_RY_RZ_CNOT,none,linear,cnot,local,12,2,2,22,22,11,6,0,0,11,RY,1,34,layer_000_wire_011_RY,-0.0004949531876026689,0.0004949531876026689,False
random_bp,expectation_value,same_entangling_gate_count,pm_12q_bp_sweep,hea,RX_RY_RZ_CNOT,none,linear,cnot,local,12,2,2,22,22,11,6,0,0,11,RZ,2,35,layer_000_wire_011_RZ,-0.0038787219260120586,0.0038787219260120586,False
random_bp,expectation_value,same_entangling_gate_count,pm_12q_bp_sweep,hea,RX_RY_RZ_CNOT,none,linear,cnot,local,12,2,2,22,22,11,6,0,1,0,RX,0,36,layer_001_wire_000_RX,0.00239323693038179,0.00239323693038179,False
random_bp,expectation_value,same_entangling_gate_count,pm_12q_bp_sweep,hea,RX_RY_RZ_CNOT,none,linear,cnot,local,12,2,2,22,22,11,6,0,1,0,RY,1,37,layer_001_wire_000_RY,-0.09517678944394181,0.09517678944394181,False
random_bp,expectation_value,same_entangling_gate_count,pm_12q_bp_sweep,hea,RX_RY_RZ_CNOT,none,linear,cnot,local,12,2,2,22,22,11,6,0,1,0,RZ,2,38,layer_001_wire_000_RZ,1.7066651987963718e-17,1.7066651987963718e-17,True
random_bp,expectation_value,same_entangling_gate_count,pm_12q_bp_sweep,hea,RX_RY_RZ_CNOT,none,linear,cnot,local,12,2,2,22,22,11,6,0,1,1,RX,0,39,layer_001_wire_001_RX,-0.06511171419821998,0.06511171419821998,False
random_bp,expectation_value,same_entangling_gate_count,pm_12q_bp_sweep,hea,RX_RY_RZ_CNOT,none,linear,cnot,local,12,2,2,22,22,11,6,0,1,1,RY,1,40,layer_001_wire_001_RY,0.10032385815111683,0.10032385815111683,False
random_bp,expectation_value,same_entangling_gate_count,pm_12q_bp_sweep,hea,RX_RY_RZ_CNOT,none,linear,cnot,local,12,2,2,22,22,11,6,0,1,1,RZ,2,41,layer_001_wire_001_RZ,-3.979311088825733e-18,3.979311088825733e-18,True
random_bp,expectation_value,same_entangling_gate_count,pm_12q_bp_sweep,hea,RX_RY_RZ_CNOT,none,linear,cnot,local,12,2,2,22,22,11,6,0,1,2,RX,0,42,layer_001_wire_002_RX,0.005324909593593424,0.005324909593593424,False
random_bp,expectation_value,same_entangling_gate_count,pm_12q_bp_sweep,hea,RX_RY_RZ_CNOT,none,linear,cnot,local,12,2,2,22,22,11,6,0,1,2,RY,1,43,layer_001_wire_002_RY,0.017893306999454045,0.017893306999454045,False
random_bp,expectation_value,same_entangling_gate_count,pm_12q_bp_sweep,hea,RX_RY_RZ_CNOT,none,linear,cnot,local,12,2,2,22,22,11,6,0,1,2,RZ,2,44,layer_001_wire_002_RZ,-3.52768683952592e-17,3.52768683952592e-17,True
random_bp,expectation_value,same_entangling_gate_count,pm_12q_bp_sweep,hea,RX_RY_RZ_CNOT,none,linear,cnot,local,12,2,2,22,22,11,6,0,1,3,RX,0,45,layer_001_wire_003_RX,-0.0021182478440423883,0.0021182478440423883,False
random_bp,expectation_value,same_entangling_gate_count,pm_12q_bp_sweep,hea,RX_RY_RZ_CNOT,none,linear,cnot,local,12,2,2,22,22,11,6,0,1,3,RY,1,46,layer_001_wire_003_RY,0.006356230140029111,0.006356230140029111,False
random_bp,expectation_value,same_entangling_gate_count,pm_12q_bp_sweep,hea,RX_RY_RZ_CNOT,none,linear,cnot,local,12,2,2,22,22,11,6,0,1,3,RZ,2,47,layer_001_wire_003_RZ,5.2228953827681195e-17,5.2228953827681195e-17,True
random_bp,expectation_value,same_entangling_gate_count,pm_12q_bp_sweep,hea,RX_RY_RZ_CNOT,none,linear,cnot,local,12,2,2,22,22,11,6,0,1,4,RX,0,48,layer_001_wire_004_RX,0.0016407139263929296,0.0016407139263929296,False
random_bp,expectation_value,same_entangling_gate_count,pm_12q_bp_sweep,hea,RX_RY_RZ_CNOT,none,linear,cnot,local,12,2,2,22,22,11,6,0,1,4,RY,1,49,layer_001_wire_004_RY,0.0026037867369629666,0.0026037867369629666,False
random_bp,expectation_value,same_entangling_gate_count,pm_12q_bp_sweep,hea,RX_RY_RZ_CNOT,none,linear,cnot,local,12,2,2,22,22,11,6,0,1,4,RZ,2,50,layer_001_wire_004_RZ,-7.945794596884239e-18,7.945794596884239e-18,True
random_bp,expectation_value,same_entangling_gate_count,pm_12q_bp_sweep,hea,RX_RY_RZ_CNOT,none,linear,cnot,local,12,2,2,22,22,11,6,0,1,5,RX,0,51,layer_001_wire_005_RX,0.009377235918601498,0.009377235918601498,False
random_bp,expectation_value,same_entangling_gate_count,pm_12q_bp_sweep,hea,RX_RY_RZ_CNOT,none,linear,cnot,local,12,2,2,22,22,11,6,0,1,5,RY,1,52,layer_001_wire_005_RY,0.003927744294949423,0.003927744294949423,False
random_bp,expectation_value,same_entangling_gate_count,pm_12q_bp_sweep,hea,RX_RY_RZ_CNOT,none,linear,cnot,local,12,2,2,22,22,11,6,0,1,5,RZ,2,53,layer_001_wire_005_RZ,3.361681162414715e-18,3.361681162414715e-18,True
random_bp,expectation_value,same_entangling_gate_count,pm_12q_bp_sweep,hea,RX_RY_RZ_CNOT,none,linear,cnot,local,12,2,2,22,22,11,6,0,1,6,RX,0,54,layer_001_wire_006_RX,0.0037408497328735926,0.0037408497328735926,False
random_bp,expectation_value,same_entangling_gate_count,pm_12q_bp_sweep,hea,RX_RY_RZ_CNOT,none,linear,cnot,local,12,2,2,22,22,11,6,0,1,6,RY,1,55,layer_001_wire_006_RY,0.0031939297896453403,0.0031939297896453403,False
random_bp,expectation_value,same_entangling_gate_count,pm_12q_bp_sweep,hea,RX_RY_RZ_CNOT,none,linear,cnot,local,12,2,2,22,22,11,6,0,1,6,RZ,2,56,layer_001_wire_006_RZ,-1.2771443636362247e-17,1.2771443636362247e-17,True
random_bp,expectation_value,same_entangling_gate_count,pm_12q_bp_sweep,hea,RX_RY_RZ_CNOT,none,linear,cnot,local,12,2,2,22,22,11,6,0,1,7,RX,0,57,layer_001_wire_007_RX,0.0005977666312580801,0.0005977666312580801,False
random_bp,expectation_value,same_entangling_gate_count,pm_12q_bp_sweep,hea,RX_RY_RZ_CNOT,none,linear,cnot,local,12,2,2,22,22,11,6,0,1,7,RY,1,58,layer_001_wire_007_RY,0.0032600246236342764,0.0032600246236342764,False
random_bp,expectation_value,same_entangling_gate_count,pm_12q_bp_sweep,hea,RX_RY_RZ_CNOT,none,linear,cnot,local,12,2,2,22,22,11,6,0,1,7,RZ,2,59,layer_001_wire_007_RZ,7.76756289367611e-18,7.76756289367611e-18,True
random_bp,expectation_value,same_entangling_gate_count,pm_12q_bp_sweep,hea,RX_RY_RZ_CNOT,none,linear,cnot,local,12,2,2,22,22,11,6,0,1,8,RX,0,60,layer_001_wire_008_RX,-0.0016189232465877133,0.0016189232465877133,False
random_bp,expectation_value,same_entangling_gate_count,pm_12q_bp_sweep,hea,RX_RY_RZ_CNOT,none,linear,cnot,local,12,2,2,22,22,11,6,0,1,8,RY,1,61,layer_001_wire_008_RY,-0.007767960487457412,0.007767960487457412,False
random_bp,expectation_value,same_entangling_gate_count,pm_12q_bp_sweep,hea,RX_RY_RZ_CNOT,none,linear,cnot,local,12,2,2,22,22,11,6,0,1,8,RZ,2,62,layer_001_wire_008_RZ,1.8231894166048077e-18,1.8231894166048077e-18,True
random_bp,expectation_value,same_entangling_gate_count,pm_12q_bp_sweep,hea,RX_RY_RZ_CNOT,none,linear,cnot,local,12,2,2,22,22,11,6,0,1,9,RX,0,63,layer_001_wire_009_RX,-0.0033139493579438205,0.0033139493579438205,False
random_bp,expectation_value,same_entangling_gate_count,pm_12q_bp_sweep,hea,RX_RY_RZ_CNOT,none,linear,cnot,local,12,2,2,22,22,11,6,0,1,9,RY,1,64,layer_001_wire_009_RY,-0.01288569468589034,0.01288569468589034,False
random_bp,expectation_value,same_entangling_gate_count,pm_12q_bp_sweep,hea,RX_RY_RZ_CNOT,none,linear,cnot,local,12,2,2,22,22,11,6,0,1,9,RZ,2,65,layer_001_wire_009_RZ,-5.0911298359299564e-17,5.0911298359299564e-17,True
random_bp,expectation_value,same_entangling_gate_count,pm_12q_bp_sweep,hea,RX_RY_RZ_CNOT,none,linear,cnot,local,12,2,2,22,22,11,6,0,1,10,RX,0,66,layer_001_wire_010_RX,-0.0038701219934696857,0.0038701219934696857,False
random_bp,expectation_value,same_entangling_gate_count,pm_12q_bp_sweep,hea,RX_RY_RZ_CNOT,none,linear,cnot,local,12,2,2,22,22,11,6,0,1,10,RY,1,67,layer_001_wire_010_RY,0.02732211216630322,0.02732211216630322,False
random_bp,expectation_value,same_entangling_gate_count,pm_12q_bp_sweep,hea,RX_RY_RZ_CNOT,none,linear,cnot,local,12,2,2,22,22,11,6,0,1,10,RZ,2,68,layer_001_wire_010_RZ,-2.715264029818374e-18,2.715264029818374e-18,True
random_bp,expectation_value,same_entangling_gate_count,pm_12q_bp_sweep,hea,RX_RY_RZ_CNOT,none,linear,cnot,local,12,2,2,22,22,11,6,0,1,11,RX,0,69,layer_001_wire_011_RX,0.002094038937650221,0.002094038937650221,False
random_bp,expectation_value,same_entangling_gate_count,pm_12q_bp_sweep,hea,RX_RY_RZ_CNOT,none,linear,cnot,local,12,2,2,22,22,11,6,0,1,11,RY,1,70,layer_001_wire_011_RY,-0.0009547866967856908,0.0009547866967856908,False
random_bp,expectation_value,same_entangling_gate_count,pm_12q_bp_sweep,hea,RX_RY_RZ_CNOT,none,linear,cnot,local,12,2,2,22,22,11,6,0,1,11,RZ,2,71,layer_001_wire_011_RZ,-2.937158767096536e-17,2.937158767096536e-17,True
random_bp,expectation_value,same_entangling_gate_count,pm_12q_bp_sweep,hea,RX_RY_RZ_CNOT,none,linear,cnot,local,12,2,2,22,22,11,7,1,0,0,RX,0,0,layer_000_wire_000_RX,-0.0038849918670696877,0.0038849918670696877,False
random_bp,expectation_value,same_entangling_gate_count,pm_12q_bp_sweep,hea,RX_RY_RZ_CNOT,none,linear,cnot,local,12,2,2,22,22,11,7,1,0,0,RY,1,1,layer_000_wire_000_RY,0.005407888647678986,0.005407888647678986,False
random_bp,expectation_value,same_entangling_gate_count,pm_12q_bp_sweep,hea,RX_RY_RZ_CNOT,none,linear,cnot,local,12,2,2,22,22,11,7,1,0,0,RZ,2,2,layer_000_wire_000_RZ,0.000806669330966019,0.000806669330966019,False
random_bp,expectation_value,same_entangling_gate_count,pm_12q_bp_sweep,hea,RX_RY_RZ_CNOT,none,linear,cnot,local,12,2,2,22,22,11,7,1,0,1,RX,0,3,layer_000_wire_001_RX,0.02110783580206476,0.02110783580206476,False
random_bp,expectation_value,same_entangling_gate_count,pm_12q_bp_sweep,hea,RX_RY_RZ_CNOT,none,linear,cnot,local,12,2,2,22,22,11,7,1,0,1,RY,1,4,layer_000_wire_001_RY,-0.033125733446761056,0.033125733446761056,False
random_bp,expectation_value,same_entangling_gate_count,pm_12q_bp_sweep,hea,RX_RY_RZ_CNOT,none,linear,cnot,local,12,2,2,22,22,11,7,1,0,1,RZ,2,5,layer_000_wire_001_RZ,0.023729998299911664,0.023729998299911664,False
random_bp,expectation_value,same_entangling_gate_count,pm_12q_bp_sweep,hea,RX_RY_RZ_CNOT,none,linear,cnot,local,12,2,2,22,22,11,7,1,0,2,RX,0,6,layer_000_wire_002_RX,-0.00918082310495806,0.00918082310495806,False
random_bp,expectation_value,same_entangling_gate_count,pm_12q_bp_sweep,hea,RX_RY_RZ_CNOT,none,linear,cnot,local,12,2,2,22,22,11,7,1,0,2,RY,1,7,layer_000_wire_002_RY,0.016330029350930645,0.016330029350930645,False
random_bp,expectation_value,same_entangling_gate_count,pm_12q_bp_sweep,hea,RX_RY_RZ_CNOT,none,linear,cnot,local,12,2,2,22,22,11,7,1,0,2,RZ,2,8,layer_000_wire_002_RZ,-0.03083588936311717,0.03083588936311717,False
random_bp,expectation_value,same_entangling_gate_count,pm_12q_bp_sweep,hea,RX_RY_RZ_CNOT,none,linear,cnot,local,12,2,2,22,22,11,7,1,0,3,RX,0,9,layer_000_wire_003_RX,-0.11604915502675187,0.11604915502675187,False
random_bp,expectation_value,same_entangling_gate_count,pm_12q_bp_sweep,hea,RX_RY_RZ_CNOT,none,linear,cnot,local,12,2,2,22,22,11,7,1,0,3,RY,1,10,layer_000_wire_003_RY,-0.0007629011650916798,0.0007629011650916798,False
random_bp,expectation_value,same_entangling_gate_count,pm_12q_bp_sweep,hea,RX_RY_RZ_CNOT,none,linear,cnot,local,12,2,2,22,22,11,7,1,0,3,RZ,2,11,layer_000_wire_003_RZ,0.11602382952235782,0.11602382952235782,False
random_bp,expectation_value,same_entangling_gate_count,pm_12q_bp_sweep,hea,RX_RY_RZ_CNOT,none,linear,cnot,local,12,2,2,22,22,11,7,1,0,4,RX,0,12,layer_000_wire_004_RX,0.010613185593231642,0.010613185593231642,False
random_bp,expectation_value,same_entangling_gate_count,pm_12q_bp_sweep,hea,RX_RY_RZ_CNOT,none,linear,cnot,local,12,2,2,22,22,11,7,1,0,4,RY,1,13,layer_000_wire_004_RY,-0.01239794532924364,0.01239794532924364,False
random_bp,expectation_value,same_entangling_gate_count,pm_12q_bp_sweep,hea,RX_RY_RZ_CNOT,none,linear,cnot,local,12,2,2,22,22,11,7,1,0,4,RZ,2,14,layer_000_wire_004_RZ,-0.015719383955918775,0.015719383955918775,False
random_bp,expectation_value,same_entangling_gate_count,pm_12q_bp_sweep,hea,RX_RY_RZ_CNOT,none,linear,cnot,local,12,2,2,22,22,11,7,1,0,5,RX,0,15,layer_000_wire_005_RX,0.005720235373270276,0.005720235373270276,False
random_bp,expectation_value,same_entangling_gate_count,pm_12q_bp_sweep,hea,RX_RY_RZ_CNOT,none,linear,cnot,local,12,2,2,22,22,11,7,1,0,5,RY,1,16,layer_000_wire_005_RY,0.0060419325802226614,0.0060419325802226614,False
random_bp,expectation_value,same_entangling_gate_count,pm_12q_bp_sweep,hea,RX_RY_RZ_CNOT,none,linear,cnot,local,12,2,2,22,22,11,7,1,0,5,RZ,2,17,layer_000_wire_005_RZ,0.005477980161732508,0.005477980161732508,False
random_bp,expectation_value,same_entangling_gate_count,pm_12q_bp_sweep,hea,RX_RY_RZ_CNOT,none,linear,cnot,local,12,2,2,22,22,11,7,1,0,6,RX,0,18,layer_000_wire_006_RX,0.00044594793434666463,0.00044594793434666463,False
random_bp,expectation_value,same_entangling_gate_count,pm_12q_bp_sweep,hea,RX_RY_RZ_CNOT,none,linear,cnot,local,12,2,2,22,22,11,7,1,0,6,RY,1,19,layer_000_wire_006_RY,0.0007007721340832607,0.0007007721340832607,False
random_bp,expectation_value,same_entangling_gate_count,pm_12q_bp_sweep,hea,RX_RY_RZ_CNOT,none,linear,cnot,local,12,2,2,22,22,11,7,1,0,6,RZ,2,20,layer_000_wire_006_RZ,0.0006245069069186575,0.0006245069069186575,False
random_bp,expectation_value,same_entangling_gate_count,pm_12q_bp_sweep,hea,RX_RY_RZ_CNOT,none,linear,cnot,local,12,2,2,22,22,11,7,1,0,7,RX,0,21,layer_000_wire_007_RX,0.003873232753843249,0.003873232753843249,False
random_bp,expectation_value,same_entangling_gate_count,pm_12q_bp_sweep,hea,RX_RY_RZ_CNOT,none,linear,cnot,local,12,2,2,22,22,11,7,1,0,7,RY,1,22,layer_000_wire_007_RY,0.0004537187862615156,0.0004537187862615156,False
random_bp,expectation_value,same_entangling_gate_count,pm_12q_bp_sweep,hea,RX_RY_RZ_CNOT,none,linear,cnot,local,12,2,2,22,22,11,7,1,0,7,RZ,2,23,layer_000_wire_007_RZ,-0.0019757066553694183,0.0019757066553694183,False
random_bp,expectation_value,same_entangling_gate_count,pm_12q_bp_sweep,hea,RX_RY_RZ_CNOT,none,linear,cnot,local,12,2,2,22,22,11,7,1,0,8,RX,0,24,layer_000_wire_008_RX,-0.001461153774206872,0.001461153774206872,False
random_bp,expectation_value,same_entangling_gate_count,pm_12q_bp_sweep,hea,RX_RY_RZ_CNOT,none,linear,cnot,local,12,2,2,22,22,11,7,1,0,8,RY,1,25,layer_000_wire_008_RY,-0.0025263635059002212,0.0025263635059002212,False
random_bp,expectation_value,same_entangling_gate_count,pm_12q_bp_sweep,hea,RX_RY_RZ_CNOT,none,linear,cnot,local,12,2,2,22,22,11,7,1,0,8,RZ,2,26,layer_000_wire_008_RZ,0.001540768562486211,0.001540768562486211,False
random_bp,expectation_value,same_entangling_gate_count,pm_12q_bp_sweep,hea,RX_RY_RZ_CNOT,none,linear,cnot,local,12,2,2,22,22,11,7,1,0,9,RX,0,27,layer_000_wire_009_RX,0.0003008884200657938,0.0003008884200657938,False
random_bp,expectation_value,same_entangling_gate_count,pm_12q_bp_sweep,hea,RX_RY_RZ_CNOT,none,linear,cnot,local,12,2,2,22,22,11,7,1,0,9,RY,1,28,layer_000_wire_009_RY,-2.4696936399865033e-05,2.4696936399865033e-05,False
random_bp,expectation_value,same_entangling_gate_count,pm_12q_bp_sweep,hea,RX_RY_RZ_CNOT,none,linear,cnot,local,12,2,2,22,22,11,7,1,0,9,RZ,2,29,layer_000_wire_009_RZ,0.00017763414610681594,0.00017763414610681594,False
random_bp,expectation_value,same_entangling_gate_count,pm_12q_bp_sweep,hea,RX_RY_RZ_CNOT,none,linear,cnot,local,12,2,2,22,22,11,7,1,0,10,RX,0,30,layer_000_wire_010_RX,-7.662308813014083e-05,7.662308813014083e-05,False
random_bp,expectation_value,same_entangling_gate_count,pm_12q_bp_sweep,hea,RX_RY_RZ_CNOT,none,linear,cnot,local,12,2,2,22,22,11,7,1,0,10,RY,1,31,layer_000_wire_010_RY,9.334578025681217e-05,9.334578025681217e-05,False
random_bp,expectation_value,same_entangling_gate_count,pm_12q_bp_sweep,hea,RX_RY_RZ_CNOT,none,linear,cnot,local,12,2,2,22,22,11,7,1,0,10,RZ,2,32,layer_000_wire_010_RZ,-5.8042929204008494e-05,5.8042929204008494e-05,False
random_bp,expectation_value,same_entangling_gate_count,pm_12q_bp_sweep,hea,RX_RY_RZ_CNOT,none,linear,cnot,local,12,2,2,22,22,11,7,1,0,11,RX,0,33,layer_000_wire_011_RX,-1.8789407853485318e-05,1.8789407853485318e-05,False
random_bp,expectation_value,same_entangling_gate_count,pm_12q_bp_sweep,hea,RX_RY_RZ_CNOT,none,linear,cnot,local,12,2,2,22,22,11,7,1,0,11,RY,1,34,layer_000_wire_011_RY,-1.226969801385036e-07,1.226969801385036e-07,True
random_bp,expectation_value,same_entangling_gate_count,pm_12q_bp_sweep,hea,RX_RY_RZ_CNOT,none,linear,cnot,local,12,2,2,22,22,11,7,1,0,11,RZ,2,35,layer_000_wire_011_RZ,1.2797646963842897e-05,1.2797646963842897e-05,False
random_bp,expectation_value,same_entangling_gate_count,pm_12q_bp_sweep,hea,RX_RY_RZ_CNOT,none,linear,cnot,local,12,2,2,22,22,11,7,1,1,0,RX,0,36,layer_001_wire_000_RX,-0.004555762702663018,0.004555762702663018,False
random_bp,expectation_value,same_entangling_gate_count,pm_12q_bp_sweep,hea,RX_RY_RZ_CNOT,none,linear,cnot,local,12,2,2,22,22,11,7,1,1,0,RY,1,37,layer_001_wire_000_RY,1.9737955307980865e-05,1.9737955307980865e-05,False
random_bp,expectation_value,same_entangling_gate_count,pm_12q_bp_sweep,hea,RX_RY_RZ_CNOT,none,linear,cnot,local,12,2,2,22,22,11,7,1,1,0,RZ,2,38,layer_001_wire_000_RZ,-5.356075944715542e-18,5.356075944715542e-18,True
random_bp,expectation_value,same_entangling_gate_count,pm_12q_bp_sweep,hea,RX_RY_RZ_CNOT,none,linear,cnot,local,12,2,2,22,22,11,7,1,1,1,RX,0,39,layer_001_wire_001_RX,0.021546487042523592,0.021546487042523592,False
random_bp,expectation_value,same_entangling_gate_count,pm_12q_bp_sweep,hea,RX_RY_RZ_CNOT,none,linear,cnot,local,12,2,2,22,22,11,7,1,1,1,RY,1,40,layer_001_wire_001_RY,0.013218389786882431,0.013218389786882431,False
random_bp,expectation_value,same_entangling_gate_count,pm_12q_bp_sweep,hea,RX_RY_RZ_CNOT,none,linear,cnot,local,12,2,2,22,22,11,7,1,1,1,RZ,2,41,layer_001_wire_001_RZ,-4.538175334643175e-17,4.538175334643175e-17,True
random_bp,expectation_value,same_entangling_gate_count,pm_12q_bp_sweep,hea,RX_RY_RZ_CNOT,none,linear,cnot,local,12,2,2,22,22,11,7,1,1,2,RX,0,42,layer_001_wire_002_RX,-0.0021317833173908653,0.0021317833173908653,False
random_bp,expectation_value,same_entangling_gate_count,pm_12q_bp_sweep,hea,RX_RY_RZ_CNOT,none,linear,cnot,local,12,2,2,22,22,11,7,1,1,2,RY,1,43,layer_001_wire_002_RY,-0.03557473464587502,0.03557473464587502,False
random_bp,expectation_value,same_entangling_gate_count,pm_12q_bp_sweep,hea,RX_RY_RZ_CNOT,none,linear,cnot,local,12,2,2,22,22,11,7,1,1,2,RZ,2,44,layer_001_wire_002_RZ,-1.9868875849073582e-17,1.9868875849073582e-17,True
random_bp,expectation_value,same_entangling_gate_count,pm_12q_bp_sweep,hea,RX_RY_RZ_CNOT,none,linear,cnot,local,12,2,2,22,22,11,7,1,1,3,RX,0,45,layer_001_wire_003_RX,0.00787625674285939,0.00787625674285939,False
random_bp,expectation_value,same_entangling_gate_count,pm_12q_bp_sweep,hea,RX_RY_RZ_CNOT,none,linear,cnot,local,12,2,2,22,22,11,7,1,1,3,RY,1,46,layer_001_wire_003_RY,0.15091623827646372,0.15091623827646372,False
random_bp,expectation_value,same_entangling_gate_count,pm_12q_bp_sweep,hea,RX_RY_RZ_CNOT,none,linear,cnot,local,12,2,2,22,22,11,7,1,1,3,RZ,2,47,layer_001_wire_003_RZ,2.5009496194767808e-17,2.5009496194767808e-17,True
random_bp,expectation_value,same_entangling_gate_count,pm_12q_bp_sweep,hea,RX_RY_RZ_CNOT,none,linear,cnot,local,12,2,2,22,22,11,7,1,1,4,RX,0,48,layer_001_wire_004_RX,0.007031652741781906,0.007031652741781906,False
random_bp,expectation_value,same_entangling_gate_count,pm_12q_bp_sweep,hea,RX_RY_RZ_CNOT,none,linear,cnot,local,12,2,2,22,22,11,7,1,1,4,RY,1,49,layer_001_wire_004_RY,0.003851591821619274,0.003851591821619274,False
random_bp,expectation_value,same_entangling_gate_count,pm_12q_bp_sweep,hea,RX_RY_RZ_CNOT,none,linear,cnot,local,12,2,2,22,22,11,7,1,1,4,RZ,2,50,layer_001_wire_004_RZ,-2.716265064562598e-17,2.716265064562598e-17,True
random_bp,expectation_value,same_entangling_gate_count,pm_12q_bp_sweep,hea,RX_RY_RZ_CNOT,none,linear,cnot,local,12,2,2,22,22,11,7,1,1,5,RX,0,51,layer_001_wire_005_RX,-0.0017653298869862513,0.0017653298869862513,False
random_bp,expectation_value,same_entangling_gate_count,pm_12q_bp_sweep,hea,RX_RY_RZ_CNOT,none,linear,cnot,local,12,2,2,22,22,11,7,1,1,5,RY,1,52,layer_001_wire_005_RY,0.00726542409939334,0.00726542409939334,False
random_bp,expectation_value,same_entangling_gate_count,pm_12q_bp_sweep,hea,RX_RY_RZ_CNOT,none,linear,cnot,local,12,2,2,22,22,11,7,1,1,5,RZ,2,53,layer_001_wire_005_RZ,-9.996339944520333e-18,9.996339944520333e-18,True
random_bp,expectation_value,same_entangling_gate_count,pm_12q_bp_sweep,hea,RX_RY_RZ_CNOT,none,linear,cnot,local,12,2,2,22,22,11,7,1,1,6,RX,0,54,layer_001_wire_006_RX,0.0031105174622447357,0.0031105174622447357,False
random_bp,expectation_value,same_entangling_gate_count,pm_12q_bp_sweep,hea,RX_RY_RZ_CNOT,none,linear,cnot,local,12,2,2,22,22,11,7,1,1,6,RY,1,55,layer_001_wire_006_RY,-0.0026981699061745627,0.0026981699061745627,False
random_bp,expectation_value,same_entangling_gate_count,pm_12q_bp_sweep,hea,RX_RY_RZ_CNOT,none,linear,cnot,local,12,2,2,22,22,11,7,1,1,6,RZ,2,56,layer_001_wire_006_RZ,9.755292080222572e-18,9.755292080222572e-18,True
random_bp,expectation_value,same_entangling_gate_count,pm_12q_bp_sweep,hea,RX_RY_RZ_CNOT,none,linear,cnot,local,12,2,2,22,22,11,7,1,1,7,RX,0,57,layer_001_wire_007_RX,0.0024414797822657694,0.0024414797822657694,False
random_bp,expectation_value,same_entangling_gate_count,pm_12q_bp_sweep,hea,RX_RY_RZ_CNOT,none,linear,cnot,local,12,2,2,22,22,11,7,1,1,7,RY,1,58,layer_001_wire_007_RY,0.0042847941220336624,0.0042847941220336624,False
random_bp,expectation_value,same_entangling_gate_count,pm_12q_bp_sweep,hea,RX_RY_RZ_CNOT,none,linear,cnot,local,12,2,2,22,22,11,7,1,1,7,RZ,2,59,layer_001_wire_007_RZ,3.620880149574818e-18,3.620880149574818e-18,True
random_bp,expectation_value,same_entangling_gate_count,pm_12q_bp_sweep,hea,RX_RY_RZ_CNOT,none,linear,cnot,local,12,2,2,22,22,11,7,1,1,8,RX,0,60,layer_001_wire_008_RX,0.0007437841388669153,0.0007437841388669153,False
random_bp,expectation_value,same_entangling_gate_count,pm_12q_bp_sweep,hea,RX_RY_RZ_CNOT,none,linear,cnot,local,12,2,2,22,22,11,7,1,1,8,RY,1,61,layer_001_wire_008_RY,0.0007592418419995225,0.0007592418419995225,False
random_bp,expectation_value,same_entangling_gate_count,pm_12q_bp_sweep,hea,RX_RY_RZ_CNOT,none,linear,cnot,local,12,2,2,22,22,11,7,1,1,8,RZ,2,62,layer_001_wire_008_RZ,-5.195015511275511e-18,5.195015511275511e-18,True
random_bp,expectation_value,same_entangling_gate_count,pm_12q_bp_sweep,hea,RX_RY_RZ_CNOT,none,linear,cnot,local,12,2,2,22,22,11,7,1,1,9,RX,0,63,layer_001_wire_009_RX,-0.00032886135773369657,0.00032886135773369657,False
random_bp,expectation_value,same_entangling_gate_count,pm_12q_bp_sweep,hea,RX_RY_RZ_CNOT,none,linear,cnot,local,12,2,2,22,22,11,7,1,1,9,RY,1,64,layer_001_wire_009_RY,0.00025087938799502746,0.00025087938799502746,False
random_bp,expectation_value,same_entangling_gate_count,pm_12q_bp_sweep,hea,RX_RY_RZ_CNOT,none,linear,cnot,local,12,2,2,22,22,11,7,1,1,9,RZ,2,65,layer_001_wire_009_RZ,9.951121680010868e-17,9.951121680010868e-17,True
random_bp,expectation_value,same_entangling_gate_count,pm_12q_bp_sweep,hea,RX_RY_RZ_CNOT,none,linear,cnot,local,12,2,2,22,22,11,7,1,1,10,RX,0,66,layer_001_wire_010_RX,-4.373739583482528e-05,4.373739583482528e-05,False
random_bp,expectation_value,same_entangling_gate_count,pm_12q_bp_sweep,hea,RX_RY_RZ_CNOT,none,linear,cnot,local,12,2,2,22,22,11,7,1,1,10,RY,1,67,layer_001_wire_010_RY,0.0001088011950104717,0.0001088011950104717,False
random_bp,expectation_value,same_entangling_gate_count,pm_12q_bp_sweep,hea,RX_RY_RZ_CNOT,none,linear,cnot,local,12,2,2,22,22,11,7,1,1,10,RZ,2,68,layer_001_wire_010_RZ,6.113197363275278e-17,6.113197363275278e-17,True
random_bp,expectation_value,same_entangling_gate_count,pm_12q_bp_sweep,hea,RX_RY_RZ_CNOT,none,linear,cnot,local,12,2,2,22,22,11,7,1,1,11,RX,0,69,layer_001_wire_011_RX,1.201880818012778e-05,1.201880818012778e-05,False
random_bp,expectation_value,same_entangling_gate_count,pm_12q_bp_sweep,hea,RX_RY_RZ_CNOT,none,linear,cnot,local,12,2,2,22,22,11,7,1,1,11,RY,1,70,layer_001_wire_011_RY,-4.4820251948012035e-05,4.4820251948012035e-05,False
random_bp,expectation_value,same_entangling_gate_count,pm_12q_bp_sweep,hea,RX_RY_RZ_CNOT,none,linear,cnot,local,12,2,2,22,22,11,7,1,1,11,RZ,2,71,layer_001_wire_011_RZ,-1.8058857582671443e-17,1.8058857582671443e-17,True
random_bp,expectation_value,same_entangling_gate_count,pm_12q_bp_sweep,hea,RX_RY_RZ_CNOT,none,linear,cnot,local,12,2,2,22,22,11,8,2,0,0,RX,0,0,layer_000_wire_000_RX,0.04475723186284714,0.04475723186284714,False
random_bp,expectation_value,same_entangling_gate_count,pm_12q_bp_sweep,hea,RX_RY_RZ_CNOT,none,linear,cnot,local,12,2,2,22,22,11,8,2,0,0,RY,1,1,layer_000_wire_000_RY,0.008194188085323278,0.008194188085323278,False
random_bp,expectation_value,same_entangling_gate_count,pm_12q_bp_sweep,hea,RX_RY_RZ_CNOT,none,linear,cnot,local,12,2,2,22,22,11,8,2,0,0,RZ,2,2,layer_000_wire_000_RZ,0.009064490423587191,0.009064490423587191,False
random_bp,expectation_value,same_entangling_gate_count,pm_12q_bp_sweep,hea,RX_RY_RZ_CNOT,none,linear,cnot,local,12,2,2,22,22,11,8,2,0,1,RX,0,3,layer_000_wire_001_RX,-0.027447093513825956,0.027447093513825956,False
random_bp,expectation_value,same_entangling_gate_count,pm_12q_bp_sweep,hea,RX_RY_RZ_CNOT,none,linear,cnot,local,12,2,2,22,22,11,8,2,0,1,RY,1,4,layer_000_wire_001_RY,-0.08785975548364272,0.08785975548364272,False
random_bp,expectation_value,same_entangling_gate_count,pm_12q_bp_sweep,hea,RX_RY_RZ_CNOT,none,linear,cnot,local,12,2,2,22,22,11,8,2,0,1,RZ,2,5,layer_000_wire_001_RZ,-0.030150071630487905,0.030150071630487905,False
random_bp,expectation_value,same_entangling_gate_count,pm_12q_bp_sweep,hea,RX_RY_RZ_CNOT,none,linear,cnot,local,12,2,2,22,22,11,8,2,0,2,RX,0,6,layer_000_wire_002_RX,0.01479060532005031,0.01479060532005031,False
random_bp,expectation_value,same_entangling_gate_count,pm_12q_bp_sweep,hea,RX_RY_RZ_CNOT,none,linear,cnot,local,12,2,2,22,22,11,8,2,0,2,RY,1,7,layer_000_wire_002_RY,0.00320261082456703,0.00320261082456703,False
random_bp,expectation_value,same_entangling_gate_count,pm_12q_bp_sweep,hea,RX_RY_RZ_CNOT,none,linear,cnot,local,12,2,2,22,22,11,8,2,0,2,RZ,2,8,layer_000_wire_002_RZ,-0.002301467560499231,0.002301467560499231,False
random_bp,expectation_value,same_entangling_gate_count,pm_12q_bp_sweep,hea,RX_RY_RZ_CNOT,none,linear,cnot,local,12,2,2,22,22,11,8,2,0,3,RX,0,9,layer_000_wire_003_RX,-0.002276985298715853,0.002276985298715853,False
random_bp,expectation_value,same_entangling_gate_count,pm_12q_bp_sweep,hea,RX_RY_RZ_CNOT,none,linear,cnot,local,12,2,2,22,22,11,8,2,0,3,RY,1,10,layer_000_wire_003_RY,0.005648548364293432,0.005648548364293432,False
random_bp,expectation_value,same_entangling_gate_count,pm_12q_bp_sweep,hea,RX_RY_RZ_CNOT,none,linear,cnot,local,12,2,2,22,22,11,8,2,0,3,RZ,2,11,layer_000_wire_003_RZ,0.008810342445536842,0.008810342445536842,False
random_bp,expectation_value,same_entangling_gate_count,pm_12q_bp_sweep,hea,RX_RY_RZ_CNOT,none,linear,cnot,local,12,2,2,22,22,11,8,2,0,4,RX,0,12,layer_000_wire_004_RX,0.005333781520370156,0.005333781520370156,False
random_bp,expectation_value,same_entangling_gate_count,pm_12q_bp_sweep,hea,RX_RY_RZ_CNOT,none,linear,cnot,local,12,2,2,22,22,11,8,2,0,4,RY,1,13,layer_000_wire_004_RY,-0.002734909145872138,0.002734909145872138,False
random_bp,expectation_value,same_entangling_gate_count,pm_12q_bp_sweep,hea,RX_RY_RZ_CNOT,none,linear,cnot,local,12,2,2,22,22,11,8,2,0,4,RZ,2,14,layer_000_wire_004_RZ,-0.004064281411931895,0.004064281411931895,False
random_bp,expectation_value,same_entangling_gate_count,pm_12q_bp_sweep,hea,RX_RY_RZ_CNOT,none,linear,cnot,local,12,2,2,22,22,11,8,2,0,5,RX,0,15,layer_000_wire_005_RX,-0.0013755138202820455,0.0013755138202820455,False
random_bp,expectation_value,same_entangling_gate_count,pm_12q_bp_sweep,hea,RX_RY_RZ_CNOT,none,linear,cnot,local,12,2,2,22,22,11,8,2,0,5,RY,1,16,layer_000_wire_005_RY,-0.004154535001054333,0.004154535001054333,False
random_bp,expectation_value,same_entangling_gate_count,pm_12q_bp_sweep,hea,RX_RY_RZ_CNOT,none,linear,cnot,local,12,2,2,22,22,11,8,2,0,5,RZ,2,17,layer_000_wire_005_RZ,0.004788819669079465,0.004788819669079465,False
random_bp,expectation_value,same_entangling_gate_count,pm_12q_bp_sweep,hea,RX_RY_RZ_CNOT,none,linear,cnot,local,12,2,2,22,22,11,8,2,0,6,RX,0,18,layer_000_wire_006_RX,0.00012421513824314653,0.00012421513824314653,False
random_bp,expectation_value,same_entangling_gate_count,pm_12q_bp_sweep,hea,RX_RY_RZ_CNOT,none,linear,cnot,local,12,2,2,22,22,11,8,2,0,6,RY,1,19,layer_000_wire_006_RY,-0.0007012910568695574,0.0007012910568695574,False
random_bp,expectation_value,same_entangling_gate_count,pm_12q_bp_sweep,hea,RX_RY_RZ_CNOT,none,linear,cnot,local,12,2,2,22,22,11,8,2,0,6,RZ,2,20,layer_000_wire_006_RZ,-0.00010357062624610583,0.00010357062624610583,False
random_bp,expectation_value,same_entangling_gate_count,pm_12q_bp_sweep,hea,RX_RY_RZ_CNOT,none,linear,cnot,local,12,2,2,22,22,11,8,2,0,7,RX,0,21,layer_000_wire_007_RX,0.000139028259296146,0.000139028259296146,False
random_bp,expectation_value,same_entangling_gate_count,pm_12q_bp_sweep,hea,RX_RY_RZ_CNOT,none,linear,cnot,local,12,2,2,22,22,11,8,2,0,7,RY,1,22,layer_000_wire_007_RY,0.00010818770894253232,0.00010818770894253232,False
random_bp,expectation_value,same_entangling_gate_count,pm_12q_bp_sweep,hea,RX_RY_RZ_CNOT,none,linear,cnot,local,12,2,2,22,22,11,8,2,0,7,RZ,2,23,layer_000_wire_007_RZ,-9.364504785734689e-05,9.364504785734689e-05,False
random_bp,expectation_value,same_entangling_gate_count,pm_12q_bp_sweep,hea,RX_RY_RZ_CNOT,none,linear,cnot,local,12,2,2,22,22,11,8,2,0,8,RX,0,24,layer_000_wire_008_RX,0.0009430792506912936,0.0009430792506912936,False
random_bp,expectation_value,same_entangling_gate_count,pm_12q_bp_sweep,hea,RX_RY_RZ_CNOT,none,linear,cnot,local,12,2,2,22,22,11,8,2,0,8,RY,1,25,layer_000_wire_008_RY,-0.0003117850921570114,0.0003117850921570114,False
random_bp,expectation_value,same_entangling_gate_count,pm_12q_bp_sweep,hea,RX_RY_RZ_CNOT,none,linear,cnot,local,12,2,2,22,22,11,8,2,0,8,RZ,2,26,layer_000_wire_008_RZ,-0.0010394041850207525,0.0010394041850207525,False
random_bp,expectation_value,same_entangling_gate_count,pm_12q_bp_sweep,hea,RX_RY_RZ_CNOT,none,linear,cnot,local,12,2,2,22,22,11,8,2,0,9,RX,0,27,layer_000_wire_009_RX,-0.0002239901595931723,0.0002239901595931723,False
random_bp,expectation_value,same_entangling_gate_count,pm_12q_bp_sweep,hea,RX_RY_RZ_CNOT,none,linear,cnot,local,12,2,2,22,22,11,8,2,0,9,RY,1,28,layer_000_wire_009_RY,0.0007095009307800191,0.0007095009307800191,False
random_bp,expectation_value,same_entangling_gate_count,pm_12q_bp_sweep,hea,RX_RY_RZ_CNOT,none,linear,cnot,local,12,2,2,22,22,11,8,2,0,9,RZ,2,29,layer_000_wire_009_RZ,-0.0016431056846567562,0.0016431056846567562,False
random_bp,expectation_value,same_entangling_gate_count,pm_12q_bp_sweep,hea,RX_RY_RZ_CNOT,none,linear,cnot,local,12,2,2,22,22,11,8,2,0,10,RX,0,30,layer_000_wire_010_RX,-0.0006424817629871564,0.0006424817629871564,False
random_bp,expectation_value,same_entangling_gate_count,pm_12q_bp_sweep,hea,RX_RY_RZ_CNOT,none,linear,cnot,local,12,2,2,22,22,11,8,2,0,10,RY,1,31,layer_000_wire_010_RY,-0.00015841675145293957,0.00015841675145293957,False
random_bp,expectation_value,same_entangling_gate_count,pm_12q_bp_sweep,hea,RX_RY_RZ_CNOT,none,linear,cnot,local,12,2,2,22,22,11,8,2,0,10,RZ,2,32,layer_000_wire_010_RZ,0.0008065879070509694,0.0008065879070509694,False
random_bp,expectation_value,same_entangling_gate_count,pm_12q_bp_sweep,hea,RX_RY_RZ_CNOT,none,linear,cnot,local,12,2,2,22,22,11,8,2,0,11,RX,0,33,layer_000_wire_011_RX,0.00010094171769684662,0.00010094171769684662,False
random_bp,expectation_value,same_entangling_gate_count,pm_12q_bp_sweep,hea,RX_RY_RZ_CNOT,none,linear,cnot,local,12,2,2,22,22,11,8,2,0,11,RY,1,34,layer_000_wire_011_RY,-0.00013600966588356647,0.00013600966588356647,False
random_bp,expectation_value,same_entangling_gate_count,pm_12q_bp_sweep,hea,RX_RY_RZ_CNOT,none,linear,cnot,local,12,2,2,22,22,11,8,2,0,11,RZ,2,35,layer_000_wire_011_RZ,3.689097981224798e-05,3.689097981224798e-05,False
random_bp,expectation_value,same_entangling_gate_count,pm_12q_bp_sweep,hea,RX_RY_RZ_CNOT,none,linear,cnot,local,12,2,2,22,22,11,8,2,1,0,RX,0,36,layer_001_wire_000_RX,-0.010789514501115729,0.010789514501115729,False
random_bp,expectation_value,same_entangling_gate_count,pm_12q_bp_sweep,hea,RX_RY_RZ_CNOT,none,linear,cnot,local,12,2,2,22,22,11,8,2,1,0,RY,1,37,layer_001_wire_000_RY,-0.1558527698024893,0.1558527698024893,False
random_bp,expectation_value,same_entangling_gate_count,pm_12q_bp_sweep,hea,RX_RY_RZ_CNOT,none,linear,cnot,local,12,2,2,22,22,11,8,2,1,0,RZ,2,38,layer_001_wire_000_RZ,-2.949867452719215e-17,2.949867452719215e-17,True
random_bp,expectation_value,same_entangling_gate_count,pm_12q_bp_sweep,hea,RX_RY_RZ_CNOT,none,linear,cnot,local,12,2,2,22,22,11,8,2,1,1,RX,0,39,layer_001_wire_001_RX,0.06296887812968324,0.06296887812968324,False
random_bp,expectation_value,same_entangling_gate_count,pm_12q_bp_sweep,hea,RX_RY_RZ_CNOT,none,linear,cnot,local,12,2,2,22,22,11,8,2,1,1,RY,1,40,layer_001_wire_001_RY,0.07315864436968984,0.07315864436968984,False
random_bp,expectation_value,same_entangling_gate_count,pm_12q_bp_sweep,hea,RX_RY_RZ_CNOT,none,linear,cnot,local,12,2,2,22,22,11,8,2,1,1,RZ,2,41,layer_001_wire_001_RZ,-3.380019014156959e-17,3.380019014156959e-17,True
random_bp,expectation_value,same_entangling_gate_count,pm_12q_bp_sweep,hea,RX_RY_RZ_CNOT,none,linear,cnot,local,12,2,2,22,22,11,8,2,1,2,RX,0,42,layer_001_wire_002_RX,0.0031746401856352358,0.0031746401856352358,False
random_bp,expectation_value,same_entangling_gate_count,pm_12q_bp_sweep,hea,RX_RY_RZ_CNOT,none,linear,cnot,local,12,2,2,22,22,11,8,2,1,2,RY,1,43,layer_001_wire_002_RY,-0.007580620436232725,0.007580620436232725,False
random_bp,expectation_value,same_entangling_gate_count,pm_12q_bp_sweep,hea,RX_RY_RZ_CNOT,none,linear,cnot,local,12,2,2,22,22,11,8,2,1,2,RZ,2,44,layer_001_wire_002_RZ,-2.6158241130508168e-17,2.6158241130508168e-17,True
random_bp,expectation_value,same_entangling_gate_count,pm_12q_bp_sweep,hea,RX_RY_RZ_CNOT,none,linear,cnot,local,12,2,2,22,22,11,8,2,1,3,RX,0,45,layer_001_wire_003_RX,0.0010046728566525907,0.0010046728566525907,False
random_bp,expectation_value,same_entangling_gate_count,pm_12q_bp_sweep,hea,RX_RY_RZ_CNOT,none,linear,cnot,local,12,2,2,22,22,11,8,2,1,3,RY,1,46,layer_001_wire_003_RY,-0.009905307080409813,0.009905307080409813,False
random_bp,expectation_value,same_entangling_gate_count,pm_12q_bp_sweep,hea,RX_RY_RZ_CNOT,none,linear,cnot,local,12,2,2,22,22,11,8,2,1,3,RZ,2,47,layer_001_wire_003_RZ,8.605917238467076e-18,8.605917238467076e-18,True
random_bp,expectation_value,same_entangling_gate_count,pm_12q_bp_sweep,hea,RX_RY_RZ_CNOT,none,linear,cnot,local,12,2,2,22,22,11,8,2,1,4,RX,0,48,layer_001_wire_004_RX,0.005054530344113161,0.005054530344113161,False
random_bp,expectation_value,same_entangling_gate_count,pm_12q_bp_sweep,hea,RX_RY_RZ_CNOT,none,linear,cnot,local,12,2,2,22,22,11,8,2,1,4,RY,1,49,layer_001_wire_004_RY,-0.002289262377609985,0.002289262377609985,False
random_bp,expectation_value,same_entangling_gate_count,pm_12q_bp_sweep,hea,RX_RY_RZ_CNOT,none,linear,cnot,local,12,2,2,22,22,11,8,2,1,4,RZ,2,50,layer_001_wire_004_RZ,4.715778276607869e-18,4.715778276607869e-18,True
random_bp,expectation_value,same_entangling_gate_count,pm_12q_bp_sweep,hea,RX_RY_RZ_CNOT,none,linear,cnot,local,12,2,2,22,22,11,8,2,1,5,RX,0,51,layer_001_wire_005_RX,-0.0016219112901007466,0.0016219112901007466,False
random_bp,expectation_value,same_entangling_gate_count,pm_12q_bp_sweep,hea,RX_RY_RZ_CNOT,none,linear,cnot,local,12,2,2,22,22,11,8,2,1,5,RY,1,52,layer_001_wire_005_RY,-0.0041444101833430814,0.0041444101833430814,False
random_bp,expectation_value,same_entangling_gate_count,pm_12q_bp_sweep,hea,RX_RY_RZ_CNOT,none,linear,cnot,local,12,2,2,22,22,11,8,2,1,5,RZ,2,53,layer_001_wire_005_RZ,3.900924796507808e-18,3.900924796507808e-18,True
random_bp,expectation_value,same_entangling_gate_count,pm_12q_bp_sweep,hea,RX_RY_RZ_CNOT,none,linear,cnot,local,12,2,2,22,22,11,8,2,1,6,RX,0,54,layer_001_wire_006_RX,0.0016594201107767506,0.0016594201107767506,False
random_bp,expectation_value,same_entangling_gate_count,pm_12q_bp_sweep,hea,RX_RY_RZ_CNOT,none,linear,cnot,local,12,2,2,22,22,11,8,2,1,6,RY,1,55,layer_001_wire_006_RY,0.00031069849517439355,0.00031069849517439355,False
random_bp,expectation_value,same_entangling_gate_count,pm_12q_bp_sweep,hea,RX_RY_RZ_CNOT,none,linear,cnot,local,12,2,2,22,22,11,8,2,1,6,RZ,2,56,layer_001_wire_006_RZ,-7.145166652453089e-18,7.145166652453089e-18,True
random_bp,expectation_value,same_entangling_gate_count,pm_12q_bp_sweep,hea,RX_RY_RZ_CNOT,none,linear,cnot,local,12,2,2,22,22,11,8,2,1,7,RX,0,57,layer_001_wire_007_RX,0.002257382328929497,0.002257382328929497,False
random_bp,expectation_value,same_entangling_gate_count,pm_12q_bp_sweep,hea,RX_RY_RZ_CNOT,none,linear,cnot,local,12,2,2,22,22,11,8,2,1,7,RY,1,58,layer_001_wire_007_RY,-0.0002473533271526336,0.0002473533271526336,False
random_bp,expectation_value,same_entangling_gate_count,pm_12q_bp_sweep,hea,RX_RY_RZ_CNOT,none,linear,cnot,local,12,2,2,22,22,11,8,2,1,7,RZ,2,59,layer_001_wire_007_RZ,-1.1965046417188826e-17,1.1965046417188826e-17,True
random_bp,expectation_value,same_entangling_gate_count,pm_12q_bp_sweep,hea,RX_RY_RZ_CNOT,none,linear,cnot,local,12,2,2,22,22,11,8,2,1,8,RX,0,60,layer_001_wire_008_RX,0.0008611495818967897,0.0008611495818967897,False
random_bp,expectation_value,same_entangling_gate_count,pm_12q_bp_sweep,hea,RX_RY_RZ_CNOT,none,linear,cnot,local,12,2,2,22,22,11,8,2,1,8,RY,1,61,layer_001_wire_008_RY,-0.001155404425485871,0.001155404425485871,False
random_bp,expectation_value,same_entangling_gate_count,pm_12q_bp_sweep,hea,RX_RY_RZ_CNOT,none,linear,cnot,local,12,2,2,22,22,11,8,2,1,8,RZ,2,62,layer_001_wire_008_RZ,-1.0716599938130616e-17,1.0716599938130616e-17,True
random_bp,expectation_value,same_entangling_gate_count,pm_12q_bp_sweep,hea,RX_RY_RZ_CNOT,none,linear,cnot,local,12,2,2,22,22,11,8,2,1,9,RX,0,63,layer_001_wire_009_RX,-0.0016381372746237452,0.0016381372746237452,False
random_bp,expectation_value,same_entangling_gate_count,pm_12q_bp_sweep,hea,RX_RY_RZ_CNOT,none,linear,cnot,local,12,2,2,22,22,11,8,2,1,9,RY,1,64,layer_001_wire_009_RY,-0.0022490718808573663,0.0022490718808573663,False
random_bp,expectation_value,same_entangling_gate_count,pm_12q_bp_sweep,hea,RX_RY_RZ_CNOT,none,linear,cnot,local,12,2,2,22,22,11,8,2,1,9,RZ,2,65,layer_001_wire_009_RZ,2.0999494519099004e-17,2.0999494519099004e-17,True
random_bp,expectation_value,same_entangling_gate_count,pm_12q_bp_sweep,hea,RX_RY_RZ_CNOT,none,linear,cnot,local,12,2,2,22,22,11,8,2,1,10,RX,0,66,layer_001_wire_010_RX,-0.00021830245115905464,0.00021830245115905464,False
random_bp,expectation_value,same_entangling_gate_count,pm_12q_bp_sweep,hea,RX_RY_RZ_CNOT,none,linear,cnot,local,12,2,2,22,22,11,8,2,1,10,RY,1,67,layer_001_wire_010_RY,-0.0001343963621610383,0.0001343963621610383,False
random_bp,expectation_value,same_entangling_gate_count,pm_12q_bp_sweep,hea,RX_RY_RZ_CNOT,none,linear,cnot,local,12,2,2,22,22,11,8,2,1,10,RZ,2,68,layer_001_wire_010_RZ,5.509394325046779e-22,5.509394325046779e-22,True
random_bp,expectation_value,same_entangling_gate_count,pm_12q_bp_sweep,hea,RX_RY_RZ_CNOT,none,linear,cnot,local,12,2,2,22,22,11,8,2,1,11,RX,0,69,layer_001_wire_011_RX,0.00010043253461990836,0.00010043253461990836,False
random_bp,expectation_value,same_entangling_gate_count,pm_12q_bp_sweep,hea,RX_RY_RZ_CNOT,none,linear,cnot,local,12,2,2,22,22,11,8,2,1,11,RY,1,70,layer_001_wire_011_RY,-0.0002008057903189871,0.0002008057903189871,False
random_bp,expectation_value,same_entangling_gate_count,pm_12q_bp_sweep,hea,RX_RY_RZ_CNOT,none,linear,cnot,local,12,2,2,22,22,11,8,2,1,11,RZ,2,71,layer_001_wire_011_RZ,4.5587771975151e-19,4.5587771975151e-19,True
random_bp,expectation_value,same_entangling_gate_count,pm_12q_bp_sweep,hea,RX_RY_RZ_CNOT,none,linear,cnot,global,12,2,2,22,22,11,9,0,0,0,RX,0,0,layer_000_wire_000_RX,0.00034639992789345917,0.00034639992789345917,False
random_bp,expectation_value,same_entangling_gate_count,pm_12q_bp_sweep,hea,RX_RY_RZ_CNOT,none,linear,cnot,global,12,2,2,22,22,11,9,0,0,0,RY,1,1,layer_000_wire_000_RY,-0.002383693476093105,0.002383693476093105,False
random_bp,expectation_value,same_entangling_gate_count,pm_12q_bp_sweep,hea,RX_RY_RZ_CNOT,none,linear,cnot,global,12,2,2,22,22,11,9,0,0,0,RZ,2,2,layer_000_wire_000_RZ,9.121038335269101e-18,9.121038335269101e-18,True
random_bp,expectation_value,same_entangling_gate_count,pm_12q_bp_sweep,hea,RX_RY_RZ_CNOT,none,linear,cnot,global,12,2,2,22,22,11,9,0,0,1,RX,0,3,layer_000_wire_001_RX,-0.0017764790937576634,0.0017764790937576634,False
random_bp,expectation_value,same_entangling_gate_count,pm_12q_bp_sweep,hea,RX_RY_RZ_CNOT,none,linear,cnot,global,12,2,2,22,22,11,9,0,0,1,RY,1,4,layer_000_wire_001_RY,-0.00103499584604217,0.00103499584604217,False
random_bp,expectation_value,same_entangling_gate_count,pm_12q_bp_sweep,hea,RX_RY_RZ_CNOT,none,linear,cnot,global,12,2,2,22,22,11,9,0,0,1,RZ,2,5,layer_000_wire_001_RZ,0.0016797046636086153,0.0016797046636086153,False
random_bp,expectation_value,same_entangling_gate_count,pm_12q_bp_sweep,hea,RX_RY_RZ_CNOT,none,linear,cnot,global,12,2,2,22,22,11,9,0,0,2,RX,0,6,layer_000_wire_002_RX,-0.0006600605877792806,0.0006600605877792806,False
random_bp,expectation_value,same_entangling_gate_count,pm_12q_bp_sweep,hea,RX_RY_RZ_CNOT,none,linear,cnot,global,12,2,2,22,22,11,9,0,0,2,RY,1,7,layer_000_wire_002_RY,0.00014749252070844516,0.00014749252070844516,False
random_bp,expectation_value,same_entangling_gate_count,pm_12q_bp_sweep,hea,RX_RY_RZ_CNOT,none,linear,cnot,global,12,2,2,22,22,11,9,0,0,2,RZ,2,8,layer_000_wire_002_RZ,0.0006696032549347649,0.0006696032549347649,False
random_bp,expectation_value,same_entangling_gate_count,pm_12q_bp_sweep,hea,RX_RY_RZ_CNOT,none,linear,cnot,global,12,2,2,22,22,11,9,0,0,3,RX,0,9,layer_000_wire_003_RX,0.00033225020135491356,0.00033225020135491356,False
random_bp,expectation_value,same_entangling_gate_count,pm_12q_bp_sweep,hea,RX_RY_RZ_CNOT,none,linear,cnot,global,12,2,2,22,22,11,9,0,0,3,RY,1,10,layer_000_wire_003_RY,-0.0007994206409681278,0.0007994206409681278,False
random_bp,expectation_value,same_entangling_gate_count,pm_12q_bp_sweep,hea,RX_RY_RZ_CNOT,none,linear,cnot,global,12,2,2,22,22,11,9,0,0,3,RZ,2,11,layer_000_wire_003_RZ,-0.0004431286333677985,0.0004431286333677985,False
random_bp,expectation_value,same_entangling_gate_count,pm_12q_bp_sweep,hea,RX_RY_RZ_CNOT,none,linear,cnot,global,12,2,2,22,22,11,9,0,0,4,RX,0,12,layer_000_wire_004_RX,-0.0005398565811115108,0.0005398565811115108,False
random_bp,expectation_value,same_entangling_gate_count,pm_12q_bp_sweep,hea,RX_RY_RZ_CNOT,none,linear,cnot,global,12,2,2,22,22,11,9,0,0,4,RY,1,13,layer_000_wire_004_RY,0.0007685033557518519,0.0007685033557518519,False
random_bp,expectation_value,same_entangling_gate_count,pm_12q_bp_sweep,hea,RX_RY_RZ_CNOT,none,linear,cnot,global,12,2,2,22,22,11,9,0,0,4,RZ,2,14,layer_000_wire_004_RZ,0.0008260475590362444,0.0008260475590362444,False
random_bp,expectation_value,same_entangling_gate_count,pm_12q_bp_sweep,hea,RX_RY_RZ_CNOT,none,linear,cnot,global,12,2,2,22,22,11,9,0,0,5,RX,0,15,layer_000_wire_005_RX,-0.0011282537860675924,0.0011282537860675924,False
random_bp,expectation_value,same_entangling_gate_count,pm_12q_bp_sweep,hea,RX_RY_RZ_CNOT,none,linear,cnot,global,12,2,2,22,22,11,9,0,0,5,RY,1,16,layer_000_wire_005_RY,-0.0006257344231730038,0.0006257344231730038,False
random_bp,expectation_value,same_entangling_gate_count,pm_12q_bp_sweep,hea,RX_RY_RZ_CNOT,none,linear,cnot,global,12,2,2,22,22,11,9,0,0,5,RZ,2,17,layer_000_wire_005_RZ,0.0016645725089369052,0.0016645725089369052,False
random_bp,expectation_value,same_entangling_gate_count,pm_12q_bp_sweep,hea,RX_RY_RZ_CNOT,none,linear,cnot,global,12,2,2,22,22,11,9,0,0,6,RX,0,18,layer_000_wire_006_RX,0.0018818132512299528,0.0018818132512299528,False
random_bp,expectation_value,same_entangling_gate_count,pm_12q_bp_sweep,hea,RX_RY_RZ_CNOT,none,linear,cnot,global,12,2,2,22,22,11,9,0,0,6,RY,1,19,layer_000_wire_006_RY,-0.0013162097843548311,0.0013162097843548311,False
random_bp,expectation_value,same_entangling_gate_count,pm_12q_bp_sweep,hea,RX_RY_RZ_CNOT,none,linear,cnot,global,12,2,2,22,22,11,9,0,0,6,RZ,2,20,layer_000_wire_006_RZ,0.004483041600938377,0.004483041600938377,False
random_bp,expectation_value,same_entangling_gate_count,pm_12q_bp_sweep,hea,RX_RY_RZ_CNOT,none,linear,cnot,global,12,2,2,22,22,11,9,0,0,7,RX,0,21,layer_000_wire_007_RX,0.0011207253763915882,0.0011207253763915882,False
random_bp,expectation_value,same_entangling_gate_count,pm_12q_bp_sweep,hea,RX_RY_RZ_CNOT,none,linear,cnot,global,12,2,2,22,22,11,9,0,0,7,RY,1,22,layer_000_wire_007_RY,-7.960175849382677e-05,7.960175849382677e-05,False
random_bp,expectation_value,same_entangling_gate_count,pm_12q_bp_sweep,hea,RX_RY_RZ_CNOT,none,linear,cnot,global,12,2,2,22,22,11,9,0,0,7,RZ,2,23,layer_000_wire_007_RZ,-0.001021942905342192,0.001021942905342192,False
random_bp,expectation_value,same_entangling_gate_count,pm_12q_bp_sweep,hea,RX_RY_RZ_CNOT,none,linear,cnot,global,12,2,2,22,22,11,9,0,0,8,RX,0,24,layer_000_wire_008_RX,-0.0013674346144713985,0.0013674346144713985,False
random_bp,expectation_value,same_entangling_gate_count,pm_12q_bp_sweep,hea,RX_RY_RZ_CNOT,none,linear,cnot,global,12,2,2,22,22,11,9,0,0,8,RY,1,25,layer_000_wire_008_RY,-0.0016915840370407503,0.0016915840370407503,False
random_bp,expectation_value,same_entangling_gate_count,pm_12q_bp_sweep,hea,RX_RY_RZ_CNOT,none,linear,cnot,global,12,2,2,22,22,11,9,0,0,8,RZ,2,26,layer_000_wire_008_RZ,-0.002028651823059971,0.002028651823059971,False
random_bp,expectation_value,same_entangling_gate_count,pm_12q_bp_sweep,hea,RX_RY_RZ_CNOT,none,linear,cnot,global,12,2,2,22,22,11,9,0,0,9,RX,0,27,layer_000_wire_009_RX,0.0033906771272483377,0.0033906771272483377,False
random_bp,expectation_value,same_entangling_gate_count,pm_12q_bp_sweep,hea,RX_RY_RZ_CNOT,none,linear,cnot,global,12,2,2,22,22,11,9,0,0,9,RY,1,28,layer_000_wire_009_RY,-1.5518071516333284e-05,1.5518071516333284e-05,False
random_bp,expectation_value,same_entangling_gate_count,pm_12q_bp_sweep,hea,RX_RY_RZ_CNOT,none,linear,cnot,global,12,2,2,22,22,11,9,0,0,9,RZ,2,29,layer_000_wire_009_RZ,-0.003115637413455925,0.003115637413455925,False
random_bp,expectation_value,same_entangling_gate_count,pm_12q_bp_sweep,hea,RX_RY_RZ_CNOT,none,linear,cnot,global,12,2,2,22,22,11,9,0,0,10,RX,0,30,layer_000_wire_010_RX,0.0017194481113191017,0.0017194481113191017,False
random_bp,expectation_value,same_entangling_gate_count,pm_12q_bp_sweep,hea,RX_RY_RZ_CNOT,none,linear,cnot,global,12,2,2,22,22,11,9,0,0,10,RY,1,31,layer_000_wire_010_RY,0.0006213969579681455,0.0006213969579681455,False
random_bp,expectation_value,same_entangling_gate_count,pm_12q_bp_sweep,hea,RX_RY_RZ_CNOT,none,linear,cnot,global,12,2,2,22,22,11,9,0,0,10,RZ,2,32,layer_000_wire_010_RZ,0.0022739966914765786,0.0022739966914765786,False
random_bp,expectation_value,same_entangling_gate_count,pm_12q_bp_sweep,hea,RX_RY_RZ_CNOT,none,linear,cnot,global,12,2,2,22,22,11,9,0,0,11,RX,0,33,layer_000_wire_011_RX,-0.0007679032487086448,0.0007679032487086448,False
random_bp,expectation_value,same_entangling_gate_count,pm_12q_bp_sweep,hea,RX_RY_RZ_CNOT,none,linear,cnot,global,12,2,2,22,22,11,9,0,0,11,RY,1,34,layer_000_wire_011_RY,-0.00032886417221064494,0.00032886417221064494,False
random_bp,expectation_value,same_entangling_gate_count,pm_12q_bp_sweep,hea,RX_RY_RZ_CNOT,none,linear,cnot,global,12,2,2,22,22,11,9,0,0,11,RZ,2,35,layer_000_wire_011_RZ,-0.0016712620732531993,0.0016712620732531993,False
random_bp,expectation_value,same_entangling_gate_count,pm_12q_bp_sweep,hea,RX_RY_RZ_CNOT,none,linear,cnot,global,12,2,2,22,22,11,9,0,1,0,RX,0,36,layer_001_wire_000_RX,-4.743384504624082e-19,4.743384504624082e-19,True
random_bp,expectation_value,same_entangling_gate_count,pm_12q_bp_sweep,hea,RX_RY_RZ_CNOT,none,linear,cnot,global,12,2,2,22,22,11,9,0,1,0,RY,1,37,layer_001_wire_000_RY,1.8431436932253575e-18,1.8431436932253575e-18,True
random_bp,expectation_value,same_entangling_gate_count,pm_12q_bp_sweep,hea,RX_RY_RZ_CNOT,none,linear,cnot,global,12,2,2,22,22,11,9,0,1,0,RZ,2,38,layer_001_wire_000_RZ,-1.0701870117188143e-18,1.0701870117188143e-18,True
random_bp,expectation_value,same_entangling_gate_count,pm_12q_bp_sweep,hea,RX_RY_RZ_CNOT,none,linear,cnot,global,12,2,2,22,22,11,9,0,1,1,RX,0,39,layer_001_wire_001_RX,6.274212578385248e-06,6.274212578385248e-06,False
random_bp,expectation_value,same_entangling_gate_count,pm_12q_bp_sweep,hea,RX_RY_RZ_CNOT,none,linear,cnot,global,12,2,2,22,22,11,9,0,1,1,RY,1,40,layer_001_wire_001_RY,0.0039530590185302365,0.0039530590185302365,False
random_bp,expectation_value,same_entangling_gate_count,pm_12q_bp_sweep,hea,RX_RY_RZ_CNOT,none,linear,cnot,global,12,2,2,22,22,11,9,0,1,1,RZ,2,41,layer_001_wire_001_RZ,-5.577117840351007e-18,5.577117840351007e-18,True
random_bp,expectation_value,same_entangling_gate_count,pm_12q_bp_sweep,hea,RX_RY_RZ_CNOT,none,linear,cnot,global,12,2,2,22,22,11,9,0,1,2,RX,0,42,layer_001_wire_002_RX,1.951563910473908e-18,1.951563910473908e-18,True
random_bp,expectation_value,same_entangling_gate_count,pm_12q_bp_sweep,hea,RX_RY_RZ_CNOT,none,linear,cnot,global,12,2,2,22,22,11,9,0,1,2,RY,1,43,layer_001_wire_002_RY,-5.312590645178972e-18,5.312590645178972e-18,True
random_bp,expectation_value,same_entangling_gate_count,pm_12q_bp_sweep,hea,RX_RY_RZ_CNOT,none,linear,cnot,global,12,2,2,22,22,11,9,0,1,2,RZ,2,44,layer_001_wire_002_RZ,3.364436681379525e-18,3.364436681379525e-18,True
random_bp,expectation_value,same_entangling_gate_count,pm_12q_bp_sweep,hea,RX_RY_RZ_CNOT,none,linear,cnot,global,12,2,2,22,22,11,9,0,1,3,RX,0,45,layer_001_wire_003_RX,2.390164401026455e-05,2.390164401026455e-05,False
random_bp,expectation_value,same_entangling_gate_count,pm_12q_bp_sweep,hea,RX_RY_RZ_CNOT,none,linear,cnot,global,12,2,2,22,22,11,9,0,1,3,RY,1,46,layer_001_wire_003_RY,-0.001006130137155792,0.001006130137155792,False
random_bp,expectation_value,same_entangling_gate_count,pm_12q_bp_sweep,hea,RX_RY_RZ_CNOT,none,linear,cnot,global,12,2,2,22,22,11,9,0,1,3,RZ,2,47,layer_001_wire_003_RZ,3.3878801873016826e-18,3.3878801873016826e-18,True
random_bp,expectation_value,same_entangling_gate_count,pm_12q_bp_sweep,hea,RX_RY_RZ_CNOT,none,linear,cnot,global,12,2,2,22,22,11,9,0,1,4,RX,0,48,layer_001_wire_004_RX,1.1384122811097797e-18,1.1384122811097797e-18,True
random_bp,expectation_value,same_entangling_gate_count,pm_12q_bp_sweep,hea,RX_RY_RZ_CNOT,none,linear,cnot,global,12,2,2,22,22,11,9,0,1,4,RY,1,49,layer_001_wire_004_RY,3.686287386450715e-18,3.686287386450715e-18,True
random_bp,expectation_value,same_entangling_gate_count,pm_12q_bp_sweep,hea,RX_RY_RZ_CNOT,none,linear,cnot,global,12,2,2,22,22,11,9,0,1,4,RZ,2,50,layer_001_wire_004_RZ,1.276569259143757e-18,1.276569259143757e-18,True
random_bp,expectation_value,same_entangling_gate_count,pm_12q_bp_sweep,hea,RX_RY_RZ_CNOT,none,linear,cnot,global,12,2,2,22,22,11,9,0,1,5,RX,0,51,layer_001_wire_005_RX,-0.00026746897371357286,0.00026746897371357286,False
random_bp,expectation_value,same_entangling_gate_count,pm_12q_bp_sweep,hea,RX_RY_RZ_CNOT,none,linear,cnot,global,12,2,2,22,22,11,9,0,1,5,RY,1,52,layer_001_wire_005_RY,-0.001067324463385628,0.001067324463385628,False
random_bp,expectation_value,same_entangling_gate_count,pm_12q_bp_sweep,hea,RX_RY_RZ_CNOT,none,linear,cnot,global,12,2,2,22,22,11,9,0,1,5,RZ,2,53,layer_001_wire_005_RZ,9.508833009257345e-18,9.508833009257345e-18,True
random_bp,expectation_value,same_entangling_gate_count,pm_12q_bp_sweep,hea,RX_RY_RZ_CNOT,none,linear,cnot,global,12,2,2,22,22,11,9,0,1,6,RX,0,54,layer_001_wire_006_RX,-5.421010862427522e-19,5.421010862427522e-19,True
random_bp,expectation_value,same_entangling_gate_count,pm_12q_bp_sweep,hea,RX_RY_RZ_CNOT,none,linear,cnot,global,12,2,2,22,22,11,9,0,1,6,RY,1,55,layer_001_wire_006_RY,-7.806255641895632e-18,7.806255641895632e-18,True
random_bp,expectation_value,same_entangling_gate_count,pm_12q_bp_sweep,hea,RX_RY_RZ_CNOT,none,linear,cnot,global,12,2,2,22,22,11,9,0,1,6,RZ,2,56,layer_001_wire_006_RZ,-3.568554429652225e-18,3.568554429652225e-18,True
random_bp,expectation_value,same_entangling_gate_count,pm_12q_bp_sweep,hea,RX_RY_RZ_CNOT,none,linear,cnot,global,12,2,2,22,22,11,9,0,1,7,RX,0,57,layer_001_wire_007_RX,0.0002802664460832397,0.0002802664460832397,False
random_bp,expectation_value,same_entangling_gate_count,pm_12q_bp_sweep,hea,RX_RY_RZ_CNOT,none,linear,cnot,global,12,2,2,22,22,11,9,0,1,7,RY,1,58,layer_001_wire_007_RY,2.2664524424311416e-05,2.2664524424311416e-05,False
random_bp,expectation_value,same_entangling_gate_count,pm_12q_bp_sweep,hea,RX_RY_RZ_CNOT,none,linear,cnot,global,12,2,2,22,22,11,9,0,1,7,RZ,2,59,layer_001_wire_007_RZ,-6.542436605471221e-19,6.542436605471221e-19,True
random_bp,expectation_value,same_entangling_gate_count,pm_12q_bp_sweep,hea,RX_RY_RZ_CNOT,none,linear,cnot,global,12,2,2,22,22,11,9,0,1,8,RX,0,60,layer_001_wire_008_RX,-1.8648277366750676e-17,1.8648277366750676e-17,True
random_bp,expectation_value,same_entangling_gate_count,pm_12q_bp_sweep,hea,RX_RY_RZ_CNOT,none,linear,cnot,global,12,2,2,22,22,11,9,0,1,8,RY,1,61,layer_001_wire_008_RY,-1.5178830414797062e-18,1.5178830414797062e-18,True
random_bp,expectation_value,same_entangling_gate_count,pm_12q_bp_sweep,hea,RX_RY_RZ_CNOT,none,linear,cnot,global,12,2,2,22,22,11,9,0,1,8,RZ,2,62,layer_001_wire_008_RZ,-3.974326527609957e-18,3.974326527609957e-18,True
random_bp,expectation_value,same_entangling_gate_count,pm_12q_bp_sweep,hea,RX_RY_RZ_CNOT,none,linear,cnot,global,12,2,2,22,22,11,9,0,1,9,RX,0,63,layer_001_wire_009_RX,-0.0005971620848233287,0.0005971620848233287,False
random_bp,expectation_value,same_entangling_gate_count,pm_12q_bp_sweep,hea,RX_RY_RZ_CNOT,none,linear,cnot,global,12,2,2,22,22,11,9,0,1,9,RY,1,64,layer_001_wire_009_RY,-2.1056494827520087e-05,2.1056494827520087e-05,False
random_bp,expectation_value,same_entangling_gate_count,pm_12q_bp_sweep,hea,RX_RY_RZ_CNOT,none,linear,cnot,global,12,2,2,22,22,11,9,0,1,9,RZ,2,65,layer_001_wire_009_RZ,-8.470703336373437e-18,8.470703336373437e-18,True
random_bp,expectation_value,same_entangling_gate_count,pm_12q_bp_sweep,hea,RX_RY_RZ_CNOT,none,linear,cnot,global,12,2,2,22,22,11,9,0,1,10,RX,0,66,layer_001_wire_010_RX,9.974659986866641e-18,9.974659986866641e-18,True
random_bp,expectation_value,same_entangling_gate_count,pm_12q_bp_sweep,hea,RX_RY_RZ_CNOT,none,linear,cnot,global,12,2,2,22,22,11,9,0,1,10,RY,1,67,layer_001_wire_010_RY,-6.0173220572945496e-18,6.0173220572945496e-18,True
random_bp,expectation_value,same_entangling_gate_count,pm_12q_bp_sweep,hea,RX_RY_RZ_CNOT,none,linear,cnot,global,12,2,2,22,22,11,9,0,1,10,RZ,2,68,layer_001_wire_010_RZ,-1.2315574738083781e-18,1.2315574738083781e-18,True
random_bp,expectation_value,same_entangling_gate_count,pm_12q_bp_sweep,hea,RX_RY_RZ_CNOT,none,linear,cnot,global,12,2,2,22,22,11,9,0,1,11,RX,0,69,layer_001_wire_011_RX,-0.0006922209971262819,0.0006922209971262819,False
random_bp,expectation_value,same_entangling_gate_count,pm_12q_bp_sweep,hea,RX_RY_RZ_CNOT,none,linear,cnot,global,12,2,2,22,22,11,9,0,1,11,RY,1,70,layer_001_wire_011_RY,0.0018173490637187427,0.0018173490637187427,False
random_bp,expectation_value,same_entangling_gate_count,pm_12q_bp_sweep,hea,RX_RY_RZ_CNOT,none,linear,cnot,global,12,2,2,22,22,11,9,0,1,11,RZ,2,71,layer_001_wire_011_RZ,-2.406683316041644e-18,2.406683316041644e-18,True
random_bp,expectation_value,same_entangling_gate_count,pm_12q_bp_sweep,hea,RX_RY_RZ_CNOT,none,linear,cnot,global,12,2,2,22,22,11,10,1,0,0,RX,0,0,layer_000_wire_000_RX,-1.5750837364820014e-05,1.5750837364820014e-05,False
random_bp,expectation_value,same_entangling_gate_count,pm_12q_bp_sweep,hea,RX_RY_RZ_CNOT,none,linear,cnot,global,12,2,2,22,22,11,10,1,0,0,RY,1,1,layer_000_wire_000_RY,6.809264321350637e-05,6.809264321350637e-05,False
random_bp,expectation_value,same_entangling_gate_count,pm_12q_bp_sweep,hea,RX_RY_RZ_CNOT,none,linear,cnot,global,12,2,2,22,22,11,10,1,0,0,RZ,2,2,layer_000_wire_000_RZ,-1.4334629121809403e-17,1.4334629121809403e-17,True
random_bp,expectation_value,same_entangling_gate_count,pm_12q_bp_sweep,hea,RX_RY_RZ_CNOT,none,linear,cnot,global,12,2,2,22,22,11,10,1,0,1,RX,0,3,layer_000_wire_001_RX,0.0002798005201655006,0.0002798005201655006,False
random_bp,expectation_value,same_entangling_gate_count,pm_12q_bp_sweep,hea,RX_RY_RZ_CNOT,none,linear,cnot,global,12,2,2,22,22,11,10,1,0,1,RY,1,4,layer_000_wire_001_RY,0.00030401262249470405,0.00030401262249470405,False
random_bp,expectation_value,same_entangling_gate_count,pm_12q_bp_sweep,hea,RX_RY_RZ_CNOT,none,linear,cnot,global,12,2,2,22,22,11,10,1,0,1,RZ,2,5,layer_000_wire_001_RZ,0.00022044840377227542,0.00022044840377227542,False
random_bp,expectation_value,same_entangling_gate_count,pm_12q_bp_sweep,hea,RX_RY_RZ_CNOT,none,linear,cnot,global,12,2,2,22,22,11,10,1,0,2,RX,0,6,layer_000_wire_002_RX,0.00023661915460197744,0.00023661915460197744,False
random_bp,expectation_value,same_entangling_gate_count,pm_12q_bp_sweep,hea,RX_RY_RZ_CNOT,none,linear,cnot,global,12,2,2,22,22,11,10,1,0,2,RY,1,7,layer_000_wire_002_RY,-0.00020535552671618412,0.00020535552671618412,False
random_bp,expectation_value,same_entangling_gate_count,pm_12q_bp_sweep,hea,RX_RY_RZ_CNOT,none,linear,cnot,global,12,2,2,22,22,11,10,1,0,2,RZ,2,8,layer_000_wire_002_RZ,0.00045321015812115447,0.00045321015812115447,False
random_bp,expectation_value,same_entangling_gate_count,pm_12q_bp_sweep,hea,RX_RY_RZ_CNOT,none,linear,cnot,global,12,2,2,22,22,11,10,1,0,3,RX,0,9,layer_000_wire_003_RX,-2.0398937742293146e-05,2.0398937742293146e-05,False
random_bp,expectation_value,same_entangling_gate_count,pm_12q_bp_sweep,hea,RX_RY_RZ_CNOT,none,linear,cnot,global,12,2,2,22,22,11,10,1,0,3,RY,1,10,layer_000_wire_003_RY,-0.00018176727002421243,0.00018176727002421243,False
random_bp,expectation_value,same_entangling_gate_count,pm_12q_bp_sweep,hea,RX_RY_RZ_CNOT,none,linear,cnot,global,12,2,2,22,22,11,10,1,0,3,RZ,2,11,layer_000_wire_003_RZ,2.1095695438772938e-05,2.1095695438772938e-05,False
random_bp,expectation_value,same_entangling_gate_count,pm_12q_bp_sweep,hea,RX_RY_RZ_CNOT,none,linear,cnot,global,12,2,2,22,22,11,10,1,0,4,RX,0,12,layer_000_wire_004_RX,0.0009449627618140931,0.0009449627618140931,False
random_bp,expectation_value,same_entangling_gate_count,pm_12q_bp_sweep,hea,RX_RY_RZ_CNOT,none,linear,cnot,global,12,2,2,22,22,11,10,1,0,4,RY,1,13,layer_000_wire_004_RY,0.0028525460973584573,0.0028525460973584573,False
random_bp,expectation_value,same_entangling_gate_count,pm_12q_bp_sweep,hea,RX_RY_RZ_CNOT,none,linear,cnot,global,12,2,2,22,22,11,10,1,0,4,RZ,2,14,layer_000_wire_004_RZ,0.0003281314741632943,0.0003281314741632943,False
random_bp,expectation_value,same_entangling_gate_count,pm_12q_bp_sweep,hea,RX_RY_RZ_CNOT,none,linear,cnot,global,12,2,2,22,22,11,10,1,0,5,RX,0,15,layer_000_wire_005_RX,-0.0010114194689390527,0.0010114194689390527,False
random_bp,expectation_value,same_entangling_gate_count,pm_12q_bp_sweep,hea,RX_RY_RZ_CNOT,none,linear,cnot,global,12,2,2,22,22,11,10,1,0,5,RY,1,16,layer_000_wire_005_RY,0.00023998158793031663,0.00023998158793031663,False
random_bp,expectation_value,same_entangling_gate_count,pm_12q_bp_sweep,hea,RX_RY_RZ_CNOT,none,linear,cnot,global,12,2,2,22,22,11,10,1,0,5,RZ,2,17,layer_000_wire_005_RZ,-0.0007065745252995571,0.0007065745252995571,False
random_bp,expectation_value,same_entangling_gate_count,pm_12q_bp_sweep,hea,RX_RY_RZ_CNOT,none,linear,cnot,global,12,2,2,22,22,11,10,1,0,6,RX,0,18,layer_000_wire_006_RX,-0.0018384506457316578,0.0018384506457316578,False
random_bp,expectation_value,same_entangling_gate_count,pm_12q_bp_sweep,hea,RX_RY_RZ_CNOT,none,linear,cnot,global,12,2,2,22,22,11,10,1,0,6,RY,1,19,layer_000_wire_006_RY,-8.562539701779313e-05,8.562539701779313e-05,False
random_bp,expectation_value,same_entangling_gate_count,pm_12q_bp_sweep,hea,RX_RY_RZ_CNOT,none,linear,cnot,global,12,2,2,22,22,11,10,1,0,6,RZ,2,20,layer_000_wire_006_RZ,-0.0018549318453755805,0.0018549318453755805,False
random_bp,expectation_value,same_entangling_gate_count,pm_12q_bp_sweep,hea,RX_RY_RZ_CNOT,none,linear,cnot,global,12,2,2,22,22,11,10,1,0,7,RX,0,21,layer_000_wire_007_RX,2.183261528377692e-05,2.183261528377692e-05,False
random_bp,expectation_value,same_entangling_gate_count,pm_12q_bp_sweep,hea,RX_RY_RZ_CNOT,none,linear,cnot,global,12,2,2,22,22,11,10,1,0,7,RY,1,22,layer_000_wire_007_RY,-5.857700595335731e-05,5.857700595335731e-05,False
random_bp,expectation_value,same_entangling_gate_count,pm_12q_bp_sweep,hea,RX_RY_RZ_CNOT,none,linear,cnot,global,12,2,2,22,22,11,10,1,0,7,RZ,2,23,layer_000_wire_007_RZ,0.00030356212553407327,0.00030356212553407327,False
random_bp,expectation_value,same_entangling_gate_count,pm_12q_bp_sweep,hea,RX_RY_RZ_CNOT,none,linear,cnot,global,12,2,2,22,22,11,10,1,0,8,RX,0,24,layer_000_wire_008_RX,-0.001173425896667038,0.001173425896667038,False
random_bp,expectation_value,same_entangling_gate_count,pm_12q_bp_sweep,hea,RX_RY_RZ_CNOT,none,linear,cnot,global,12,2,2,22,22,11,10,1,0,8,RY,1,25,layer_000_wire_008_RY,0.0003800919103755189,0.0003800919103755189,False
random_bp,expectation_value,same_entangling_gate_count,pm_12q_bp_sweep,hea,RX_RY_RZ_CNOT,none,linear,cnot,global,12,2,2,22,22,11,10,1,0,8,RZ,2,26,layer_000_wire_008_RZ,0.0011440056700701478,0.0011440056700701478,False
random_bp,expectation_value,same_entangling_gate_count,pm_12q_bp_sweep,hea,RX_RY_RZ_CNOT,none,linear,cnot,global,12,2,2,22,22,11,10,1,0,9,RX,0,27,layer_000_wire_009_RX,0.0003540674452550507,0.0003540674452550507,False
random_bp,expectation_value,same_entangling_gate_count,pm_12q_bp_sweep,hea,RX_RY_RZ_CNOT,none,linear,cnot,global,12,2,2,22,22,11,10,1,0,9,RY,1,28,layer_000_wire_009_RY,7.472244498664857e-05,7.472244498664857e-05,False
random_bp,expectation_value,same_entangling_gate_count,pm_12q_bp_sweep,hea,RX_RY_RZ_CNOT,none,linear,cnot,global,12,2,2,22,22,11,10,1,0,9,RZ,2,29,layer_000_wire_009_RZ,0.000532913014348375,0.000532913014348375,False
random_bp,expectation_value,same_entangling_gate_count,pm_12q_bp_sweep,hea,RX_RY_RZ_CNOT,none,linear,cnot,global,12,2,2,22,22,11,10,1,0,10,RX,0,30,layer_000_wire_010_RX,-0.00015951732142149293,0.00015951732142149293,False
random_bp,expectation_value,same_entangling_gate_count,pm_12q_bp_sweep,hea,RX_RY_RZ_CNOT,none,linear,cnot,global,12,2,2,22,22,11,10,1,0,10,RY,1,31,layer_000_wire_010_RY,0.0006621083374895487,0.0006621083374895487,False
random_bp,expectation_value,same_entangling_gate_count,pm_12q_bp_sweep,hea,RX_RY_RZ_CNOT,none,linear,cnot,global,12,2,2,22,22,11,10,1,0,10,RZ,2,32,layer_000_wire_010_RZ,-0.00015621220481914494,0.00015621220481914494,False
random_bp,expectation_value,same_entangling_gate_count,pm_12q_bp_sweep,hea,RX_RY_RZ_CNOT,none,linear,cnot,global,12,2,2,22,22,11,10,1,0,11,RX,0,33,layer_000_wire_011_RX,0.0006377296829337268,0.0006377296829337268,False
random_bp,expectation_value,same_entangling_gate_count,pm_12q_bp_sweep,hea,RX_RY_RZ_CNOT,none,linear,cnot,global,12,2,2,22,22,11,10,1,0,11,RY,1,34,layer_000_wire_011_RY,-3.513056408585738e-05,3.513056408585738e-05,False
random_bp,expectation_value,same_entangling_gate_count,pm_12q_bp_sweep,hea,RX_RY_RZ_CNOT,none,linear,cnot,global,12,2,2,22,22,11,10,1,0,11,RZ,2,35,layer_000_wire_011_RZ,-0.00025829040606645997,0.00025829040606645997,False
random_bp,expectation_value,same_entangling_gate_count,pm_12q_bp_sweep,hea,RX_RY_RZ_CNOT,none,linear,cnot,global,12,2,2,22,22,11,10,1,1,0,RX,0,36,layer_001_wire_000_RX,-3.435565634063442e-18,3.435565634063442e-18,True
random_bp,expectation_value,same_entangling_gate_count,pm_12q_bp_sweep,hea,RX_RY_RZ_CNOT,none,linear,cnot,global,12,2,2,22,22,11,10,1,1,0,RY,1,37,layer_001_wire_000_RY,4.0657581468206416e-19,4.0657581468206416e-19,True
random_bp,expectation_value,same_entangling_gate_count,pm_12q_bp_sweep,hea,RX_RY_RZ_CNOT,none,linear,cnot,global,12,2,2,22,22,11,10,1,1,0,RZ,2,38,layer_001_wire_000_RZ,1.9356111742107647e-17,1.9356111742107647e-17,True
random_bp,expectation_value,same_entangling_gate_count,pm_12q_bp_sweep,hea,RX_RY_RZ_CNOT,none,linear,cnot,global,12,2,2,22,22,11,10,1,1,1,RX,0,39,layer_001_wire_001_RX,0.00011677544318443124,0.00011677544318443124,False
random_bp,expectation_value,same_entangling_gate_count,pm_12q_bp_sweep,hea,RX_RY_RZ_CNOT,none,linear,cnot,global,12,2,2,22,22,11,10,1,1,1,RY,1,40,layer_001_wire_001_RY,-0.0001916294910657416,0.0001916294910657416,False
random_bp,expectation_value,same_entangling_gate_count,pm_12q_bp_sweep,hea,RX_RY_RZ_CNOT,none,linear,cnot,global,12,2,2,22,22,11,10,1,1,1,RZ,2,41,layer_001_wire_001_RZ,-4.693748731996677e-18,4.693748731996677e-18,True
random_bp,expectation_value,same_entangling_gate_count,pm_12q_bp_sweep,hea,RX_RY_RZ_CNOT,none,linear,cnot,global,12,2,2,22,22,11,10,1,1,2,RX,0,42,layer_001_wire_002_RX,-5.502326025363935e-18,5.502326025363935e-18,True
random_bp,expectation_value,same_entangling_gate_count,pm_12q_bp_sweep,hea,RX_RY_RZ_CNOT,none,linear,cnot,global,12,2,2,22,22,11,10,1,1,2,RY,1,43,layer_001_wire_002_RY,9.75781955236954e-19,9.75781955236954e-19,True
random_bp,expectation_value,same_entangling_gate_count,pm_12q_bp_sweep,hea,RX_RY_RZ_CNOT,none,linear,cnot,global,12,2,2,22,22,11,10,1,1,2,RZ,2,44,layer_001_wire_002_RZ,-1.8194497002130906e-18,1.8194497002130906e-18,True
random_bp,expectation_value,same_entangling_gate_count,pm_12q_bp_sweep,hea,RX_RY_RZ_CNOT,none,linear,cnot,global,12,2,2,22,22,11,10,1,1,3,RX,0,45,layer_001_wire_003_RX,-0.0009462107650252406,0.0009462107650252406,False
random_bp,expectation_value,same_entangling_gate_count,pm_12q_bp_sweep,hea,RX_RY_RZ_CNOT,none,linear,cnot,global,12,2,2,22,22,11,10,1,1,3,RY,1,46,layer_001_wire_003_RY,-0.002494052527976979,0.002494052527976979,False
random_bp,expectation_value,same_entangling_gate_count,pm_12q_bp_sweep,hea,RX_RY_RZ_CNOT,none,linear,cnot,global,12,2,2,22,22,11,10,1,1,3,RZ,2,47,layer_001_wire_003_RZ,1.5347031529107842e-19,1.5347031529107842e-19,True
random_bp,expectation_value,same_entangling_gate_count,pm_12q_bp_sweep,hea,RX_RY_RZ_CNOT,none,linear,cnot,global,12,2,2,22,22,11,10,1,1,4,RX,0,48,layer_001_wire_004_RX,-9.18861341181465e-18,9.18861341181465e-18,True
random_bp,expectation_value,same_entangling_gate_count,pm_12q_bp_sweep,hea,RX_RY_RZ_CNOT,none,linear,cnot,global,12,2,2,22,22,11,10,1,1,4,RY,1,49,layer_001_wire_004_RY,9.784924606681678e-18,9.784924606681678e-18,True
random_bp,expectation_value,same_entangling_gate_count,pm_12q_bp_sweep,hea,RX_RY_RZ_CNOT,none,linear,cnot,global,12,2,2,22,22,11,10,1,1,4,RZ,2,50,layer_001_wire_004_RZ,1.2299748601330164e-17,1.2299748601330164e-17,True
random_bp,expectation_value,same_entangling_gate_count,pm_12q_bp_sweep,hea,RX_RY_RZ_CNOT,none,linear,cnot,global,12,2,2,22,22,11,10,1,1,5,RX,0,51,layer_001_wire_005_RX,-0.00030359520342113316,0.00030359520342113316,False
random_bp,expectation_value,same_entangling_gate_count,pm_12q_bp_sweep,hea,RX_RY_RZ_CNOT,none,linear,cnot,global,12,2,2,22,22,11,10,1,1,5,RY,1,52,layer_001_wire_005_RY,-0.0005189549330340511,0.0005189549330340511,False
random_bp,expectation_value,same_entangling_gate_count,pm_12q_bp_sweep,hea,RX_RY_RZ_CNOT,none,linear,cnot,global,12,2,2,22,22,11,10,1,1,5,RZ,2,53,layer_001_wire_005_RZ,2.940147749858852e-18,2.940147749858852e-18,True
random_bp,expectation_value,same_entangling_gate_count,pm_12q_bp_sweep,hea,RX_RY_RZ_CNOT,none,linear,cnot,global,12,2,2,22,22,11,10,1,1,6,RX,0,54,layer_001_wire_006_RX,-7.128629284092192e-18,7.128629284092192e-18,True
random_bp,expectation_value,same_entangling_gate_count,pm_12q_bp_sweep,hea,RX_RY_RZ_CNOT,none,linear,cnot,global,12,2,2,22,22,11,10,1,1,6,RY,1,55,layer_001_wire_006_RY,-7.359022245745361e-18,7.359022245745361e-18,True
random_bp,expectation_value,same_entangling_gate_count,pm_12q_bp_sweep,hea,RX_RY_RZ_CNOT,none,linear,cnot,global,12,2,2,22,22,11,10,1,1,6,RZ,2,56,layer_001_wire_006_RZ,9.818482392808482e-19,9.818482392808482e-19,True
random_bp,expectation_value,same_entangling_gate_count,pm_12q_bp_sweep,hea,RX_RY_RZ_CNOT,none,linear,cnot,global,12,2,2,22,22,11,10,1,1,7,RX,0,57,layer_001_wire_007_RX,4.9018830637462875e-05,4.9018830637462875e-05,False
random_bp,expectation_value,same_entangling_gate_count,pm_12q_bp_sweep,hea,RX_RY_RZ_CNOT,none,linear,cnot,global,12,2,2,22,22,11,10,1,1,7,RY,1,58,layer_001_wire_007_RY,-0.0007754223817737462,0.0007754223817737462,False
random_bp,expectation_value,same_entangling_gate_count,pm_12q_bp_sweep,hea,RX_RY_RZ_CNOT,none,linear,cnot,global,12,2,2,22,22,11,10,1,1,7,RZ,2,59,layer_001_wire_007_RZ,1.8320895558590475e-17,1.8320895558590475e-17,True
random_bp,expectation_value,same_entangling_gate_count,pm_12q_bp_sweep,hea,RX_RY_RZ_CNOT,none,linear,cnot,global,12,2,2,22,22,11,10,1,1,8,RX,0,60,layer_001_wire_008_RX,-7.48099499014998e-18,7.48099499014998e-18,True
random_bp,expectation_value,same_entangling_gate_count,pm_12q_bp_sweep,hea,RX_RY_RZ_CNOT,none,linear,cnot,global,12,2,2,22,22,11,10,1,1,8,RY,1,61,layer_001_wire_008_RY,-8.964996713739515e-18,8.964996713739515e-18,True
random_bp,expectation_value,same_entangling_gate_count,pm_12q_bp_sweep,hea,RX_RY_RZ_CNOT,none,linear,cnot,global,12,2,2,22,22,11,10,1,1,8,RZ,2,62,layer_001_wire_008_RZ,1.0929561988305055e-18,1.0929561988305055e-18,True
random_bp,expectation_value,same_entangling_gate_count,pm_12q_bp_sweep,hea,RX_RY_RZ_CNOT,none,linear,cnot,global,12,2,2,22,22,11,10,1,1,9,RX,0,63,layer_001_wire_009_RX,0.0004207122059843192,0.0004207122059843192,False
random_bp,expectation_value,same_entangling_gate_count,pm_12q_bp_sweep,hea,RX_RY_RZ_CNOT,none,linear,cnot,global,12,2,2,22,22,11,10,1,1,9,RY,1,64,layer_001_wire_009_RY,0.0002699026353926652,0.0002699026353926652,False
random_bp,expectation_value,same_entangling_gate_count,pm_12q_bp_sweep,hea,RX_RY_RZ_CNOT,none,linear,cnot,global,12,2,2,22,22,11,10,1,1,9,RZ,2,65,layer_001_wire_009_RZ,1.2005877508946108e-17,1.2005877508946108e-17,True
random_bp,expectation_value,same_entangling_gate_count,pm_12q_bp_sweep,hea,RX_RY_RZ_CNOT,none,linear,cnot,global,12,2,2,22,22,11,10,1,1,10,RX,0,66,layer_001_wire_010_RX,2.574980159653073e-18,2.574980159653073e-18,True
random_bp,expectation_value,same_entangling_gate_count,pm_12q_bp_sweep,hea,RX_RY_RZ_CNOT,none,linear,cnot,global,12,2,2,22,22,11,10,1,1,10,RY,1,67,layer_001_wire_010_RY,-9.269928574751063e-18,9.269928574751063e-18,True
random_bp,expectation_value,same_entangling_gate_count,pm_12q_bp_sweep,hea,RX_RY_RZ_CNOT,none,linear,cnot,global,12,2,2,22,22,11,10,1,1,10,RZ,2,68,layer_001_wire_010_RZ,8.756395221329e-19,8.756395221329e-19,True
random_bp,expectation_value,same_entangling_gate_count,pm_12q_bp_sweep,hea,RX_RY_RZ_CNOT,none,linear,cnot,global,12,2,2,22,22,11,10,1,1,11,RX,0,69,layer_001_wire_011_RX,-0.0005197858333680495,0.0005197858333680495,False
random_bp,expectation_value,same_entangling_gate_count,pm_12q_bp_sweep,hea,RX_RY_RZ_CNOT,none,linear,cnot,global,12,2,2,22,22,11,10,1,1,11,RY,1,70,layer_001_wire_011_RY,-0.00010803453848285865,0.00010803453848285865,False
random_bp,expectation_value,same_entangling_gate_count,pm_12q_bp_sweep,hea,RX_RY_RZ_CNOT,none,linear,cnot,global,12,2,2,22,22,11,10,1,1,11,RZ,2,71,layer_001_wire_011_RZ,-4.1818918002555594e-18,4.1818918002555594e-18,True
random_bp,expectation_value,same_entangling_gate_count,pm_12q_bp_sweep,hea,RX_RY_RZ_CNOT,none,linear,cnot,global,12,2,2,22,22,11,11,2,0,0,RX,0,0,layer_000_wire_000_RX,-2.068055602224333e-05,2.068055602224333e-05,False
random_bp,expectation_value,same_entangling_gate_count,pm_12q_bp_sweep,hea,RX_RY_RZ_CNOT,none,linear,cnot,global,12,2,2,22,22,11,11,2,0,0,RY,1,1,layer_000_wire_000_RY,-4.806690106708354e-06,4.806690106708354e-06,False
random_bp,expectation_value,same_entangling_gate_count,pm_12q_bp_sweep,hea,RX_RY_RZ_CNOT,none,linear,cnot,global,12,2,2,22,22,11,11,2,0,0,RZ,2,2,layer_000_wire_000_RZ,2.7095507819770045e-18,2.7095507819770045e-18,True
random_bp,expectation_value,same_entangling_gate_count,pm_12q_bp_sweep,hea,RX_RY_RZ_CNOT,none,linear,cnot,global,12,2,2,22,22,11,11,2,0,1,RX,0,3,layer_000_wire_001_RX,-8.441958727789543e-05,8.441958727789543e-05,False
random_bp,expectation_value,same_entangling_gate_count,pm_12q_bp_sweep,hea,RX_RY_RZ_CNOT,none,linear,cnot,global,12,2,2,22,22,11,11,2,0,1,RY,1,4,layer_000_wire_001_RY,-7.628744124615044e-06,7.628744124615044e-06,False
random_bp,expectation_value,same_entangling_gate_count,pm_12q_bp_sweep,hea,RX_RY_RZ_CNOT,none,linear,cnot,global,12,2,2,22,22,11,11,2,0,1,RZ,2,5,layer_000_wire_001_RZ,4.564380245034579e-05,4.564380245034579e-05,False
random_bp,expectation_value,same_entangling_gate_count,pm_12q_bp_sweep,hea,RX_RY_RZ_CNOT,none,linear,cnot,global,12,2,2,22,22,11,11,2,0,2,RX,0,6,layer_000_wire_002_RX,-9.872867474257298e-05,9.872867474257298e-05,False
random_bp,expectation_value,same_entangling_gate_count,pm_12q_bp_sweep,hea,RX_RY_RZ_CNOT,none,linear,cnot,global,12,2,2,22,22,11,11,2,0,2,RY,1,7,layer_000_wire_002_RY,-2.5407694335750393e-05,2.5407694335750393e-05,False
random_bp,expectation_value,same_entangling_gate_count,pm_12q_bp_sweep,hea,RX_RY_RZ_CNOT,none,linear,cnot,global,12,2,2,22,22,11,11,2,0,2,RZ,2,8,layer_000_wire_002_RZ,2.4579114858290464e-05,2.4579114858290464e-05,False
random_bp,expectation_value,same_entangling_gate_count,pm_12q_bp_sweep,hea,RX_RY_RZ_CNOT,none,linear,cnot,global,12,2,2,22,22,11,11,2,0,3,RX,0,9,layer_000_wire_003_RX,-0.0012509007095705476,0.0012509007095705476,False
random_bp,expectation_value,same_entangling_gate_count,pm_12q_bp_sweep,hea,RX_RY_RZ_CNOT,none,linear,cnot,global,12,2,2,22,22,11,11,2,0,3,RY,1,10,layer_000_wire_003_RY,0.0002039191867507553,0.0002039191867507553,False
random_bp,expectation_value,same_entangling_gate_count,pm_12q_bp_sweep,hea,RX_RY_RZ_CNOT,none,linear,cnot,global,12,2,2,22,22,11,11,2,0,3,RZ,2,11,layer_000_wire_003_RZ,0.0007637150705778134,0.0007637150705778134,False
random_bp,expectation_value,same_entangling_gate_count,pm_12q_bp_sweep,hea,RX_RY_RZ_CNOT,none,linear,cnot,global,12,2,2,22,22,11,11,2,0,4,RX,0,12,layer_000_wire_004_RX,-0.00023734180444069197,0.00023734180444069197,False
random_bp,expectation_value,same_entangling_gate_count,pm_12q_bp_sweep,hea,RX_RY_RZ_CNOT,none,linear,cnot,global,12,2,2,22,22,11,11,2,0,4,RY,1,13,layer_000_wire_004_RY,-0.0005583756616441575,0.0005583756616441575,False
random_bp,expectation_value,same_entangling_gate_count,pm_12q_bp_sweep,hea,RX_RY_RZ_CNOT,none,linear,cnot,global,12,2,2,22,22,11,11,2,0,4,RZ,2,14,layer_000_wire_004_RZ,0.0003296413986325185,0.0003296413986325185,False
random_bp,expectation_value,same_entangling_gate_count,pm_12q_bp_sweep,hea,RX_RY_RZ_CNOT,none,linear,cnot,global,12,2,2,22,22,11,11,2,0,5,RX,0,15,layer_000_wire_005_RX,0.000206349564631267,0.000206349564631267,False
random_bp,expectation_value,same_entangling_gate_count,pm_12q_bp_sweep,hea,RX_RY_RZ_CNOT,none,linear,cnot,global,12,2,2,22,22,11,11,2,0,5,RY,1,16,layer_000_wire_005_RY,0.0004229812935598606,0.0004229812935598606,False
random_bp,expectation_value,same_entangling_gate_count,pm_12q_bp_sweep,hea,RX_RY_RZ_CNOT,none,linear,cnot,global,12,2,2,22,22,11,11,2,0,5,RZ,2,17,layer_000_wire_005_RZ,-0.0005010311565100766,0.0005010311565100766,False
random_bp,expectation_value,same_entangling_gate_count,pm_12q_bp_sweep,hea,RX_RY_RZ_CNOT,none,linear,cnot,global,12,2,2,22,22,11,11,2,0,6,RX,0,18,layer_000_wire_006_RX,-7.288003290648555e-05,7.288003290648555e-05,False
random_bp,expectation_value,same_entangling_gate_count,pm_12q_bp_sweep,hea,RX_RY_RZ_CNOT,none,linear,cnot,global,12,2,2,22,22,11,11,2,0,6,RY,1,19,layer_000_wire_006_RY,0.00025431468658897074,0.00025431468658897074,False
random_bp,expectation_value,same_entangling_gate_count,pm_12q_bp_sweep,hea,RX_RY_RZ_CNOT,none,linear,cnot,global,12,2,2,22,22,11,11,2,0,6,RZ,2,20,layer_000_wire_006_RZ,1.1859107142674059e-05,1.1859107142674059e-05,False
random_bp,expectation_value,same_entangling_gate_count,pm_12q_bp_sweep,hea,RX_RY_RZ_CNOT,none,linear,cnot,global,12,2,2,22,22,11,11,2,0,7,RX,0,21,layer_000_wire_007_RX,-0.0005057810180958979,0.0005057810180958979,False
random_bp,expectation_value,same_entangling_gate_count,pm_12q_bp_sweep,hea,RX_RY_RZ_CNOT,none,linear,cnot,global,12,2,2,22,22,11,11,2,0,7,RY,1,22,layer_000_wire_007_RY,-3.154427250370648e-05,3.154427250370648e-05,False
random_bp,expectation_value,same_entangling_gate_count,pm_12q_bp_sweep,hea,RX_RY_RZ_CNOT,none,linear,cnot,global,12,2,2,22,22,11,11,2,0,7,RZ,2,23,layer_000_wire_007_RZ,0.0003211295387171879,0.0003211295387171879,False
random_bp,expectation_value,same_entangling_gate_count,pm_12q_bp_sweep,hea,RX_RY_RZ_CNOT,none,linear,cnot,global,12,2,2,22,22,11,11,2,0,8,RX,0,24,layer_000_wire_008_RX,-2.667684064956315e-05,2.667684064956315e-05,False
random_bp,expectation_value,same_entangling_gate_count,pm_12q_bp_sweep,hea,RX_RY_RZ_CNOT,none,linear,cnot,global,12,2,2,22,22,11,11,2,0,8,RY,1,25,layer_000_wire_008_RY,2.0863590258897813e-05,2.0863590258897813e-05,False
random_bp,expectation_value,same_entangling_gate_count,pm_12q_bp_sweep,hea,RX_RY_RZ_CNOT,none,linear,cnot,global,12,2,2,22,22,11,11,2,0,8,RZ,2,26,layer_000_wire_008_RZ,5.285461862770659e-05,5.285461862770659e-05,False
random_bp,expectation_value,same_entangling_gate_count,pm_12q_bp_sweep,hea,RX_RY_RZ_CNOT,none,linear,cnot,global,12,2,2,22,22,11,11,2,0,9,RX,0,27,layer_000_wire_009_RX,2.4536012650169913e-05,2.4536012650169913e-05,False
random_bp,expectation_value,same_entangling_gate_count,pm_12q_bp_sweep,hea,RX_RY_RZ_CNOT,none,linear,cnot,global,12,2,2,22,22,11,11,2,0,9,RY,1,28,layer_000_wire_009_RY,-1.2869675746782735e-05,1.2869675746782735e-05,False
random_bp,expectation_value,same_entangling_gate_count,pm_12q_bp_sweep,hea,RX_RY_RZ_CNOT,none,linear,cnot,global,12,2,2,22,22,11,11,2,0,9,RZ,2,29,layer_000_wire_009_RZ,4.25755973284436e-05,4.25755973284436e-05,False
random_bp,expectation_value,same_entangling_gate_count,pm_12q_bp_sweep,hea,RX_RY_RZ_CNOT,none,linear,cnot,global,12,2,2,22,22,11,11,2,0,10,RX,0,30,layer_000_wire_010_RX,0.00019757651165145046,0.00019757651165145046,False
random_bp,expectation_value,same_entangling_gate_count,pm_12q_bp_sweep,hea,RX_RY_RZ_CNOT,none,linear,cnot,global,12,2,2,22,22,11,11,2,0,10,RY,1,31,layer_000_wire_010_RY,-3.940097255483163e-05,3.940097255483163e-05,False
random_bp,expectation_value,same_entangling_gate_count,pm_12q_bp_sweep,hea,RX_RY_RZ_CNOT,none,linear,cnot,global,12,2,2,22,22,11,11,2,0,10,RZ,2,32,layer_000_wire_010_RZ,-3.6648083590300865e-05,3.6648083590300865e-05,False
random_bp,expectation_value,same_entangling_gate_count,pm_12q_bp_sweep,hea,RX_RY_RZ_CNOT,none,linear,cnot,global,12,2,2,22,22,11,11,2,0,11,RX,0,33,layer_000_wire_011_RX,1.9538373878687126e-05,1.9538373878687126e-05,False
random_bp,expectation_value,same_entangling_gate_count,pm_12q_bp_sweep,hea,RX_RY_RZ_CNOT,none,linear,cnot,global,12,2,2,22,22,11,11,2,0,11,RY,1,34,layer_000_wire_011_RY,4.113679893827904e-05,4.113679893827904e-05,False
random_bp,expectation_value,same_entangling_gate_count,pm_12q_bp_sweep,hea,RX_RY_RZ_CNOT,none,linear,cnot,global,12,2,2,22,22,11,11,2,0,11,RZ,2,35,layer_000_wire_011_RZ,-5.0610948843410084e-05,5.0610948843410084e-05,False
random_bp,expectation_value,same_entangling_gate_count,pm_12q_bp_sweep,hea,RX_RY_RZ_CNOT,none,linear,cnot,global,12,2,2,22,22,11,11,2,1,0,RX,0,36,layer_001_wire_000_RX,2.2990591770849847e-18,2.2990591770849847e-18,True
random_bp,expectation_value,same_entangling_gate_count,pm_12q_bp_sweep,hea,RX_RY_RZ_CNOT,none,linear,cnot,global,12,2,2,22,22,11,11,2,1,0,RY,1,37,layer_001_wire_000_RY,-6.2849844686269085e-19,6.2849844686269085e-19,True
random_bp,expectation_value,same_entangling_gate_count,pm_12q_bp_sweep,hea,RX_RY_RZ_CNOT,none,linear,cnot,global,12,2,2,22,22,11,11,2,1,0,RZ,2,38,layer_001_wire_000_RZ,-6.239857617630573e-19,6.239857617630573e-19,True
random_bp,expectation_value,same_entangling_gate_count,pm_12q_bp_sweep,hea,RX_RY_RZ_CNOT,none,linear,cnot,global,12,2,2,22,22,11,11,2,1,1,RX,0,39,layer_001_wire_001_RX,1.1348307425592928e-05,1.1348307425592928e-05,False
random_bp,expectation_value,same_entangling_gate_count,pm_12q_bp_sweep,hea,RX_RY_RZ_CNOT,none,linear,cnot,global,12,2,2,22,22,11,11,2,1,1,RY,1,40,layer_001_wire_001_RY,0.00010948900349590555,0.00010948900349590555,False
random_bp,expectation_value,same_entangling_gate_count,pm_12q_bp_sweep,hea,RX_RY_RZ_CNOT,none,linear,cnot,global,12,2,2,22,22,11,11,2,1,1,RZ,2,41,layer_001_wire_001_RZ,-3.526535983695542e-18,3.526535983695542e-18,True
random_bp,expectation_value,same_entangling_gate_count,pm_12q_bp_sweep,hea,RX_RY_RZ_CNOT,none,linear,cnot,global,12,2,2,22,22,11,11,2,1,2,RX,0,42,layer_001_wire_002_RX,-9.215718466126788e-19,9.215718466126788e-19,True
random_bp,expectation_value,same_entangling_gate_count,pm_12q_bp_sweep,hea,RX_RY_RZ_CNOT,none,linear,cnot,global,12,2,2,22,22,11,11,2,1,2,RY,1,43,layer_001_wire_002_RY,-1.8747936086951065e-17,1.8747936086951065e-17,True
random_bp,expectation_value,same_entangling_gate_count,pm_12q_bp_sweep,hea,RX_RY_RZ_CNOT,none,linear,cnot,global,12,2,2,22,22,11,11,2,1,2,RZ,2,44,layer_001_wire_002_RZ,-2.0080771233148015e-17,2.0080771233148015e-17,True
random_bp,expectation_value,same_entangling_gate_count,pm_12q_bp_sweep,hea,RX_RY_RZ_CNOT,none,linear,cnot,global,12,2,2,22,22,11,11,2,1,3,RX,0,45,layer_001_wire_003_RX,0.0010321003915044387,0.0010321003915044387,False
random_bp,expectation_value,same_entangling_gate_count,pm_12q_bp_sweep,hea,RX_RY_RZ_CNOT,none,linear,cnot,global,12,2,2,22,22,11,11,2,1,3,RY,1,46,layer_001_wire_003_RY,-0.0014118588876817402,0.0014118588876817402,False
random_bp,expectation_value,same_entangling_gate_count,pm_12q_bp_sweep,hea,RX_RY_RZ_CNOT,none,linear,cnot,global,12,2,2,22,22,11,11,2,1,3,RZ,2,47,layer_001_wire_003_RZ,-1.0243062051012423e-17,1.0243062051012423e-17,True
random_bp,expectation_value,same_entangling_gate_count,pm_12q_bp_sweep,hea,RX_RY_RZ_CNOT,none,linear,cnot,global,12,2,2,22,22,11,11,2,1,4,RX,0,48,layer_001_wire_004_RX,-3.1424922343134543e-18,3.1424922343134543e-18,True
random_bp,expectation_value,same_entangling_gate_count,pm_12q_bp_sweep,hea,RX_RY_RZ_CNOT,none,linear,cnot,global,12,2,2,22,22,11,11,2,1,4,RY,1,49,layer_001_wire_004_RY,-7.902817397882622e-19,7.902817397882622e-19,True
random_bp,expectation_value,same_entangling_gate_count,pm_12q_bp_sweep,hea,RX_RY_RZ_CNOT,none,linear,cnot,global,12,2,2,22,22,11,11,2,1,4,RZ,2,50,layer_001_wire_004_RZ,-1.338493740712316e-17,1.338493740712316e-17,True
random_bp,expectation_value,same_entangling_gate_count,pm_12q_bp_sweep,hea,RX_RY_RZ_CNOT,none,linear,cnot,global,12,2,2,22,22,11,11,2,1,5,RX,0,51,layer_001_wire_005_RX,0.00020868276455498268,0.00020868276455498268,False
random_bp,expectation_value,same_entangling_gate_count,pm_12q_bp_sweep,hea,RX_RY_RZ_CNOT,none,linear,cnot,global,12,2,2,22,22,11,11,2,1,5,RY,1,52,layer_001_wire_005_RY,-0.0002699681648680182,0.0002699681648680182,False
random_bp,expectation_value,same_entangling_gate_count,pm_12q_bp_sweep,hea,RX_RY_RZ_CNOT,none,linear,cnot,global,12,2,2,22,22,11,11,2,1,5,RZ,2,53,layer_001_wire_005_RZ,-1.4226721628885163e-17,1.4226721628885163e-17,True
random_bp,expectation_value,same_entangling_gate_count,pm_12q_bp_sweep,hea,RX_RY_RZ_CNOT,none,linear,cnot,global,12,2,2,22,22,11,11,2,1,6,RX,0,54,layer_001_wire_006_RX,2.7901265282556653e-18,2.7901265282556653e-18,True
random_bp,expectation_value,same_entangling_gate_count,pm_12q_bp_sweep,hea,RX_RY_RZ_CNOT,none,linear,cnot,global,12,2,2,22,22,11,11,2,1,6,RY,1,55,layer_001_wire_006_RY,-9.275010772434589e-18,9.275010772434589e-18,True
random_bp,expectation_value,same_entangling_gate_count,pm_12q_bp_sweep,hea,RX_RY_RZ_CNOT,none,linear,cnot,global,12,2,2,22,22,11,11,2,1,6,RZ,2,56,layer_001_wire_006_RZ,6.021725504276143e-18,6.021725504276143e-18,True
random_bp,expectation_value,same_entangling_gate_count,pm_12q_bp_sweep,hea,RX_RY_RZ_CNOT,none,linear,cnot,global,12,2,2,22,22,11,11,2,1,7,RX,0,57,layer_001_wire_007_RX,-0.00014204042321882112,0.00014204042321882112,False
random_bp,expectation_value,same_entangling_gate_count,pm_12q_bp_sweep,hea,RX_RY_RZ_CNOT,none,linear,cnot,global,12,2,2,22,22,11,11,2,1,7,RY,1,58,layer_001_wire_007_RY,-5.689107682635413e-05,5.689107682635413e-05,False
random_bp,expectation_value,same_entangling_gate_count,pm_12q_bp_sweep,hea,RX_RY_RZ_CNOT,none,linear,cnot,global,12,2,2,22,22,11,11,2,1,7,RZ,2,59,layer_001_wire_007_RZ,-4.541942881581527e-18,4.541942881581527e-18,True
random_bp,expectation_value,same_entangling_gate_count,pm_12q_bp_sweep,hea,RX_RY_RZ_CNOT,none,linear,cnot,global,12,2,2,22,22,11,11,2,1,8,RX,0,60,layer_001_wire_008_RX,6.799980500557523e-18,6.799980500557523e-18,True
random_bp,expectation_value,same_entangling_gate_count,pm_12q_bp_sweep,hea,RX_RY_RZ_CNOT,none,linear,cnot,global,12,2,2,22,22,11,11,2,1,8,RY,1,61,layer_001_wire_008_RY,-2.6274962023828397e-18,2.6274962023828397e-18,True
random_bp,expectation_value,same_entangling_gate_count,pm_12q_bp_sweep,hea,RX_RY_RZ_CNOT,none,linear,cnot,global,12,2,2,22,22,11,11,2,1,8,RZ,2,62,layer_001_wire_008_RZ,6.253118858745095e-18,6.253118858745095e-18,True
random_bp,expectation_value,same_entangling_gate_count,pm_12q_bp_sweep,hea,RX_RY_RZ_CNOT,none,linear,cnot,global,12,2,2,22,22,11,11,2,1,9,RX,0,63,layer_001_wire_009_RX,7.327389077671368e-05,7.327389077671368e-05,False
random_bp,expectation_value,same_entangling_gate_count,pm_12q_bp_sweep,hea,RX_RY_RZ_CNOT,none,linear,cnot,global,12,2,2,22,22,11,11,2,1,9,RY,1,64,layer_001_wire_009_RY,-6.651469003446949e-05,6.651469003446949e-05,False
random_bp,expectation_value,same_entangling_gate_count,pm_12q_bp_sweep,hea,RX_RY_RZ_CNOT,none,linear,cnot,global,12,2,2,22,22,11,11,2,1,9,RZ,2,65,layer_001_wire_009_RZ,4.464320819994475e-19,4.464320819994475e-19,True
random_bp,expectation_value,same_entangling_gate_count,pm_12q_bp_sweep,hea,RX_RY_RZ_CNOT,none,linear,cnot,global,12,2,2,22,22,11,11,2,1,10,RX,0,66,layer_001_wire_010_RX,-7.85707761873089e-18,7.85707761873089e-18,True
random_bp,expectation_value,same_entangling_gate_count,pm_12q_bp_sweep,hea,RX_RY_RZ_CNOT,none,linear,cnot,global,12,2,2,22,22,11,11,2,1,10,RY,1,67,layer_001_wire_010_RY,8.656676720938949e-19,8.656676720938949e-19,True
random_bp,expectation_value,same_entangling_gate_count,pm_12q_bp_sweep,hea,RX_RY_RZ_CNOT,none,linear,cnot,global,12,2,2,22,22,11,11,2,1,10,RZ,2,68,layer_001_wire_010_RZ,-1.086393456135025e-18,1.086393456135025e-18,True
random_bp,expectation_value,same_entangling_gate_count,pm_12q_bp_sweep,hea,RX_RY_RZ_CNOT,none,linear,cnot,global,12,2,2,22,22,11,11,2,1,11,RX,0,69,layer_001_wire_011_RX,-4.712854935388537e-06,4.712854935388537e-06,False
random_bp,expectation_value,same_entangling_gate_count,pm_12q_bp_sweep,hea,RX_RY_RZ_CNOT,none,linear,cnot,global,12,2,2,22,22,11,11,2,1,11,RY,1,70,layer_001_wire_011_RY,0.00044019675205533425,0.00044019675205533425,False
random_bp,expectation_value,same_entangling_gate_count,pm_12q_bp_sweep,hea,RX_RY_RZ_CNOT,none,linear,cnot,global,12,2,2,22,22,11,11,2,1,11,RZ,2,71,layer_001_wire_011_RZ,2.46259312248166e-18,2.46259312248166e-18,True
random_bp,expectation_value,same_entangling_gate_count,pm_12q_bp_sweep,hea,RX_RY_RZ_CNOT,none,linear,cnot,local,12,4,4,44,44,11,12,0,0,0,RX,0,0,layer_000_wire_000_RX,-0.029642870721384947,0.029642870721384947,False
random_bp,expectation_value,same_entangling_gate_count,pm_12q_bp_sweep,hea,RX_RY_RZ_CNOT,none,linear,cnot,local,12,4,4,44,44,11,12,0,0,0,RY,1,1,layer_000_wire_000_RY,-0.011464756008040297,0.011464756008040297,False
random_bp,expectation_value,same_entangling_gate_count,pm_12q_bp_sweep,hea,RX_RY_RZ_CNOT,none,linear,cnot,local,12,4,4,44,44,11,12,0,0,0,RZ,2,2,layer_000_wire_000_RZ,-0.03106728719594777,0.03106728719594777,False
random_bp,expectation_value,same_entangling_gate_count,pm_12q_bp_sweep,hea,RX_RY_RZ_CNOT,none,linear,cnot,local,12,4,4,44,44,11,12,0,0,1,RX,0,3,layer_000_wire_001_RX,0.03272951613270149,0.03272951613270149,False
random_bp,expectation_value,same_entangling_gate_count,pm_12q_bp_sweep,hea,RX_RY_RZ_CNOT,none,linear,cnot,local,12,4,4,44,44,11,12,0,0,1,RY,1,4,layer_000_wire_001_RY,-0.01262583613691299,0.01262583613691299,False
random_bp,expectation_value,same_entangling_gate_count,pm_12q_bp_sweep,hea,RX_RY_RZ_CNOT,none,linear,cnot,local,12,4,4,44,44,11,12,0,0,1,RZ,2,5,layer_000_wire_001_RZ,-0.02966771800638732,0.02966771800638732,False
random_bp,expectation_value,same_entangling_gate_count,pm_12q_bp_sweep,hea,RX_RY_RZ_CNOT,none,linear,cnot,local,12,4,4,44,44,11,12,0,0,2,RX,0,6,layer_000_wire_002_RX,-0.004226665939254314,0.004226665939254314,False
random_bp,expectation_value,same_entangling_gate_count,pm_12q_bp_sweep,hea,RX_RY_RZ_CNOT,none,linear,cnot,local,12,4,4,44,44,11,12,0,0,2,RY,1,7,layer_000_wire_002_RY,-0.02284988348897257,0.02284988348897257,False
random_bp,expectation_value,same_entangling_gate_count,pm_12q_bp_sweep,hea,RX_RY_RZ_CNOT,none,linear,cnot,local,12,4,4,44,44,11,12,0,0,2,RZ,2,8,layer_000_wire_002_RZ,0.0018658846821686362,0.0018658846821686362,False
random_bp,expectation_value,same_entangling_gate_count,pm_12q_bp_sweep,hea,RX_RY_RZ_CNOT,none,linear,cnot,local,12,4,4,44,44,11,12,0,0,3,RX,0,9,layer_000_wire_003_RX,-0.037454469885525185,0.037454469885525185,False
random_bp,expectation_value,same_entangling_gate_count,pm_12q_bp_sweep,hea,RX_RY_RZ_CNOT,none,linear,cnot,local,12,4,4,44,44,11,12,0,0,3,RY,1,10,layer_000_wire_003_RY,-0.013474943691866255,0.013474943691866255,False
random_bp,expectation_value,same_entangling_gate_count,pm_12q_bp_sweep,hea,RX_RY_RZ_CNOT,none,linear,cnot,local,12,4,4,44,44,11,12,0,0,3,RZ,2,11,layer_000_wire_003_RZ,0.03195218288398312,0.03195218288398312,False
random_bp,expectation_value,same_entangling_gate_count,pm_12q_bp_sweep,hea,RX_RY_RZ_CNOT,none,linear,cnot,local,12,4,4,44,44,11,12,0,0,4,RX,0,12,layer_000_wire_004_RX,-0.022076300656681376,0.022076300656681376,False
random_bp,expectation_value,same_entangling_gate_count,pm_12q_bp_sweep,hea,RX_RY_RZ_CNOT,none,linear,cnot,local,12,4,4,44,44,11,12,0,0,4,RY,1,13,layer_000_wire_004_RY,0.012260622717554912,0.012260622717554912,False
random_bp,expectation_value,same_entangling_gate_count,pm_12q_bp_sweep,hea,RX_RY_RZ_CNOT,none,linear,cnot,local,12,4,4,44,44,11,12,0,0,4,RZ,2,14,layer_000_wire_004_RZ,0.010358592826897158,0.010358592826897158,False
random_bp,expectation_value,same_entangling_gate_count,pm_12q_bp_sweep,hea,RX_RY_RZ_CNOT,none,linear,cnot,local,12,4,4,44,44,11,12,0,0,5,RX,0,15,layer_000_wire_005_RX,0.019186318391123947,0.019186318391123947,False
random_bp,expectation_value,same_entangling_gate_count,pm_12q_bp_sweep,hea,RX_RY_RZ_CNOT,none,linear,cnot,local,12,4,4,44,44,11,12,0,0,5,RY,1,16,layer_000_wire_005_RY,0.018428644000511654,0.018428644000511654,False
random_bp,expectation_value,same_entangling_gate_count,pm_12q_bp_sweep,hea,RX_RY_RZ_CNOT,none,linear,cnot,local,12,4,4,44,44,11,12,0,0,5,RZ,2,17,layer_000_wire_005_RZ,-0.03838497207560407,0.03838497207560407,False
random_bp,expectation_value,same_entangling_gate_count,pm_12q_bp_sweep,hea,RX_RY_RZ_CNOT,none,linear,cnot,local,12,4,4,44,44,11,12,0,0,6,RX,0,18,layer_000_wire_006_RX,0.015207598058597862,0.015207598058597862,False
random_bp,expectation_value,same_entangling_gate_count,pm_12q_bp_sweep,hea,RX_RY_RZ_CNOT,none,linear,cnot,local,12,4,4,44,44,11,12,0,0,6,RY,1,19,layer_000_wire_006_RY,-0.008010296375232994,0.008010296375232994,False
random_bp,expectation_value,same_entangling_gate_count,pm_12q_bp_sweep,hea,RX_RY_RZ_CNOT,none,linear,cnot,local,12,4,4,44,44,11,12,0,0,6,RZ,2,20,layer_000_wire_006_RZ,0.029036479638278663,0.029036479638278663,False
random_bp,expectation_value,same_entangling_gate_count,pm_12q_bp_sweep,hea,RX_RY_RZ_CNOT,none,linear,cnot,local,12,4,4,44,44,11,12,0,0,7,RX,0,21,layer_000_wire_007_RX,0.001764237503268113,0.001764237503268113,False
random_bp,expectation_value,same_entangling_gate_count,pm_12q_bp_sweep,hea,RX_RY_RZ_CNOT,none,linear,cnot,local,12,4,4,44,44,11,12,0,0,7,RY,1,22,layer_000_wire_007_RY,-0.0038551068940796927,0.0038551068940796927,False
random_bp,expectation_value,same_entangling_gate_count,pm_12q_bp_sweep,hea,RX_RY_RZ_CNOT,none,linear,cnot,local,12,4,4,44,44,11,12,0,0,7,RZ,2,23,layer_000_wire_007_RZ,-0.0033767460858492846,0.0033767460858492846,False
random_bp,expectation_value,same_entangling_gate_count,pm_12q_bp_sweep,hea,RX_RY_RZ_CNOT,none,linear,cnot,local,12,4,4,44,44,11,12,0,0,8,RX,0,24,layer_000_wire_008_RX,-0.003246024455138448,0.003246024455138448,False
random_bp,expectation_value,same_entangling_gate_count,pm_12q_bp_sweep,hea,RX_RY_RZ_CNOT,none,linear,cnot,local,12,4,4,44,44,11,12,0,0,8,RY,1,25,layer_000_wire_008_RY,-0.0028649136221069703,0.0028649136221069703,False
random_bp,expectation_value,same_entangling_gate_count,pm_12q_bp_sweep,hea,RX_RY_RZ_CNOT,none,linear,cnot,local,12,4,4,44,44,11,12,0,0,8,RZ,2,26,layer_000_wire_008_RZ,-0.0040566424844542225,0.0040566424844542225,False
random_bp,expectation_value,same_entangling_gate_count,pm_12q_bp_sweep,hea,RX_RY_RZ_CNOT,none,linear,cnot,local,12,4,4,44,44,11,12,0,0,9,RX,0,27,layer_000_wire_009_RX,-0.011271274160637054,0.011271274160637054,False
random_bp,expectation_value,same_entangling_gate_count,pm_12q_bp_sweep,hea,RX_RY_RZ_CNOT,none,linear,cnot,local,12,4,4,44,44,11,12,0,0,9,RY,1,28,layer_000_wire_009_RY,0.004223280007355855,0.004223280007355855,False
random_bp,expectation_value,same_entangling_gate_count,pm_12q_bp_sweep,hea,RX_RY_RZ_CNOT,none,linear,cnot,local,12,4,4,44,44,11,12,0,0,9,RZ,2,29,layer_000_wire_009_RZ,0.01015809587828569,0.01015809587828569,False
random_bp,expectation_value,same_entangling_gate_count,pm_12q_bp_sweep,hea,RX_RY_RZ_CNOT,none,linear,cnot,local,12,4,4,44,44,11,12,0,0,10,RX,0,30,layer_000_wire_010_RX,0.0011490827545370674,0.0011490827545370674,False
random_bp,expectation_value,same_entangling_gate_count,pm_12q_bp_sweep,hea,RX_RY_RZ_CNOT,none,linear,cnot,local,12,4,4,44,44,11,12,0,0,10,RY,1,31,layer_000_wire_010_RY,0.0005623416112028289,0.0005623416112028289,False
random_bp,expectation_value,same_entangling_gate_count,pm_12q_bp_sweep,hea,RX_RY_RZ_CNOT,none,linear,cnot,local,12,4,4,44,44,11,12,0,0,10,RZ,2,32,layer_000_wire_010_RZ,0.001796362175116509,0.001796362175116509,False
random_bp,expectation_value,same_entangling_gate_count,pm_12q_bp_sweep,hea,RX_RY_RZ_CNOT,none,linear,cnot,local,12,4,4,44,44,11,12,0,0,11,RX,0,33,layer_000_wire_011_RX,0.00014562438320216142,0.00014562438320216142,False
random_bp,expectation_value,same_entangling_gate_count,pm_12q_bp_sweep,hea,RX_RY_RZ_CNOT,none,linear,cnot,local,12,4,4,44,44,11,12,0,0,11,RY,1,34,layer_000_wire_011_RY,0.00024615517910971454,0.00024615517910971454,False
random_bp,expectation_value,same_entangling_gate_count,pm_12q_bp_sweep,hea,RX_RY_RZ_CNOT,none,linear,cnot,local,12,4,4,44,44,11,12,0,0,11,RZ,2,35,layer_000_wire_011_RZ,0.0013190190658861874,0.0013190190658861874,False
random_bp,expectation_value,same_entangling_gate_count,pm_12q_bp_sweep,hea,RX_RY_RZ_CNOT,none,linear,cnot,local,12,4,4,44,44,11,12,0,1,0,RX,0,36,layer_001_wire_000_RX,-0.043359362199589885,0.043359362199589885,False
random_bp,expectation_value,same_entangling_gate_count,pm_12q_bp_sweep,hea,RX_RY_RZ_CNOT,none,linear,cnot,local,12,4,4,44,44,11,12,0,1,0,RY,1,37,layer_001_wire_000_RY,0.03907110947650251,0.03907110947650251,False
random_bp,expectation_value,same_entangling_gate_count,pm_12q_bp_sweep,hea,RX_RY_RZ_CNOT,none,linear,cnot,local,12,4,4,44,44,11,12,0,1,0,RZ,2,38,layer_001_wire_000_RZ,0.05439366540309375,0.05439366540309375,False
random_bp,expectation_value,same_entangling_gate_count,pm_12q_bp_sweep,hea,RX_RY_RZ_CNOT,none,linear,cnot,local,12,4,4,44,44,11,12,0,1,1,RX,0,39,layer_001_wire_001_RX,0.0022596283392009343,0.0022596283392009343,False
random_bp,expectation_value,same_entangling_gate_count,pm_12q_bp_sweep,hea,RX_RY_RZ_CNOT,none,linear,cnot,local,12,4,4,44,44,11,12,0,1,1,RY,1,40,layer_001_wire_001_RY,-0.06784234349602565,0.06784234349602565,False
random_bp,expectation_value,same_entangling_gate_count,pm_12q_bp_sweep,hea,RX_RY_RZ_CNOT,none,linear,cnot,local,12,4,4,44,44,11,12,0,1,1,RZ,2,41,layer_001_wire_001_RZ,-0.03880087934532593,0.03880087934532593,False
random_bp,expectation_value,same_entangling_gate_count,pm_12q_bp_sweep,hea,RX_RY_RZ_CNOT,none,linear,cnot,local,12,4,4,44,44,11,12,0,1,2,RX,0,42,layer_001_wire_002_RX,-0.02539042356932604,0.02539042356932604,False
random_bp,expectation_value,same_entangling_gate_count,pm_12q_bp_sweep,hea,RX_RY_RZ_CNOT,none,linear,cnot,local,12,4,4,44,44,11,12,0,1,2,RY,1,43,layer_001_wire_002_RY,-0.017008650812105237,0.017008650812105237,False
random_bp,expectation_value,same_entangling_gate_count,pm_12q_bp_sweep,hea,RX_RY_RZ_CNOT,none,linear,cnot,local,12,4,4,44,44,11,12,0,1,2,RZ,2,44,layer_001_wire_002_RZ,-0.02347089578088074,0.02347089578088074,False
random_bp,expectation_value,same_entangling_gate_count,pm_12q_bp_sweep,hea,RX_RY_RZ_CNOT,none,linear,cnot,local,12,4,4,44,44,11,12,0,1,3,RX,0,45,layer_001_wire_003_RX,-0.030161214882915694,0.030161214882915694,False
random_bp,expectation_value,same_entangling_gate_count,pm_12q_bp_sweep,hea,RX_RY_RZ_CNOT,none,linear,cnot,local,12,4,4,44,44,11,12,0,1,3,RY,1,46,layer_001_wire_003_RY,0.00583366201553092,0.00583366201553092,False
random_bp,expectation_value,same_entangling_gate_count,pm_12q_bp_sweep,hea,RX_RY_RZ_CNOT,none,linear,cnot,local,12,4,4,44,44,11,12,0,1,3,RZ,2,47,layer_001_wire_003_RZ,-0.031140421384694136,0.031140421384694136,False
random_bp,expectation_value,same_entangling_gate_count,pm_12q_bp_sweep,hea,RX_RY_RZ_CNOT,none,linear,cnot,local,12,4,4,44,44,11,12,0,1,4,RX,0,48,layer_001_wire_004_RX,0.017309859237314023,0.017309859237314023,False
random_bp,expectation_value,same_entangling_gate_count,pm_12q_bp_sweep,hea,RX_RY_RZ_CNOT,none,linear,cnot,local,12,4,4,44,44,11,12,0,1,4,RY,1,49,layer_001_wire_004_RY,-0.005106630145961754,0.005106630145961754,False
random_bp,expectation_value,same_entangling_gate_count,pm_12q_bp_sweep,hea,RX_RY_RZ_CNOT,none,linear,cnot,local,12,4,4,44,44,11,12,0,1,4,RZ,2,50,layer_001_wire_004_RZ,-0.02520917870700652,0.02520917870700652,False
random_bp,expectation_value,same_entangling_gate_count,pm_12q_bp_sweep,hea,RX_RY_RZ_CNOT,none,linear,cnot,local,12,4,4,44,44,11,12,0,1,5,RX,0,51,layer_001_wire_005_RX,0.0007835779248711108,0.0007835779248711108,False
random_bp,expectation_value,same_entangling_gate_count,pm_12q_bp_sweep,hea,RX_RY_RZ_CNOT,none,linear,cnot,local,12,4,4,44,44,11,12,0,1,5,RY,1,52,layer_001_wire_005_RY,-0.0014776814170441577,0.0014776814170441577,False
random_bp,expectation_value,same_entangling_gate_count,pm_12q_bp_sweep,hea,RX_RY_RZ_CNOT,none,linear,cnot,local,12,4,4,44,44,11,12,0,1,5,RZ,2,53,layer_001_wire_005_RZ,-0.0031200223256402757,0.0031200223256402757,False
random_bp,expectation_value,same_entangling_gate_count,pm_12q_bp_sweep,hea,RX_RY_RZ_CNOT,none,linear,cnot,local,12,4,4,44,44,11,12,0,1,6,RX,0,54,layer_001_wire_006_RX,0.002465736693641727,0.002465736693641727,False
random_bp,expectation_value,same_entangling_gate_count,pm_12q_bp_sweep,hea,RX_RY_RZ_CNOT,none,linear,cnot,local,12,4,4,44,44,11,12,0,1,6,RY,1,55,layer_001_wire_006_RY,-0.00435003962209796,0.00435003962209796,False
random_bp,expectation_value,same_entangling_gate_count,pm_12q_bp_sweep,hea,RX_RY_RZ_CNOT,none,linear,cnot,local,12,4,4,44,44,11,12,0,1,6,RZ,2,56,layer_001_wire_006_RZ,0.0056177435124302524,0.0056177435124302524,False
random_bp,expectation_value,same_entangling_gate_count,pm_12q_bp_sweep,hea,RX_RY_RZ_CNOT,none,linear,cnot,local,12,4,4,44,44,11,12,0,1,7,RX,0,57,layer_001_wire_007_RX,-2.5697375463068495e-05,2.5697375463068495e-05,False
random_bp,expectation_value,same_entangling_gate_count,pm_12q_bp_sweep,hea,RX_RY_RZ_CNOT,none,linear,cnot,local,12,4,4,44,44,11,12,0,1,7,RY,1,58,layer_001_wire_007_RY,-0.002027415687430374,0.002027415687430374,False
random_bp,expectation_value,same_entangling_gate_count,pm_12q_bp_sweep,hea,RX_RY_RZ_CNOT,none,linear,cnot,local,12,4,4,44,44,11,12,0,1,7,RZ,2,59,layer_001_wire_007_RZ,-2.347756860830586e-05,2.347756860830586e-05,False
random_bp,expectation_value,same_entangling_gate_count,pm_12q_bp_sweep,hea,RX_RY_RZ_CNOT,none,linear,cnot,local,12,4,4,44,44,11,12,0,1,8,RX,0,60,layer_001_wire_008_RX,-0.002728889441999661,0.002728889441999661,False
random_bp,expectation_value,same_entangling_gate_count,pm_12q_bp_sweep,hea,RX_RY_RZ_CNOT,none,linear,cnot,local,12,4,4,44,44,11,12,0,1,8,RY,1,61,layer_001_wire_008_RY,-0.0055006145872444415,0.0055006145872444415,False
random_bp,expectation_value,same_entangling_gate_count,pm_12q_bp_sweep,hea,RX_RY_RZ_CNOT,none,linear,cnot,local,12,4,4,44,44,11,12,0,1,8,RZ,2,62,layer_001_wire_008_RZ,-0.003262816686628511,0.003262816686628511,False
random_bp,expectation_value,same_entangling_gate_count,pm_12q_bp_sweep,hea,RX_RY_RZ_CNOT,none,linear,cnot,local,12,4,4,44,44,11,12,0,1,9,RX,0,63,layer_001_wire_009_RX,0.00788225839526752,0.00788225839526752,False
random_bp,expectation_value,same_entangling_gate_count,pm_12q_bp_sweep,hea,RX_RY_RZ_CNOT,none,linear,cnot,local,12,4,4,44,44,11,12,0,1,9,RY,1,64,layer_001_wire_009_RY,-0.0027159988879066482,0.0027159988879066482,False
random_bp,expectation_value,same_entangling_gate_count,pm_12q_bp_sweep,hea,RX_RY_RZ_CNOT,none,linear,cnot,local,12,4,4,44,44,11,12,0,1,9,RZ,2,65,layer_001_wire_009_RZ,0.006979348419115379,0.006979348419115379,False
random_bp,expectation_value,same_entangling_gate_count,pm_12q_bp_sweep,hea,RX_RY_RZ_CNOT,none,linear,cnot,local,12,4,4,44,44,11,12,0,1,10,RX,0,66,layer_001_wire_010_RX,-0.000983832247241044,0.000983832247241044,False
random_bp,expectation_value,same_entangling_gate_count,pm_12q_bp_sweep,hea,RX_RY_RZ_CNOT,none,linear,cnot,local,12,4,4,44,44,11,12,0,1,10,RY,1,67,layer_001_wire_010_RY,0.00045026129158295264,0.00045026129158295264,False
random_bp,expectation_value,same_entangling_gate_count,pm_12q_bp_sweep,hea,RX_RY_RZ_CNOT,none,linear,cnot,local,12,4,4,44,44,11,12,0,1,10,RZ,2,68,layer_001_wire_010_RZ,0.0011894382372301144,0.0011894382372301144,False
random_bp,expectation_value,same_entangling_gate_count,pm_12q_bp_sweep,hea,RX_RY_RZ_CNOT,none,linear,cnot,local,12,4,4,44,44,11,12,0,1,11,RX,0,69,layer_001_wire_011_RX,0.00036154862932637893,0.00036154862932637893,False
random_bp,expectation_value,same_entangling_gate_count,pm_12q_bp_sweep,hea,RX_RY_RZ_CNOT,none,linear,cnot,local,12,4,4,44,44,11,12,0,1,11,RY,1,70,layer_001_wire_011_RY,0.001315619751809917,0.001315619751809917,False
random_bp,expectation_value,same_entangling_gate_count,pm_12q_bp_sweep,hea,RX_RY_RZ_CNOT,none,linear,cnot,local,12,4,4,44,44,11,12,0,1,11,RZ,2,71,layer_001_wire_011_RZ,0.00104685607544504,0.00104685607544504,False
random_bp,expectation_value,same_entangling_gate_count,pm_12q_bp_sweep,hea,RX_RY_RZ_CNOT,none,linear,cnot,local,12,4,4,44,44,11,12,0,2,0,RX,0,72,layer_002_wire_000_RX,0.004561561579840164,0.004561561579840164,False
random_bp,expectation_value,same_entangling_gate_count,pm_12q_bp_sweep,hea,RX_RY_RZ_CNOT,none,linear,cnot,local,12,4,4,44,44,11,12,0,2,0,RY,1,73,layer_002_wire_000_RY,0.05427133740129555,0.05427133740129555,False
random_bp,expectation_value,same_entangling_gate_count,pm_12q_bp_sweep,hea,RX_RY_RZ_CNOT,none,linear,cnot,local,12,4,4,44,44,11,12,0,2,0,RZ,2,74,layer_002_wire_000_RZ,-0.03689199887633973,0.03689199887633973,False
random_bp,expectation_value,same_entangling_gate_count,pm_12q_bp_sweep,hea,RX_RY_RZ_CNOT,none,linear,cnot,local,12,4,4,44,44,11,12,0,2,1,RX,0,75,layer_002_wire_001_RX,-0.0157293717941077,0.0157293717941077,False
random_bp,expectation_value,same_entangling_gate_count,pm_12q_bp_sweep,hea,RX_RY_RZ_CNOT,none,linear,cnot,local,12,4,4,44,44,11,12,0,2,1,RY,1,76,layer_002_wire_001_RY,0.034409979558440676,0.034409979558440676,False
random_bp,expectation_value,same_entangling_gate_count,pm_12q_bp_sweep,hea,RX_RY_RZ_CNOT,none,linear,cnot,local,12,4,4,44,44,11,12,0,2,1,RZ,2,77,layer_002_wire_001_RZ,0.011632401860905719,0.011632401860905719,False
random_bp,expectation_value,same_entangling_gate_count,pm_12q_bp_sweep,hea,RX_RY_RZ_CNOT,none,linear,cnot,local,12,4,4,44,44,11,12,0,2,2,RX,0,78,layer_002_wire_002_RX,-0.04031342883116681,0.04031342883116681,False
random_bp,expectation_value,same_entangling_gate_count,pm_12q_bp_sweep,hea,RX_RY_RZ_CNOT,none,linear,cnot,local,12,4,4,44,44,11,12,0,2,2,RY,1,79,layer_002_wire_002_RY,6.105025584732422e-05,6.105025584732422e-05,False
random_bp,expectation_value,same_entangling_gate_count,pm_12q_bp_sweep,hea,RX_RY_RZ_CNOT,none,linear,cnot,local,12,4,4,44,44,11,12,0,2,2,RZ,2,80,layer_002_wire_002_RZ,-0.023831641464161057,0.023831641464161057,False
random_bp,expectation_value,same_entangling_gate_count,pm_12q_bp_sweep,hea,RX_RY_RZ_CNOT,none,linear,cnot,local,12,4,4,44,44,11,12,0,2,3,RX,0,81,layer_002_wire_003_RX,-0.0305645933716818,0.0305645933716818,False
random_bp,expectation_value,same_entangling_gate_count,pm_12q_bp_sweep,hea,RX_RY_RZ_CNOT,none,linear,cnot,local,12,4,4,44,44,11,12,0,2,3,RY,1,82,layer_002_wire_003_RY,0.019946821448728263,0.019946821448728263,False
random_bp,expectation_value,same_entangling_gate_count,pm_12q_bp_sweep,hea,RX_RY_RZ_CNOT,none,linear,cnot,local,12,4,4,44,44,11,12,0,2,3,RZ,2,83,layer_002_wire_003_RZ,0.017650457756249027,0.017650457756249027,False
random_bp,expectation_value,same_entangling_gate_count,pm_12q_bp_sweep,hea,RX_RY_RZ_CNOT,none,linear,cnot,local,12,4,4,44,44,11,12,0,2,4,RX,0,84,layer_002_wire_004_RX,0.020305286164729815,0.020305286164729815,False
random_bp,expectation_value,same_entangling_gate_count,pm_12q_bp_sweep,hea,RX_RY_RZ_CNOT,none,linear,cnot,local,12,4,4,44,44,11,12,0,2,4,RY,1,85,layer_002_wire_004_RY,-0.0007446286595489959,0.0007446286595489959,False
random_bp,expectation_value,same_entangling_gate_count,pm_12q_bp_sweep,hea,RX_RY_RZ_CNOT,none,linear,cnot,local,12,4,4,44,44,11,12,0,2,4,RZ,2,86,layer_002_wire_004_RZ,-0.019049471631040815,0.019049471631040815,False
random_bp,expectation_value,same_entangling_gate_count,pm_12q_bp_sweep,hea,RX_RY_RZ_CNOT,none,linear,cnot,local,12,4,4,44,44,11,12,0,2,5,RX,0,87,layer_002_wire_005_RX,-0.00949593008749538,0.00949593008749538,False
random_bp,expectation_value,same_entangling_gate_count,pm_12q_bp_sweep,hea,RX_RY_RZ_CNOT,none,linear,cnot,local,12,4,4,44,44,11,12,0,2,5,RY,1,88,layer_002_wire_005_RY,0.004223530909703909,0.004223530909703909,False
random_bp,expectation_value,same_entangling_gate_count,pm_12q_bp_sweep,hea,RX_RY_RZ_CNOT,none,linear,cnot,local,12,4,4,44,44,11,12,0,2,5,RZ,2,89,layer_002_wire_005_RZ,0.0007047480916973332,0.0007047480916973332,False
random_bp,expectation_value,same_entangling_gate_count,pm_12q_bp_sweep,hea,RX_RY_RZ_CNOT,none,linear,cnot,local,12,4,4,44,44,11,12,0,2,6,RX,0,90,layer_002_wire_006_RX,-0.0020332359868261186,0.0020332359868261186,False
random_bp,expectation_value,same_entangling_gate_count,pm_12q_bp_sweep,hea,RX_RY_RZ_CNOT,none,linear,cnot,local,12,4,4,44,44,11,12,0,2,6,RY,1,91,layer_002_wire_006_RY,0.009422374899386297,0.009422374899386297,False
random_bp,expectation_value,same_entangling_gate_count,pm_12q_bp_sweep,hea,RX_RY_RZ_CNOT,none,linear,cnot,local,12,4,4,44,44,11,12,0,2,6,RZ,2,92,layer_002_wire_006_RZ,0.0044740790900557,0.0044740790900557,False
random_bp,expectation_value,same_entangling_gate_count,pm_12q_bp_sweep,hea,RX_RY_RZ_CNOT,none,linear,cnot,local,12,4,4,44,44,11,12,0,2,7,RX,0,93,layer_002_wire_007_RX,-0.0007807743798572929,0.0007807743798572929,False
random_bp,expectation_value,same_entangling_gate_count,pm_12q_bp_sweep,hea,RX_RY_RZ_CNOT,none,linear,cnot,local,12,4,4,44,44,11,12,0,2,7,RY,1,94,layer_002_wire_007_RY,-0.003688373077577827,0.003688373077577827,False
random_bp,expectation_value,same_entangling_gate_count,pm_12q_bp_sweep,hea,RX_RY_RZ_CNOT,none,linear,cnot,local,12,4,4,44,44,11,12,0,2,7,RZ,2,95,layer_002_wire_007_RZ,-0.005942922668580641,0.005942922668580641,False
random_bp,expectation_value,same_entangling_gate_count,pm_12q_bp_sweep,hea,RX_RY_RZ_CNOT,none,linear,cnot,local,12,4,4,44,44,11,12,0,2,8,RX,0,96,layer_002_wire_008_RX,0.0006410456354777015,0.0006410456354777015,False
random_bp,expectation_value,same_entangling_gate_count,pm_12q_bp_sweep,hea,RX_RY_RZ_CNOT,none,linear,cnot,local,12,4,4,44,44,11,12,0,2,8,RY,1,97,layer_002_wire_008_RY,-0.01455785599130388,0.01455785599130388,False
random_bp,expectation_value,same_entangling_gate_count,pm_12q_bp_sweep,hea,RX_RY_RZ_CNOT,none,linear,cnot,local,12,4,4,44,44,11,12,0,2,8,RZ,2,98,layer_002_wire_008_RZ,0.0005327151955197653,0.0005327151955197653,False
random_bp,expectation_value,same_entangling_gate_count,pm_12q_bp_sweep,hea,RX_RY_RZ_CNOT,none,linear,cnot,local,12,4,4,44,44,11,12,0,2,9,RX,0,99,layer_002_wire_009_RX,-0.0006259360602138275,0.0006259360602138275,False
random_bp,expectation_value,same_entangling_gate_count,pm_12q_bp_sweep,hea,RX_RY_RZ_CNOT,none,linear,cnot,local,12,4,4,44,44,11,12,0,2,9,RY,1,100,layer_002_wire_009_RY,-0.0016482066966578062,0.0016482066966578062,False
random_bp,expectation_value,same_entangling_gate_count,pm_12q_bp_sweep,hea,RX_RY_RZ_CNOT,none,linear,cnot,local,12,4,4,44,44,11,12,0,2,9,RZ,2,101,layer_002_wire_009_RZ,0.00450168236641286,0.00450168236641286,False
random_bp,expectation_value,same_entangling_gate_count,pm_12q_bp_sweep,hea,RX_RY_RZ_CNOT,none,linear,cnot,local,12,4,4,44,44,11,12,0,2,10,RX,0,102,layer_002_wire_010_RX,0.0002928922747837265,0.0002928922747837265,False
random_bp,expectation_value,same_entangling_gate_count,pm_12q_bp_sweep,hea,RX_RY_RZ_CNOT,none,linear,cnot,local,12,4,4,44,44,11,12,0,2,10,RY,1,103,layer_002_wire_010_RY,0.002439875756339976,0.002439875756339976,False
random_bp,expectation_value,same_entangling_gate_count,pm_12q_bp_sweep,hea,RX_RY_RZ_CNOT,none,linear,cnot,local,12,4,4,44,44,11,12,0,2,10,RZ,2,104,layer_002_wire_010_RZ,0.002669829469622957,0.002669829469622957,False
random_bp,expectation_value,same_entangling_gate_count,pm_12q_bp_sweep,hea,RX_RY_RZ_CNOT,none,linear,cnot,local,12,4,4,44,44,11,12,0,2,11,RX,0,105,layer_002_wire_011_RX,-0.002041227510913648,0.002041227510913648,False
random_bp,expectation_value,same_entangling_gate_count,pm_12q_bp_sweep,hea,RX_RY_RZ_CNOT,none,linear,cnot,local,12,4,4,44,44,11,12,0,2,11,RY,1,106,layer_002_wire_011_RY,0.00013861127882027618,0.00013861127882027618,False
random_bp,expectation_value,same_entangling_gate_count,pm_12q_bp_sweep,hea,RX_RY_RZ_CNOT,none,linear,cnot,local,12,4,4,44,44,11,12,0,2,11,RZ,2,107,layer_002_wire_011_RZ,-0.0007101397894673876,0.0007101397894673876,False
random_bp,expectation_value,same_entangling_gate_count,pm_12q_bp_sweep,hea,RX_RY_RZ_CNOT,none,linear,cnot,local,12,4,4,44,44,11,12,0,3,0,RX,0,108,layer_003_wire_000_RX,0.0042282912547700075,0.0042282912547700075,False
random_bp,expectation_value,same_entangling_gate_count,pm_12q_bp_sweep,hea,RX_RY_RZ_CNOT,none,linear,cnot,local,12,4,4,44,44,11,12,0,3,0,RY,1,109,layer_003_wire_000_RY,-0.0033843334081268203,0.0033843334081268203,False
random_bp,expectation_value,same_entangling_gate_count,pm_12q_bp_sweep,hea,RX_RY_RZ_CNOT,none,linear,cnot,local,12,4,4,44,44,11,12,0,3,0,RZ,2,110,layer_003_wire_000_RZ,-1.764131915966999e-17,1.764131915966999e-17,True
random_bp,expectation_value,same_entangling_gate_count,pm_12q_bp_sweep,hea,RX_RY_RZ_CNOT,none,linear,cnot,local,12,4,4,44,44,11,12,0,3,1,RX,0,111,layer_003_wire_001_RX,-0.006583618797295408,0.006583618797295408,False
random_bp,expectation_value,same_entangling_gate_count,pm_12q_bp_sweep,hea,RX_RY_RZ_CNOT,none,linear,cnot,local,12,4,4,44,44,11,12,0,3,1,RY,1,112,layer_003_wire_001_RY,0.01907422756453737,0.01907422756453737,False
random_bp,expectation_value,same_entangling_gate_count,pm_12q_bp_sweep,hea,RX_RY_RZ_CNOT,none,linear,cnot,local,12,4,4,44,44,11,12,0,3,1,RZ,2,113,layer_003_wire_001_RZ,-6.790688744475401e-18,6.790688744475401e-18,True
random_bp,expectation_value,same_entangling_gate_count,pm_12q_bp_sweep,hea,RX_RY_RZ_CNOT,none,linear,cnot,local,12,4,4,44,44,11,12,0,3,2,RX,0,114,layer_003_wire_002_RX,-0.01855975155454272,0.01855975155454272,False
random_bp,expectation_value,same_entangling_gate_count,pm_12q_bp_sweep,hea,RX_RY_RZ_CNOT,none,linear,cnot,local,12,4,4,44,44,11,12,0,3,2,RY,1,115,layer_003_wire_002_RY,-0.023767181949803654,0.023767181949803654,False
random_bp,expectation_value,same_entangling_gate_count,pm_12q_bp_sweep,hea,RX_RY_RZ_CNOT,none,linear,cnot,local,12,4,4,44,44,11,12,0,3,2,RZ,2,116,layer_003_wire_002_RZ,-6.164418968109533e-18,6.164418968109533e-18,True
random_bp,expectation_value,same_entangling_gate_count,pm_12q_bp_sweep,hea,RX_RY_RZ_CNOT,none,linear,cnot,local,12,4,4,44,44,11,12,0,3,3,RX,0,117,layer_003_wire_003_RX,-0.009363724896682553,0.009363724896682553,False
random_bp,expectation_value,same_entangling_gate_count,pm_12q_bp_sweep,hea,RX_RY_RZ_CNOT,none,linear,cnot,local,12,4,4,44,44,11,12,0,3,3,RY,1,118,layer_003_wire_003_RY,-0.002234311784644581,0.002234311784644581,False
random_bp,expectation_value,same_entangling_gate_count,pm_12q_bp_sweep,hea,RX_RY_RZ_CNOT,none,linear,cnot,local,12,4,4,44,44,11,12,0,3,3,RZ,2,119,layer_003_wire_003_RZ,4.62746393732563e-18,4.62746393732563e-18,True
random_bp,expectation_value,same_entangling_gate_count,pm_12q_bp_sweep,hea,RX_RY_RZ_CNOT,none,linear,cnot,local,12,4,4,44,44,11,12,0,3,4,RX,0,120,layer_003_wire_004_RX,0.0025657420303230073,0.0025657420303230073,False
random_bp,expectation_value,same_entangling_gate_count,pm_12q_bp_sweep,hea,RX_RY_RZ_CNOT,none,linear,cnot,local,12,4,4,44,44,11,12,0,3,4,RY,1,121,layer_003_wire_004_RY,0.010481506670555602,0.010481506670555602,False
random_bp,expectation_value,same_entangling_gate_count,pm_12q_bp_sweep,hea,RX_RY_RZ_CNOT,none,linear,cnot,local,12,4,4,44,44,11,12,0,3,4,RZ,2,122,layer_003_wire_004_RZ,-2.602558706743423e-18,2.602558706743423e-18,True
random_bp,expectation_value,same_entangling_gate_count,pm_12q_bp_sweep,hea,RX_RY_RZ_CNOT,none,linear,cnot,local,12,4,4,44,44,11,12,0,3,5,RX,0,123,layer_003_wire_005_RX,0.0002646422168326133,0.0002646422168326133,False
random_bp,expectation_value,same_entangling_gate_count,pm_12q_bp_sweep,hea,RX_RY_RZ_CNOT,none,linear,cnot,local,12,4,4,44,44,11,12,0,3,5,RY,1,124,layer_003_wire_005_RY,-0.013429904136674518,0.013429904136674518,False
random_bp,expectation_value,same_entangling_gate_count,pm_12q_bp_sweep,hea,RX_RY_RZ_CNOT,none,linear,cnot,local,12,4,4,44,44,11,12,0,3,5,RZ,2,125,layer_003_wire_005_RZ,4.328838484079545e-18,4.328838484079545e-18,True
random_bp,expectation_value,same_entangling_gate_count,pm_12q_bp_sweep,hea,RX_RY_RZ_CNOT,none,linear,cnot,local,12,4,4,44,44,11,12,0,3,6,RX,0,126,layer_003_wire_006_RX,-5.109825096157039e-05,5.109825096157039e-05,False
random_bp,expectation_value,same_entangling_gate_count,pm_12q_bp_sweep,hea,RX_RY_RZ_CNOT,none,linear,cnot,local,12,4,4,44,44,11,12,0,3,6,RY,1,127,layer_003_wire_006_RY,0.0020060364192492283,0.0020060364192492283,False
random_bp,expectation_value,same_entangling_gate_count,pm_12q_bp_sweep,hea,RX_RY_RZ_CNOT,none,linear,cnot,local,12,4,4,44,44,11,12,0,3,6,RZ,2,128,layer_003_wire_006_RZ,-5.52551418743026e-18,5.52551418743026e-18,True
random_bp,expectation_value,same_entangling_gate_count,pm_12q_bp_sweep,hea,RX_RY_RZ_CNOT,none,linear,cnot,local,12,4,4,44,44,11,12,0,3,7,RX,0,129,layer_003_wire_007_RX,-0.008081479853852012,0.008081479853852012,False
random_bp,expectation_value,same_entangling_gate_count,pm_12q_bp_sweep,hea,RX_RY_RZ_CNOT,none,linear,cnot,local,12,4,4,44,44,11,12,0,3,7,RY,1,130,layer_003_wire_007_RY,0.003287838047465963,0.003287838047465963,False
random_bp,expectation_value,same_entangling_gate_count,pm_12q_bp_sweep,hea,RX_RY_RZ_CNOT,none,linear,cnot,local,12,4,4,44,44,11,12,0,3,7,RZ,2,131,layer_003_wire_007_RZ,-1.2955500278914584e-18,1.2955500278914584e-18,True
random_bp,expectation_value,same_entangling_gate_count,pm_12q_bp_sweep,hea,RX_RY_RZ_CNOT,none,linear,cnot,local,12,4,4,44,44,11,12,0,3,8,RX,0,132,layer_003_wire_008_RX,0.005529977853156558,0.005529977853156558,False
random_bp,expectation_value,same_entangling_gate_count,pm_12q_bp_sweep,hea,RX_RY_RZ_CNOT,none,linear,cnot,local,12,4,4,44,44,11,12,0,3,8,RY,1,133,layer_003_wire_008_RY,0.004602714940221226,0.004602714940221226,False
random_bp,expectation_value,same_entangling_gate_count,pm_12q_bp_sweep,hea,RX_RY_RZ_CNOT,none,linear,cnot,local,12,4,4,44,44,11,12,0,3,8,RZ,2,134,layer_003_wire_008_RZ,1.0817765457520617e-17,1.0817765457520617e-17,True
random_bp,expectation_value,same_entangling_gate_count,pm_12q_bp_sweep,hea,RX_RY_RZ_CNOT,none,linear,cnot,local,12,4,4,44,44,11,12,0,3,9,RX,0,135,layer_003_wire_009_RX,0.0022908296017728723,0.0022908296017728723,False
random_bp,expectation_value,same_entangling_gate_count,pm_12q_bp_sweep,hea,RX_RY_RZ_CNOT,none,linear,cnot,local,12,4,4,44,44,11,12,0,3,9,RY,1,136,layer_003_wire_009_RY,-0.0028184883607877687,0.0028184883607877687,False
random_bp,expectation_value,same_entangling_gate_count,pm_12q_bp_sweep,hea,RX_RY_RZ_CNOT,none,linear,cnot,local,12,4,4,44,44,11,12,0,3,9,RZ,2,137,layer_003_wire_009_RZ,-6.87227121319542e-17,6.87227121319542e-17,True
random_bp,expectation_value,same_entangling_gate_count,pm_12q_bp_sweep,hea,RX_RY_RZ_CNOT,none,linear,cnot,local,12,4,4,44,44,11,12,0,3,10,RX,0,138,layer_003_wire_010_RX,-0.003598590435997461,0.003598590435997461,False
random_bp,expectation_value,same_entangling_gate_count,pm_12q_bp_sweep,hea,RX_RY_RZ_CNOT,none,linear,cnot,local,12,4,4,44,44,11,12,0,3,10,RY,1,139,layer_003_wire_010_RY,0.004116237574959915,0.004116237574959915,False
random_bp,expectation_value,same_entangling_gate_count,pm_12q_bp_sweep,hea,RX_RY_RZ_CNOT,none,linear,cnot,local,12,4,4,44,44,11,12,0,3,10,RZ,2,140,layer_003_wire_010_RZ,7.7443106834687e-18,7.7443106834687e-18,True
random_bp,expectation_value,same_entangling_gate_count,pm_12q_bp_sweep,hea,RX_RY_RZ_CNOT,none,linear,cnot,local,12,4,4,44,44,11,12,0,3,11,RX,0,141,layer_003_wire_011_RX,0.0016785593945294226,0.0016785593945294226,False
random_bp,expectation_value,same_entangling_gate_count,pm_12q_bp_sweep,hea,RX_RY_RZ_CNOT,none,linear,cnot,local,12,4,4,44,44,11,12,0,3,11,RY,1,142,layer_003_wire_011_RY,-0.0010583557350206524,0.0010583557350206524,False
random_bp,expectation_value,same_entangling_gate_count,pm_12q_bp_sweep,hea,RX_RY_RZ_CNOT,none,linear,cnot,local,12,4,4,44,44,11,12,0,3,11,RZ,2,143,layer_003_wire_011_RZ,-5.216085237377366e-17,5.216085237377366e-17,True
random_bp,expectation_value,same_entangling_gate_count,pm_12q_bp_sweep,hea,RX_RY_RZ_CNOT,none,linear,cnot,local,12,4,4,44,44,11,13,1,0,0,RX,0,0,layer_000_wire_000_RX,0.024162259799192138,0.024162259799192138,False
random_bp,expectation_value,same_entangling_gate_count,pm_12q_bp_sweep,hea,RX_RY_RZ_CNOT,none,linear,cnot,local,12,4,4,44,44,11,13,1,0,0,RY,1,1,layer_000_wire_000_RY,0.005938590461759171,0.005938590461759171,False
random_bp,expectation_value,same_entangling_gate_count,pm_12q_bp_sweep,hea,RX_RY_RZ_CNOT,none,linear,cnot,local,12,4,4,44,44,11,13,1,0,0,RZ,2,2,layer_000_wire_000_RZ,-0.007820249818309501,0.007820249818309501,False
random_bp,expectation_value,same_entangling_gate_count,pm_12q_bp_sweep,hea,RX_RY_RZ_CNOT,none,linear,cnot,local,12,4,4,44,44,11,13,1,0,1,RX,0,3,layer_000_wire_001_RX,-0.011030280070414171,0.011030280070414171,False
random_bp,expectation_value,same_entangling_gate_count,pm_12q_bp_sweep,hea,RX_RY_RZ_CNOT,none,linear,cnot,local,12,4,4,44,44,11,13,1,0,1,RY,1,4,layer_000_wire_001_RY,-0.017467170812367556,0.017467170812367556,False
random_bp,expectation_value,same_entangling_gate_count,pm_12q_bp_sweep,hea,RX_RY_RZ_CNOT,none,linear,cnot,local,12,4,4,44,44,11,13,1,0,1,RZ,2,5,layer_000_wire_001_RZ,-0.007996196459339931,0.007996196459339931,False
random_bp,expectation_value,same_entangling_gate_count,pm_12q_bp_sweep,hea,RX_RY_RZ_CNOT,none,linear,cnot,local,12,4,4,44,44,11,13,1,0,2,RX,0,6,layer_000_wire_002_RX,-0.0208954045251982,0.0208954045251982,False
random_bp,expectation_value,same_entangling_gate_count,pm_12q_bp_sweep,hea,RX_RY_RZ_CNOT,none,linear,cnot,local,12,4,4,44,44,11,13,1,0,2,RY,1,7,layer_000_wire_002_RY,0.007830247252587899,0.007830247252587899,False
random_bp,expectation_value,same_entangling_gate_count,pm_12q_bp_sweep,hea,RX_RY_RZ_CNOT,none,linear,cnot,local,12,4,4,44,44,11,13,1,0,2,RZ,2,8,layer_000_wire_002_RZ,-0.02369326590840661,0.02369326590840661,False
random_bp,expectation_value,same_entangling_gate_count,pm_12q_bp_sweep,hea,RX_RY_RZ_CNOT,none,linear,cnot,local,12,4,4,44,44,11,13,1,0,3,RX,0,9,layer_000_wire_003_RX,-0.024102145358224344,0.024102145358224344,False
random_bp,expectation_value,same_entangling_gate_count,pm_12q_bp_sweep,hea,RX_RY_RZ_CNOT,none,linear,cnot,local,12,4,4,44,44,11,13,1,0,3,RY,1,10,layer_000_wire_003_RY,0.03355309461708816,0.03355309461708816,False
random_bp,expectation_value,same_entangling_gate_count,pm_12q_bp_sweep,hea,RX_RY_RZ_CNOT,none,linear,cnot,local,12,4,4,44,44,11,13,1,0,3,RZ,2,11,layer_000_wire_003_RZ,0.023966739427041826,0.023966739427041826,False
random_bp,expectation_value,same_entangling_gate_count,pm_12q_bp_sweep,hea,RX_RY_RZ_CNOT,none,linear,cnot,local,12,4,4,44,44,11,13,1,0,4,RX,0,12,layer_000_wire_004_RX,-0.00016449478013985143,0.00016449478013985143,False
random_bp,expectation_value,same_entangling_gate_count,pm_12q_bp_sweep,hea,RX_RY_RZ_CNOT,none,linear,cnot,local,12,4,4,44,44,11,13,1,0,4,RY,1,13,layer_000_wire_004_RY,0.004478408796816493,0.004478408796816493,False
random_bp,expectation_value,same_entangling_gate_count,pm_12q_bp_sweep,hea,RX_RY_RZ_CNOT,none,linear,cnot,local,12,4,4,44,44,11,13,1,0,4,RZ,2,14,layer_000_wire_004_RZ,0.002115404993880497,0.002115404993880497,False
random_bp,expectation_value,same_entangling_gate_count,pm_12q_bp_sweep,hea,RX_RY_RZ_CNOT,none,linear,cnot,local,12,4,4,44,44,11,13,1,0,5,RX,0,15,layer_000_wire_005_RX,0.00278385799677546,0.00278385799677546,False
random_bp,expectation_value,same_entangling_gate_count,pm_12q_bp_sweep,hea,RX_RY_RZ_CNOT,none,linear,cnot,local,12,4,4,44,44,11,13,1,0,5,RY,1,16,layer_000_wire_005_RY,0.0009900473879957093,0.0009900473879957093,False
random_bp,expectation_value,same_entangling_gate_count,pm_12q_bp_sweep,hea,RX_RY_RZ_CNOT,none,linear,cnot,local,12,4,4,44,44,11,13,1,0,5,RZ,2,17,layer_000_wire_005_RZ,0.0022753575844761836,0.0022753575844761836,False
random_bp,expectation_value,same_entangling_gate_count,pm_12q_bp_sweep,hea,RX_RY_RZ_CNOT,none,linear,cnot,local,12,4,4,44,44,11,13,1,0,6,RX,0,18,layer_000_wire_006_RX,-0.0006806948001245924,0.0006806948001245924,False
random_bp,expectation_value,same_entangling_gate_count,pm_12q_bp_sweep,hea,RX_RY_RZ_CNOT,none,linear,cnot,local,12,4,4,44,44,11,13,1,0,6,RY,1,19,layer_000_wire_006_RY,0.0021494785246125208,0.0021494785246125208,False
random_bp,expectation_value,same_entangling_gate_count,pm_12q_bp_sweep,hea,RX_RY_RZ_CNOT,none,linear,cnot,local,12,4,4,44,44,11,13,1,0,6,RZ,2,20,layer_000_wire_006_RZ,-0.00012687292354120704,0.00012687292354120704,False
random_bp,expectation_value,same_entangling_gate_count,pm_12q_bp_sweep,hea,RX_RY_RZ_CNOT,none,linear,cnot,local,12,4,4,44,44,11,13,1,0,7,RX,0,21,layer_000_wire_007_RX,-0.003534490510864366,0.003534490510864366,False
random_bp,expectation_value,same_entangling_gate_count,pm_12q_bp_sweep,hea,RX_RY_RZ_CNOT,none,linear,cnot,local,12,4,4,44,44,11,13,1,0,7,RY,1,22,layer_000_wire_007_RY,-0.0004125041390070915,0.0004125041390070915,False
random_bp,expectation_value,same_entangling_gate_count,pm_12q_bp_sweep,hea,RX_RY_RZ_CNOT,none,linear,cnot,local,12,4,4,44,44,11,13,1,0,7,RZ,2,23,layer_000_wire_007_RZ,0.0017950220965543677,0.0017950220965543677,False
random_bp,expectation_value,same_entangling_gate_count,pm_12q_bp_sweep,hea,RX_RY_RZ_CNOT,none,linear,cnot,local,12,4,4,44,44,11,13,1,0,8,RX,0,24,layer_000_wire_008_RX,0.0024810819867367136,0.0024810819867367136,False
random_bp,expectation_value,same_entangling_gate_count,pm_12q_bp_sweep,hea,RX_RY_RZ_CNOT,none,linear,cnot,local,12,4,4,44,44,11,13,1,0,8,RY,1,25,layer_000_wire_008_RY,0.0016890493255770946,0.0016890493255770946,False
random_bp,expectation_value,same_entangling_gate_count,pm_12q_bp_sweep,hea,RX_RY_RZ_CNOT,none,linear,cnot,local,12,4,4,44,44,11,13,1,0,8,RZ,2,26,layer_000_wire_008_RZ,-0.0025154789445137283,0.0025154789445137283,False
random_bp,expectation_value,same_entangling_gate_count,pm_12q_bp_sweep,hea,RX_RY_RZ_CNOT,none,linear,cnot,local,12,4,4,44,44,11,13,1,0,9,RX,0,27,layer_000_wire_009_RX,0.0007810372491675252,0.0007810372491675252,False
random_bp,expectation_value,same_entangling_gate_count,pm_12q_bp_sweep,hea,RX_RY_RZ_CNOT,none,linear,cnot,local,12,4,4,44,44,11,13,1,0,9,RY,1,28,layer_000_wire_009_RY,-8.498028787549006e-05,8.498028787549006e-05,False
random_bp,expectation_value,same_entangling_gate_count,pm_12q_bp_sweep,hea,RX_RY_RZ_CNOT,none,linear,cnot,local,12,4,4,44,44,11,13,1,0,9,RZ,2,29,layer_000_wire_009_RZ,0.0003959591622787183,0.0003959591622787183,False
random_bp,expectation_value,same_entangling_gate_count,pm_12q_bp_sweep,hea,RX_RY_RZ_CNOT,none,linear,cnot,local,12,4,4,44,44,11,13,1,0,10,RX,0,30,layer_000_wire_010_RX,-0.002158395041383041,0.002158395041383041,False
random_bp,expectation_value,same_entangling_gate_count,pm_12q_bp_sweep,hea,RX_RY_RZ_CNOT,none,linear,cnot,local,12,4,4,44,44,11,13,1,0,10,RY,1,31,layer_000_wire_010_RY,-0.003177001547615684,0.003177001547615684,False
random_bp,expectation_value,same_entangling_gate_count,pm_12q_bp_sweep,hea,RX_RY_RZ_CNOT,none,linear,cnot,local,12,4,4,44,44,11,13,1,0,10,RZ,2,32,layer_000_wire_010_RZ,-0.0011958943226493075,0.0011958943226493075,False
random_bp,expectation_value,same_entangling_gate_count,pm_12q_bp_sweep,hea,RX_RY_RZ_CNOT,none,linear,cnot,local,12,4,4,44,44,11,13,1,0,11,RX,0,33,layer_000_wire_011_RX,-0.0033687411618533118,0.0033687411618533118,False
random_bp,expectation_value,same_entangling_gate_count,pm_12q_bp_sweep,hea,RX_RY_RZ_CNOT,none,linear,cnot,local,12,4,4,44,44,11,13,1,0,11,RY,1,34,layer_000_wire_011_RY,0.00042655872601253357,0.00042655872601253357,False
random_bp,expectation_value,same_entangling_gate_count,pm_12q_bp_sweep,hea,RX_RY_RZ_CNOT,none,linear,cnot,local,12,4,4,44,44,11,13,1,0,11,RZ,2,35,layer_000_wire_011_RZ,0.00028458400583262296,0.00028458400583262296,False
random_bp,expectation_value,same_entangling_gate_count,pm_12q_bp_sweep,hea,RX_RY_RZ_CNOT,none,linear,cnot,local,12,4,4,44,44,11,13,1,1,0,RX,0,36,layer_001_wire_000_RX,0.03502041544326334,0.03502041544326334,False
random_bp,expectation_value,same_entangling_gate_count,pm_12q_bp_sweep,hea,RX_RY_RZ_CNOT,none,linear,cnot,local,12,4,4,44,44,11,13,1,1,0,RY,1,37,layer_001_wire_000_RY,-0.03439512222426332,0.03439512222426332,False
random_bp,expectation_value,same_entangling_gate_count,pm_12q_bp_sweep,hea,RX_RY_RZ_CNOT,none,linear,cnot,local,12,4,4,44,44,11,13,1,1,0,RZ,2,38,layer_001_wire_000_RZ,-0.006915046711229203,0.006915046711229203,False
random_bp,expectation_value,same_entangling_gate_count,pm_12q_bp_sweep,hea,RX_RY_RZ_CNOT,none,linear,cnot,local,12,4,4,44,44,11,13,1,1,1,RX,0,39,layer_001_wire_001_RX,0.019186213089748546,0.019186213089748546,False
random_bp,expectation_value,same_entangling_gate_count,pm_12q_bp_sweep,hea,RX_RY_RZ_CNOT,none,linear,cnot,local,12,4,4,44,44,11,13,1,1,1,RY,1,40,layer_001_wire_001_RY,0.03245389750468759,0.03245389750468759,False
random_bp,expectation_value,same_entangling_gate_count,pm_12q_bp_sweep,hea,RX_RY_RZ_CNOT,none,linear,cnot,local,12,4,4,44,44,11,13,1,1,1,RZ,2,41,layer_001_wire_001_RZ,-0.01232604109171881,0.01232604109171881,False
random_bp,expectation_value,same_entangling_gate_count,pm_12q_bp_sweep,hea,RX_RY_RZ_CNOT,none,linear,cnot,local,12,4,4,44,44,11,13,1,1,2,RX,0,42,layer_001_wire_002_RX,0.008779381714776924,0.008779381714776924,False
random_bp,expectation_value,same_entangling_gate_count,pm_12q_bp_sweep,hea,RX_RY_RZ_CNOT,none,linear,cnot,local,12,4,4,44,44,11,13,1,1,2,RY,1,43,layer_001_wire_002_RY,0.0032907786393630437,0.0032907786393630437,False
random_bp,expectation_value,same_entangling_gate_count,pm_12q_bp_sweep,hea,RX_RY_RZ_CNOT,none,linear,cnot,local,12,4,4,44,44,11,13,1,1,2,RZ,2,44,layer_001_wire_002_RZ,0.01104730745197445,0.01104730745197445,False
random_bp,expectation_value,same_entangling_gate_count,pm_12q_bp_sweep,hea,RX_RY_RZ_CNOT,none,linear,cnot,local,12,4,4,44,44,11,13,1,1,3,RX,0,45,layer_001_wire_003_RX,-0.003459022394452997,0.003459022394452997,False
random_bp,expectation_value,same_entangling_gate_count,pm_12q_bp_sweep,hea,RX_RY_RZ_CNOT,none,linear,cnot,local,12,4,4,44,44,11,13,1,1,3,RY,1,46,layer_001_wire_003_RY,0.04228053051310915,0.04228053051310915,False
random_bp,expectation_value,same_entangling_gate_count,pm_12q_bp_sweep,hea,RX_RY_RZ_CNOT,none,linear,cnot,local,12,4,4,44,44,11,13,1,1,3,RZ,2,47,layer_001_wire_003_RZ,0.017967384747967434,0.017967384747967434,False
random_bp,expectation_value,same_entangling_gate_count,pm_12q_bp_sweep,hea,RX_RY_RZ_CNOT,none,linear,cnot,local,12,4,4,44,44,11,13,1,1,4,RX,0,48,layer_001_wire_004_RX,-0.001958376679346531,0.001958376679346531,False
random_bp,expectation_value,same_entangling_gate_count,pm_12q_bp_sweep,hea,RX_RY_RZ_CNOT,none,linear,cnot,local,12,4,4,44,44,11,13,1,1,4,RY,1,49,layer_001_wire_004_RY,0.005101523217910073,0.005101523217910073,False
random_bp,expectation_value,same_entangling_gate_count,pm_12q_bp_sweep,hea,RX_RY_RZ_CNOT,none,linear,cnot,local,12,4,4,44,44,11,13,1,1,4,RZ,2,50,layer_001_wire_004_RZ,0.0006981818915227861,0.0006981818915227861,False
random_bp,expectation_value,same_entangling_gate_count,pm_12q_bp_sweep,hea,RX_RY_RZ_CNOT,none,linear,cnot,local,12,4,4,44,44,11,13,1,1,5,RX,0,51,layer_001_wire_005_RX,0.002323164524747445,0.002323164524747445,False
random_bp,expectation_value,same_entangling_gate_count,pm_12q_bp_sweep,hea,RX_RY_RZ_CNOT,none,linear,cnot,local,12,4,4,44,44,11,13,1,1,5,RY,1,52,layer_001_wire_005_RY,-0.009474141404022385,0.009474141404022385,False
random_bp,expectation_value,same_entangling_gate_count,pm_12q_bp_sweep,hea,RX_RY_RZ_CNOT,none,linear,cnot,local,12,4,4,44,44,11,13,1,1,5,RZ,2,53,layer_001_wire_005_RZ,0.001988107513334554,0.001988107513334554,False
random_bp,expectation_value,same_entangling_gate_count,pm_12q_bp_sweep,hea,RX_RY_RZ_CNOT,none,linear,cnot,local,12,4,4,44,44,11,13,1,1,6,RX,0,54,layer_001_wire_006_RX,-0.0055233449686930575,0.0055233449686930575,False
random_bp,expectation_value,same_entangling_gate_count,pm_12q_bp_sweep,hea,RX_RY_RZ_CNOT,none,linear,cnot,local,12,4,4,44,44,11,13,1,1,6,RY,1,55,layer_001_wire_006_RY,-7.202058305022692e-06,7.202058305022692e-06,False
random_bp,expectation_value,same_entangling_gate_count,pm_12q_bp_sweep,hea,RX_RY_RZ_CNOT,none,linear,cnot,local,12,4,4,44,44,11,13,1,1,6,RZ,2,56,layer_001_wire_006_RZ,-0.0029527946596028033,0.0029527946596028033,False
random_bp,expectation_value,same_entangling_gate_count,pm_12q_bp_sweep,hea,RX_RY_RZ_CNOT,none,linear,cnot,local,12,4,4,44,44,11,13,1,1,7,RX,0,57,layer_001_wire_007_RX,-0.0034358027053651924,0.0034358027053651924,False
random_bp,expectation_value,same_entangling_gate_count,pm_12q_bp_sweep,hea,RX_RY_RZ_CNOT,none,linear,cnot,local,12,4,4,44,44,11,13,1,1,7,RY,1,58,layer_001_wire_007_RY,-4.9382625673531806e-05,4.9382625673531806e-05,False
random_bp,expectation_value,same_entangling_gate_count,pm_12q_bp_sweep,hea,RX_RY_RZ_CNOT,none,linear,cnot,local,12,4,4,44,44,11,13,1,1,7,RZ,2,59,layer_001_wire_007_RZ,0.002663210201109237,0.002663210201109237,False
random_bp,expectation_value,same_entangling_gate_count,pm_12q_bp_sweep,hea,RX_RY_RZ_CNOT,none,linear,cnot,local,12,4,4,44,44,11,13,1,1,8,RX,0,60,layer_001_wire_008_RX,-0.00025614656702345646,0.00025614656702345646,False
random_bp,expectation_value,same_entangling_gate_count,pm_12q_bp_sweep,hea,RX_RY_RZ_CNOT,none,linear,cnot,local,12,4,4,44,44,11,13,1,1,8,RY,1,61,layer_001_wire_008_RY,3.095286575293283e-05,3.095286575293283e-05,False
random_bp,expectation_value,same_entangling_gate_count,pm_12q_bp_sweep,hea,RX_RY_RZ_CNOT,none,linear,cnot,local,12,4,4,44,44,11,13,1,1,8,RZ,2,62,layer_001_wire_008_RZ,0.00019551098507934793,0.00019551098507934793,False
random_bp,expectation_value,same_entangling_gate_count,pm_12q_bp_sweep,hea,RX_RY_RZ_CNOT,none,linear,cnot,local,12,4,4,44,44,11,13,1,1,9,RX,0,63,layer_001_wire_009_RX,3.0570198540550916e-05,3.0570198540550916e-05,False
random_bp,expectation_value,same_entangling_gate_count,pm_12q_bp_sweep,hea,RX_RY_RZ_CNOT,none,linear,cnot,local,12,4,4,44,44,11,13,1,1,9,RY,1,64,layer_001_wire_009_RY,0.0015955885140976345,0.0015955885140976345,False
random_bp,expectation_value,same_entangling_gate_count,pm_12q_bp_sweep,hea,RX_RY_RZ_CNOT,none,linear,cnot,local,12,4,4,44,44,11,13,1,1,9,RZ,2,65,layer_001_wire_009_RZ,-0.0006974568785173124,0.0006974568785173124,False
random_bp,expectation_value,same_entangling_gate_count,pm_12q_bp_sweep,hea,RX_RY_RZ_CNOT,none,linear,cnot,local,12,4,4,44,44,11,13,1,1,10,RX,0,66,layer_001_wire_010_RX,0.0007458564532417432,0.0007458564532417432,False
random_bp,expectation_value,same_entangling_gate_count,pm_12q_bp_sweep,hea,RX_RY_RZ_CNOT,none,linear,cnot,local,12,4,4,44,44,11,13,1,1,10,RY,1,67,layer_001_wire_010_RY,0.000919537198235054,0.000919537198235054,False
random_bp,expectation_value,same_entangling_gate_count,pm_12q_bp_sweep,hea,RX_RY_RZ_CNOT,none,linear,cnot,local,12,4,4,44,44,11,13,1,1,10,RZ,2,68,layer_001_wire_010_RZ,-0.00040194748417621945,0.00040194748417621945,False
random_bp,expectation_value,same_entangling_gate_count,pm_12q_bp_sweep,hea,RX_RY_RZ_CNOT,none,linear,cnot,local,12,4,4,44,44,11,13,1,1,11,RX,0,69,layer_001_wire_011_RX,0.003431699083005771,0.003431699083005771,False
random_bp,expectation_value,same_entangling_gate_count,pm_12q_bp_sweep,hea,RX_RY_RZ_CNOT,none,linear,cnot,local,12,4,4,44,44,11,13,1,1,11,RY,1,70,layer_001_wire_011_RY,-0.002005091890294076,0.002005091890294076,False
random_bp,expectation_value,same_entangling_gate_count,pm_12q_bp_sweep,hea,RX_RY_RZ_CNOT,none,linear,cnot,local,12,4,4,44,44,11,13,1,1,11,RZ,2,71,layer_001_wire_011_RZ,0.003495708176069497,0.003495708176069497,False
random_bp,expectation_value,same_entangling_gate_count,pm_12q_bp_sweep,hea,RX_RY_RZ_CNOT,none,linear,cnot,local,12,4,4,44,44,11,13,1,2,0,RX,0,72,layer_002_wire_000_RX,0.019244336565577905,0.019244336565577905,False
random_bp,expectation_value,same_entangling_gate_count,pm_12q_bp_sweep,hea,RX_RY_RZ_CNOT,none,linear,cnot,local,12,4,4,44,44,11,13,1,2,0,RY,1,73,layer_002_wire_000_RY,-0.037473971038717135,0.037473971038717135,False
random_bp,expectation_value,same_entangling_gate_count,pm_12q_bp_sweep,hea,RX_RY_RZ_CNOT,none,linear,cnot,local,12,4,4,44,44,11,13,1,2,0,RZ,2,74,layer_002_wire_000_RZ,0.04253494007845973,0.04253494007845973,False
random_bp,expectation_value,same_entangling_gate_count,pm_12q_bp_sweep,hea,RX_RY_RZ_CNOT,none,linear,cnot,local,12,4,4,44,44,11,13,1,2,1,RX,0,75,layer_002_wire_001_RX,0.05098065233870899,0.05098065233870899,False
random_bp,expectation_value,same_entangling_gate_count,pm_12q_bp_sweep,hea,RX_RY_RZ_CNOT,none,linear,cnot,local,12,4,4,44,44,11,13,1,2,1,RY,1,76,layer_002_wire_001_RY,-0.024030144681597268,0.024030144681597268,False
random_bp,expectation_value,same_entangling_gate_count,pm_12q_bp_sweep,hea,RX_RY_RZ_CNOT,none,linear,cnot,local,12,4,4,44,44,11,13,1,2,1,RZ,2,77,layer_002_wire_001_RZ,-0.044545209423159635,0.044545209423159635,False
random_bp,expectation_value,same_entangling_gate_count,pm_12q_bp_sweep,hea,RX_RY_RZ_CNOT,none,linear,cnot,local,12,4,4,44,44,11,13,1,2,2,RX,0,78,layer_002_wire_002_RX,-0.03074246416333103,0.03074246416333103,False
random_bp,expectation_value,same_entangling_gate_count,pm_12q_bp_sweep,hea,RX_RY_RZ_CNOT,none,linear,cnot,local,12,4,4,44,44,11,13,1,2,2,RY,1,79,layer_002_wire_002_RY,0.007387672586697911,0.007387672586697911,False
random_bp,expectation_value,same_entangling_gate_count,pm_12q_bp_sweep,hea,RX_RY_RZ_CNOT,none,linear,cnot,local,12,4,4,44,44,11,13,1,2,2,RZ,2,80,layer_002_wire_002_RZ,0.03417301318043947,0.03417301318043947,False
random_bp,expectation_value,same_entangling_gate_count,pm_12q_bp_sweep,hea,RX_RY_RZ_CNOT,none,linear,cnot,local,12,4,4,44,44,11,13,1,2,3,RX,0,81,layer_002_wire_003_RX,-0.009136411912879469,0.009136411912879469,False
random_bp,expectation_value,same_entangling_gate_count,pm_12q_bp_sweep,hea,RX_RY_RZ_CNOT,none,linear,cnot,local,12,4,4,44,44,11,13,1,2,3,RY,1,82,layer_002_wire_003_RY,-0.005130143836404038,0.005130143836404038,False
random_bp,expectation_value,same_entangling_gate_count,pm_12q_bp_sweep,hea,RX_RY_RZ_CNOT,none,linear,cnot,local,12,4,4,44,44,11,13,1,2,3,RZ,2,83,layer_002_wire_003_RZ,0.008223757255234897,0.008223757255234897,False
random_bp,expectation_value,same_entangling_gate_count,pm_12q_bp_sweep,hea,RX_RY_RZ_CNOT,none,linear,cnot,local,12,4,4,44,44,11,13,1,2,4,RX,0,84,layer_002_wire_004_RX,0.0014803603889834201,0.0014803603889834201,False
random_bp,expectation_value,same_entangling_gate_count,pm_12q_bp_sweep,hea,RX_RY_RZ_CNOT,none,linear,cnot,local,12,4,4,44,44,11,13,1,2,4,RY,1,85,layer_002_wire_004_RY,0.01662816415035466,0.01662816415035466,False
random_bp,expectation_value,same_entangling_gate_count,pm_12q_bp_sweep,hea,RX_RY_RZ_CNOT,none,linear,cnot,local,12,4,4,44,44,11,13,1,2,4,RZ,2,86,layer_002_wire_004_RZ,-0.021283929118172416,0.021283929118172416,False
random_bp,expectation_value,same_entangling_gate_count,pm_12q_bp_sweep,hea,RX_RY_RZ_CNOT,none,linear,cnot,local,12,4,4,44,44,11,13,1,2,5,RX,0,87,layer_002_wire_005_RX,-0.001497082870061412,0.001497082870061412,False
random_bp,expectation_value,same_entangling_gate_count,pm_12q_bp_sweep,hea,RX_RY_RZ_CNOT,none,linear,cnot,local,12,4,4,44,44,11,13,1,2,5,RY,1,88,layer_002_wire_005_RY,-0.0047740871000226046,0.0047740871000226046,False
random_bp,expectation_value,same_entangling_gate_count,pm_12q_bp_sweep,hea,RX_RY_RZ_CNOT,none,linear,cnot,local,12,4,4,44,44,11,13,1,2,5,RZ,2,89,layer_002_wire_005_RZ,-0.002552588290716401,0.002552588290716401,False
random_bp,expectation_value,same_entangling_gate_count,pm_12q_bp_sweep,hea,RX_RY_RZ_CNOT,none,linear,cnot,local,12,4,4,44,44,11,13,1,2,6,RX,0,90,layer_002_wire_006_RX,-0.0010650246336615073,0.0010650246336615073,False
random_bp,expectation_value,same_entangling_gate_count,pm_12q_bp_sweep,hea,RX_RY_RZ_CNOT,none,linear,cnot,local,12,4,4,44,44,11,13,1,2,6,RY,1,91,layer_002_wire_006_RY,0.0019259220979916522,0.0019259220979916522,False
random_bp,expectation_value,same_entangling_gate_count,pm_12q_bp_sweep,hea,RX_RY_RZ_CNOT,none,linear,cnot,local,12,4,4,44,44,11,13,1,2,6,RZ,2,92,layer_002_wire_006_RZ,9.020157752404776e-06,9.020157752404776e-06,False
random_bp,expectation_value,same_entangling_gate_count,pm_12q_bp_sweep,hea,RX_RY_RZ_CNOT,none,linear,cnot,local,12,4,4,44,44,11,13,1,2,7,RX,0,93,layer_002_wire_007_RX,-0.00022442188435826277,0.00022442188435826277,False
random_bp,expectation_value,same_entangling_gate_count,pm_12q_bp_sweep,hea,RX_RY_RZ_CNOT,none,linear,cnot,local,12,4,4,44,44,11,13,1,2,7,RY,1,94,layer_002_wire_007_RY,0.002888546321941381,0.002888546321941381,False
random_bp,expectation_value,same_entangling_gate_count,pm_12q_bp_sweep,hea,RX_RY_RZ_CNOT,none,linear,cnot,local,12,4,4,44,44,11,13,1,2,7,RZ,2,95,layer_002_wire_007_RZ,-0.00012329175669684205,0.00012329175669684205,False
random_bp,expectation_value,same_entangling_gate_count,pm_12q_bp_sweep,hea,RX_RY_RZ_CNOT,none,linear,cnot,local,12,4,4,44,44,11,13,1,2,8,RX,0,96,layer_002_wire_008_RX,0.00256354199506351,0.00256354199506351,False
random_bp,expectation_value,same_entangling_gate_count,pm_12q_bp_sweep,hea,RX_RY_RZ_CNOT,none,linear,cnot,local,12,4,4,44,44,11,13,1,2,8,RY,1,97,layer_002_wire_008_RY,-0.0004121860642210713,0.0004121860642210713,False
random_bp,expectation_value,same_entangling_gate_count,pm_12q_bp_sweep,hea,RX_RY_RZ_CNOT,none,linear,cnot,local,12,4,4,44,44,11,13,1,2,8,RZ,2,98,layer_002_wire_008_RZ,-0.00024123077329269495,0.00024123077329269495,False
random_bp,expectation_value,same_entangling_gate_count,pm_12q_bp_sweep,hea,RX_RY_RZ_CNOT,none,linear,cnot,local,12,4,4,44,44,11,13,1,2,9,RX,0,99,layer_002_wire_009_RX,0.0012938500255358035,0.0012938500255358035,False
random_bp,expectation_value,same_entangling_gate_count,pm_12q_bp_sweep,hea,RX_RY_RZ_CNOT,none,linear,cnot,local,12,4,4,44,44,11,13,1,2,9,RY,1,100,layer_002_wire_009_RY,-0.000977271476298741,0.000977271476298741,False
random_bp,expectation_value,same_entangling_gate_count,pm_12q_bp_sweep,hea,RX_RY_RZ_CNOT,none,linear,cnot,local,12,4,4,44,44,11,13,1,2,9,RZ,2,101,layer_002_wire_009_RZ,0.001259794810296866,0.001259794810296866,False
random_bp,expectation_value,same_entangling_gate_count,pm_12q_bp_sweep,hea,RX_RY_RZ_CNOT,none,linear,cnot,local,12,4,4,44,44,11,13,1,2,10,RX,0,102,layer_002_wire_010_RX,0.0002802192275265566,0.0002802192275265566,False
random_bp,expectation_value,same_entangling_gate_count,pm_12q_bp_sweep,hea,RX_RY_RZ_CNOT,none,linear,cnot,local,12,4,4,44,44,11,13,1,2,10,RY,1,103,layer_002_wire_010_RY,0.0018419561598796335,0.0018419561598796335,False
random_bp,expectation_value,same_entangling_gate_count,pm_12q_bp_sweep,hea,RX_RY_RZ_CNOT,none,linear,cnot,local,12,4,4,44,44,11,13,1,2,10,RZ,2,104,layer_002_wire_010_RZ,-0.0024320784498246227,0.0024320784498246227,False
random_bp,expectation_value,same_entangling_gate_count,pm_12q_bp_sweep,hea,RX_RY_RZ_CNOT,none,linear,cnot,local,12,4,4,44,44,11,13,1,2,11,RX,0,105,layer_002_wire_011_RX,-0.001237324175551357,0.001237324175551357,False
random_bp,expectation_value,same_entangling_gate_count,pm_12q_bp_sweep,hea,RX_RY_RZ_CNOT,none,linear,cnot,local,12,4,4,44,44,11,13,1,2,11,RY,1,106,layer_002_wire_011_RY,-0.00038548837779613077,0.00038548837779613077,False
random_bp,expectation_value,same_entangling_gate_count,pm_12q_bp_sweep,hea,RX_RY_RZ_CNOT,none,linear,cnot,local,12,4,4,44,44,11,13,1,2,11,RZ,2,107,layer_002_wire_011_RZ,-0.0011761362673957242,0.0011761362673957242,False
random_bp,expectation_value,same_entangling_gate_count,pm_12q_bp_sweep,hea,RX_RY_RZ_CNOT,none,linear,cnot,local,12,4,4,44,44,11,13,1,3,0,RX,0,108,layer_003_wire_000_RX,-0.0018618164527193157,0.0018618164527193157,False
random_bp,expectation_value,same_entangling_gate_count,pm_12q_bp_sweep,hea,RX_RY_RZ_CNOT,none,linear,cnot,local,12,4,4,44,44,11,13,1,3,0,RY,1,109,layer_003_wire_000_RY,0.04542171366132593,0.04542171366132593,False
random_bp,expectation_value,same_entangling_gate_count,pm_12q_bp_sweep,hea,RX_RY_RZ_CNOT,none,linear,cnot,local,12,4,4,44,44,11,13,1,3,0,RZ,2,110,layer_003_wire_000_RZ,-8.297064437745051e-17,8.297064437745051e-17,True
random_bp,expectation_value,same_entangling_gate_count,pm_12q_bp_sweep,hea,RX_RY_RZ_CNOT,none,linear,cnot,local,12,4,4,44,44,11,13,1,3,1,RX,0,111,layer_003_wire_001_RX,0.001377728743686084,0.001377728743686084,False
random_bp,expectation_value,same_entangling_gate_count,pm_12q_bp_sweep,hea,RX_RY_RZ_CNOT,none,linear,cnot,local,12,4,4,44,44,11,13,1,3,1,RY,1,112,layer_003_wire_001_RY,-0.02270204630243242,0.02270204630243242,False
random_bp,expectation_value,same_entangling_gate_count,pm_12q_bp_sweep,hea,RX_RY_RZ_CNOT,none,linear,cnot,local,12,4,4,44,44,11,13,1,3,1,RZ,2,113,layer_003_wire_001_RZ,2.406508529322141e-17,2.406508529322141e-17,True
random_bp,expectation_value,same_entangling_gate_count,pm_12q_bp_sweep,hea,RX_RY_RZ_CNOT,none,linear,cnot,local,12,4,4,44,44,11,13,1,3,2,RX,0,114,layer_003_wire_002_RX,-0.004072121520704322,0.004072121520704322,False
random_bp,expectation_value,same_entangling_gate_count,pm_12q_bp_sweep,hea,RX_RY_RZ_CNOT,none,linear,cnot,local,12,4,4,44,44,11,13,1,3,2,RY,1,115,layer_003_wire_002_RY,-0.007899531814669984,0.007899531814669984,False
random_bp,expectation_value,same_entangling_gate_count,pm_12q_bp_sweep,hea,RX_RY_RZ_CNOT,none,linear,cnot,local,12,4,4,44,44,11,13,1,3,2,RZ,2,116,layer_003_wire_002_RZ,-9.487713741809038e-18,9.487713741809038e-18,True
random_bp,expectation_value,same_entangling_gate_count,pm_12q_bp_sweep,hea,RX_RY_RZ_CNOT,none,linear,cnot,local,12,4,4,44,44,11,13,1,3,3,RX,0,117,layer_003_wire_003_RX,0.006446859629372007,0.006446859629372007,False
random_bp,expectation_value,same_entangling_gate_count,pm_12q_bp_sweep,hea,RX_RY_RZ_CNOT,none,linear,cnot,local,12,4,4,44,44,11,13,1,3,3,RY,1,118,layer_003_wire_003_RY,-0.0037647828708781746,0.0037647828708781746,False
random_bp,expectation_value,same_entangling_gate_count,pm_12q_bp_sweep,hea,RX_RY_RZ_CNOT,none,linear,cnot,local,12,4,4,44,44,11,13,1,3,3,RZ,2,119,layer_003_wire_003_RZ,-4.569754695583452e-18,4.569754695583452e-18,True
random_bp,expectation_value,same_entangling_gate_count,pm_12q_bp_sweep,hea,RX_RY_RZ_CNOT,none,linear,cnot,local,12,4,4,44,44,11,13,1,3,4,RX,0,120,layer_003_wire_004_RX,0.008012081417655761,0.008012081417655761,False
random_bp,expectation_value,same_entangling_gate_count,pm_12q_bp_sweep,hea,RX_RY_RZ_CNOT,none,linear,cnot,local,12,4,4,44,44,11,13,1,3,4,RY,1,121,layer_003_wire_004_RY,-0.009759583891308632,0.009759583891308632,False
random_bp,expectation_value,same_entangling_gate_count,pm_12q_bp_sweep,hea,RX_RY_RZ_CNOT,none,linear,cnot,local,12,4,4,44,44,11,13,1,3,4,RZ,2,122,layer_003_wire_004_RZ,5.585529948866093e-18,5.585529948866093e-18,True
random_bp,expectation_value,same_entangling_gate_count,pm_12q_bp_sweep,hea,RX_RY_RZ_CNOT,none,linear,cnot,local,12,4,4,44,44,11,13,1,3,5,RX,0,123,layer_003_wire_005_RX,-0.0017044554561349004,0.0017044554561349004,False
random_bp,expectation_value,same_entangling_gate_count,pm_12q_bp_sweep,hea,RX_RY_RZ_CNOT,none,linear,cnot,local,12,4,4,44,44,11,13,1,3,5,RY,1,124,layer_003_wire_005_RY,-0.0028412166035054354,0.0028412166035054354,False
random_bp,expectation_value,same_entangling_gate_count,pm_12q_bp_sweep,hea,RX_RY_RZ_CNOT,none,linear,cnot,local,12,4,4,44,44,11,13,1,3,5,RZ,2,125,layer_003_wire_005_RZ,3.007949691810773e-18,3.007949691810773e-18,True
random_bp,expectation_value,same_entangling_gate_count,pm_12q_bp_sweep,hea,RX_RY_RZ_CNOT,none,linear,cnot,local,12,4,4,44,44,11,13,1,3,6,RX,0,126,layer_003_wire_006_RX,-0.0018354920928091499,0.0018354920928091499,False
random_bp,expectation_value,same_entangling_gate_count,pm_12q_bp_sweep,hea,RX_RY_RZ_CNOT,none,linear,cnot,local,12,4,4,44,44,11,13,1,3,6,RY,1,127,layer_003_wire_006_RY,-0.003932681903622557,0.003932681903622557,False
random_bp,expectation_value,same_entangling_gate_count,pm_12q_bp_sweep,hea,RX_RY_RZ_CNOT,none,linear,cnot,local,12,4,4,44,44,11,13,1,3,6,RZ,2,128,layer_003_wire_006_RZ,-4.2465960709482815e-18,4.2465960709482815e-18,True
random_bp,expectation_value,same_entangling_gate_count,pm_12q_bp_sweep,hea,RX_RY_RZ_CNOT,none,linear,cnot,local,12,4,4,44,44,11,13,1,3,7,RX,0,129,layer_003_wire_007_RX,-0.0013812776590816636,0.0013812776590816636,False
random_bp,expectation_value,same_entangling_gate_count,pm_12q_bp_sweep,hea,RX_RY_RZ_CNOT,none,linear,cnot,local,12,4,4,44,44,11,13,1,3,7,RY,1,130,layer_003_wire_007_RY,-0.0026729626807022447,0.0026729626807022447,False
random_bp,expectation_value,same_entangling_gate_count,pm_12q_bp_sweep,hea,RX_RY_RZ_CNOT,none,linear,cnot,local,12,4,4,44,44,11,13,1,3,7,RZ,2,131,layer_003_wire_007_RZ,-9.40019178026333e-19,9.40019178026333e-19,True
random_bp,expectation_value,same_entangling_gate_count,pm_12q_bp_sweep,hea,RX_RY_RZ_CNOT,none,linear,cnot,local,12,4,4,44,44,11,13,1,3,8,RX,0,132,layer_003_wire_008_RX,0.0006032938515326939,0.0006032938515326939,False
random_bp,expectation_value,same_entangling_gate_count,pm_12q_bp_sweep,hea,RX_RY_RZ_CNOT,none,linear,cnot,local,12,4,4,44,44,11,13,1,3,8,RY,1,133,layer_003_wire_008_RY,-0.0053188822012442865,0.0053188822012442865,False
random_bp,expectation_value,same_entangling_gate_count,pm_12q_bp_sweep,hea,RX_RY_RZ_CNOT,none,linear,cnot,local,12,4,4,44,44,11,13,1,3,8,RZ,2,134,layer_003_wire_008_RZ,-4.480417692049483e-18,4.480417692049483e-18,True
random_bp,expectation_value,same_entangling_gate_count,pm_12q_bp_sweep,hea,RX_RY_RZ_CNOT,none,linear,cnot,local,12,4,4,44,44,11,13,1,3,9,RX,0,135,layer_003_wire_009_RX,-0.003174488691933002,0.003174488691933002,False
random_bp,expectation_value,same_entangling_gate_count,pm_12q_bp_sweep,hea,RX_RY_RZ_CNOT,none,linear,cnot,local,12,4,4,44,44,11,13,1,3,9,RY,1,136,layer_003_wire_009_RY,0.00031648604244515627,0.00031648604244515627,False
random_bp,expectation_value,same_entangling_gate_count,pm_12q_bp_sweep,hea,RX_RY_RZ_CNOT,none,linear,cnot,local,12,4,4,44,44,11,13,1,3,9,RZ,2,137,layer_003_wire_009_RZ,6.06447461965457e-18,6.06447461965457e-18,True
random_bp,expectation_value,same_entangling_gate_count,pm_12q_bp_sweep,hea,RX_RY_RZ_CNOT,none,linear,cnot,local,12,4,4,44,44,11,13,1,3,10,RX,0,138,layer_003_wire_010_RX,-0.0007250383430756641,0.0007250383430756641,False
random_bp,expectation_value,same_entangling_gate_count,pm_12q_bp_sweep,hea,RX_RY_RZ_CNOT,none,linear,cnot,local,12,4,4,44,44,11,13,1,3,10,RY,1,139,layer_003_wire_010_RY,-0.003210352292558928,0.003210352292558928,False
random_bp,expectation_value,same_entangling_gate_count,pm_12q_bp_sweep,hea,RX_RY_RZ_CNOT,none,linear,cnot,local,12,4,4,44,44,11,13,1,3,10,RZ,2,140,layer_003_wire_010_RZ,-3.767841495771826e-18,3.767841495771826e-18,True
random_bp,expectation_value,same_entangling_gate_count,pm_12q_bp_sweep,hea,RX_RY_RZ_CNOT,none,linear,cnot,local,12,4,4,44,44,11,13,1,3,11,RX,0,141,layer_003_wire_011_RX,0.00017139741468093103,0.00017139741468093103,False
random_bp,expectation_value,same_entangling_gate_count,pm_12q_bp_sweep,hea,RX_RY_RZ_CNOT,none,linear,cnot,local,12,4,4,44,44,11,13,1,3,11,RY,1,142,layer_003_wire_011_RY,0.001135334322524312,0.001135334322524312,False
random_bp,expectation_value,same_entangling_gate_count,pm_12q_bp_sweep,hea,RX_RY_RZ_CNOT,none,linear,cnot,local,12,4,4,44,44,11,13,1,3,11,RZ,2,143,layer_003_wire_011_RZ,-1.9695772406626422e-17,1.9695772406626422e-17,True
random_bp,expectation_value,same_entangling_gate_count,pm_12q_bp_sweep,hea,RX_RY_RZ_CNOT,none,linear,cnot,local,12,4,4,44,44,11,14,2,0,0,RX,0,0,layer_000_wire_000_RX,-0.0023939386341704206,0.0023939386341704206,False
random_bp,expectation_value,same_entangling_gate_count,pm_12q_bp_sweep,hea,RX_RY_RZ_CNOT,none,linear,cnot,local,12,4,4,44,44,11,14,2,0,0,RY,1,1,layer_000_wire_000_RY,0.0010579964551926534,0.0010579964551926534,False
random_bp,expectation_value,same_entangling_gate_count,pm_12q_bp_sweep,hea,RX_RY_RZ_CNOT,none,linear,cnot,local,12,4,4,44,44,11,14,2,0,0,RZ,2,2,layer_000_wire_000_RZ,-0.006626012409714226,0.006626012409714226,False
random_bp,expectation_value,same_entangling_gate_count,pm_12q_bp_sweep,hea,RX_RY_RZ_CNOT,none,linear,cnot,local,12,4,4,44,44,11,14,2,0,1,RX,0,3,layer_000_wire_001_RX,-0.027439382614188323,0.027439382614188323,False
random_bp,expectation_value,same_entangling_gate_count,pm_12q_bp_sweep,hea,RX_RY_RZ_CNOT,none,linear,cnot,local,12,4,4,44,44,11,14,2,0,1,RY,1,4,layer_000_wire_001_RY,0.0038132943277136115,0.0038132943277136115,False
random_bp,expectation_value,same_entangling_gate_count,pm_12q_bp_sweep,hea,RX_RY_RZ_CNOT,none,linear,cnot,local,12,4,4,44,44,11,14,2,0,1,RZ,2,5,layer_000_wire_001_RZ,0.018151871645734608,0.018151871645734608,False
random_bp,expectation_value,same_entangling_gate_count,pm_12q_bp_sweep,hea,RX_RY_RZ_CNOT,none,linear,cnot,local,12,4,4,44,44,11,14,2,0,2,RX,0,6,layer_000_wire_002_RX,-0.0025799397399840205,0.0025799397399840205,False
random_bp,expectation_value,same_entangling_gate_count,pm_12q_bp_sweep,hea,RX_RY_RZ_CNOT,none,linear,cnot,local,12,4,4,44,44,11,14,2,0,2,RY,1,7,layer_000_wire_002_RY,-0.009074616586793949,0.009074616586793949,False
random_bp,expectation_value,same_entangling_gate_count,pm_12q_bp_sweep,hea,RX_RY_RZ_CNOT,none,linear,cnot,local,12,4,4,44,44,11,14,2,0,2,RZ,2,8,layer_000_wire_002_RZ,0.01987764222402838,0.01987764222402838,False
random_bp,expectation_value,same_entangling_gate_count,pm_12q_bp_sweep,hea,RX_RY_RZ_CNOT,none,linear,cnot,local,12,4,4,44,44,11,14,2,0,3,RX,0,9,layer_000_wire_003_RX,0.018267245178410222,0.018267245178410222,False
random_bp,expectation_value,same_entangling_gate_count,pm_12q_bp_sweep,hea,RX_RY_RZ_CNOT,none,linear,cnot,local,12,4,4,44,44,11,14,2,0,3,RY,1,10,layer_000_wire_003_RY,0.015011010872027306,0.015011010872027306,False
random_bp,expectation_value,same_entangling_gate_count,pm_12q_bp_sweep,hea,RX_RY_RZ_CNOT,none,linear,cnot,local,12,4,4,44,44,11,14,2,0,3,RZ,2,11,layer_000_wire_003_RZ,0.01414034310770558,0.01414034310770558,False
random_bp,expectation_value,same_entangling_gate_count,pm_12q_bp_sweep,hea,RX_RY_RZ_CNOT,none,linear,cnot,local,12,4,4,44,44,11,14,2,0,4,RX,0,12,layer_000_wire_004_RX,-0.015329496569859921,0.015329496569859921,False
random_bp,expectation_value,same_entangling_gate_count,pm_12q_bp_sweep,hea,RX_RY_RZ_CNOT,none,linear,cnot,local,12,4,4,44,44,11,14,2,0,4,RY,1,13,layer_000_wire_004_RY,0.007047124523038753,0.007047124523038753,False
random_bp,expectation_value,same_entangling_gate_count,pm_12q_bp_sweep,hea,RX_RY_RZ_CNOT,none,linear,cnot,local,12,4,4,44,44,11,14,2,0,4,RZ,2,14,layer_000_wire_004_RZ,0.011858799940135435,0.011858799940135435,False
random_bp,expectation_value,same_entangling_gate_count,pm_12q_bp_sweep,hea,RX_RY_RZ_CNOT,none,linear,cnot,local,12,4,4,44,44,11,14,2,0,5,RX,0,15,layer_000_wire_005_RX,-0.0017025907009163162,0.0017025907009163162,False
random_bp,expectation_value,same_entangling_gate_count,pm_12q_bp_sweep,hea,RX_RY_RZ_CNOT,none,linear,cnot,local,12,4,4,44,44,11,14,2,0,5,RY,1,16,layer_000_wire_005_RY,-0.002861992465427037,0.002861992465427037,False
random_bp,expectation_value,same_entangling_gate_count,pm_12q_bp_sweep,hea,RX_RY_RZ_CNOT,none,linear,cnot,local,12,4,4,44,44,11,14,2,0,5,RZ,2,17,layer_000_wire_005_RZ,0.003452347232513483,0.003452347232513483,False
random_bp,expectation_value,same_entangling_gate_count,pm_12q_bp_sweep,hea,RX_RY_RZ_CNOT,none,linear,cnot,local,12,4,4,44,44,11,14,2,0,6,RX,0,18,layer_000_wire_006_RX,-0.0005156010480649904,0.0005156010480649904,False
random_bp,expectation_value,same_entangling_gate_count,pm_12q_bp_sweep,hea,RX_RY_RZ_CNOT,none,linear,cnot,local,12,4,4,44,44,11,14,2,0,6,RY,1,19,layer_000_wire_006_RY,0.00037399969466256344,0.00037399969466256344,False
random_bp,expectation_value,same_entangling_gate_count,pm_12q_bp_sweep,hea,RX_RY_RZ_CNOT,none,linear,cnot,local,12,4,4,44,44,11,14,2,0,6,RZ,2,20,layer_000_wire_006_RZ,-0.000359649419204467,0.000359649419204467,False
random_bp,expectation_value,same_entangling_gate_count,pm_12q_bp_sweep,hea,RX_RY_RZ_CNOT,none,linear,cnot,local,12,4,4,44,44,11,14,2,0,7,RX,0,21,layer_000_wire_007_RX,-0.0031407745138111597,0.0031407745138111597,False
random_bp,expectation_value,same_entangling_gate_count,pm_12q_bp_sweep,hea,RX_RY_RZ_CNOT,none,linear,cnot,local,12,4,4,44,44,11,14,2,0,7,RY,1,22,layer_000_wire_007_RY,-0.00010690644407840982,0.00010690644407840982,False
random_bp,expectation_value,same_entangling_gate_count,pm_12q_bp_sweep,hea,RX_RY_RZ_CNOT,none,linear,cnot,local,12,4,4,44,44,11,14,2,0,7,RZ,2,23,layer_000_wire_007_RZ,0.0019893303795760083,0.0019893303795760083,False
random_bp,expectation_value,same_entangling_gate_count,pm_12q_bp_sweep,hea,RX_RY_RZ_CNOT,none,linear,cnot,local,12,4,4,44,44,11,14,2,0,8,RX,0,24,layer_000_wire_008_RX,-0.0048122703877732775,0.0048122703877732775,False
random_bp,expectation_value,same_entangling_gate_count,pm_12q_bp_sweep,hea,RX_RY_RZ_CNOT,none,linear,cnot,local,12,4,4,44,44,11,14,2,0,8,RY,1,25,layer_000_wire_008_RY,0.0007961681389857501,0.0007961681389857501,False
random_bp,expectation_value,same_entangling_gate_count,pm_12q_bp_sweep,hea,RX_RY_RZ_CNOT,none,linear,cnot,local,12,4,4,44,44,11,14,2,0,8,RZ,2,26,layer_000_wire_008_RZ,0.0037561402240156613,0.0037561402240156613,False
random_bp,expectation_value,same_entangling_gate_count,pm_12q_bp_sweep,hea,RX_RY_RZ_CNOT,none,linear,cnot,local,12,4,4,44,44,11,14,2,0,9,RX,0,27,layer_000_wire_009_RX,0.0014290988601962642,0.0014290988601962642,False
random_bp,expectation_value,same_entangling_gate_count,pm_12q_bp_sweep,hea,RX_RY_RZ_CNOT,none,linear,cnot,local,12,4,4,44,44,11,14,2,0,9,RY,1,28,layer_000_wire_009_RY,-0.0008778273976679618,0.0008778273976679618,False
random_bp,expectation_value,same_entangling_gate_count,pm_12q_bp_sweep,hea,RX_RY_RZ_CNOT,none,linear,cnot,local,12,4,4,44,44,11,14,2,0,9,RZ,2,29,layer_000_wire_009_RZ,0.002751531301870591,0.002751531301870591,False
random_bp,expectation_value,same_entangling_gate_count,pm_12q_bp_sweep,hea,RX_RY_RZ_CNOT,none,linear,cnot,local,12,4,4,44,44,11,14,2,0,10,RX,0,30,layer_000_wire_010_RX,0.0037828333481871616,0.0037828333481871616,False
random_bp,expectation_value,same_entangling_gate_count,pm_12q_bp_sweep,hea,RX_RY_RZ_CNOT,none,linear,cnot,local,12,4,4,44,44,11,14,2,0,10,RY,1,31,layer_000_wire_010_RY,-0.000356841942802721,0.000356841942802721,False
random_bp,expectation_value,same_entangling_gate_count,pm_12q_bp_sweep,hea,RX_RY_RZ_CNOT,none,linear,cnot,local,12,4,4,44,44,11,14,2,0,10,RZ,2,32,layer_000_wire_010_RZ,-0.00165536224744564,0.00165536224744564,False
random_bp,expectation_value,same_entangling_gate_count,pm_12q_bp_sweep,hea,RX_RY_RZ_CNOT,none,linear,cnot,local,12,4,4,44,44,11,14,2,0,11,RX,0,33,layer_000_wire_011_RX,-0.002135737063475104,0.002135737063475104,False
random_bp,expectation_value,same_entangling_gate_count,pm_12q_bp_sweep,hea,RX_RY_RZ_CNOT,none,linear,cnot,local,12,4,4,44,44,11,14,2,0,11,RY,1,34,layer_000_wire_011_RY,0.0008877533033658609,0.0008877533033658609,False
random_bp,expectation_value,same_entangling_gate_count,pm_12q_bp_sweep,hea,RX_RY_RZ_CNOT,none,linear,cnot,local,12,4,4,44,44,11,14,2,0,11,RZ,2,35,layer_000_wire_011_RZ,0.0009229558491422481,0.0009229558491422481,False
random_bp,expectation_value,same_entangling_gate_count,pm_12q_bp_sweep,hea,RX_RY_RZ_CNOT,none,linear,cnot,local,12,4,4,44,44,11,14,2,1,0,RX,0,36,layer_001_wire_000_RX,0.00605464259899392,0.00605464259899392,False
random_bp,expectation_value,same_entangling_gate_count,pm_12q_bp_sweep,hea,RX_RY_RZ_CNOT,none,linear,cnot,local,12,4,4,44,44,11,14,2,1,0,RY,1,37,layer_001_wire_000_RY,0.003168973377954359,0.003168973377954359,False
random_bp,expectation_value,same_entangling_gate_count,pm_12q_bp_sweep,hea,RX_RY_RZ_CNOT,none,linear,cnot,local,12,4,4,44,44,11,14,2,1,0,RZ,2,38,layer_001_wire_000_RZ,-0.008624735110346029,0.008624735110346029,False
random_bp,expectation_value,same_entangling_gate_count,pm_12q_bp_sweep,hea,RX_RY_RZ_CNOT,none,linear,cnot,local,12,4,4,44,44,11,14,2,1,1,RX,0,39,layer_001_wire_001_RX,0.016129248457500453,0.016129248457500453,False
random_bp,expectation_value,same_entangling_gate_count,pm_12q_bp_sweep,hea,RX_RY_RZ_CNOT,none,linear,cnot,local,12,4,4,44,44,11,14,2,1,1,RY,1,40,layer_001_wire_001_RY,0.009915875899113972,0.009915875899113972,False
random_bp,expectation_value,same_entangling_gate_count,pm_12q_bp_sweep,hea,RX_RY_RZ_CNOT,none,linear,cnot,local,12,4,4,44,44,11,14,2,1,1,RZ,2,41,layer_001_wire_001_RZ,-0.018260897884389095,0.018260897884389095,False
random_bp,expectation_value,same_entangling_gate_count,pm_12q_bp_sweep,hea,RX_RY_RZ_CNOT,none,linear,cnot,local,12,4,4,44,44,11,14,2,1,2,RX,0,42,layer_001_wire_002_RX,0.0033229568008375436,0.0033229568008375436,False
random_bp,expectation_value,same_entangling_gate_count,pm_12q_bp_sweep,hea,RX_RY_RZ_CNOT,none,linear,cnot,local,12,4,4,44,44,11,14,2,1,2,RY,1,43,layer_001_wire_002_RY,0.009808352147657294,0.009808352147657294,False
random_bp,expectation_value,same_entangling_gate_count,pm_12q_bp_sweep,hea,RX_RY_RZ_CNOT,none,linear,cnot,local,12,4,4,44,44,11,14,2,1,2,RZ,2,44,layer_001_wire_002_RZ,-0.04694671080109061,0.04694671080109061,False
random_bp,expectation_value,same_entangling_gate_count,pm_12q_bp_sweep,hea,RX_RY_RZ_CNOT,none,linear,cnot,local,12,4,4,44,44,11,14,2,1,3,RX,0,45,layer_001_wire_003_RX,0.0035938261463618762,0.0035938261463618762,False
random_bp,expectation_value,same_entangling_gate_count,pm_12q_bp_sweep,hea,RX_RY_RZ_CNOT,none,linear,cnot,local,12,4,4,44,44,11,14,2,1,3,RY,1,46,layer_001_wire_003_RY,-0.01019845518907507,0.01019845518907507,False
random_bp,expectation_value,same_entangling_gate_count,pm_12q_bp_sweep,hea,RX_RY_RZ_CNOT,none,linear,cnot,local,12,4,4,44,44,11,14,2,1,3,RZ,2,47,layer_001_wire_003_RZ,-0.013047743602841416,0.013047743602841416,False
random_bp,expectation_value,same_entangling_gate_count,pm_12q_bp_sweep,hea,RX_RY_RZ_CNOT,none,linear,cnot,local,12,4,4,44,44,11,14,2,1,4,RX,0,48,layer_001_wire_004_RX,-0.004128780873207126,0.004128780873207126,False
random_bp,expectation_value,same_entangling_gate_count,pm_12q_bp_sweep,hea,RX_RY_RZ_CNOT,none,linear,cnot,local,12,4,4,44,44,11,14,2,1,4,RY,1,49,layer_001_wire_004_RY,0.00041846778937704035,0.00041846778937704035,False
random_bp,expectation_value,same_entangling_gate_count,pm_12q_bp_sweep,hea,RX_RY_RZ_CNOT,none,linear,cnot,local,12,4,4,44,44,11,14,2,1,4,RZ,2,50,layer_001_wire_004_RZ,-0.014673800099154036,0.014673800099154036,False
random_bp,expectation_value,same_entangling_gate_count,pm_12q_bp_sweep,hea,RX_RY_RZ_CNOT,none,linear,cnot,local,12,4,4,44,44,11,14,2,1,5,RX,0,51,layer_001_wire_005_RX,0.00016956606810507573,0.00016956606810507573,False
random_bp,expectation_value,same_entangling_gate_count,pm_12q_bp_sweep,hea,RX_RY_RZ_CNOT,none,linear,cnot,local,12,4,4,44,44,11,14,2,1,5,RY,1,52,layer_001_wire_005_RY,-0.000350903209235321,0.000350903209235321,False
random_bp,expectation_value,same_entangling_gate_count,pm_12q_bp_sweep,hea,RX_RY_RZ_CNOT,none,linear,cnot,local,12,4,4,44,44,11,14,2,1,5,RZ,2,53,layer_001_wire_005_RZ,0.000670096986309851,0.000670096986309851,False
random_bp,expectation_value,same_entangling_gate_count,pm_12q_bp_sweep,hea,RX_RY_RZ_CNOT,none,linear,cnot,local,12,4,4,44,44,11,14,2,1,6,RX,0,54,layer_001_wire_006_RX,0.009227796603506064,0.009227796603506064,False
random_bp,expectation_value,same_entangling_gate_count,pm_12q_bp_sweep,hea,RX_RY_RZ_CNOT,none,linear,cnot,local,12,4,4,44,44,11,14,2,1,6,RY,1,55,layer_001_wire_006_RY,-0.002965984365617462,0.002965984365617462,False
random_bp,expectation_value,same_entangling_gate_count,pm_12q_bp_sweep,hea,RX_RY_RZ_CNOT,none,linear,cnot,local,12,4,4,44,44,11,14,2,1,6,RZ,2,56,layer_001_wire_006_RZ,-0.0057110173676528705,0.0057110173676528705,False
random_bp,expectation_value,same_entangling_gate_count,pm_12q_bp_sweep,hea,RX_RY_RZ_CNOT,none,linear,cnot,local,12,4,4,44,44,11,14,2,1,7,RX,0,57,layer_001_wire_007_RX,-0.0003432823952380284,0.0003432823952380284,False
random_bp,expectation_value,same_entangling_gate_count,pm_12q_bp_sweep,hea,RX_RY_RZ_CNOT,none,linear,cnot,local,12,4,4,44,44,11,14,2,1,7,RY,1,58,layer_001_wire_007_RY,0.0018109745671527865,0.0018109745671527865,False
random_bp,expectation_value,same_entangling_gate_count,pm_12q_bp_sweep,hea,RX_RY_RZ_CNOT,none,linear,cnot,local,12,4,4,44,44,11,14,2,1,7,RZ,2,59,layer_001_wire_007_RZ,-0.0006015791337930286,0.0006015791337930286,False
random_bp,expectation_value,same_entangling_gate_count,pm_12q_bp_sweep,hea,RX_RY_RZ_CNOT,none,linear,cnot,local,12,4,4,44,44,11,14,2,1,8,RX,0,60,layer_001_wire_008_RX,0.00039050538261942245,0.00039050538261942245,False
random_bp,expectation_value,same_entangling_gate_count,pm_12q_bp_sweep,hea,RX_RY_RZ_CNOT,none,linear,cnot,local,12,4,4,44,44,11,14,2,1,8,RY,1,61,layer_001_wire_008_RY,0.0028721428695538177,0.0028721428695538177,False
random_bp,expectation_value,same_entangling_gate_count,pm_12q_bp_sweep,hea,RX_RY_RZ_CNOT,none,linear,cnot,local,12,4,4,44,44,11,14,2,1,8,RZ,2,62,layer_001_wire_008_RZ,0.0008953240058726946,0.0008953240058726946,False
random_bp,expectation_value,same_entangling_gate_count,pm_12q_bp_sweep,hea,RX_RY_RZ_CNOT,none,linear,cnot,local,12,4,4,44,44,11,14,2,1,9,RX,0,63,layer_001_wire_009_RX,0.0015925050068098874,0.0015925050068098874,False
random_bp,expectation_value,same_entangling_gate_count,pm_12q_bp_sweep,hea,RX_RY_RZ_CNOT,none,linear,cnot,local,12,4,4,44,44,11,14,2,1,9,RY,1,64,layer_001_wire_009_RY,0.0005353110002601085,0.0005353110002601085,False
random_bp,expectation_value,same_entangling_gate_count,pm_12q_bp_sweep,hea,RX_RY_RZ_CNOT,none,linear,cnot,local,12,4,4,44,44,11,14,2,1,9,RZ,2,65,layer_001_wire_009_RZ,-0.002914303331268196,0.002914303331268196,False
random_bp,expectation_value,same_entangling_gate_count,pm_12q_bp_sweep,hea,RX_RY_RZ_CNOT,none,linear,cnot,local,12,4,4,44,44,11,14,2,1,10,RX,0,66,layer_001_wire_010_RX,0.0026221632828642653,0.0026221632828642653,False
random_bp,expectation_value,same_entangling_gate_count,pm_12q_bp_sweep,hea,RX_RY_RZ_CNOT,none,linear,cnot,local,12,4,4,44,44,11,14,2,1,10,RY,1,67,layer_001_wire_010_RY,-0.003435693435563332,0.003435693435563332,False
random_bp,expectation_value,same_entangling_gate_count,pm_12q_bp_sweep,hea,RX_RY_RZ_CNOT,none,linear,cnot,local,12,4,4,44,44,11,14,2,1,10,RZ,2,68,layer_001_wire_010_RZ,-0.00012445182276352228,0.00012445182276352228,False
random_bp,expectation_value,same_entangling_gate_count,pm_12q_bp_sweep,hea,RX_RY_RZ_CNOT,none,linear,cnot,local,12,4,4,44,44,11,14,2,1,11,RX,0,69,layer_001_wire_011_RX,-0.001412532095536169,0.001412532095536169,False
random_bp,expectation_value,same_entangling_gate_count,pm_12q_bp_sweep,hea,RX_RY_RZ_CNOT,none,linear,cnot,local,12,4,4,44,44,11,14,2,1,11,RY,1,70,layer_001_wire_011_RY,-0.0002236081493213748,0.0002236081493213748,False
random_bp,expectation_value,same_entangling_gate_count,pm_12q_bp_sweep,hea,RX_RY_RZ_CNOT,none,linear,cnot,local,12,4,4,44,44,11,14,2,1,11,RZ,2,71,layer_001_wire_011_RZ,0.0002947882241561597,0.0002947882241561597,False
random_bp,expectation_value,same_entangling_gate_count,pm_12q_bp_sweep,hea,RX_RY_RZ_CNOT,none,linear,cnot,local,12,4,4,44,44,11,14,2,2,0,RX,0,72,layer_002_wire_000_RX,0.0007766822833568587,0.0007766822833568587,False
random_bp,expectation_value,same_entangling_gate_count,pm_12q_bp_sweep,hea,RX_RY_RZ_CNOT,none,linear,cnot,local,12,4,4,44,44,11,14,2,2,0,RY,1,73,layer_002_wire_000_RY,0.008572813893150276,0.008572813893150276,False
random_bp,expectation_value,same_entangling_gate_count,pm_12q_bp_sweep,hea,RX_RY_RZ_CNOT,none,linear,cnot,local,12,4,4,44,44,11,14,2,2,0,RZ,2,74,layer_002_wire_000_RZ,0.01825606001001636,0.01825606001001636,False
random_bp,expectation_value,same_entangling_gate_count,pm_12q_bp_sweep,hea,RX_RY_RZ_CNOT,none,linear,cnot,local,12,4,4,44,44,11,14,2,2,1,RX,0,75,layer_002_wire_001_RX,0.0013509937196634625,0.0013509937196634625,False
random_bp,expectation_value,same_entangling_gate_count,pm_12q_bp_sweep,hea,RX_RY_RZ_CNOT,none,linear,cnot,local,12,4,4,44,44,11,14,2,2,1,RY,1,76,layer_002_wire_001_RY,0.011980687393249765,0.011980687393249765,False
random_bp,expectation_value,same_entangling_gate_count,pm_12q_bp_sweep,hea,RX_RY_RZ_CNOT,none,linear,cnot,local,12,4,4,44,44,11,14,2,2,1,RZ,2,77,layer_002_wire_001_RZ,0.008004152783561567,0.008004152783561567,False
random_bp,expectation_value,same_entangling_gate_count,pm_12q_bp_sweep,hea,RX_RY_RZ_CNOT,none,linear,cnot,local,12,4,4,44,44,11,14,2,2,2,RX,0,78,layer_002_wire_002_RX,-0.0047588736907035805,0.0047588736907035805,False
random_bp,expectation_value,same_entangling_gate_count,pm_12q_bp_sweep,hea,RX_RY_RZ_CNOT,none,linear,cnot,local,12,4,4,44,44,11,14,2,2,2,RY,1,79,layer_002_wire_002_RY,-0.0036141009776291286,0.0036141009776291286,False
random_bp,expectation_value,same_entangling_gate_count,pm_12q_bp_sweep,hea,RX_RY_RZ_CNOT,none,linear,cnot,local,12,4,4,44,44,11,14,2,2,2,RZ,2,80,layer_002_wire_002_RZ,0.015615330605671319,0.015615330605671319,False
random_bp,expectation_value,same_entangling_gate_count,pm_12q_bp_sweep,hea,RX_RY_RZ_CNOT,none,linear,cnot,local,12,4,4,44,44,11,14,2,2,3,RX,0,81,layer_002_wire_003_RX,0.006354639646625178,0.006354639646625178,False
random_bp,expectation_value,same_entangling_gate_count,pm_12q_bp_sweep,hea,RX_RY_RZ_CNOT,none,linear,cnot,local,12,4,4,44,44,11,14,2,2,3,RY,1,82,layer_002_wire_003_RY,0.0011349064185265014,0.0011349064185265014,False
random_bp,expectation_value,same_entangling_gate_count,pm_12q_bp_sweep,hea,RX_RY_RZ_CNOT,none,linear,cnot,local,12,4,4,44,44,11,14,2,2,3,RZ,2,83,layer_002_wire_003_RZ,0.00244071723297388,0.00244071723297388,False
random_bp,expectation_value,same_entangling_gate_count,pm_12q_bp_sweep,hea,RX_RY_RZ_CNOT,none,linear,cnot,local,12,4,4,44,44,11,14,2,2,4,RX,0,84,layer_002_wire_004_RX,-0.00213963176985645,0.00213963176985645,False
random_bp,expectation_value,same_entangling_gate_count,pm_12q_bp_sweep,hea,RX_RY_RZ_CNOT,none,linear,cnot,local,12,4,4,44,44,11,14,2,2,4,RY,1,85,layer_002_wire_004_RY,-0.002139542777082037,0.002139542777082037,False
random_bp,expectation_value,same_entangling_gate_count,pm_12q_bp_sweep,hea,RX_RY_RZ_CNOT,none,linear,cnot,local,12,4,4,44,44,11,14,2,2,4,RZ,2,86,layer_002_wire_004_RZ,0.00046134905404261994,0.00046134905404261994,False
random_bp,expectation_value,same_entangling_gate_count,pm_12q_bp_sweep,hea,RX_RY_RZ_CNOT,none,linear,cnot,local,12,4,4,44,44,11,14,2,2,5,RX,0,87,layer_002_wire_005_RX,0.001153267040307564,0.001153267040307564,False
random_bp,expectation_value,same_entangling_gate_count,pm_12q_bp_sweep,hea,RX_RY_RZ_CNOT,none,linear,cnot,local,12,4,4,44,44,11,14,2,2,5,RY,1,88,layer_002_wire_005_RY,-0.00960465739031512,0.00960465739031512,False
random_bp,expectation_value,same_entangling_gate_count,pm_12q_bp_sweep,hea,RX_RY_RZ_CNOT,none,linear,cnot,local,12,4,4,44,44,11,14,2,2,5,RZ,2,89,layer_002_wire_005_RZ,0.005583632196200792,0.005583632196200792,False
random_bp,expectation_value,same_entangling_gate_count,pm_12q_bp_sweep,hea,RX_RY_RZ_CNOT,none,linear,cnot,local,12,4,4,44,44,11,14,2,2,6,RX,0,90,layer_002_wire_006_RX,0.0037393269265965676,0.0037393269265965676,False
random_bp,expectation_value,same_entangling_gate_count,pm_12q_bp_sweep,hea,RX_RY_RZ_CNOT,none,linear,cnot,local,12,4,4,44,44,11,14,2,2,6,RY,1,91,layer_002_wire_006_RY,-0.004225197365949319,0.004225197365949319,False
random_bp,expectation_value,same_entangling_gate_count,pm_12q_bp_sweep,hea,RX_RY_RZ_CNOT,none,linear,cnot,local,12,4,4,44,44,11,14,2,2,6,RZ,2,92,layer_002_wire_006_RZ,0.0029807080160921063,0.0029807080160921063,False
random_bp,expectation_value,same_entangling_gate_count,pm_12q_bp_sweep,hea,RX_RY_RZ_CNOT,none,linear,cnot,local,12,4,4,44,44,11,14,2,2,7,RX,0,93,layer_002_wire_007_RX,0.0007551608740593229,0.0007551608740593229,False
random_bp,expectation_value,same_entangling_gate_count,pm_12q_bp_sweep,hea,RX_RY_RZ_CNOT,none,linear,cnot,local,12,4,4,44,44,11,14,2,2,7,RY,1,94,layer_002_wire_007_RY,0.001967790378744057,0.001967790378744057,False
random_bp,expectation_value,same_entangling_gate_count,pm_12q_bp_sweep,hea,RX_RY_RZ_CNOT,none,linear,cnot,local,12,4,4,44,44,11,14,2,2,7,RZ,2,95,layer_002_wire_007_RZ,0.0015855734372008548,0.0015855734372008548,False
random_bp,expectation_value,same_entangling_gate_count,pm_12q_bp_sweep,hea,RX_RY_RZ_CNOT,none,linear,cnot,local,12,4,4,44,44,11,14,2,2,8,RX,0,96,layer_002_wire_008_RX,0.00023505484566456241,0.00023505484566456241,False
random_bp,expectation_value,same_entangling_gate_count,pm_12q_bp_sweep,hea,RX_RY_RZ_CNOT,none,linear,cnot,local,12,4,4,44,44,11,14,2,2,8,RY,1,97,layer_002_wire_008_RY,-0.00196285242146101,0.00196285242146101,False
random_bp,expectation_value,same_entangling_gate_count,pm_12q_bp_sweep,hea,RX_RY_RZ_CNOT,none,linear,cnot,local,12,4,4,44,44,11,14,2,2,8,RZ,2,98,layer_002_wire_008_RZ,-0.001103009360359304,0.001103009360359304,False
random_bp,expectation_value,same_entangling_gate_count,pm_12q_bp_sweep,hea,RX_RY_RZ_CNOT,none,linear,cnot,local,12,4,4,44,44,11,14,2,2,9,RX,0,99,layer_002_wire_009_RX,-8.588307550007248e-05,8.588307550007248e-05,False
random_bp,expectation_value,same_entangling_gate_count,pm_12q_bp_sweep,hea,RX_RY_RZ_CNOT,none,linear,cnot,local,12,4,4,44,44,11,14,2,2,9,RY,1,100,layer_002_wire_009_RY,-0.0001748768341407849,0.0001748768341407849,False
random_bp,expectation_value,same_entangling_gate_count,pm_12q_bp_sweep,hea,RX_RY_RZ_CNOT,none,linear,cnot,local,12,4,4,44,44,11,14,2,2,9,RZ,2,101,layer_002_wire_009_RZ,-0.0015146892890922688,0.0015146892890922688,False
random_bp,expectation_value,same_entangling_gate_count,pm_12q_bp_sweep,hea,RX_RY_RZ_CNOT,none,linear,cnot,local,12,4,4,44,44,11,14,2,2,10,RX,0,102,layer_002_wire_010_RX,0.00020680225378369053,0.00020680225378369053,False
random_bp,expectation_value,same_entangling_gate_count,pm_12q_bp_sweep,hea,RX_RY_RZ_CNOT,none,linear,cnot,local,12,4,4,44,44,11,14,2,2,10,RY,1,103,layer_002_wire_010_RY,-0.0019263569400882995,0.0019263569400882995,False
random_bp,expectation_value,same_entangling_gate_count,pm_12q_bp_sweep,hea,RX_RY_RZ_CNOT,none,linear,cnot,local,12,4,4,44,44,11,14,2,2,10,RZ,2,104,layer_002_wire_010_RZ,-0.00014124735883791538,0.00014124735883791538,False
random_bp,expectation_value,same_entangling_gate_count,pm_12q_bp_sweep,hea,RX_RY_RZ_CNOT,none,linear,cnot,local,12,4,4,44,44,11,14,2,2,11,RX,0,105,layer_002_wire_011_RX,0.0013837975930779118,0.0013837975930779118,False
random_bp,expectation_value,same_entangling_gate_count,pm_12q_bp_sweep,hea,RX_RY_RZ_CNOT,none,linear,cnot,local,12,4,4,44,44,11,14,2,2,11,RY,1,106,layer_002_wire_011_RY,-0.000533996222473446,0.000533996222473446,False
random_bp,expectation_value,same_entangling_gate_count,pm_12q_bp_sweep,hea,RX_RY_RZ_CNOT,none,linear,cnot,local,12,4,4,44,44,11,14,2,2,11,RZ,2,107,layer_002_wire_011_RZ,-0.0014602187783004552,0.0014602187783004552,False
random_bp,expectation_value,same_entangling_gate_count,pm_12q_bp_sweep,hea,RX_RY_RZ_CNOT,none,linear,cnot,local,12,4,4,44,44,11,14,2,3,0,RX,0,108,layer_003_wire_000_RX,-0.0011932501439053927,0.0011932501439053927,False
random_bp,expectation_value,same_entangling_gate_count,pm_12q_bp_sweep,hea,RX_RY_RZ_CNOT,none,linear,cnot,local,12,4,4,44,44,11,14,2,3,0,RY,1,109,layer_003_wire_000_RY,-0.025466592508100173,0.025466592508100173,False
random_bp,expectation_value,same_entangling_gate_count,pm_12q_bp_sweep,hea,RX_RY_RZ_CNOT,none,linear,cnot,local,12,4,4,44,44,11,14,2,3,0,RZ,2,110,layer_003_wire_000_RZ,2.3604480980664658e-17,2.3604480980664658e-17,True
random_bp,expectation_value,same_entangling_gate_count,pm_12q_bp_sweep,hea,RX_RY_RZ_CNOT,none,linear,cnot,local,12,4,4,44,44,11,14,2,3,1,RX,0,111,layer_003_wire_001_RX,0.016426618983239737,0.016426618983239737,False
random_bp,expectation_value,same_entangling_gate_count,pm_12q_bp_sweep,hea,RX_RY_RZ_CNOT,none,linear,cnot,local,12,4,4,44,44,11,14,2,3,1,RY,1,112,layer_003_wire_001_RY,0.01889180599901806,0.01889180599901806,False
random_bp,expectation_value,same_entangling_gate_count,pm_12q_bp_sweep,hea,RX_RY_RZ_CNOT,none,linear,cnot,local,12,4,4,44,44,11,14,2,3,1,RZ,2,113,layer_003_wire_001_RZ,-7.33098890003792e-17,7.33098890003792e-17,True
random_bp,expectation_value,same_entangling_gate_count,pm_12q_bp_sweep,hea,RX_RY_RZ_CNOT,none,linear,cnot,local,12,4,4,44,44,11,14,2,3,2,RX,0,114,layer_003_wire_002_RX,0.006925788953490454,0.006925788953490454,False
random_bp,expectation_value,same_entangling_gate_count,pm_12q_bp_sweep,hea,RX_RY_RZ_CNOT,none,linear,cnot,local,12,4,4,44,44,11,14,2,3,2,RY,1,115,layer_003_wire_002_RY,-0.005241841270979438,0.005241841270979438,False
random_bp,expectation_value,same_entangling_gate_count,pm_12q_bp_sweep,hea,RX_RY_RZ_CNOT,none,linear,cnot,local,12,4,4,44,44,11,14,2,3,2,RZ,2,116,layer_003_wire_002_RZ,-1.0652736684564785e-17,1.0652736684564785e-17,True
random_bp,expectation_value,same_entangling_gate_count,pm_12q_bp_sweep,hea,RX_RY_RZ_CNOT,none,linear,cnot,local,12,4,4,44,44,11,14,2,3,3,RX,0,117,layer_003_wire_003_RX,-0.017429415327910067,0.017429415327910067,False
random_bp,expectation_value,same_entangling_gate_count,pm_12q_bp_sweep,hea,RX_RY_RZ_CNOT,none,linear,cnot,local,12,4,4,44,44,11,14,2,3,3,RY,1,118,layer_003_wire_003_RY,-0.0038587743508469016,0.0038587743508469016,False
random_bp,expectation_value,same_entangling_gate_count,pm_12q_bp_sweep,hea,RX_RY_RZ_CNOT,none,linear,cnot,local,12,4,4,44,44,11,14,2,3,3,RZ,2,119,layer_003_wire_003_RZ,-4.030351402465848e-18,4.030351402465848e-18,True
random_bp,expectation_value,same_entangling_gate_count,pm_12q_bp_sweep,hea,RX_RY_RZ_CNOT,none,linear,cnot,local,12,4,4,44,44,11,14,2,3,4,RX,0,120,layer_003_wire_004_RX,-4.3792585536610914e-05,4.3792585536610914e-05,False
random_bp,expectation_value,same_entangling_gate_count,pm_12q_bp_sweep,hea,RX_RY_RZ_CNOT,none,linear,cnot,local,12,4,4,44,44,11,14,2,3,4,RY,1,121,layer_003_wire_004_RY,-0.012502149074073437,0.012502149074073437,False
random_bp,expectation_value,same_entangling_gate_count,pm_12q_bp_sweep,hea,RX_RY_RZ_CNOT,none,linear,cnot,local,12,4,4,44,44,11,14,2,3,4,RZ,2,122,layer_003_wire_004_RZ,1.3944746231952781e-18,1.3944746231952781e-18,True
random_bp,expectation_value,same_entangling_gate_count,pm_12q_bp_sweep,hea,RX_RY_RZ_CNOT,none,linear,cnot,local,12,4,4,44,44,11,14,2,3,5,RX,0,123,layer_003_wire_005_RX,-0.01054965231975927,0.01054965231975927,False
random_bp,expectation_value,same_entangling_gate_count,pm_12q_bp_sweep,hea,RX_RY_RZ_CNOT,none,linear,cnot,local,12,4,4,44,44,11,14,2,3,5,RY,1,124,layer_003_wire_005_RY,0.004927428227132163,0.004927428227132163,False
random_bp,expectation_value,same_entangling_gate_count,pm_12q_bp_sweep,hea,RX_RY_RZ_CNOT,none,linear,cnot,local,12,4,4,44,44,11,14,2,3,5,RZ,2,125,layer_003_wire_005_RZ,5.563130610511388e-18,5.563130610511388e-18,True
random_bp,expectation_value,same_entangling_gate_count,pm_12q_bp_sweep,hea,RX_RY_RZ_CNOT,none,linear,cnot,local,12,4,4,44,44,11,14,2,3,6,RX,0,126,layer_003_wire_006_RX,-0.004443833201234955,0.004443833201234955,False
random_bp,expectation_value,same_entangling_gate_count,pm_12q_bp_sweep,hea,RX_RY_RZ_CNOT,none,linear,cnot,local,12,4,4,44,44,11,14,2,3,6,RY,1,127,layer_003_wire_006_RY,0.00012638374698672778,0.00012638374698672778,False
random_bp,expectation_value,same_entangling_gate_count,pm_12q_bp_sweep,hea,RX_RY_RZ_CNOT,none,linear,cnot,local,12,4,4,44,44,11,14,2,3,6,RZ,2,128,layer_003_wire_006_RZ,-1.612630463427806e-19,1.612630463427806e-19,True
random_bp,expectation_value,same_entangling_gate_count,pm_12q_bp_sweep,hea,RX_RY_RZ_CNOT,none,linear,cnot,local,12,4,4,44,44,11,14,2,3,7,RX,0,129,layer_003_wire_007_RX,0.00015639290326210963,0.00015639290326210963,False
random_bp,expectation_value,same_entangling_gate_count,pm_12q_bp_sweep,hea,RX_RY_RZ_CNOT,none,linear,cnot,local,12,4,4,44,44,11,14,2,3,7,RY,1,130,layer_003_wire_007_RY,0.0011416536213135287,0.0011416536213135287,False
random_bp,expectation_value,same_entangling_gate_count,pm_12q_bp_sweep,hea,RX_RY_RZ_CNOT,none,linear,cnot,local,12,4,4,44,44,11,14,2,3,7,RZ,2,131,layer_003_wire_007_RZ,-2.5261700332794012e-18,2.5261700332794012e-18,True
random_bp,expectation_value,same_entangling_gate_count,pm_12q_bp_sweep,hea,RX_RY_RZ_CNOT,none,linear,cnot,local,12,4,4,44,44,11,14,2,3,8,RX,0,132,layer_003_wire_008_RX,0.0002972308840364982,0.0002972308840364982,False
random_bp,expectation_value,same_entangling_gate_count,pm_12q_bp_sweep,hea,RX_RY_RZ_CNOT,none,linear,cnot,local,12,4,4,44,44,11,14,2,3,8,RY,1,133,layer_003_wire_008_RY,0.0024901799029486854,0.0024901799029486854,False
random_bp,expectation_value,same_entangling_gate_count,pm_12q_bp_sweep,hea,RX_RY_RZ_CNOT,none,linear,cnot,local,12,4,4,44,44,11,14,2,3,8,RZ,2,134,layer_003_wire_008_RZ,-8.021218290814903e-18,8.021218290814903e-18,True
random_bp,expectation_value,same_entangling_gate_count,pm_12q_bp_sweep,hea,RX_RY_RZ_CNOT,none,linear,cnot,local,12,4,4,44,44,11,14,2,3,9,RX,0,135,layer_003_wire_009_RX,5.2536158403832314e-05,5.2536158403832314e-05,False
random_bp,expectation_value,same_entangling_gate_count,pm_12q_bp_sweep,hea,RX_RY_RZ_CNOT,none,linear,cnot,local,12,4,4,44,44,11,14,2,3,9,RY,1,136,layer_003_wire_009_RY,0.0012792033038734043,0.0012792033038734043,False
random_bp,expectation_value,same_entangling_gate_count,pm_12q_bp_sweep,hea,RX_RY_RZ_CNOT,none,linear,cnot,local,12,4,4,44,44,11,14,2,3,9,RZ,2,137,layer_003_wire_009_RZ,8.960121080240003e-18,8.960121080240003e-18,True
random_bp,expectation_value,same_entangling_gate_count,pm_12q_bp_sweep,hea,RX_RY_RZ_CNOT,none,linear,cnot,local,12,4,4,44,44,11,14,2,3,10,RX,0,138,layer_003_wire_010_RX,0.00023341908827813926,0.00023341908827813926,False
random_bp,expectation_value,same_entangling_gate_count,pm_12q_bp_sweep,hea,RX_RY_RZ_CNOT,none,linear,cnot,local,12,4,4,44,44,11,14,2,3,10,RY,1,139,layer_003_wire_010_RY,-0.00030736440509680427,0.00030736440509680427,False
random_bp,expectation_value,same_entangling_gate_count,pm_12q_bp_sweep,hea,RX_RY_RZ_CNOT,none,linear,cnot,local,12,4,4,44,44,11,14,2,3,10,RZ,2,140,layer_003_wire_010_RZ,3.142420741105273e-17,3.142420741105273e-17,True
random_bp,expectation_value,same_entangling_gate_count,pm_12q_bp_sweep,hea,RX_RY_RZ_CNOT,none,linear,cnot,local,12,4,4,44,44,11,14,2,3,11,RX,0,141,layer_003_wire_011_RX,7.24294967186248e-06,7.24294967186248e-06,False
random_bp,expectation_value,same_entangling_gate_count,pm_12q_bp_sweep,hea,RX_RY_RZ_CNOT,none,linear,cnot,local,12,4,4,44,44,11,14,2,3,11,RY,1,142,layer_003_wire_011_RY,0.0018353767183347928,0.0018353767183347928,False
random_bp,expectation_value,same_entangling_gate_count,pm_12q_bp_sweep,hea,RX_RY_RZ_CNOT,none,linear,cnot,local,12,4,4,44,44,11,14,2,3,11,RZ,2,143,layer_003_wire_011_RZ,-7.681454188707398e-18,7.681454188707398e-18,True
random_bp,expectation_value,same_entangling_gate_count,pm_12q_bp_sweep,hea,RX_RY_RZ_CNOT,none,linear,cnot,global,12,4,4,44,44,11,15,0,0,0,RX,0,0,layer_000_wire_000_RX,0.0026329128033040425,0.0026329128033040425,False
random_bp,expectation_value,same_entangling_gate_count,pm_12q_bp_sweep,hea,RX_RY_RZ_CNOT,none,linear,cnot,global,12,4,4,44,44,11,15,0,0,0,RY,1,1,layer_000_wire_000_RY,-0.007966322297826756,0.007966322297826756,False
random_bp,expectation_value,same_entangling_gate_count,pm_12q_bp_sweep,hea,RX_RY_RZ_CNOT,none,linear,cnot,global,12,4,4,44,44,11,15,0,0,0,RZ,2,2,layer_000_wire_000_RZ,0.001463855275602458,0.001463855275602458,False
random_bp,expectation_value,same_entangling_gate_count,pm_12q_bp_sweep,hea,RX_RY_RZ_CNOT,none,linear,cnot,global,12,4,4,44,44,11,15,0,0,1,RX,0,3,layer_000_wire_001_RX,0.06745537491006438,0.06745537491006438,False
random_bp,expectation_value,same_entangling_gate_count,pm_12q_bp_sweep,hea,RX_RY_RZ_CNOT,none,linear,cnot,global,12,4,4,44,44,11,15,0,0,1,RY,1,4,layer_000_wire_001_RY,-0.007893334670944503,0.007893334670944503,False
random_bp,expectation_value,same_entangling_gate_count,pm_12q_bp_sweep,hea,RX_RY_RZ_CNOT,none,linear,cnot,global,12,4,4,44,44,11,15,0,0,1,RZ,2,5,layer_000_wire_001_RZ,-0.06187649252326509,0.06187649252326509,False
random_bp,expectation_value,same_entangling_gate_count,pm_12q_bp_sweep,hea,RX_RY_RZ_CNOT,none,linear,cnot,global,12,4,4,44,44,11,15,0,0,2,RX,0,6,layer_000_wire_002_RX,-0.012828101827557956,0.012828101827557956,False
random_bp,expectation_value,same_entangling_gate_count,pm_12q_bp_sweep,hea,RX_RY_RZ_CNOT,none,linear,cnot,global,12,4,4,44,44,11,15,0,0,2,RY,1,7,layer_000_wire_002_RY,-0.002173477914870336,0.002173477914870336,False
random_bp,expectation_value,same_entangling_gate_count,pm_12q_bp_sweep,hea,RX_RY_RZ_CNOT,none,linear,cnot,global,12,4,4,44,44,11,15,0,0,2,RZ,2,8,layer_000_wire_002_RZ,0.012500573382795692,0.012500573382795692,False
random_bp,expectation_value,same_entangling_gate_count,pm_12q_bp_sweep,hea,RX_RY_RZ_CNOT,none,linear,cnot,global,12,4,4,44,44,11,15,0,0,3,RX,0,9,layer_000_wire_003_RX,-0.014388863605951674,0.014388863605951674,False
random_bp,expectation_value,same_entangling_gate_count,pm_12q_bp_sweep,hea,RX_RY_RZ_CNOT,none,linear,cnot,global,12,4,4,44,44,11,15,0,0,3,RY,1,10,layer_000_wire_003_RY,0.010142228554889337,0.010142228554889337,False
random_bp,expectation_value,same_entangling_gate_count,pm_12q_bp_sweep,hea,RX_RY_RZ_CNOT,none,linear,cnot,global,12,4,4,44,44,11,15,0,0,3,RZ,2,11,layer_000_wire_003_RZ,0.014937039496509702,0.014937039496509702,False
random_bp,expectation_value,same_entangling_gate_count,pm_12q_bp_sweep,hea,RX_RY_RZ_CNOT,none,linear,cnot,global,12,4,4,44,44,11,15,0,0,4,RX,0,12,layer_000_wire_004_RX,0.015063344878068595,0.015063344878068595,False
random_bp,expectation_value,same_entangling_gate_count,pm_12q_bp_sweep,hea,RX_RY_RZ_CNOT,none,linear,cnot,global,12,4,4,44,44,11,15,0,0,4,RY,1,13,layer_000_wire_004_RY,0.035626034244447526,0.035626034244447526,False
random_bp,expectation_value,same_entangling_gate_count,pm_12q_bp_sweep,hea,RX_RY_RZ_CNOT,none,linear,cnot,global,12,4,4,44,44,11,15,0,0,4,RZ,2,14,layer_000_wire_004_RZ,0.0466909362780622,0.0466909362780622,False
random_bp,expectation_value,same_entangling_gate_count,pm_12q_bp_sweep,hea,RX_RY_RZ_CNOT,none,linear,cnot,global,12,4,4,44,44,11,15,0,0,5,RX,0,15,layer_000_wire_005_RX,0.013280571861241052,0.013280571861241052,False
random_bp,expectation_value,same_entangling_gate_count,pm_12q_bp_sweep,hea,RX_RY_RZ_CNOT,none,linear,cnot,global,12,4,4,44,44,11,15,0,0,5,RY,1,16,layer_000_wire_005_RY,-0.0037384085863881276,0.0037384085863881276,False
random_bp,expectation_value,same_entangling_gate_count,pm_12q_bp_sweep,hea,RX_RY_RZ_CNOT,none,linear,cnot,global,12,4,4,44,44,11,15,0,0,5,RZ,2,17,layer_000_wire_005_RZ,-0.005223794161134118,0.005223794161134118,False
random_bp,expectation_value,same_entangling_gate_count,pm_12q_bp_sweep,hea,RX_RY_RZ_CNOT,none,linear,cnot,global,12,4,4,44,44,11,15,0,0,6,RX,0,18,layer_000_wire_006_RX,-0.004856839849780779,0.004856839849780779,False
random_bp,expectation_value,same_entangling_gate_count,pm_12q_bp_sweep,hea,RX_RY_RZ_CNOT,none,linear,cnot,global,12,4,4,44,44,11,15,0,0,6,RY,1,19,layer_000_wire_006_RY,0.00423714799499616,0.00423714799499616,False
random_bp,expectation_value,same_entangling_gate_count,pm_12q_bp_sweep,hea,RX_RY_RZ_CNOT,none,linear,cnot,global,12,4,4,44,44,11,15,0,0,6,RZ,2,20,layer_000_wire_006_RZ,-0.013871044131123701,0.013871044131123701,False
random_bp,expectation_value,same_entangling_gate_count,pm_12q_bp_sweep,hea,RX_RY_RZ_CNOT,none,linear,cnot,global,12,4,4,44,44,11,15,0,0,7,RX,0,21,layer_000_wire_007_RX,-0.008570312605910546,0.008570312605910546,False
random_bp,expectation_value,same_entangling_gate_count,pm_12q_bp_sweep,hea,RX_RY_RZ_CNOT,none,linear,cnot,global,12,4,4,44,44,11,15,0,0,7,RY,1,22,layer_000_wire_007_RY,-0.01125429680210578,0.01125429680210578,False
random_bp,expectation_value,same_entangling_gate_count,pm_12q_bp_sweep,hea,RX_RY_RZ_CNOT,none,linear,cnot,global,12,4,4,44,44,11,15,0,0,7,RZ,2,23,layer_000_wire_007_RZ,0.002191564344791221,0.002191564344791221,False
random_bp,expectation_value,same_entangling_gate_count,pm_12q_bp_sweep,hea,RX_RY_RZ_CNOT,none,linear,cnot,global,12,4,4,44,44,11,15,0,0,8,RX,0,24,layer_000_wire_008_RX,0.014180031576892519,0.014180031576892519,False
random_bp,expectation_value,same_entangling_gate_count,pm_12q_bp_sweep,hea,RX_RY_RZ_CNOT,none,linear,cnot,global,12,4,4,44,44,11,15,0,0,8,RY,1,25,layer_000_wire_008_RY,0.0004778483678475661,0.0004778483678475661,False
random_bp,expectation_value,same_entangling_gate_count,pm_12q_bp_sweep,hea,RX_RY_RZ_CNOT,none,linear,cnot,global,12,4,4,44,44,11,15,0,0,8,RZ,2,26,layer_000_wire_008_RZ,0.009780694104756665,0.009780694104756665,False
random_bp,expectation_value,same_entangling_gate_count,pm_12q_bp_sweep,hea,RX_RY_RZ_CNOT,none,linear,cnot,global,12,4,4,44,44,11,15,0,0,9,RX,0,27,layer_000_wire_009_RX,-0.010256092050537374,0.010256092050537374,False
random_bp,expectation_value,same_entangling_gate_count,pm_12q_bp_sweep,hea,RX_RY_RZ_CNOT,none,linear,cnot,global,12,4,4,44,44,11,15,0,0,9,RY,1,28,layer_000_wire_009_RY,0.003091486384508648,0.003091486384508648,False
random_bp,expectation_value,same_entangling_gate_count,pm_12q_bp_sweep,hea,RX_RY_RZ_CNOT,none,linear,cnot,global,12,4,4,44,44,11,15,0,0,9,RZ,2,29,layer_000_wire_009_RZ,0.009279000364735765,0.009279000364735765,False
random_bp,expectation_value,same_entangling_gate_count,pm_12q_bp_sweep,hea,RX_RY_RZ_CNOT,none,linear,cnot,global,12,4,4,44,44,11,15,0,0,10,RX,0,30,layer_000_wire_010_RX,-0.010226117802577225,0.010226117802577225,False
random_bp,expectation_value,same_entangling_gate_count,pm_12q_bp_sweep,hea,RX_RY_RZ_CNOT,none,linear,cnot,global,12,4,4,44,44,11,15,0,0,10,RY,1,31,layer_000_wire_010_RY,-0.0020546752823750007,0.0020546752823750007,False
random_bp,expectation_value,same_entangling_gate_count,pm_12q_bp_sweep,hea,RX_RY_RZ_CNOT,none,linear,cnot,global,12,4,4,44,44,11,15,0,0,10,RZ,2,32,layer_000_wire_010_RZ,-0.010437054244480139,0.010437054244480139,False
random_bp,expectation_value,same_entangling_gate_count,pm_12q_bp_sweep,hea,RX_RY_RZ_CNOT,none,linear,cnot,global,12,4,4,44,44,11,15,0,0,11,RX,0,33,layer_000_wire_011_RX,0.009014985087925182,0.009014985087925182,False
random_bp,expectation_value,same_entangling_gate_count,pm_12q_bp_sweep,hea,RX_RY_RZ_CNOT,none,linear,cnot,global,12,4,4,44,44,11,15,0,0,11,RY,1,34,layer_000_wire_011_RY,-0.002912352029329222,0.002912352029329222,False
random_bp,expectation_value,same_entangling_gate_count,pm_12q_bp_sweep,hea,RX_RY_RZ_CNOT,none,linear,cnot,global,12,4,4,44,44,11,15,0,0,11,RZ,2,35,layer_000_wire_011_RZ,-0.017309185292472214,0.017309185292472214,False
random_bp,expectation_value,same_entangling_gate_count,pm_12q_bp_sweep,hea,RX_RY_RZ_CNOT,none,linear,cnot,global,12,4,4,44,44,11,15,0,1,0,RX,0,36,layer_001_wire_000_RX,0.023933737158056665,0.023933737158056665,False
random_bp,expectation_value,same_entangling_gate_count,pm_12q_bp_sweep,hea,RX_RY_RZ_CNOT,none,linear,cnot,global,12,4,4,44,44,11,15,0,1,0,RY,1,37,layer_001_wire_000_RY,0.016001576388969638,0.016001576388969638,False
random_bp,expectation_value,same_entangling_gate_count,pm_12q_bp_sweep,hea,RX_RY_RZ_CNOT,none,linear,cnot,global,12,4,4,44,44,11,15,0,1,0,RZ,2,38,layer_001_wire_000_RZ,-0.015347305698750684,0.015347305698750684,False
random_bp,expectation_value,same_entangling_gate_count,pm_12q_bp_sweep,hea,RX_RY_RZ_CNOT,none,linear,cnot,global,12,4,4,44,44,11,15,0,1,1,RX,0,39,layer_001_wire_001_RX,0.03186634740709319,0.03186634740709319,False
random_bp,expectation_value,same_entangling_gate_count,pm_12q_bp_sweep,hea,RX_RY_RZ_CNOT,none,linear,cnot,global,12,4,4,44,44,11,15,0,1,1,RY,1,40,layer_001_wire_001_RY,0.03133838831312321,0.03133838831312321,False
random_bp,expectation_value,same_entangling_gate_count,pm_12q_bp_sweep,hea,RX_RY_RZ_CNOT,none,linear,cnot,global,12,4,4,44,44,11,15,0,1,1,RZ,2,41,layer_001_wire_001_RZ,-0.03693322381536329,0.03693322381536329,False
random_bp,expectation_value,same_entangling_gate_count,pm_12q_bp_sweep,hea,RX_RY_RZ_CNOT,none,linear,cnot,global,12,4,4,44,44,11,15,0,1,2,RX,0,42,layer_001_wire_002_RX,-0.005337604185676092,0.005337604185676092,False
random_bp,expectation_value,same_entangling_gate_count,pm_12q_bp_sweep,hea,RX_RY_RZ_CNOT,none,linear,cnot,global,12,4,4,44,44,11,15,0,1,2,RY,1,43,layer_001_wire_002_RY,0.0014753909700568994,0.0014753909700568994,False
random_bp,expectation_value,same_entangling_gate_count,pm_12q_bp_sweep,hea,RX_RY_RZ_CNOT,none,linear,cnot,global,12,4,4,44,44,11,15,0,1,2,RZ,2,44,layer_001_wire_002_RZ,0.012124463713459092,0.012124463713459092,False
random_bp,expectation_value,same_entangling_gate_count,pm_12q_bp_sweep,hea,RX_RY_RZ_CNOT,none,linear,cnot,global,12,4,4,44,44,11,15,0,1,3,RX,0,45,layer_001_wire_003_RX,-0.03484640121138005,0.03484640121138005,False
random_bp,expectation_value,same_entangling_gate_count,pm_12q_bp_sweep,hea,RX_RY_RZ_CNOT,none,linear,cnot,global,12,4,4,44,44,11,15,0,1,3,RY,1,46,layer_001_wire_003_RY,0.0108753074151124,0.0108753074151124,False
random_bp,expectation_value,same_entangling_gate_count,pm_12q_bp_sweep,hea,RX_RY_RZ_CNOT,none,linear,cnot,global,12,4,4,44,44,11,15,0,1,3,RZ,2,47,layer_001_wire_003_RZ,-0.031017998047492897,0.031017998047492897,False
random_bp,expectation_value,same_entangling_gate_count,pm_12q_bp_sweep,hea,RX_RY_RZ_CNOT,none,linear,cnot,global,12,4,4,44,44,11,15,0,1,4,RX,0,48,layer_001_wire_004_RX,-0.015194127346761654,0.015194127346761654,False
random_bp,expectation_value,same_entangling_gate_count,pm_12q_bp_sweep,hea,RX_RY_RZ_CNOT,none,linear,cnot,global,12,4,4,44,44,11,15,0,1,4,RY,1,49,layer_001_wire_004_RY,-0.00579314131110583,0.00579314131110583,False
random_bp,expectation_value,same_entangling_gate_count,pm_12q_bp_sweep,hea,RX_RY_RZ_CNOT,none,linear,cnot,global,12,4,4,44,44,11,15,0,1,4,RZ,2,50,layer_001_wire_004_RZ,0.01438804097263655,0.01438804097263655,False
random_bp,expectation_value,same_entangling_gate_count,pm_12q_bp_sweep,hea,RX_RY_RZ_CNOT,none,linear,cnot,global,12,4,4,44,44,11,15,0,1,5,RX,0,51,layer_001_wire_005_RX,0.014207147627649049,0.014207147627649049,False
random_bp,expectation_value,same_entangling_gate_count,pm_12q_bp_sweep,hea,RX_RY_RZ_CNOT,none,linear,cnot,global,12,4,4,44,44,11,15,0,1,5,RY,1,52,layer_001_wire_005_RY,0.010950770717309648,0.010950770717309648,False
random_bp,expectation_value,same_entangling_gate_count,pm_12q_bp_sweep,hea,RX_RY_RZ_CNOT,none,linear,cnot,global,12,4,4,44,44,11,15,0,1,5,RZ,2,53,layer_001_wire_005_RZ,-0.001789061064645674,0.001789061064645674,False
random_bp,expectation_value,same_entangling_gate_count,pm_12q_bp_sweep,hea,RX_RY_RZ_CNOT,none,linear,cnot,global,12,4,4,44,44,11,15,0,1,6,RX,0,54,layer_001_wire_006_RX,0.004425268373992836,0.004425268373992836,False
random_bp,expectation_value,same_entangling_gate_count,pm_12q_bp_sweep,hea,RX_RY_RZ_CNOT,none,linear,cnot,global,12,4,4,44,44,11,15,0,1,6,RY,1,55,layer_001_wire_006_RY,0.0038303111787330747,0.0038303111787330747,False
random_bp,expectation_value,same_entangling_gate_count,pm_12q_bp_sweep,hea,RX_RY_RZ_CNOT,none,linear,cnot,global,12,4,4,44,44,11,15,0,1,6,RZ,2,56,layer_001_wire_006_RZ,0.0034683225673309472,0.0034683225673309472,False
random_bp,expectation_value,same_entangling_gate_count,pm_12q_bp_sweep,hea,RX_RY_RZ_CNOT,none,linear,cnot,global,12,4,4,44,44,11,15,0,1,7,RX,0,57,layer_001_wire_007_RX,0.008797592992858913,0.008797592992858913,False
random_bp,expectation_value,same_entangling_gate_count,pm_12q_bp_sweep,hea,RX_RY_RZ_CNOT,none,linear,cnot,global,12,4,4,44,44,11,15,0,1,7,RY,1,58,layer_001_wire_007_RY,0.0049819419128549584,0.0049819419128549584,False
random_bp,expectation_value,same_entangling_gate_count,pm_12q_bp_sweep,hea,RX_RY_RZ_CNOT,none,linear,cnot,global,12,4,4,44,44,11,15,0,1,7,RZ,2,59,layer_001_wire_007_RZ,0.009036773321797476,0.009036773321797476,False
random_bp,expectation_value,same_entangling_gate_count,pm_12q_bp_sweep,hea,RX_RY_RZ_CNOT,none,linear,cnot,global,12,4,4,44,44,11,15,0,1,8,RX,0,60,layer_001_wire_008_RX,-0.007523042284858596,0.007523042284858596,False
random_bp,expectation_value,same_entangling_gate_count,pm_12q_bp_sweep,hea,RX_RY_RZ_CNOT,none,linear,cnot,global,12,4,4,44,44,11,15,0,1,8,RY,1,61,layer_001_wire_008_RY,-0.002696106543122117,0.002696106543122117,False
random_bp,expectation_value,same_entangling_gate_count,pm_12q_bp_sweep,hea,RX_RY_RZ_CNOT,none,linear,cnot,global,12,4,4,44,44,11,15,0,1,8,RZ,2,62,layer_001_wire_008_RZ,-0.007175486369124274,0.007175486369124274,False
random_bp,expectation_value,same_entangling_gate_count,pm_12q_bp_sweep,hea,RX_RY_RZ_CNOT,none,linear,cnot,global,12,4,4,44,44,11,15,0,1,9,RX,0,63,layer_001_wire_009_RX,0.005810582420624686,0.005810582420624686,False
random_bp,expectation_value,same_entangling_gate_count,pm_12q_bp_sweep,hea,RX_RY_RZ_CNOT,none,linear,cnot,global,12,4,4,44,44,11,15,0,1,9,RY,1,64,layer_001_wire_009_RY,0.010443740336469122,0.010443740336469122,False
random_bp,expectation_value,same_entangling_gate_count,pm_12q_bp_sweep,hea,RX_RY_RZ_CNOT,none,linear,cnot,global,12,4,4,44,44,11,15,0,1,9,RZ,2,65,layer_001_wire_009_RZ,0.010327305480234911,0.010327305480234911,False
random_bp,expectation_value,same_entangling_gate_count,pm_12q_bp_sweep,hea,RX_RY_RZ_CNOT,none,linear,cnot,global,12,4,4,44,44,11,15,0,1,10,RX,0,66,layer_001_wire_010_RX,0.0015263921051211042,0.0015263921051211042,False
random_bp,expectation_value,same_entangling_gate_count,pm_12q_bp_sweep,hea,RX_RY_RZ_CNOT,none,linear,cnot,global,12,4,4,44,44,11,15,0,1,10,RY,1,67,layer_001_wire_010_RY,-0.00029244880814945,0.00029244880814945,False
random_bp,expectation_value,same_entangling_gate_count,pm_12q_bp_sweep,hea,RX_RY_RZ_CNOT,none,linear,cnot,global,12,4,4,44,44,11,15,0,1,10,RZ,2,68,layer_001_wire_010_RZ,-0.00479171714368443,0.00479171714368443,False
random_bp,expectation_value,same_entangling_gate_count,pm_12q_bp_sweep,hea,RX_RY_RZ_CNOT,none,linear,cnot,global,12,4,4,44,44,11,15,0,1,11,RX,0,69,layer_001_wire_011_RX,-0.00035979867101010136,0.00035979867101010136,False
random_bp,expectation_value,same_entangling_gate_count,pm_12q_bp_sweep,hea,RX_RY_RZ_CNOT,none,linear,cnot,global,12,4,4,44,44,11,15,0,1,11,RY,1,70,layer_001_wire_011_RY,0.00032145890865574456,0.00032145890865574456,False
random_bp,expectation_value,same_entangling_gate_count,pm_12q_bp_sweep,hea,RX_RY_RZ_CNOT,none,linear,cnot,global,12,4,4,44,44,11,15,0,1,11,RZ,2,71,layer_001_wire_011_RZ,-0.008038529916562419,0.008038529916562419,False
random_bp,expectation_value,same_entangling_gate_count,pm_12q_bp_sweep,hea,RX_RY_RZ_CNOT,none,linear,cnot,global,12,4,4,44,44,11,15,0,2,0,RX,0,72,layer_002_wire_000_RX,0.012030991817030608,0.012030991817030608,False
random_bp,expectation_value,same_entangling_gate_count,pm_12q_bp_sweep,hea,RX_RY_RZ_CNOT,none,linear,cnot,global,12,4,4,44,44,11,15,0,2,0,RY,1,73,layer_002_wire_000_RY,-0.03296655820173505,0.03296655820173505,False
random_bp,expectation_value,same_entangling_gate_count,pm_12q_bp_sweep,hea,RX_RY_RZ_CNOT,none,linear,cnot,global,12,4,4,44,44,11,15,0,2,0,RZ,2,74,layer_002_wire_000_RZ,3.8652621487229024e-17,3.8652621487229024e-17,True
random_bp,expectation_value,same_entangling_gate_count,pm_12q_bp_sweep,hea,RX_RY_RZ_CNOT,none,linear,cnot,global,12,4,4,44,44,11,15,0,2,1,RX,0,75,layer_002_wire_001_RX,-0.004282299641438276,0.004282299641438276,False
random_bp,expectation_value,same_entangling_gate_count,pm_12q_bp_sweep,hea,RX_RY_RZ_CNOT,none,linear,cnot,global,12,4,4,44,44,11,15,0,2,1,RY,1,76,layer_002_wire_001_RY,0.011995542194176527,0.011995542194176527,False
random_bp,expectation_value,same_entangling_gate_count,pm_12q_bp_sweep,hea,RX_RY_RZ_CNOT,none,linear,cnot,global,12,4,4,44,44,11,15,0,2,1,RZ,2,77,layer_002_wire_001_RZ,-0.00012206890716862601,0.00012206890716862601,False
random_bp,expectation_value,same_entangling_gate_count,pm_12q_bp_sweep,hea,RX_RY_RZ_CNOT,none,linear,cnot,global,12,4,4,44,44,11,15,0,2,2,RX,0,78,layer_002_wire_002_RX,-0.01668663819603126,0.01668663819603126,False
random_bp,expectation_value,same_entangling_gate_count,pm_12q_bp_sweep,hea,RX_RY_RZ_CNOT,none,linear,cnot,global,12,4,4,44,44,11,15,0,2,2,RY,1,79,layer_002_wire_002_RY,0.009500943713100861,0.009500943713100861,False
random_bp,expectation_value,same_entangling_gate_count,pm_12q_bp_sweep,hea,RX_RY_RZ_CNOT,none,linear,cnot,global,12,4,4,44,44,11,15,0,2,2,RZ,2,80,layer_002_wire_002_RZ,-0.006010991391536535,0.006010991391536535,False
random_bp,expectation_value,same_entangling_gate_count,pm_12q_bp_sweep,hea,RX_RY_RZ_CNOT,none,linear,cnot,global,12,4,4,44,44,11,15,0,2,3,RX,0,81,layer_002_wire_003_RX,-0.001573561051670872,0.001573561051670872,False
random_bp,expectation_value,same_entangling_gate_count,pm_12q_bp_sweep,hea,RX_RY_RZ_CNOT,none,linear,cnot,global,12,4,4,44,44,11,15,0,2,3,RY,1,82,layer_002_wire_003_RY,-0.0019849251762869167,0.0019849251762869167,False
random_bp,expectation_value,same_entangling_gate_count,pm_12q_bp_sweep,hea,RX_RY_RZ_CNOT,none,linear,cnot,global,12,4,4,44,44,11,15,0,2,3,RZ,2,83,layer_002_wire_003_RZ,-0.006083221784657648,0.006083221784657648,False
random_bp,expectation_value,same_entangling_gate_count,pm_12q_bp_sweep,hea,RX_RY_RZ_CNOT,none,linear,cnot,global,12,4,4,44,44,11,15,0,2,4,RX,0,84,layer_002_wire_004_RX,0.008711015353177165,0.008711015353177165,False
random_bp,expectation_value,same_entangling_gate_count,pm_12q_bp_sweep,hea,RX_RY_RZ_CNOT,none,linear,cnot,global,12,4,4,44,44,11,15,0,2,4,RY,1,85,layer_002_wire_004_RY,0.029192837915328295,0.029192837915328295,False
random_bp,expectation_value,same_entangling_gate_count,pm_12q_bp_sweep,hea,RX_RY_RZ_CNOT,none,linear,cnot,global,12,4,4,44,44,11,15,0,2,4,RZ,2,86,layer_002_wire_004_RZ,-0.008727868211775106,0.008727868211775106,False
random_bp,expectation_value,same_entangling_gate_count,pm_12q_bp_sweep,hea,RX_RY_RZ_CNOT,none,linear,cnot,global,12,4,4,44,44,11,15,0,2,5,RX,0,87,layer_002_wire_005_RX,0.018795694758206406,0.018795694758206406,False
random_bp,expectation_value,same_entangling_gate_count,pm_12q_bp_sweep,hea,RX_RY_RZ_CNOT,none,linear,cnot,global,12,4,4,44,44,11,15,0,2,5,RY,1,88,layer_002_wire_005_RY,0.005759621193207883,0.005759621193207883,False
random_bp,expectation_value,same_entangling_gate_count,pm_12q_bp_sweep,hea,RX_RY_RZ_CNOT,none,linear,cnot,global,12,4,4,44,44,11,15,0,2,5,RZ,2,89,layer_002_wire_005_RZ,0.015714568437798126,0.015714568437798126,False
random_bp,expectation_value,same_entangling_gate_count,pm_12q_bp_sweep,hea,RX_RY_RZ_CNOT,none,linear,cnot,global,12,4,4,44,44,11,15,0,2,6,RX,0,90,layer_002_wire_006_RX,0.0018790877545423346,0.0018790877545423346,False
random_bp,expectation_value,same_entangling_gate_count,pm_12q_bp_sweep,hea,RX_RY_RZ_CNOT,none,linear,cnot,global,12,4,4,44,44,11,15,0,2,6,RY,1,91,layer_002_wire_006_RY,-0.0055003062059628335,0.0055003062059628335,False
random_bp,expectation_value,same_entangling_gate_count,pm_12q_bp_sweep,hea,RX_RY_RZ_CNOT,none,linear,cnot,global,12,4,4,44,44,11,15,0,2,6,RZ,2,92,layer_002_wire_006_RZ,0.0015072609018296288,0.0015072609018296288,False
random_bp,expectation_value,same_entangling_gate_count,pm_12q_bp_sweep,hea,RX_RY_RZ_CNOT,none,linear,cnot,global,12,4,4,44,44,11,15,0,2,7,RX,0,93,layer_002_wire_007_RX,-0.004610631026189072,0.004610631026189072,False
random_bp,expectation_value,same_entangling_gate_count,pm_12q_bp_sweep,hea,RX_RY_RZ_CNOT,none,linear,cnot,global,12,4,4,44,44,11,15,0,2,7,RY,1,94,layer_002_wire_007_RY,-0.0020799847279254374,0.0020799847279254374,False
random_bp,expectation_value,same_entangling_gate_count,pm_12q_bp_sweep,hea,RX_RY_RZ_CNOT,none,linear,cnot,global,12,4,4,44,44,11,15,0,2,7,RZ,2,95,layer_002_wire_007_RZ,-0.006115858830184343,0.006115858830184343,False
random_bp,expectation_value,same_entangling_gate_count,pm_12q_bp_sweep,hea,RX_RY_RZ_CNOT,none,linear,cnot,global,12,4,4,44,44,11,15,0,2,8,RX,0,96,layer_002_wire_008_RX,0.00475100196953776,0.00475100196953776,False
random_bp,expectation_value,same_entangling_gate_count,pm_12q_bp_sweep,hea,RX_RY_RZ_CNOT,none,linear,cnot,global,12,4,4,44,44,11,15,0,2,8,RY,1,97,layer_002_wire_008_RY,0.000252035650461242,0.000252035650461242,False
random_bp,expectation_value,same_entangling_gate_count,pm_12q_bp_sweep,hea,RX_RY_RZ_CNOT,none,linear,cnot,global,12,4,4,44,44,11,15,0,2,8,RZ,2,98,layer_002_wire_008_RZ,0.03256621699195059,0.03256621699195059,False
random_bp,expectation_value,same_entangling_gate_count,pm_12q_bp_sweep,hea,RX_RY_RZ_CNOT,none,linear,cnot,global,12,4,4,44,44,11,15,0,2,9,RX,0,99,layer_002_wire_009_RX,0.007217386764576715,0.007217386764576715,False
random_bp,expectation_value,same_entangling_gate_count,pm_12q_bp_sweep,hea,RX_RY_RZ_CNOT,none,linear,cnot,global,12,4,4,44,44,11,15,0,2,9,RY,1,100,layer_002_wire_009_RY,-0.0019926280009787663,0.0019926280009787663,False
random_bp,expectation_value,same_entangling_gate_count,pm_12q_bp_sweep,hea,RX_RY_RZ_CNOT,none,linear,cnot,global,12,4,4,44,44,11,15,0,2,9,RZ,2,101,layer_002_wire_009_RZ,-0.018405052336546122,0.018405052336546122,False
random_bp,expectation_value,same_entangling_gate_count,pm_12q_bp_sweep,hea,RX_RY_RZ_CNOT,none,linear,cnot,global,12,4,4,44,44,11,15,0,2,10,RX,0,102,layer_002_wire_010_RX,-0.0001532654360569992,0.0001532654360569992,False
random_bp,expectation_value,same_entangling_gate_count,pm_12q_bp_sweep,hea,RX_RY_RZ_CNOT,none,linear,cnot,global,12,4,4,44,44,11,15,0,2,10,RY,1,103,layer_002_wire_010_RY,-0.0025764853302605315,0.0025764853302605315,False
random_bp,expectation_value,same_entangling_gate_count,pm_12q_bp_sweep,hea,RX_RY_RZ_CNOT,none,linear,cnot,global,12,4,4,44,44,11,15,0,2,10,RZ,2,104,layer_002_wire_010_RZ,-0.011596052451247264,0.011596052451247264,False
random_bp,expectation_value,same_entangling_gate_count,pm_12q_bp_sweep,hea,RX_RY_RZ_CNOT,none,linear,cnot,global,12,4,4,44,44,11,15,0,2,11,RX,0,105,layer_002_wire_011_RX,0.00792001389013271,0.00792001389013271,False
random_bp,expectation_value,same_entangling_gate_count,pm_12q_bp_sweep,hea,RX_RY_RZ_CNOT,none,linear,cnot,global,12,4,4,44,44,11,15,0,2,11,RY,1,106,layer_002_wire_011_RY,0.021855214722386204,0.021855214722386204,False
random_bp,expectation_value,same_entangling_gate_count,pm_12q_bp_sweep,hea,RX_RY_RZ_CNOT,none,linear,cnot,global,12,4,4,44,44,11,15,0,2,11,RZ,2,107,layer_002_wire_011_RZ,0.013922351097948295,0.013922351097948295,False
random_bp,expectation_value,same_entangling_gate_count,pm_12q_bp_sweep,hea,RX_RY_RZ_CNOT,none,linear,cnot,global,12,4,4,44,44,11,15,0,3,0,RX,0,108,layer_003_wire_000_RX,5.898059818321144e-17,5.898059818321144e-17,True
random_bp,expectation_value,same_entangling_gate_count,pm_12q_bp_sweep,hea,RX_RY_RZ_CNOT,none,linear,cnot,global,12,4,4,44,44,11,15,0,3,0,RY,1,109,layer_003_wire_000_RY,-7.979727989493313e-17,7.979727989493313e-17,True
random_bp,expectation_value,same_entangling_gate_count,pm_12q_bp_sweep,hea,RX_RY_RZ_CNOT,none,linear,cnot,global,12,4,4,44,44,11,15,0,3,0,RZ,2,110,layer_003_wire_000_RZ,-1.6743532679431812e-18,1.6743532679431812e-18,True
random_bp,expectation_value,same_entangling_gate_count,pm_12q_bp_sweep,hea,RX_RY_RZ_CNOT,none,linear,cnot,global,12,4,4,44,44,11,15,0,3,1,RX,0,111,layer_003_wire_001_RX,-0.01018846951980951,0.01018846951980951,False
random_bp,expectation_value,same_entangling_gate_count,pm_12q_bp_sweep,hea,RX_RY_RZ_CNOT,none,linear,cnot,global,12,4,4,44,44,11,15,0,3,1,RY,1,112,layer_003_wire_001_RY,0.03138278168056422,0.03138278168056422,False
random_bp,expectation_value,same_entangling_gate_count,pm_12q_bp_sweep,hea,RX_RY_RZ_CNOT,none,linear,cnot,global,12,4,4,44,44,11,15,0,3,1,RZ,2,113,layer_003_wire_001_RZ,3.0018823943947518e-18,3.0018823943947518e-18,True
random_bp,expectation_value,same_entangling_gate_count,pm_12q_bp_sweep,hea,RX_RY_RZ_CNOT,none,linear,cnot,global,12,4,4,44,44,11,15,0,3,2,RX,0,114,layer_003_wire_002_RX,3.469446951953614e-18,3.469446951953614e-18,True
random_bp,expectation_value,same_entangling_gate_count,pm_12q_bp_sweep,hea,RX_RY_RZ_CNOT,none,linear,cnot,global,12,4,4,44,44,11,15,0,3,2,RY,1,115,layer_003_wire_002_RY,3.0357660829594124e-18,3.0357660829594124e-18,True
random_bp,expectation_value,same_entangling_gate_count,pm_12q_bp_sweep,hea,RX_RY_RZ_CNOT,none,linear,cnot,global,12,4,4,44,44,11,15,0,3,2,RZ,2,116,layer_003_wire_002_RZ,-2.8451595305738545e-17,2.8451595305738545e-17,True
random_bp,expectation_value,same_entangling_gate_count,pm_12q_bp_sweep,hea,RX_RY_RZ_CNOT,none,linear,cnot,global,12,4,4,44,44,11,15,0,3,3,RX,0,117,layer_003_wire_003_RX,-0.05432535325624639,0.05432535325624639,False
random_bp,expectation_value,same_entangling_gate_count,pm_12q_bp_sweep,hea,RX_RY_RZ_CNOT,none,linear,cnot,global,12,4,4,44,44,11,15,0,3,3,RY,1,118,layer_003_wire_003_RY,-0.041706107990477595,0.041706107990477595,False
random_bp,expectation_value,same_entangling_gate_count,pm_12q_bp_sweep,hea,RX_RY_RZ_CNOT,none,linear,cnot,global,12,4,4,44,44,11,15,0,3,3,RZ,2,119,layer_003_wire_003_RZ,1.6358450498017086e-18,1.6358450498017086e-18,True
random_bp,expectation_value,same_entangling_gate_count,pm_12q_bp_sweep,hea,RX_RY_RZ_CNOT,none,linear,cnot,global,12,4,4,44,44,11,15,0,3,4,RX,0,120,layer_003_wire_004_RX,6.938893903907228e-18,6.938893903907228e-18,True
random_bp,expectation_value,same_entangling_gate_count,pm_12q_bp_sweep,hea,RX_RY_RZ_CNOT,none,linear,cnot,global,12,4,4,44,44,11,15,0,3,4,RY,1,121,layer_003_wire_004_RY,1.734723475976807e-18,1.734723475976807e-18,True
random_bp,expectation_value,same_entangling_gate_count,pm_12q_bp_sweep,hea,RX_RY_RZ_CNOT,none,linear,cnot,global,12,4,4,44,44,11,15,0,3,4,RZ,2,122,layer_003_wire_004_RZ,-5.248636725420424e-18,5.248636725420424e-18,True
random_bp,expectation_value,same_entangling_gate_count,pm_12q_bp_sweep,hea,RX_RY_RZ_CNOT,none,linear,cnot,global,12,4,4,44,44,11,15,0,3,5,RX,0,123,layer_003_wire_005_RX,-0.00042720371902325947,0.00042720371902325947,False
random_bp,expectation_value,same_entangling_gate_count,pm_12q_bp_sweep,hea,RX_RY_RZ_CNOT,none,linear,cnot,global,12,4,4,44,44,11,15,0,3,5,RY,1,124,layer_003_wire_005_RY,-0.00772368540227299,0.00772368540227299,False
random_bp,expectation_value,same_entangling_gate_count,pm_12q_bp_sweep,hea,RX_RY_RZ_CNOT,none,linear,cnot,global,12,4,4,44,44,11,15,0,3,5,RZ,2,125,layer_003_wire_005_RZ,1.4295194871794654e-17,1.4295194871794654e-17,True
random_bp,expectation_value,same_entangling_gate_count,pm_12q_bp_sweep,hea,RX_RY_RZ_CNOT,none,linear,cnot,global,12,4,4,44,44,11,15,0,3,6,RX,0,126,layer_003_wire_006_RX,3.469446951953614e-18,3.469446951953614e-18,True
random_bp,expectation_value,same_entangling_gate_count,pm_12q_bp_sweep,hea,RX_RY_RZ_CNOT,none,linear,cnot,global,12,4,4,44,44,11,15,0,3,6,RY,1,127,layer_003_wire_006_RY,-1.0408340855860843e-17,1.0408340855860843e-17,True
random_bp,expectation_value,same_entangling_gate_count,pm_12q_bp_sweep,hea,RX_RY_RZ_CNOT,none,linear,cnot,global,12,4,4,44,44,11,15,0,3,6,RZ,2,128,layer_003_wire_006_RZ,4.317376069026511e-18,4.317376069026511e-18,True
random_bp,expectation_value,same_entangling_gate_count,pm_12q_bp_sweep,hea,RX_RY_RZ_CNOT,none,linear,cnot,global,12,4,4,44,44,11,15,0,3,7,RX,0,129,layer_003_wire_007_RX,0.0020218481546579563,0.0020218481546579563,False
random_bp,expectation_value,same_entangling_gate_count,pm_12q_bp_sweep,hea,RX_RY_RZ_CNOT,none,linear,cnot,global,12,4,4,44,44,11,15,0,3,7,RY,1,130,layer_003_wire_007_RY,-0.010906918235101,0.010906918235101,False
random_bp,expectation_value,same_entangling_gate_count,pm_12q_bp_sweep,hea,RX_RY_RZ_CNOT,none,linear,cnot,global,12,4,4,44,44,11,15,0,3,7,RZ,2,131,layer_003_wire_007_RZ,-3.4680972631100172e-18,3.4680972631100172e-18,True
random_bp,expectation_value,same_entangling_gate_count,pm_12q_bp_sweep,hea,RX_RY_RZ_CNOT,none,linear,cnot,global,12,4,4,44,44,11,15,0,3,8,RX,0,132,layer_003_wire_008_RX,-5.551115123125783e-17,5.551115123125783e-17,True
random_bp,expectation_value,same_entangling_gate_count,pm_12q_bp_sweep,hea,RX_RY_RZ_CNOT,none,linear,cnot,global,12,4,4,44,44,11,15,0,3,8,RY,1,133,layer_003_wire_008_RY,-1.1275702593849246e-17,1.1275702593849246e-17,True
random_bp,expectation_value,same_entangling_gate_count,pm_12q_bp_sweep,hea,RX_RY_RZ_CNOT,none,linear,cnot,global,12,4,4,44,44,11,15,0,3,8,RZ,2,134,layer_003_wire_008_RZ,-1.083727360682726e-17,1.083727360682726e-17,True
random_bp,expectation_value,same_entangling_gate_count,pm_12q_bp_sweep,hea,RX_RY_RZ_CNOT,none,linear,cnot,global,12,4,4,44,44,11,15,0,3,9,RX,0,135,layer_003_wire_009_RX,-0.0062393422546949745,0.0062393422546949745,False
random_bp,expectation_value,same_entangling_gate_count,pm_12q_bp_sweep,hea,RX_RY_RZ_CNOT,none,linear,cnot,global,12,4,4,44,44,11,15,0,3,9,RY,1,136,layer_003_wire_009_RY,0.011219924680192117,0.011219924680192117,False
random_bp,expectation_value,same_entangling_gate_count,pm_12q_bp_sweep,hea,RX_RY_RZ_CNOT,none,linear,cnot,global,12,4,4,44,44,11,15,0,3,9,RZ,2,137,layer_003_wire_009_RZ,-1.1290613382178346e-17,1.1290613382178346e-17,True
random_bp,expectation_value,same_entangling_gate_count,pm_12q_bp_sweep,hea,RX_RY_RZ_CNOT,none,linear,cnot,global,12,4,4,44,44,11,15,0,3,10,RX,0,138,layer_003_wire_010_RX,9.540979117872439e-18,9.540979117872439e-18,True
random_bp,expectation_value,same_entangling_gate_count,pm_12q_bp_sweep,hea,RX_RY_RZ_CNOT,none,linear,cnot,global,12,4,4,44,44,11,15,0,3,10,RY,1,139,layer_003_wire_010_RY,-3.469446951953614e-18,3.469446951953614e-18,True
random_bp,expectation_value,same_entangling_gate_count,pm_12q_bp_sweep,hea,RX_RY_RZ_CNOT,none,linear,cnot,global,12,4,4,44,44,11,15,0,3,10,RZ,2,140,layer_003_wire_010_RZ,1.460498812199702e-19,1.460498812199702e-19,True
random_bp,expectation_value,same_entangling_gate_count,pm_12q_bp_sweep,hea,RX_RY_RZ_CNOT,none,linear,cnot,global,12,4,4,44,44,11,15,0,3,11,RX,0,141,layer_003_wire_011_RX,-0.012106557349517773,0.012106557349517773,False
random_bp,expectation_value,same_entangling_gate_count,pm_12q_bp_sweep,hea,RX_RY_RZ_CNOT,none,linear,cnot,global,12,4,4,44,44,11,15,0,3,11,RY,1,142,layer_003_wire_011_RY,-0.016875690109216385,0.016875690109216385,False
random_bp,expectation_value,same_entangling_gate_count,pm_12q_bp_sweep,hea,RX_RY_RZ_CNOT,none,linear,cnot,global,12,4,4,44,44,11,15,0,3,11,RZ,2,143,layer_003_wire_011_RZ,-2.6786870088275683e-17,2.6786870088275683e-17,True
random_bp,expectation_value,same_entangling_gate_count,pm_12q_bp_sweep,hea,RX_RY_RZ_CNOT,none,linear,cnot,global,12,4,4,44,44,11,16,1,0,0,RX,0,0,layer_000_wire_000_RX,0.003563315327065348,0.003563315327065348,False
random_bp,expectation_value,same_entangling_gate_count,pm_12q_bp_sweep,hea,RX_RY_RZ_CNOT,none,linear,cnot,global,12,4,4,44,44,11,16,1,0,0,RY,1,1,layer_000_wire_000_RY,0.004343354738869018,0.004343354738869018,False
random_bp,expectation_value,same_entangling_gate_count,pm_12q_bp_sweep,hea,RX_RY_RZ_CNOT,none,linear,cnot,global,12,4,4,44,44,11,16,1,0,0,RZ,2,2,layer_000_wire_000_RZ,-0.0013989254916974294,0.0013989254916974294,False
random_bp,expectation_value,same_entangling_gate_count,pm_12q_bp_sweep,hea,RX_RY_RZ_CNOT,none,linear,cnot,global,12,4,4,44,44,11,16,1,0,1,RX,0,3,layer_000_wire_001_RX,0.011454145271808677,0.011454145271808677,False
random_bp,expectation_value,same_entangling_gate_count,pm_12q_bp_sweep,hea,RX_RY_RZ_CNOT,none,linear,cnot,global,12,4,4,44,44,11,16,1,0,1,RY,1,4,layer_000_wire_001_RY,0.025532078208734123,0.025532078208734123,False
random_bp,expectation_value,same_entangling_gate_count,pm_12q_bp_sweep,hea,RX_RY_RZ_CNOT,none,linear,cnot,global,12,4,4,44,44,11,16,1,0,1,RZ,2,5,layer_000_wire_001_RZ,0.007367110737680224,0.007367110737680224,False
random_bp,expectation_value,same_entangling_gate_count,pm_12q_bp_sweep,hea,RX_RY_RZ_CNOT,none,linear,cnot,global,12,4,4,44,44,11,16,1,0,2,RX,0,6,layer_000_wire_002_RX,-0.005547085678244148,0.005547085678244148,False
random_bp,expectation_value,same_entangling_gate_count,pm_12q_bp_sweep,hea,RX_RY_RZ_CNOT,none,linear,cnot,global,12,4,4,44,44,11,16,1,0,2,RY,1,7,layer_000_wire_002_RY,0.008996192589795494,0.008996192589795494,False
random_bp,expectation_value,same_entangling_gate_count,pm_12q_bp_sweep,hea,RX_RY_RZ_CNOT,none,linear,cnot,global,12,4,4,44,44,11,16,1,0,2,RZ,2,8,layer_000_wire_002_RZ,-0.017251752347844124,0.017251752347844124,False
random_bp,expectation_value,same_entangling_gate_count,pm_12q_bp_sweep,hea,RX_RY_RZ_CNOT,none,linear,cnot,global,12,4,4,44,44,11,16,1,0,3,RX,0,9,layer_000_wire_003_RX,-0.0004948810787530414,0.0004948810787530414,False
random_bp,expectation_value,same_entangling_gate_count,pm_12q_bp_sweep,hea,RX_RY_RZ_CNOT,none,linear,cnot,global,12,4,4,44,44,11,16,1,0,3,RY,1,10,layer_000_wire_003_RY,0.0116256945739117,0.0116256945739117,False
random_bp,expectation_value,same_entangling_gate_count,pm_12q_bp_sweep,hea,RX_RY_RZ_CNOT,none,linear,cnot,global,12,4,4,44,44,11,16,1,0,3,RZ,2,11,layer_000_wire_003_RZ,0.00044987859700796413,0.00044987859700796413,False
random_bp,expectation_value,same_entangling_gate_count,pm_12q_bp_sweep,hea,RX_RY_RZ_CNOT,none,linear,cnot,global,12,4,4,44,44,11,16,1,0,4,RX,0,12,layer_000_wire_004_RX,-0.0016038351089513194,0.0016038351089513194,False
random_bp,expectation_value,same_entangling_gate_count,pm_12q_bp_sweep,hea,RX_RY_RZ_CNOT,none,linear,cnot,global,12,4,4,44,44,11,16,1,0,4,RY,1,13,layer_000_wire_004_RY,0.00048378556387639006,0.00048378556387639006,False
random_bp,expectation_value,same_entangling_gate_count,pm_12q_bp_sweep,hea,RX_RY_RZ_CNOT,none,linear,cnot,global,12,4,4,44,44,11,16,1,0,4,RZ,2,14,layer_000_wire_004_RZ,0.0017685746595534546,0.0017685746595534546,False
random_bp,expectation_value,same_entangling_gate_count,pm_12q_bp_sweep,hea,RX_RY_RZ_CNOT,none,linear,cnot,global,12,4,4,44,44,11,16,1,0,5,RX,0,15,layer_000_wire_005_RX,-0.002024124829724364,0.002024124829724364,False
random_bp,expectation_value,same_entangling_gate_count,pm_12q_bp_sweep,hea,RX_RY_RZ_CNOT,none,linear,cnot,global,12,4,4,44,44,11,16,1,0,5,RY,1,16,layer_000_wire_005_RY,-0.010228671873675287,0.010228671873675287,False
random_bp,expectation_value,same_entangling_gate_count,pm_12q_bp_sweep,hea,RX_RY_RZ_CNOT,none,linear,cnot,global,12,4,4,44,44,11,16,1,0,5,RZ,2,17,layer_000_wire_005_RZ,-0.003558736427737485,0.003558736427737485,False
random_bp,expectation_value,same_entangling_gate_count,pm_12q_bp_sweep,hea,RX_RY_RZ_CNOT,none,linear,cnot,global,12,4,4,44,44,11,16,1,0,6,RX,0,18,layer_000_wire_006_RX,0.0011090142949541294,0.0011090142949541294,False
random_bp,expectation_value,same_entangling_gate_count,pm_12q_bp_sweep,hea,RX_RY_RZ_CNOT,none,linear,cnot,global,12,4,4,44,44,11,16,1,0,6,RY,1,19,layer_000_wire_006_RY,-0.0004212051875900455,0.0004212051875900455,False
random_bp,expectation_value,same_entangling_gate_count,pm_12q_bp_sweep,hea,RX_RY_RZ_CNOT,none,linear,cnot,global,12,4,4,44,44,11,16,1,0,6,RZ,2,20,layer_000_wire_006_RZ,0.0009975706394188353,0.0009975706394188353,False
random_bp,expectation_value,same_entangling_gate_count,pm_12q_bp_sweep,hea,RX_RY_RZ_CNOT,none,linear,cnot,global,12,4,4,44,44,11,16,1,0,7,RX,0,21,layer_000_wire_007_RX,0.0015070170433882936,0.0015070170433882936,False
random_bp,expectation_value,same_entangling_gate_count,pm_12q_bp_sweep,hea,RX_RY_RZ_CNOT,none,linear,cnot,global,12,4,4,44,44,11,16,1,0,7,RY,1,22,layer_000_wire_007_RY,-0.0023531601914882593,0.0023531601914882593,False
random_bp,expectation_value,same_entangling_gate_count,pm_12q_bp_sweep,hea,RX_RY_RZ_CNOT,none,linear,cnot,global,12,4,4,44,44,11,16,1,0,7,RZ,2,23,layer_000_wire_007_RZ,0.012253253564481575,0.012253253564481575,False
random_bp,expectation_value,same_entangling_gate_count,pm_12q_bp_sweep,hea,RX_RY_RZ_CNOT,none,linear,cnot,global,12,4,4,44,44,11,16,1,0,8,RX,0,24,layer_000_wire_008_RX,-0.006897377074915085,0.006897377074915085,False
random_bp,expectation_value,same_entangling_gate_count,pm_12q_bp_sweep,hea,RX_RY_RZ_CNOT,none,linear,cnot,global,12,4,4,44,44,11,16,1,0,8,RY,1,25,layer_000_wire_008_RY,0.005263371178854245,0.005263371178854245,False
random_bp,expectation_value,same_entangling_gate_count,pm_12q_bp_sweep,hea,RX_RY_RZ_CNOT,none,linear,cnot,global,12,4,4,44,44,11,16,1,0,8,RZ,2,26,layer_000_wire_008_RZ,0.006607051655988634,0.006607051655988634,False
random_bp,expectation_value,same_entangling_gate_count,pm_12q_bp_sweep,hea,RX_RY_RZ_CNOT,none,linear,cnot,global,12,4,4,44,44,11,16,1,0,9,RX,0,27,layer_000_wire_009_RX,0.0035349924232072586,0.0035349924232072586,False
random_bp,expectation_value,same_entangling_gate_count,pm_12q_bp_sweep,hea,RX_RY_RZ_CNOT,none,linear,cnot,global,12,4,4,44,44,11,16,1,0,9,RY,1,28,layer_000_wire_009_RY,-8.405194509318928e-05,8.405194509318928e-05,False
random_bp,expectation_value,same_entangling_gate_count,pm_12q_bp_sweep,hea,RX_RY_RZ_CNOT,none,linear,cnot,global,12,4,4,44,44,11,16,1,0,9,RZ,2,29,layer_000_wire_009_RZ,0.002730123262840141,0.002730123262840141,False
random_bp,expectation_value,same_entangling_gate_count,pm_12q_bp_sweep,hea,RX_RY_RZ_CNOT,none,linear,cnot,global,12,4,4,44,44,11,16,1,0,10,RX,0,30,layer_000_wire_010_RX,0.011941561384333856,0.011941561384333856,False
random_bp,expectation_value,same_entangling_gate_count,pm_12q_bp_sweep,hea,RX_RY_RZ_CNOT,none,linear,cnot,global,12,4,4,44,44,11,16,1,0,10,RY,1,31,layer_000_wire_010_RY,-0.013385764470894347,0.013385764470894347,False
random_bp,expectation_value,same_entangling_gate_count,pm_12q_bp_sweep,hea,RX_RY_RZ_CNOT,none,linear,cnot,global,12,4,4,44,44,11,16,1,0,10,RZ,2,32,layer_000_wire_010_RZ,0.008958002654341992,0.008958002654341992,False
random_bp,expectation_value,same_entangling_gate_count,pm_12q_bp_sweep,hea,RX_RY_RZ_CNOT,none,linear,cnot,global,12,4,4,44,44,11,16,1,0,11,RX,0,33,layer_000_wire_011_RX,-0.0018099867773389488,0.0018099867773389488,False
random_bp,expectation_value,same_entangling_gate_count,pm_12q_bp_sweep,hea,RX_RY_RZ_CNOT,none,linear,cnot,global,12,4,4,44,44,11,16,1,0,11,RY,1,34,layer_000_wire_011_RY,0.001879716357079026,0.001879716357079026,False
random_bp,expectation_value,same_entangling_gate_count,pm_12q_bp_sweep,hea,RX_RY_RZ_CNOT,none,linear,cnot,global,12,4,4,44,44,11,16,1,0,11,RZ,2,35,layer_000_wire_011_RZ,-0.007242810654433924,0.007242810654433924,False
random_bp,expectation_value,same_entangling_gate_count,pm_12q_bp_sweep,hea,RX_RY_RZ_CNOT,none,linear,cnot,global,12,4,4,44,44,11,16,1,1,0,RX,0,36,layer_001_wire_000_RX,-0.005116039018287072,0.005116039018287072,False
random_bp,expectation_value,same_entangling_gate_count,pm_12q_bp_sweep,hea,RX_RY_RZ_CNOT,none,linear,cnot,global,12,4,4,44,44,11,16,1,1,0,RY,1,37,layer_001_wire_000_RY,0.0034732033534457542,0.0034732033534457542,False
random_bp,expectation_value,same_entangling_gate_count,pm_12q_bp_sweep,hea,RX_RY_RZ_CNOT,none,linear,cnot,global,12,4,4,44,44,11,16,1,1,0,RZ,2,38,layer_001_wire_000_RZ,0.003202307825953396,0.003202307825953396,False
random_bp,expectation_value,same_entangling_gate_count,pm_12q_bp_sweep,hea,RX_RY_RZ_CNOT,none,linear,cnot,global,12,4,4,44,44,11,16,1,1,1,RX,0,39,layer_001_wire_001_RX,0.01320057186702275,0.01320057186702275,False
random_bp,expectation_value,same_entangling_gate_count,pm_12q_bp_sweep,hea,RX_RY_RZ_CNOT,none,linear,cnot,global,12,4,4,44,44,11,16,1,1,1,RY,1,40,layer_001_wire_001_RY,0.004745391098686186,0.004745391098686186,False
random_bp,expectation_value,same_entangling_gate_count,pm_12q_bp_sweep,hea,RX_RY_RZ_CNOT,none,linear,cnot,global,12,4,4,44,44,11,16,1,1,1,RZ,2,41,layer_001_wire_001_RZ,-0.005292772801198421,0.005292772801198421,False
random_bp,expectation_value,same_entangling_gate_count,pm_12q_bp_sweep,hea,RX_RY_RZ_CNOT,none,linear,cnot,global,12,4,4,44,44,11,16,1,1,2,RX,0,42,layer_001_wire_002_RX,-0.0017531636244618254,0.0017531636244618254,False
random_bp,expectation_value,same_entangling_gate_count,pm_12q_bp_sweep,hea,RX_RY_RZ_CNOT,none,linear,cnot,global,12,4,4,44,44,11,16,1,1,2,RY,1,43,layer_001_wire_002_RY,-0.0008939569624965292,0.0008939569624965292,False
random_bp,expectation_value,same_entangling_gate_count,pm_12q_bp_sweep,hea,RX_RY_RZ_CNOT,none,linear,cnot,global,12,4,4,44,44,11,16,1,1,2,RZ,2,44,layer_001_wire_002_RZ,-0.0020528696659821563,0.0020528696659821563,False
random_bp,expectation_value,same_entangling_gate_count,pm_12q_bp_sweep,hea,RX_RY_RZ_CNOT,none,linear,cnot,global,12,4,4,44,44,11,16,1,1,3,RX,0,45,layer_001_wire_003_RX,-0.0010309286075881642,0.0010309286075881642,False
random_bp,expectation_value,same_entangling_gate_count,pm_12q_bp_sweep,hea,RX_RY_RZ_CNOT,none,linear,cnot,global,12,4,4,44,44,11,16,1,1,3,RY,1,46,layer_001_wire_003_RY,0.002483663839561367,0.002483663839561367,False
random_bp,expectation_value,same_entangling_gate_count,pm_12q_bp_sweep,hea,RX_RY_RZ_CNOT,none,linear,cnot,global,12,4,4,44,44,11,16,1,1,3,RZ,2,47,layer_001_wire_003_RZ,-0.008837145459620839,0.008837145459620839,False
random_bp,expectation_value,same_entangling_gate_count,pm_12q_bp_sweep,hea,RX_RY_RZ_CNOT,none,linear,cnot,global,12,4,4,44,44,11,16,1,1,4,RX,0,48,layer_001_wire_004_RX,-0.0069790450639771705,0.0069790450639771705,False
random_bp,expectation_value,same_entangling_gate_count,pm_12q_bp_sweep,hea,RX_RY_RZ_CNOT,none,linear,cnot,global,12,4,4,44,44,11,16,1,1,4,RY,1,49,layer_001_wire_004_RY,-0.010052518547526108,0.010052518547526108,False
random_bp,expectation_value,same_entangling_gate_count,pm_12q_bp_sweep,hea,RX_RY_RZ_CNOT,none,linear,cnot,global,12,4,4,44,44,11,16,1,1,4,RZ,2,50,layer_001_wire_004_RZ,0.005740571850761678,0.005740571850761678,False
random_bp,expectation_value,same_entangling_gate_count,pm_12q_bp_sweep,hea,RX_RY_RZ_CNOT,none,linear,cnot,global,12,4,4,44,44,11,16,1,1,5,RX,0,51,layer_001_wire_005_RX,0.007168052701568502,0.007168052701568502,False
random_bp,expectation_value,same_entangling_gate_count,pm_12q_bp_sweep,hea,RX_RY_RZ_CNOT,none,linear,cnot,global,12,4,4,44,44,11,16,1,1,5,RY,1,52,layer_001_wire_005_RY,-0.007301002271561886,0.007301002271561886,False
random_bp,expectation_value,same_entangling_gate_count,pm_12q_bp_sweep,hea,RX_RY_RZ_CNOT,none,linear,cnot,global,12,4,4,44,44,11,16,1,1,5,RZ,2,53,layer_001_wire_005_RZ,0.0062116022452562165,0.0062116022452562165,False
random_bp,expectation_value,same_entangling_gate_count,pm_12q_bp_sweep,hea,RX_RY_RZ_CNOT,none,linear,cnot,global,12,4,4,44,44,11,16,1,1,6,RX,0,54,layer_001_wire_006_RX,-0.0015117001026769094,0.0015117001026769094,False
random_bp,expectation_value,same_entangling_gate_count,pm_12q_bp_sweep,hea,RX_RY_RZ_CNOT,none,linear,cnot,global,12,4,4,44,44,11,16,1,1,6,RY,1,55,layer_001_wire_006_RY,0.0004735149073700672,0.0004735149073700672,False
random_bp,expectation_value,same_entangling_gate_count,pm_12q_bp_sweep,hea,RX_RY_RZ_CNOT,none,linear,cnot,global,12,4,4,44,44,11,16,1,1,6,RZ,2,56,layer_001_wire_006_RZ,0.012760233014778025,0.012760233014778025,False
random_bp,expectation_value,same_entangling_gate_count,pm_12q_bp_sweep,hea,RX_RY_RZ_CNOT,none,linear,cnot,global,12,4,4,44,44,11,16,1,1,7,RX,0,57,layer_001_wire_007_RX,-0.003110630244358474,0.003110630244358474,False
random_bp,expectation_value,same_entangling_gate_count,pm_12q_bp_sweep,hea,RX_RY_RZ_CNOT,none,linear,cnot,global,12,4,4,44,44,11,16,1,1,7,RY,1,58,layer_001_wire_007_RY,-0.011826711782399484,0.011826711782399484,False
random_bp,expectation_value,same_entangling_gate_count,pm_12q_bp_sweep,hea,RX_RY_RZ_CNOT,none,linear,cnot,global,12,4,4,44,44,11,16,1,1,7,RZ,2,59,layer_001_wire_007_RZ,0.00930140964104379,0.00930140964104379,False
random_bp,expectation_value,same_entangling_gate_count,pm_12q_bp_sweep,hea,RX_RY_RZ_CNOT,none,linear,cnot,global,12,4,4,44,44,11,16,1,1,8,RX,0,60,layer_001_wire_008_RX,-0.008466574213207853,0.008466574213207853,False
random_bp,expectation_value,same_entangling_gate_count,pm_12q_bp_sweep,hea,RX_RY_RZ_CNOT,none,linear,cnot,global,12,4,4,44,44,11,16,1,1,8,RY,1,61,layer_001_wire_008_RY,0.0012539396207161633,0.0012539396207161633,False
random_bp,expectation_value,same_entangling_gate_count,pm_12q_bp_sweep,hea,RX_RY_RZ_CNOT,none,linear,cnot,global,12,4,4,44,44,11,16,1,1,8,RZ,2,62,layer_001_wire_008_RZ,-0.010380837737284973,0.010380837737284973,False
random_bp,expectation_value,same_entangling_gate_count,pm_12q_bp_sweep,hea,RX_RY_RZ_CNOT,none,linear,cnot,global,12,4,4,44,44,11,16,1,1,9,RX,0,63,layer_001_wire_009_RX,-0.00014772746013598016,0.00014772746013598016,False
random_bp,expectation_value,same_entangling_gate_count,pm_12q_bp_sweep,hea,RX_RY_RZ_CNOT,none,linear,cnot,global,12,4,4,44,44,11,16,1,1,9,RY,1,64,layer_001_wire_009_RY,0.014131131282955418,0.014131131282955418,False
random_bp,expectation_value,same_entangling_gate_count,pm_12q_bp_sweep,hea,RX_RY_RZ_CNOT,none,linear,cnot,global,12,4,4,44,44,11,16,1,1,9,RZ,2,65,layer_001_wire_009_RZ,-0.0011467372656632784,0.0011467372656632784,False
random_bp,expectation_value,same_entangling_gate_count,pm_12q_bp_sweep,hea,RX_RY_RZ_CNOT,none,linear,cnot,global,12,4,4,44,44,11,16,1,1,10,RX,0,66,layer_001_wire_010_RX,0.0007820082243003654,0.0007820082243003654,False
random_bp,expectation_value,same_entangling_gate_count,pm_12q_bp_sweep,hea,RX_RY_RZ_CNOT,none,linear,cnot,global,12,4,4,44,44,11,16,1,1,10,RY,1,67,layer_001_wire_010_RY,-0.0005912122898757392,0.0005912122898757392,False
random_bp,expectation_value,same_entangling_gate_count,pm_12q_bp_sweep,hea,RX_RY_RZ_CNOT,none,linear,cnot,global,12,4,4,44,44,11,16,1,1,10,RZ,2,68,layer_001_wire_010_RZ,-0.006726559601609268,0.006726559601609268,False
random_bp,expectation_value,same_entangling_gate_count,pm_12q_bp_sweep,hea,RX_RY_RZ_CNOT,none,linear,cnot,global,12,4,4,44,44,11,16,1,1,11,RX,0,69,layer_001_wire_011_RX,0.006542186490956487,0.006542186490956487,False
random_bp,expectation_value,same_entangling_gate_count,pm_12q_bp_sweep,hea,RX_RY_RZ_CNOT,none,linear,cnot,global,12,4,4,44,44,11,16,1,1,11,RY,1,70,layer_001_wire_011_RY,-0.002661042568850363,0.002661042568850363,False
random_bp,expectation_value,same_entangling_gate_count,pm_12q_bp_sweep,hea,RX_RY_RZ_CNOT,none,linear,cnot,global,12,4,4,44,44,11,16,1,1,11,RZ,2,71,layer_001_wire_011_RZ,0.0074480692786710306,0.0074480692786710306,False
random_bp,expectation_value,same_entangling_gate_count,pm_12q_bp_sweep,hea,RX_RY_RZ_CNOT,none,linear,cnot,global,12,4,4,44,44,11,16,1,2,0,RX,0,72,layer_002_wire_000_RX,0.0035191570896451188,0.0035191570896451188,False
random_bp,expectation_value,same_entangling_gate_count,pm_12q_bp_sweep,hea,RX_RY_RZ_CNOT,none,linear,cnot,global,12,4,4,44,44,11,16,1,2,0,RY,1,73,layer_002_wire_000_RY,-0.0028273637182608244,0.0028273637182608244,False
random_bp,expectation_value,same_entangling_gate_count,pm_12q_bp_sweep,hea,RX_RY_RZ_CNOT,none,linear,cnot,global,12,4,4,44,44,11,16,1,2,0,RZ,2,74,layer_002_wire_000_RZ,-1.751374039361628e-18,1.751374039361628e-18,True
random_bp,expectation_value,same_entangling_gate_count,pm_12q_bp_sweep,hea,RX_RY_RZ_CNOT,none,linear,cnot,global,12,4,4,44,44,11,16,1,2,1,RX,0,75,layer_002_wire_001_RX,0.0028237945022608624,0.0028237945022608624,False
random_bp,expectation_value,same_entangling_gate_count,pm_12q_bp_sweep,hea,RX_RY_RZ_CNOT,none,linear,cnot,global,12,4,4,44,44,11,16,1,2,1,RY,1,76,layer_002_wire_001_RY,0.0005957939200729925,0.0005957939200729925,False
random_bp,expectation_value,same_entangling_gate_count,pm_12q_bp_sweep,hea,RX_RY_RZ_CNOT,none,linear,cnot,global,12,4,4,44,44,11,16,1,2,1,RZ,2,77,layer_002_wire_001_RZ,0.0004328062542937351,0.0004328062542937351,False
random_bp,expectation_value,same_entangling_gate_count,pm_12q_bp_sweep,hea,RX_RY_RZ_CNOT,none,linear,cnot,global,12,4,4,44,44,11,16,1,2,2,RX,0,78,layer_002_wire_002_RX,-0.013464068039664743,0.013464068039664743,False
random_bp,expectation_value,same_entangling_gate_count,pm_12q_bp_sweep,hea,RX_RY_RZ_CNOT,none,linear,cnot,global,12,4,4,44,44,11,16,1,2,2,RY,1,79,layer_002_wire_002_RY,-0.008774185453259599,0.008774185453259599,False
random_bp,expectation_value,same_entangling_gate_count,pm_12q_bp_sweep,hea,RX_RY_RZ_CNOT,none,linear,cnot,global,12,4,4,44,44,11,16,1,2,2,RZ,2,80,layer_002_wire_002_RZ,0.01498453461807522,0.01498453461807522,False
random_bp,expectation_value,same_entangling_gate_count,pm_12q_bp_sweep,hea,RX_RY_RZ_CNOT,none,linear,cnot,global,12,4,4,44,44,11,16,1,2,3,RX,0,81,layer_002_wire_003_RX,-0.0029596494281699938,0.0029596494281699938,False
random_bp,expectation_value,same_entangling_gate_count,pm_12q_bp_sweep,hea,RX_RY_RZ_CNOT,none,linear,cnot,global,12,4,4,44,44,11,16,1,2,3,RY,1,82,layer_002_wire_003_RY,-0.01646598742650004,0.01646598742650004,False
random_bp,expectation_value,same_entangling_gate_count,pm_12q_bp_sweep,hea,RX_RY_RZ_CNOT,none,linear,cnot,global,12,4,4,44,44,11,16,1,2,3,RZ,2,83,layer_002_wire_003_RZ,0.0019083608357756596,0.0019083608357756596,False
random_bp,expectation_value,same_entangling_gate_count,pm_12q_bp_sweep,hea,RX_RY_RZ_CNOT,none,linear,cnot,global,12,4,4,44,44,11,16,1,2,4,RX,0,84,layer_002_wire_004_RX,-0.0031054346197709895,0.0031054346197709895,False
random_bp,expectation_value,same_entangling_gate_count,pm_12q_bp_sweep,hea,RX_RY_RZ_CNOT,none,linear,cnot,global,12,4,4,44,44,11,16,1,2,4,RY,1,85,layer_002_wire_004_RY,0.004372215118186115,0.004372215118186115,False
random_bp,expectation_value,same_entangling_gate_count,pm_12q_bp_sweep,hea,RX_RY_RZ_CNOT,none,linear,cnot,global,12,4,4,44,44,11,16,1,2,4,RZ,2,86,layer_002_wire_004_RZ,0.002571831939059379,0.002571831939059379,False
random_bp,expectation_value,same_entangling_gate_count,pm_12q_bp_sweep,hea,RX_RY_RZ_CNOT,none,linear,cnot,global,12,4,4,44,44,11,16,1,2,5,RX,0,87,layer_002_wire_005_RX,0.0013991655282039677,0.0013991655282039677,False
random_bp,expectation_value,same_entangling_gate_count,pm_12q_bp_sweep,hea,RX_RY_RZ_CNOT,none,linear,cnot,global,12,4,4,44,44,11,16,1,2,5,RY,1,88,layer_002_wire_005_RY,-0.016422543260033024,0.016422543260033024,False
random_bp,expectation_value,same_entangling_gate_count,pm_12q_bp_sweep,hea,RX_RY_RZ_CNOT,none,linear,cnot,global,12,4,4,44,44,11,16,1,2,5,RZ,2,89,layer_002_wire_005_RZ,0.004274954010998632,0.004274954010998632,False
random_bp,expectation_value,same_entangling_gate_count,pm_12q_bp_sweep,hea,RX_RY_RZ_CNOT,none,linear,cnot,global,12,4,4,44,44,11,16,1,2,6,RX,0,90,layer_002_wire_006_RX,6.692720412029385e-06,6.692720412029385e-06,False
random_bp,expectation_value,same_entangling_gate_count,pm_12q_bp_sweep,hea,RX_RY_RZ_CNOT,none,linear,cnot,global,12,4,4,44,44,11,16,1,2,6,RY,1,91,layer_002_wire_006_RY,-0.009538873581061546,0.009538873581061546,False
random_bp,expectation_value,same_entangling_gate_count,pm_12q_bp_sweep,hea,RX_RY_RZ_CNOT,none,linear,cnot,global,12,4,4,44,44,11,16,1,2,6,RZ,2,92,layer_002_wire_006_RZ,-0.001899616019659251,0.001899616019659251,False
random_bp,expectation_value,same_entangling_gate_count,pm_12q_bp_sweep,hea,RX_RY_RZ_CNOT,none,linear,cnot,global,12,4,4,44,44,11,16,1,2,7,RX,0,93,layer_002_wire_007_RX,-0.00455979552581512,0.00455979552581512,False
random_bp,expectation_value,same_entangling_gate_count,pm_12q_bp_sweep,hea,RX_RY_RZ_CNOT,none,linear,cnot,global,12,4,4,44,44,11,16,1,2,7,RY,1,94,layer_002_wire_007_RY,0.007459795578118234,0.007459795578118234,False
random_bp,expectation_value,same_entangling_gate_count,pm_12q_bp_sweep,hea,RX_RY_RZ_CNOT,none,linear,cnot,global,12,4,4,44,44,11,16,1,2,7,RZ,2,95,layer_002_wire_007_RZ,-0.004707946255184748,0.004707946255184748,False
random_bp,expectation_value,same_entangling_gate_count,pm_12q_bp_sweep,hea,RX_RY_RZ_CNOT,none,linear,cnot,global,12,4,4,44,44,11,16,1,2,8,RX,0,96,layer_002_wire_008_RX,0.00655931643518992,0.00655931643518992,False
random_bp,expectation_value,same_entangling_gate_count,pm_12q_bp_sweep,hea,RX_RY_RZ_CNOT,none,linear,cnot,global,12,4,4,44,44,11,16,1,2,8,RY,1,97,layer_002_wire_008_RY,-0.005285305121107219,0.005285305121107219,False
random_bp,expectation_value,same_entangling_gate_count,pm_12q_bp_sweep,hea,RX_RY_RZ_CNOT,none,linear,cnot,global,12,4,4,44,44,11,16,1,2,8,RZ,2,98,layer_002_wire_008_RZ,-0.004144697423549379,0.004144697423549379,False
random_bp,expectation_value,same_entangling_gate_count,pm_12q_bp_sweep,hea,RX_RY_RZ_CNOT,none,linear,cnot,global,12,4,4,44,44,11,16,1,2,9,RX,0,99,layer_002_wire_009_RX,0.014976885890050272,0.014976885890050272,False
random_bp,expectation_value,same_entangling_gate_count,pm_12q_bp_sweep,hea,RX_RY_RZ_CNOT,none,linear,cnot,global,12,4,4,44,44,11,16,1,2,9,RY,1,100,layer_002_wire_009_RY,-0.008085985524605759,0.008085985524605759,False
random_bp,expectation_value,same_entangling_gate_count,pm_12q_bp_sweep,hea,RX_RY_RZ_CNOT,none,linear,cnot,global,12,4,4,44,44,11,16,1,2,9,RZ,2,101,layer_002_wire_009_RZ,-0.010241013087639467,0.010241013087639467,False
random_bp,expectation_value,same_entangling_gate_count,pm_12q_bp_sweep,hea,RX_RY_RZ_CNOT,none,linear,cnot,global,12,4,4,44,44,11,16,1,2,10,RX,0,102,layer_002_wire_010_RX,0.0036378114578025315,0.0036378114578025315,False
random_bp,expectation_value,same_entangling_gate_count,pm_12q_bp_sweep,hea,RX_RY_RZ_CNOT,none,linear,cnot,global,12,4,4,44,44,11,16,1,2,10,RY,1,103,layer_002_wire_010_RY,-0.0032798325113147825,0.0032798325113147825,False
random_bp,expectation_value,same_entangling_gate_count,pm_12q_bp_sweep,hea,RX_RY_RZ_CNOT,none,linear,cnot,global,12,4,4,44,44,11,16,1,2,10,RZ,2,104,layer_002_wire_010_RZ,-0.0022845265234899327,0.0022845265234899327,False
random_bp,expectation_value,same_entangling_gate_count,pm_12q_bp_sweep,hea,RX_RY_RZ_CNOT,none,linear,cnot,global,12,4,4,44,44,11,16,1,2,11,RX,0,105,layer_002_wire_011_RX,-0.0011496719833756109,0.0011496719833756109,False
random_bp,expectation_value,same_entangling_gate_count,pm_12q_bp_sweep,hea,RX_RY_RZ_CNOT,none,linear,cnot,global,12,4,4,44,44,11,16,1,2,11,RY,1,106,layer_002_wire_011_RY,0.0031657905503548796,0.0031657905503548796,False
random_bp,expectation_value,same_entangling_gate_count,pm_12q_bp_sweep,hea,RX_RY_RZ_CNOT,none,linear,cnot,global,12,4,4,44,44,11,16,1,2,11,RZ,2,107,layer_002_wire_011_RZ,-0.004271670000330447,0.004271670000330447,False
random_bp,expectation_value,same_entangling_gate_count,pm_12q_bp_sweep,hea,RX_RY_RZ_CNOT,none,linear,cnot,global,12,4,4,44,44,11,16,1,3,0,RX,0,108,layer_003_wire_000_RX,1.757762772142124e-17,1.757762772142124e-17,True
random_bp,expectation_value,same_entangling_gate_count,pm_12q_bp_sweep,hea,RX_RY_RZ_CNOT,none,linear,cnot,global,12,4,4,44,44,11,16,1,3,0,RY,1,109,layer_003_wire_000_RY,1.0842021724855044e-18,1.0842021724855044e-18,True
random_bp,expectation_value,same_entangling_gate_count,pm_12q_bp_sweep,hea,RX_RY_RZ_CNOT,none,linear,cnot,global,12,4,4,44,44,11,16,1,3,0,RZ,2,110,layer_003_wire_000_RZ,-8.366871811666685e-18,8.366871811666685e-18,True
random_bp,expectation_value,same_entangling_gate_count,pm_12q_bp_sweep,hea,RX_RY_RZ_CNOT,none,linear,cnot,global,12,4,4,44,44,11,16,1,3,1,RX,0,111,layer_003_wire_001_RX,-0.0004145091470161713,0.0004145091470161713,False
random_bp,expectation_value,same_entangling_gate_count,pm_12q_bp_sweep,hea,RX_RY_RZ_CNOT,none,linear,cnot,global,12,4,4,44,44,11,16,1,3,1,RY,1,112,layer_003_wire_001_RY,0.01834443483401617,0.01834443483401617,False
random_bp,expectation_value,same_entangling_gate_count,pm_12q_bp_sweep,hea,RX_RY_RZ_CNOT,none,linear,cnot,global,12,4,4,44,44,11,16,1,3,1,RZ,2,113,layer_003_wire_001_RZ,-7.016767680150754e-18,7.016767680150754e-18,True
random_bp,expectation_value,same_entangling_gate_count,pm_12q_bp_sweep,hea,RX_RY_RZ_CNOT,none,linear,cnot,global,12,4,4,44,44,11,16,1,3,2,RX,0,114,layer_003_wire_002_RX,9.974659986866641e-18,9.974659986866641e-18,True
random_bp,expectation_value,same_entangling_gate_count,pm_12q_bp_sweep,hea,RX_RY_RZ_CNOT,none,linear,cnot,global,12,4,4,44,44,11,16,1,3,2,RY,1,115,layer_003_wire_002_RY,1.6479873021779667e-17,1.6479873021779667e-17,True
random_bp,expectation_value,same_entangling_gate_count,pm_12q_bp_sweep,hea,RX_RY_RZ_CNOT,none,linear,cnot,global,12,4,4,44,44,11,16,1,3,2,RZ,2,116,layer_003_wire_002_RZ,1.973110409217103e-18,1.973110409217103e-18,True
random_bp,expectation_value,same_entangling_gate_count,pm_12q_bp_sweep,hea,RX_RY_RZ_CNOT,none,linear,cnot,global,12,4,4,44,44,11,16,1,3,3,RX,0,117,layer_003_wire_003_RX,-0.0009363697918579822,0.0009363697918579822,False
random_bp,expectation_value,same_entangling_gate_count,pm_12q_bp_sweep,hea,RX_RY_RZ_CNOT,none,linear,cnot,global,12,4,4,44,44,11,16,1,3,3,RY,1,118,layer_003_wire_003_RY,0.004116021418265581,0.004116021418265581,False
random_bp,expectation_value,same_entangling_gate_count,pm_12q_bp_sweep,hea,RX_RY_RZ_CNOT,none,linear,cnot,global,12,4,4,44,44,11,16,1,3,3,RZ,2,119,layer_003_wire_003_RZ,-2.6416027724946993e-18,2.6416027724946993e-18,True
random_bp,expectation_value,same_entangling_gate_count,pm_12q_bp_sweep,hea,RX_RY_RZ_CNOT,none,linear,cnot,global,12,4,4,44,44,11,16,1,3,4,RX,0,120,layer_003_wire_004_RX,2.927345865710862e-18,2.927345865710862e-18,True
random_bp,expectation_value,same_entangling_gate_count,pm_12q_bp_sweep,hea,RX_RY_RZ_CNOT,none,linear,cnot,global,12,4,4,44,44,11,16,1,3,4,RY,1,121,layer_003_wire_004_RY,-1.0842021724855044e-19,1.0842021724855044e-19,True
random_bp,expectation_value,same_entangling_gate_count,pm_12q_bp_sweep,hea,RX_RY_RZ_CNOT,none,linear,cnot,global,12,4,4,44,44,11,16,1,3,4,RZ,2,122,layer_003_wire_004_RZ,-1.9299229188767654e-18,1.9299229188767654e-18,True
random_bp,expectation_value,same_entangling_gate_count,pm_12q_bp_sweep,hea,RX_RY_RZ_CNOT,none,linear,cnot,global,12,4,4,44,44,11,16,1,3,5,RX,0,123,layer_003_wire_005_RX,-0.017550772163391355,0.017550772163391355,False
random_bp,expectation_value,same_entangling_gate_count,pm_12q_bp_sweep,hea,RX_RY_RZ_CNOT,none,linear,cnot,global,12,4,4,44,44,11,16,1,3,5,RY,1,124,layer_003_wire_005_RY,0.004134593321168533,0.004134593321168533,False
random_bp,expectation_value,same_entangling_gate_count,pm_12q_bp_sweep,hea,RX_RY_RZ_CNOT,none,linear,cnot,global,12,4,4,44,44,11,16,1,3,5,RZ,2,125,layer_003_wire_005_RZ,-7.7613516592808e-18,7.7613516592808e-18,True
random_bp,expectation_value,same_entangling_gate_count,pm_12q_bp_sweep,hea,RX_RY_RZ_CNOT,none,linear,cnot,global,12,4,4,44,44,11,16,1,3,6,RX,0,126,layer_003_wire_006_RX,-6.5052130349130266e-18,6.5052130349130266e-18,True
random_bp,expectation_value,same_entangling_gate_count,pm_12q_bp_sweep,hea,RX_RY_RZ_CNOT,none,linear,cnot,global,12,4,4,44,44,11,16,1,3,6,RY,1,127,layer_003_wire_006_RY,8.673617379884035e-18,8.673617379884035e-18,True
random_bp,expectation_value,same_entangling_gate_count,pm_12q_bp_sweep,hea,RX_RY_RZ_CNOT,none,linear,cnot,global,12,4,4,44,44,11,16,1,3,6,RZ,2,128,layer_003_wire_006_RZ,-7.551967226740127e-18,7.551967226740127e-18,True
random_bp,expectation_value,same_entangling_gate_count,pm_12q_bp_sweep,hea,RX_RY_RZ_CNOT,none,linear,cnot,global,12,4,4,44,44,11,16,1,3,7,RX,0,129,layer_003_wire_007_RX,0.0017685773278569847,0.0017685773278569847,False
random_bp,expectation_value,same_entangling_gate_count,pm_12q_bp_sweep,hea,RX_RY_RZ_CNOT,none,linear,cnot,global,12,4,4,44,44,11,16,1,3,7,RY,1,130,layer_003_wire_007_RY,-0.006822368822213942,0.006822368822213942,False
random_bp,expectation_value,same_entangling_gate_count,pm_12q_bp_sweep,hea,RX_RY_RZ_CNOT,none,linear,cnot,global,12,4,4,44,44,11,16,1,3,7,RZ,2,131,layer_003_wire_007_RZ,-7.269941136940948e-18,7.269941136940948e-18,True
random_bp,expectation_value,same_entangling_gate_count,pm_12q_bp_sweep,hea,RX_RY_RZ_CNOT,none,linear,cnot,global,12,4,4,44,44,11,16,1,3,8,RX,0,132,layer_003_wire_008_RX,5.339695699491109e-18,5.339695699491109e-18,True
random_bp,expectation_value,same_entangling_gate_count,pm_12q_bp_sweep,hea,RX_RY_RZ_CNOT,none,linear,cnot,global,12,4,4,44,44,11,16,1,3,8,RY,1,133,layer_003_wire_008_RY,-4.119968255444917e-18,4.119968255444917e-18,True
random_bp,expectation_value,same_entangling_gate_count,pm_12q_bp_sweep,hea,RX_RY_RZ_CNOT,none,linear,cnot,global,12,4,4,44,44,11,16,1,3,8,RZ,2,134,layer_003_wire_008_RZ,-3.383890225680051e-18,3.383890225680051e-18,True
random_bp,expectation_value,same_entangling_gate_count,pm_12q_bp_sweep,hea,RX_RY_RZ_CNOT,none,linear,cnot,global,12,4,4,44,44,11,16,1,3,9,RX,0,135,layer_003_wire_009_RX,-0.003837270201553566,0.003837270201553566,False
random_bp,expectation_value,same_entangling_gate_count,pm_12q_bp_sweep,hea,RX_RY_RZ_CNOT,none,linear,cnot,global,12,4,4,44,44,11,16,1,3,9,RY,1,136,layer_003_wire_009_RY,0.001561797140072717,0.001561797140072717,False
random_bp,expectation_value,same_entangling_gate_count,pm_12q_bp_sweep,hea,RX_RY_RZ_CNOT,none,linear,cnot,global,12,4,4,44,44,11,16,1,3,9,RZ,2,137,layer_003_wire_009_RZ,-4.288915199380624e-18,4.288915199380624e-18,True
random_bp,expectation_value,same_entangling_gate_count,pm_12q_bp_sweep,hea,RX_RY_RZ_CNOT,none,linear,cnot,global,12,4,4,44,44,11,16,1,3,10,RX,0,138,layer_003_wire_010_RX,4.336808689942018e-19,4.336808689942018e-19,True
random_bp,expectation_value,same_entangling_gate_count,pm_12q_bp_sweep,hea,RX_RY_RZ_CNOT,none,linear,cnot,global,12,4,4,44,44,11,16,1,3,10,RY,1,139,layer_003_wire_010_RY,1.0257568991249577e-17,1.0257568991249577e-17,True
random_bp,expectation_value,same_entangling_gate_count,pm_12q_bp_sweep,hea,RX_RY_RZ_CNOT,none,linear,cnot,global,12,4,4,44,44,11,16,1,3,10,RZ,2,140,layer_003_wire_010_RZ,-5.330669796793922e-18,5.330669796793922e-18,True
random_bp,expectation_value,same_entangling_gate_count,pm_12q_bp_sweep,hea,RX_RY_RZ_CNOT,none,linear,cnot,global,12,4,4,44,44,11,16,1,3,11,RX,0,141,layer_003_wire_011_RX,0.003780737529378023,0.003780737529378023,False
random_bp,expectation_value,same_entangling_gate_count,pm_12q_bp_sweep,hea,RX_RY_RZ_CNOT,none,linear,cnot,global,12,4,4,44,44,11,16,1,3,11,RY,1,142,layer_003_wire_011_RY,-0.022845272651955663,0.022845272651955663,False
random_bp,expectation_value,same_entangling_gate_count,pm_12q_bp_sweep,hea,RX_RY_RZ_CNOT,none,linear,cnot,global,12,4,4,44,44,11,16,1,3,11,RZ,2,143,layer_003_wire_011_RZ,-4.327058707165344e-18,4.327058707165344e-18,True
random_bp,expectation_value,same_entangling_gate_count,pm_12q_bp_sweep,hea,RX_RY_RZ_CNOT,none,linear,cnot,global,12,4,4,44,44,11,17,2,0,0,RX,0,0,layer_000_wire_000_RX,0.0027020352359039233,0.0027020352359039233,False
random_bp,expectation_value,same_entangling_gate_count,pm_12q_bp_sweep,hea,RX_RY_RZ_CNOT,none,linear,cnot,global,12,4,4,44,44,11,17,2,0,0,RY,1,1,layer_000_wire_000_RY,-0.0002922355441422461,0.0002922355441422461,False
random_bp,expectation_value,same_entangling_gate_count,pm_12q_bp_sweep,hea,RX_RY_RZ_CNOT,none,linear,cnot,global,12,4,4,44,44,11,17,2,0,0,RZ,2,2,layer_000_wire_000_RZ,0.003777009696887125,0.003777009696887125,False
random_bp,expectation_value,same_entangling_gate_count,pm_12q_bp_sweep,hea,RX_RY_RZ_CNOT,none,linear,cnot,global,12,4,4,44,44,11,17,2,0,1,RX,0,3,layer_000_wire_001_RX,0.0051611782623757225,0.0051611782623757225,False
random_bp,expectation_value,same_entangling_gate_count,pm_12q_bp_sweep,hea,RX_RY_RZ_CNOT,none,linear,cnot,global,12,4,4,44,44,11,17,2,0,1,RY,1,4,layer_000_wire_001_RY,4.982257053993402e-05,4.982257053993402e-05,False
random_bp,expectation_value,same_entangling_gate_count,pm_12q_bp_sweep,hea,RX_RY_RZ_CNOT,none,linear,cnot,global,12,4,4,44,44,11,17,2,0,1,RZ,2,5,layer_000_wire_001_RZ,-0.00301004753371895,0.00301004753371895,False
random_bp,expectation_value,same_entangling_gate_count,pm_12q_bp_sweep,hea,RX_RY_RZ_CNOT,none,linear,cnot,global,12,4,4,44,44,11,17,2,0,2,RX,0,6,layer_000_wire_002_RX,0.014265817115583794,0.014265817115583794,False
random_bp,expectation_value,same_entangling_gate_count,pm_12q_bp_sweep,hea,RX_RY_RZ_CNOT,none,linear,cnot,global,12,4,4,44,44,11,17,2,0,2,RY,1,7,layer_000_wire_002_RY,-0.003758305680542928,0.003758305680542928,False
random_bp,expectation_value,same_entangling_gate_count,pm_12q_bp_sweep,hea,RX_RY_RZ_CNOT,none,linear,cnot,global,12,4,4,44,44,11,17,2,0,2,RZ,2,8,layer_000_wire_002_RZ,0.013440045735587916,0.013440045735587916,False
random_bp,expectation_value,same_entangling_gate_count,pm_12q_bp_sweep,hea,RX_RY_RZ_CNOT,none,linear,cnot,global,12,4,4,44,44,11,17,2,0,3,RX,0,9,layer_000_wire_003_RX,0.005649865193622323,0.005649865193622323,False
random_bp,expectation_value,same_entangling_gate_count,pm_12q_bp_sweep,hea,RX_RY_RZ_CNOT,none,linear,cnot,global,12,4,4,44,44,11,17,2,0,3,RY,1,10,layer_000_wire_003_RY,0.0019384352872230315,0.0019384352872230315,False
random_bp,expectation_value,same_entangling_gate_count,pm_12q_bp_sweep,hea,RX_RY_RZ_CNOT,none,linear,cnot,global,12,4,4,44,44,11,17,2,0,3,RZ,2,11,layer_000_wire_003_RZ,0.000571092642711599,0.000571092642711599,False
random_bp,expectation_value,same_entangling_gate_count,pm_12q_bp_sweep,hea,RX_RY_RZ_CNOT,none,linear,cnot,global,12,4,4,44,44,11,17,2,0,4,RX,0,12,layer_000_wire_004_RX,-0.001336587353987402,0.001336587353987402,False
random_bp,expectation_value,same_entangling_gate_count,pm_12q_bp_sweep,hea,RX_RY_RZ_CNOT,none,linear,cnot,global,12,4,4,44,44,11,17,2,0,4,RY,1,13,layer_000_wire_004_RY,0.0002362590906263987,0.0002362590906263987,False
random_bp,expectation_value,same_entangling_gate_count,pm_12q_bp_sweep,hea,RX_RY_RZ_CNOT,none,linear,cnot,global,12,4,4,44,44,11,17,2,0,4,RZ,2,14,layer_000_wire_004_RZ,0.0011167161703726238,0.0011167161703726238,False
random_bp,expectation_value,same_entangling_gate_count,pm_12q_bp_sweep,hea,RX_RY_RZ_CNOT,none,linear,cnot,global,12,4,4,44,44,11,17,2,0,5,RX,0,15,layer_000_wire_005_RX,-0.004110869086912061,0.004110869086912061,False
random_bp,expectation_value,same_entangling_gate_count,pm_12q_bp_sweep,hea,RX_RY_RZ_CNOT,none,linear,cnot,global,12,4,4,44,44,11,17,2,0,5,RY,1,16,layer_000_wire_005_RY,0.0016901250938533888,0.0016901250938533888,False
random_bp,expectation_value,same_entangling_gate_count,pm_12q_bp_sweep,hea,RX_RY_RZ_CNOT,none,linear,cnot,global,12,4,4,44,44,11,17,2,0,5,RZ,2,17,layer_000_wire_005_RZ,-0.000999213400851576,0.000999213400851576,False
random_bp,expectation_value,same_entangling_gate_count,pm_12q_bp_sweep,hea,RX_RY_RZ_CNOT,none,linear,cnot,global,12,4,4,44,44,11,17,2,0,6,RX,0,18,layer_000_wire_006_RX,0.0018551960472206071,0.0018551960472206071,False
random_bp,expectation_value,same_entangling_gate_count,pm_12q_bp_sweep,hea,RX_RY_RZ_CNOT,none,linear,cnot,global,12,4,4,44,44,11,17,2,0,6,RY,1,19,layer_000_wire_006_RY,0.0073519269920904184,0.0073519269920904184,False
random_bp,expectation_value,same_entangling_gate_count,pm_12q_bp_sweep,hea,RX_RY_RZ_CNOT,none,linear,cnot,global,12,4,4,44,44,11,17,2,0,6,RZ,2,20,layer_000_wire_006_RZ,0.004000944953253234,0.004000944953253234,False
random_bp,expectation_value,same_entangling_gate_count,pm_12q_bp_sweep,hea,RX_RY_RZ_CNOT,none,linear,cnot,global,12,4,4,44,44,11,17,2,0,7,RX,0,21,layer_000_wire_007_RX,0.004019142146076528,0.004019142146076528,False
random_bp,expectation_value,same_entangling_gate_count,pm_12q_bp_sweep,hea,RX_RY_RZ_CNOT,none,linear,cnot,global,12,4,4,44,44,11,17,2,0,7,RY,1,22,layer_000_wire_007_RY,0.005037310936685111,0.005037310936685111,False
random_bp,expectation_value,same_entangling_gate_count,pm_12q_bp_sweep,hea,RX_RY_RZ_CNOT,none,linear,cnot,global,12,4,4,44,44,11,17,2,0,7,RZ,2,23,layer_000_wire_007_RZ,-0.0028102846965227172,0.0028102846965227172,False
random_bp,expectation_value,same_entangling_gate_count,pm_12q_bp_sweep,hea,RX_RY_RZ_CNOT,none,linear,cnot,global,12,4,4,44,44,11,17,2,0,8,RX,0,24,layer_000_wire_008_RX,0.00038013679159654753,0.00038013679159654753,False
random_bp,expectation_value,same_entangling_gate_count,pm_12q_bp_sweep,hea,RX_RY_RZ_CNOT,none,linear,cnot,global,12,4,4,44,44,11,17,2,0,8,RY,1,25,layer_000_wire_008_RY,-0.0021820515227803476,0.0021820515227803476,False
random_bp,expectation_value,same_entangling_gate_count,pm_12q_bp_sweep,hea,RX_RY_RZ_CNOT,none,linear,cnot,global,12,4,4,44,44,11,17,2,0,8,RZ,2,26,layer_000_wire_008_RZ,-0.0044232588401596305,0.0044232588401596305,False
random_bp,expectation_value,same_entangling_gate_count,pm_12q_bp_sweep,hea,RX_RY_RZ_CNOT,none,linear,cnot,global,12,4,4,44,44,11,17,2,0,9,RX,0,27,layer_000_wire_009_RX,0.008017266999656684,0.008017266999656684,False
random_bp,expectation_value,same_entangling_gate_count,pm_12q_bp_sweep,hea,RX_RY_RZ_CNOT,none,linear,cnot,global,12,4,4,44,44,11,17,2,0,9,RY,1,28,layer_000_wire_009_RY,-0.0006586767653156285,0.0006586767653156285,False
random_bp,expectation_value,same_entangling_gate_count,pm_12q_bp_sweep,hea,RX_RY_RZ_CNOT,none,linear,cnot,global,12,4,4,44,44,11,17,2,0,9,RZ,2,29,layer_000_wire_009_RZ,0.006396908758828753,0.006396908758828753,False
random_bp,expectation_value,same_entangling_gate_count,pm_12q_bp_sweep,hea,RX_RY_RZ_CNOT,none,linear,cnot,global,12,4,4,44,44,11,17,2,0,10,RX,0,30,layer_000_wire_010_RX,0.0025220261469425225,0.0025220261469425225,False
random_bp,expectation_value,same_entangling_gate_count,pm_12q_bp_sweep,hea,RX_RY_RZ_CNOT,none,linear,cnot,global,12,4,4,44,44,11,17,2,0,10,RY,1,31,layer_000_wire_010_RY,0.0016913980159325142,0.0016913980159325142,False
random_bp,expectation_value,same_entangling_gate_count,pm_12q_bp_sweep,hea,RX_RY_RZ_CNOT,none,linear,cnot,global,12,4,4,44,44,11,17,2,0,10,RZ,2,32,layer_000_wire_010_RZ,-0.005732056330853774,0.005732056330853774,False
random_bp,expectation_value,same_entangling_gate_count,pm_12q_bp_sweep,hea,RX_RY_RZ_CNOT,none,linear,cnot,global,12,4,4,44,44,11,17,2,0,11,RX,0,33,layer_000_wire_011_RX,0.00041642243201001766,0.00041642243201001766,False
random_bp,expectation_value,same_entangling_gate_count,pm_12q_bp_sweep,hea,RX_RY_RZ_CNOT,none,linear,cnot,global,12,4,4,44,44,11,17,2,0,11,RY,1,34,layer_000_wire_011_RY,-0.011699796319570018,0.011699796319570018,False
random_bp,expectation_value,same_entangling_gate_count,pm_12q_bp_sweep,hea,RX_RY_RZ_CNOT,none,linear,cnot,global,12,4,4,44,44,11,17,2,0,11,RZ,2,35,layer_000_wire_011_RZ,0.009687467447012441,0.009687467447012441,False
random_bp,expectation_value,same_entangling_gate_count,pm_12q_bp_sweep,hea,RX_RY_RZ_CNOT,none,linear,cnot,global,12,4,4,44,44,11,17,2,1,0,RX,0,36,layer_001_wire_000_RX,-0.0005654440651345123,0.0005654440651345123,False
random_bp,expectation_value,same_entangling_gate_count,pm_12q_bp_sweep,hea,RX_RY_RZ_CNOT,none,linear,cnot,global,12,4,4,44,44,11,17,2,1,0,RY,1,37,layer_001_wire_000_RY,-0.0006571593638658182,0.0006571593638658182,False
random_bp,expectation_value,same_entangling_gate_count,pm_12q_bp_sweep,hea,RX_RY_RZ_CNOT,none,linear,cnot,global,12,4,4,44,44,11,17,2,1,0,RZ,2,38,layer_001_wire_000_RZ,0.0034176822160783466,0.0034176822160783466,False
random_bp,expectation_value,same_entangling_gate_count,pm_12q_bp_sweep,hea,RX_RY_RZ_CNOT,none,linear,cnot,global,12,4,4,44,44,11,17,2,1,1,RX,0,39,layer_001_wire_001_RX,0.0069571579444310805,0.0069571579444310805,False
random_bp,expectation_value,same_entangling_gate_count,pm_12q_bp_sweep,hea,RX_RY_RZ_CNOT,none,linear,cnot,global,12,4,4,44,44,11,17,2,1,1,RY,1,40,layer_001_wire_001_RY,0.004680698401537672,0.004680698401537672,False
random_bp,expectation_value,same_entangling_gate_count,pm_12q_bp_sweep,hea,RX_RY_RZ_CNOT,none,linear,cnot,global,12,4,4,44,44,11,17,2,1,1,RZ,2,41,layer_001_wire_001_RZ,-0.0011770169258451132,0.0011770169258451132,False
random_bp,expectation_value,same_entangling_gate_count,pm_12q_bp_sweep,hea,RX_RY_RZ_CNOT,none,linear,cnot,global,12,4,4,44,44,11,17,2,1,2,RX,0,42,layer_001_wire_002_RX,0.0031658806541197083,0.0031658806541197083,False
random_bp,expectation_value,same_entangling_gate_count,pm_12q_bp_sweep,hea,RX_RY_RZ_CNOT,none,linear,cnot,global,12,4,4,44,44,11,17,2,1,2,RY,1,43,layer_001_wire_002_RY,0.005031863516017832,0.005031863516017832,False
random_bp,expectation_value,same_entangling_gate_count,pm_12q_bp_sweep,hea,RX_RY_RZ_CNOT,none,linear,cnot,global,12,4,4,44,44,11,17,2,1,2,RZ,2,44,layer_001_wire_002_RZ,-0.0002411379458453103,0.0002411379458453103,False
random_bp,expectation_value,same_entangling_gate_count,pm_12q_bp_sweep,hea,RX_RY_RZ_CNOT,none,linear,cnot,global,12,4,4,44,44,11,17,2,1,3,RX,0,45,layer_001_wire_003_RX,-0.0012975569151057395,0.0012975569151057395,False
random_bp,expectation_value,same_entangling_gate_count,pm_12q_bp_sweep,hea,RX_RY_RZ_CNOT,none,linear,cnot,global,12,4,4,44,44,11,17,2,1,3,RY,1,46,layer_001_wire_003_RY,-0.0003297723265625783,0.0003297723265625783,False
random_bp,expectation_value,same_entangling_gate_count,pm_12q_bp_sweep,hea,RX_RY_RZ_CNOT,none,linear,cnot,global,12,4,4,44,44,11,17,2,1,3,RZ,2,47,layer_001_wire_003_RZ,-0.006636023507660798,0.006636023507660798,False
random_bp,expectation_value,same_entangling_gate_count,pm_12q_bp_sweep,hea,RX_RY_RZ_CNOT,none,linear,cnot,global,12,4,4,44,44,11,17,2,1,4,RX,0,48,layer_001_wire_004_RX,0.0008872025357425858,0.0008872025357425858,False
random_bp,expectation_value,same_entangling_gate_count,pm_12q_bp_sweep,hea,RX_RY_RZ_CNOT,none,linear,cnot,global,12,4,4,44,44,11,17,2,1,4,RY,1,49,layer_001_wire_004_RY,-0.00020320979407535493,0.00020320979407535493,False
random_bp,expectation_value,same_entangling_gate_count,pm_12q_bp_sweep,hea,RX_RY_RZ_CNOT,none,linear,cnot,global,12,4,4,44,44,11,17,2,1,4,RZ,2,50,layer_001_wire_004_RZ,0.0033753958171356345,0.0033753958171356345,False
random_bp,expectation_value,same_entangling_gate_count,pm_12q_bp_sweep,hea,RX_RY_RZ_CNOT,none,linear,cnot,global,12,4,4,44,44,11,17,2,1,5,RX,0,51,layer_001_wire_005_RX,0.0032339308067822715,0.0032339308067822715,False
random_bp,expectation_value,same_entangling_gate_count,pm_12q_bp_sweep,hea,RX_RY_RZ_CNOT,none,linear,cnot,global,12,4,4,44,44,11,17,2,1,5,RY,1,52,layer_001_wire_005_RY,-0.01835019899598948,0.01835019899598948,False
random_bp,expectation_value,same_entangling_gate_count,pm_12q_bp_sweep,hea,RX_RY_RZ_CNOT,none,linear,cnot,global,12,4,4,44,44,11,17,2,1,5,RZ,2,53,layer_001_wire_005_RZ,-0.002734040214447639,0.002734040214447639,False
random_bp,expectation_value,same_entangling_gate_count,pm_12q_bp_sweep,hea,RX_RY_RZ_CNOT,none,linear,cnot,global,12,4,4,44,44,11,17,2,1,6,RX,0,54,layer_001_wire_006_RX,-0.0024700655720020113,0.0024700655720020113,False
random_bp,expectation_value,same_entangling_gate_count,pm_12q_bp_sweep,hea,RX_RY_RZ_CNOT,none,linear,cnot,global,12,4,4,44,44,11,17,2,1,6,RY,1,55,layer_001_wire_006_RY,-0.015206910062912898,0.015206910062912898,False
random_bp,expectation_value,same_entangling_gate_count,pm_12q_bp_sweep,hea,RX_RY_RZ_CNOT,none,linear,cnot,global,12,4,4,44,44,11,17,2,1,6,RZ,2,56,layer_001_wire_006_RZ,0.011879666914441006,0.011879666914441006,False
random_bp,expectation_value,same_entangling_gate_count,pm_12q_bp_sweep,hea,RX_RY_RZ_CNOT,none,linear,cnot,global,12,4,4,44,44,11,17,2,1,7,RX,0,57,layer_001_wire_007_RX,-0.0018046325071955525,0.0018046325071955525,False
random_bp,expectation_value,same_entangling_gate_count,pm_12q_bp_sweep,hea,RX_RY_RZ_CNOT,none,linear,cnot,global,12,4,4,44,44,11,17,2,1,7,RY,1,58,layer_001_wire_007_RY,-0.008900853159105743,0.008900853159105743,False
random_bp,expectation_value,same_entangling_gate_count,pm_12q_bp_sweep,hea,RX_RY_RZ_CNOT,none,linear,cnot,global,12,4,4,44,44,11,17,2,1,7,RZ,2,59,layer_001_wire_007_RZ,-0.007623801361192069,0.007623801361192069,False
random_bp,expectation_value,same_entangling_gate_count,pm_12q_bp_sweep,hea,RX_RY_RZ_CNOT,none,linear,cnot,global,12,4,4,44,44,11,17,2,1,8,RX,0,60,layer_001_wire_008_RX,0.009465838501968445,0.009465838501968445,False
random_bp,expectation_value,same_entangling_gate_count,pm_12q_bp_sweep,hea,RX_RY_RZ_CNOT,none,linear,cnot,global,12,4,4,44,44,11,17,2,1,8,RY,1,61,layer_001_wire_008_RY,0.001693895506291238,0.001693895506291238,False
random_bp,expectation_value,same_entangling_gate_count,pm_12q_bp_sweep,hea,RX_RY_RZ_CNOT,none,linear,cnot,global,12,4,4,44,44,11,17,2,1,8,RZ,2,62,layer_001_wire_008_RZ,0.006060142573590858,0.006060142573590858,False
random_bp,expectation_value,same_entangling_gate_count,pm_12q_bp_sweep,hea,RX_RY_RZ_CNOT,none,linear,cnot,global,12,4,4,44,44,11,17,2,1,9,RX,0,63,layer_001_wire_009_RX,-0.0029728358483206902,0.0029728358483206902,False
random_bp,expectation_value,same_entangling_gate_count,pm_12q_bp_sweep,hea,RX_RY_RZ_CNOT,none,linear,cnot,global,12,4,4,44,44,11,17,2,1,9,RY,1,64,layer_001_wire_009_RY,-0.006762788608429645,0.006762788608429645,False
random_bp,expectation_value,same_entangling_gate_count,pm_12q_bp_sweep,hea,RX_RY_RZ_CNOT,none,linear,cnot,global,12,4,4,44,44,11,17,2,1,9,RZ,2,65,layer_001_wire_009_RZ,-0.005507420074268849,0.005507420074268849,False
random_bp,expectation_value,same_entangling_gate_count,pm_12q_bp_sweep,hea,RX_RY_RZ_CNOT,none,linear,cnot,global,12,4,4,44,44,11,17,2,1,10,RX,0,66,layer_001_wire_010_RX,0.000907541028197715,0.000907541028197715,False
random_bp,expectation_value,same_entangling_gate_count,pm_12q_bp_sweep,hea,RX_RY_RZ_CNOT,none,linear,cnot,global,12,4,4,44,44,11,17,2,1,10,RY,1,67,layer_001_wire_010_RY,-0.002022459725786177,0.002022459725786177,False
random_bp,expectation_value,same_entangling_gate_count,pm_12q_bp_sweep,hea,RX_RY_RZ_CNOT,none,linear,cnot,global,12,4,4,44,44,11,17,2,1,10,RZ,2,68,layer_001_wire_010_RZ,-0.0010839808830157833,0.0010839808830157833,False
random_bp,expectation_value,same_entangling_gate_count,pm_12q_bp_sweep,hea,RX_RY_RZ_CNOT,none,linear,cnot,global,12,4,4,44,44,11,17,2,1,11,RX,0,69,layer_001_wire_011_RX,0.004402132284348661,0.004402132284348661,False
random_bp,expectation_value,same_entangling_gate_count,pm_12q_bp_sweep,hea,RX_RY_RZ_CNOT,none,linear,cnot,global,12,4,4,44,44,11,17,2,1,11,RY,1,70,layer_001_wire_011_RY,0.0048146511188439794,0.0048146511188439794,False
random_bp,expectation_value,same_entangling_gate_count,pm_12q_bp_sweep,hea,RX_RY_RZ_CNOT,none,linear,cnot,global,12,4,4,44,44,11,17,2,1,11,RZ,2,71,layer_001_wire_011_RZ,0.036384806614109956,0.036384806614109956,False
random_bp,expectation_value,same_entangling_gate_count,pm_12q_bp_sweep,hea,RX_RY_RZ_CNOT,none,linear,cnot,global,12,4,4,44,44,11,17,2,2,0,RX,0,72,layer_002_wire_000_RX,0.006124684524926995,0.006124684524926995,False
random_bp,expectation_value,same_entangling_gate_count,pm_12q_bp_sweep,hea,RX_RY_RZ_CNOT,none,linear,cnot,global,12,4,4,44,44,11,17,2,2,0,RY,1,73,layer_002_wire_000_RY,-0.0034254048651244607,0.0034254048651244607,False
random_bp,expectation_value,same_entangling_gate_count,pm_12q_bp_sweep,hea,RX_RY_RZ_CNOT,none,linear,cnot,global,12,4,4,44,44,11,17,2,2,0,RZ,2,74,layer_002_wire_000_RZ,-1.0252242614863408e-17,1.0252242614863408e-17,True
random_bp,expectation_value,same_entangling_gate_count,pm_12q_bp_sweep,hea,RX_RY_RZ_CNOT,none,linear,cnot,global,12,4,4,44,44,11,17,2,2,1,RX,0,75,layer_002_wire_001_RX,-0.007600663095691828,0.007600663095691828,False
random_bp,expectation_value,same_entangling_gate_count,pm_12q_bp_sweep,hea,RX_RY_RZ_CNOT,none,linear,cnot,global,12,4,4,44,44,11,17,2,2,1,RY,1,76,layer_002_wire_001_RY,-0.006142473155777577,0.006142473155777577,False
random_bp,expectation_value,same_entangling_gate_count,pm_12q_bp_sweep,hea,RX_RY_RZ_CNOT,none,linear,cnot,global,12,4,4,44,44,11,17,2,2,1,RZ,2,77,layer_002_wire_001_RZ,-0.0036817572639413565,0.0036817572639413565,False
random_bp,expectation_value,same_entangling_gate_count,pm_12q_bp_sweep,hea,RX_RY_RZ_CNOT,none,linear,cnot,global,12,4,4,44,44,11,17,2,2,2,RX,0,78,layer_002_wire_002_RX,-0.004762111804325483,0.004762111804325483,False
random_bp,expectation_value,same_entangling_gate_count,pm_12q_bp_sweep,hea,RX_RY_RZ_CNOT,none,linear,cnot,global,12,4,4,44,44,11,17,2,2,2,RY,1,79,layer_002_wire_002_RY,-0.014171606497050971,0.014171606497050971,False
random_bp,expectation_value,same_entangling_gate_count,pm_12q_bp_sweep,hea,RX_RY_RZ_CNOT,none,linear,cnot,global,12,4,4,44,44,11,17,2,2,2,RZ,2,80,layer_002_wire_002_RZ,0.0011678835907034484,0.0011678835907034484,False
random_bp,expectation_value,same_entangling_gate_count,pm_12q_bp_sweep,hea,RX_RY_RZ_CNOT,none,linear,cnot,global,12,4,4,44,44,11,17,2,2,3,RX,0,81,layer_002_wire_003_RX,-0.001517588812394867,0.001517588812394867,False
random_bp,expectation_value,same_entangling_gate_count,pm_12q_bp_sweep,hea,RX_RY_RZ_CNOT,none,linear,cnot,global,12,4,4,44,44,11,17,2,2,3,RY,1,82,layer_002_wire_003_RY,0.0006137577095374825,0.0006137577095374825,False
random_bp,expectation_value,same_entangling_gate_count,pm_12q_bp_sweep,hea,RX_RY_RZ_CNOT,none,linear,cnot,global,12,4,4,44,44,11,17,2,2,3,RZ,2,83,layer_002_wire_003_RZ,-0.00242363985551681,0.00242363985551681,False
random_bp,expectation_value,same_entangling_gate_count,pm_12q_bp_sweep,hea,RX_RY_RZ_CNOT,none,linear,cnot,global,12,4,4,44,44,11,17,2,2,4,RX,0,84,layer_002_wire_004_RX,-0.007969464494062363,0.007969464494062363,False
random_bp,expectation_value,same_entangling_gate_count,pm_12q_bp_sweep,hea,RX_RY_RZ_CNOT,none,linear,cnot,global,12,4,4,44,44,11,17,2,2,4,RY,1,85,layer_002_wire_004_RY,-0.003162456573401585,0.003162456573401585,False
random_bp,expectation_value,same_entangling_gate_count,pm_12q_bp_sweep,hea,RX_RY_RZ_CNOT,none,linear,cnot,global,12,4,4,44,44,11,17,2,2,4,RZ,2,86,layer_002_wire_004_RZ,-0.008024695470904595,0.008024695470904595,False
random_bp,expectation_value,same_entangling_gate_count,pm_12q_bp_sweep,hea,RX_RY_RZ_CNOT,none,linear,cnot,global,12,4,4,44,44,11,17,2,2,5,RX,0,87,layer_002_wire_005_RX,0.007332360590457656,0.007332360590457656,False
random_bp,expectation_value,same_entangling_gate_count,pm_12q_bp_sweep,hea,RX_RY_RZ_CNOT,none,linear,cnot,global,12,4,4,44,44,11,17,2,2,5,RY,1,88,layer_002_wire_005_RY,-0.011386477352200164,0.011386477352200164,False
random_bp,expectation_value,same_entangling_gate_count,pm_12q_bp_sweep,hea,RX_RY_RZ_CNOT,none,linear,cnot,global,12,4,4,44,44,11,17,2,2,5,RZ,2,89,layer_002_wire_005_RZ,-0.001498834878266059,0.001498834878266059,False
random_bp,expectation_value,same_entangling_gate_count,pm_12q_bp_sweep,hea,RX_RY_RZ_CNOT,none,linear,cnot,global,12,4,4,44,44,11,17,2,2,6,RX,0,90,layer_002_wire_006_RX,0.007764154463694516,0.007764154463694516,False
random_bp,expectation_value,same_entangling_gate_count,pm_12q_bp_sweep,hea,RX_RY_RZ_CNOT,none,linear,cnot,global,12,4,4,44,44,11,17,2,2,6,RY,1,91,layer_002_wire_006_RY,0.0018842583770343367,0.0018842583770343367,False
random_bp,expectation_value,same_entangling_gate_count,pm_12q_bp_sweep,hea,RX_RY_RZ_CNOT,none,linear,cnot,global,12,4,4,44,44,11,17,2,2,6,RZ,2,92,layer_002_wire_006_RZ,0.009963551278664398,0.009963551278664398,False
random_bp,expectation_value,same_entangling_gate_count,pm_12q_bp_sweep,hea,RX_RY_RZ_CNOT,none,linear,cnot,global,12,4,4,44,44,11,17,2,2,7,RX,0,93,layer_002_wire_007_RX,0.0020872426614462927,0.0020872426614462927,False
random_bp,expectation_value,same_entangling_gate_count,pm_12q_bp_sweep,hea,RX_RY_RZ_CNOT,none,linear,cnot,global,12,4,4,44,44,11,17,2,2,7,RY,1,94,layer_002_wire_007_RY,0.0007658061665516231,0.0007658061665516231,False
random_bp,expectation_value,same_entangling_gate_count,pm_12q_bp_sweep,hea,RX_RY_RZ_CNOT,none,linear,cnot,global,12,4,4,44,44,11,17,2,2,7,RZ,2,95,layer_002_wire_007_RZ,0.004007676257128496,0.004007676257128496,False
random_bp,expectation_value,same_entangling_gate_count,pm_12q_bp_sweep,hea,RX_RY_RZ_CNOT,none,linear,cnot,global,12,4,4,44,44,11,17,2,2,8,RX,0,96,layer_002_wire_008_RX,-0.00995264765652807,0.00995264765652807,False
random_bp,expectation_value,same_entangling_gate_count,pm_12q_bp_sweep,hea,RX_RY_RZ_CNOT,none,linear,cnot,global,12,4,4,44,44,11,17,2,2,8,RY,1,97,layer_002_wire_008_RY,-0.0031415402887264112,0.0031415402887264112,False
random_bp,expectation_value,same_entangling_gate_count,pm_12q_bp_sweep,hea,RX_RY_RZ_CNOT,none,linear,cnot,global,12,4,4,44,44,11,17,2,2,8,RZ,2,98,layer_002_wire_008_RZ,0.00103522061775313,0.00103522061775313,False
random_bp,expectation_value,same_entangling_gate_count,pm_12q_bp_sweep,hea,RX_RY_RZ_CNOT,none,linear,cnot,global,12,4,4,44,44,11,17,2,2,9,RX,0,99,layer_002_wire_009_RX,0.008832046678506988,0.008832046678506988,False
random_bp,expectation_value,same_entangling_gate_count,pm_12q_bp_sweep,hea,RX_RY_RZ_CNOT,none,linear,cnot,global,12,4,4,44,44,11,17,2,2,9,RY,1,100,layer_002_wire_009_RY,0.0049868665909518235,0.0049868665909518235,False
random_bp,expectation_value,same_entangling_gate_count,pm_12q_bp_sweep,hea,RX_RY_RZ_CNOT,none,linear,cnot,global,12,4,4,44,44,11,17,2,2,9,RZ,2,101,layer_002_wire_009_RZ,0.012287616569865163,0.012287616569865163,False
random_bp,expectation_value,same_entangling_gate_count,pm_12q_bp_sweep,hea,RX_RY_RZ_CNOT,none,linear,cnot,global,12,4,4,44,44,11,17,2,2,10,RX,0,102,layer_002_wire_010_RX,0.007187889730424973,0.007187889730424973,False
random_bp,expectation_value,same_entangling_gate_count,pm_12q_bp_sweep,hea,RX_RY_RZ_CNOT,none,linear,cnot,global,12,4,4,44,44,11,17,2,2,10,RY,1,103,layer_002_wire_010_RY,-0.004387469590668628,0.004387469590668628,False
random_bp,expectation_value,same_entangling_gate_count,pm_12q_bp_sweep,hea,RX_RY_RZ_CNOT,none,linear,cnot,global,12,4,4,44,44,11,17,2,2,10,RZ,2,104,layer_002_wire_010_RZ,0.009317243654988303,0.009317243654988303,False
random_bp,expectation_value,same_entangling_gate_count,pm_12q_bp_sweep,hea,RX_RY_RZ_CNOT,none,linear,cnot,global,12,4,4,44,44,11,17,2,2,11,RX,0,105,layer_002_wire_011_RX,-0.006761275147648115,0.006761275147648115,False
random_bp,expectation_value,same_entangling_gate_count,pm_12q_bp_sweep,hea,RX_RY_RZ_CNOT,none,linear,cnot,global,12,4,4,44,44,11,17,2,2,11,RY,1,106,layer_002_wire_011_RY,-0.004303024745648037,0.004303024745648037,False
random_bp,expectation_value,same_entangling_gate_count,pm_12q_bp_sweep,hea,RX_RY_RZ_CNOT,none,linear,cnot,global,12,4,4,44,44,11,17,2,2,11,RZ,2,107,layer_002_wire_011_RZ,0.0007917321704765782,0.0007917321704765782,False
random_bp,expectation_value,same_entangling_gate_count,pm_12q_bp_sweep,hea,RX_RY_RZ_CNOT,none,linear,cnot,global,12,4,4,44,44,11,17,2,3,0,RX,0,108,layer_003_wire_000_RX,1.691355389077387e-17,1.691355389077387e-17,True
random_bp,expectation_value,same_entangling_gate_count,pm_12q_bp_sweep,hea,RX_RY_RZ_CNOT,none,linear,cnot,global,12,4,4,44,44,11,17,2,3,0,RY,1,109,layer_003_wire_000_RY,-8.673617379884035e-19,8.673617379884035e-19,True
random_bp,expectation_value,same_entangling_gate_count,pm_12q_bp_sweep,hea,RX_RY_RZ_CNOT,none,linear,cnot,global,12,4,4,44,44,11,17,2,3,0,RZ,2,110,layer_003_wire_000_RZ,-9.520581336686879e-18,9.520581336686879e-18,True
random_bp,expectation_value,same_entangling_gate_count,pm_12q_bp_sweep,hea,RX_RY_RZ_CNOT,none,linear,cnot,global,12,4,4,44,44,11,17,2,3,1,RX,0,111,layer_003_wire_001_RX,0.005885610720554267,0.005885610720554267,False
random_bp,expectation_value,same_entangling_gate_count,pm_12q_bp_sweep,hea,RX_RY_RZ_CNOT,none,linear,cnot,global,12,4,4,44,44,11,17,2,3,1,RY,1,112,layer_003_wire_001_RY,1.9183878136508044e-05,1.9183878136508044e-05,False
random_bp,expectation_value,same_entangling_gate_count,pm_12q_bp_sweep,hea,RX_RY_RZ_CNOT,none,linear,cnot,global,12,4,4,44,44,11,17,2,3,1,RZ,2,113,layer_003_wire_001_RZ,1.2079942756962884e-17,1.2079942756962884e-17,True
random_bp,expectation_value,same_entangling_gate_count,pm_12q_bp_sweep,hea,RX_RY_RZ_CNOT,none,linear,cnot,global,12,4,4,44,44,11,17,2,3,2,RX,0,114,layer_003_wire_002_RX,-9.107298248878237e-18,9.107298248878237e-18,True
random_bp,expectation_value,same_entangling_gate_count,pm_12q_bp_sweep,hea,RX_RY_RZ_CNOT,none,linear,cnot,global,12,4,4,44,44,11,17,2,3,2,RY,1,115,layer_003_wire_002_RY,4.336808689942018e-18,4.336808689942018e-18,True
random_bp,expectation_value,same_entangling_gate_count,pm_12q_bp_sweep,hea,RX_RY_RZ_CNOT,none,linear,cnot,global,12,4,4,44,44,11,17,2,3,2,RZ,2,116,layer_003_wire_002_RZ,1.782620889972256e-17,1.782620889972256e-17,True
random_bp,expectation_value,same_entangling_gate_count,pm_12q_bp_sweep,hea,RX_RY_RZ_CNOT,none,linear,cnot,global,12,4,4,44,44,11,17,2,3,3,RX,0,117,layer_003_wire_003_RX,-0.0029438419935670507,0.0029438419935670507,False
random_bp,expectation_value,same_entangling_gate_count,pm_12q_bp_sweep,hea,RX_RY_RZ_CNOT,none,linear,cnot,global,12,4,4,44,44,11,17,2,3,3,RY,1,118,layer_003_wire_003_RY,0.003942504814268468,0.003942504814268468,False
random_bp,expectation_value,same_entangling_gate_count,pm_12q_bp_sweep,hea,RX_RY_RZ_CNOT,none,linear,cnot,global,12,4,4,44,44,11,17,2,3,3,RZ,2,119,layer_003_wire_003_RZ,-3.3053891146656955e-18,3.3053891146656955e-18,True
random_bp,expectation_value,same_entangling_gate_count,pm_12q_bp_sweep,hea,RX_RY_RZ_CNOT,none,linear,cnot,global,12,4,4,44,44,11,17,2,3,4,RX,0,120,layer_003_wire_004_RX,1.0842021724855044e-17,1.0842021724855044e-17,True
random_bp,expectation_value,same_entangling_gate_count,pm_12q_bp_sweep,hea,RX_RY_RZ_CNOT,none,linear,cnot,global,12,4,4,44,44,11,17,2,3,4,RY,1,121,layer_003_wire_004_RY,1.734723475976807e-18,1.734723475976807e-18,True
random_bp,expectation_value,same_entangling_gate_count,pm_12q_bp_sweep,hea,RX_RY_RZ_CNOT,none,linear,cnot,global,12,4,4,44,44,11,17,2,3,4,RZ,2,122,layer_003_wire_004_RZ,8.031577794947094e-18,8.031577794947094e-18,True
random_bp,expectation_value,same_entangling_gate_count,pm_12q_bp_sweep,hea,RX_RY_RZ_CNOT,none,linear,cnot,global,12,4,4,44,44,11,17,2,3,5,RX,0,123,layer_003_wire_005_RX,0.0004423985445818398,0.0004423985445818398,False
random_bp,expectation_value,same_entangling_gate_count,pm_12q_bp_sweep,hea,RX_RY_RZ_CNOT,none,linear,cnot,global,12,4,4,44,44,11,17,2,3,5,RY,1,124,layer_003_wire_005_RY,0.00014621328122299809,0.00014621328122299809,False
random_bp,expectation_value,same_entangling_gate_count,pm_12q_bp_sweep,hea,RX_RY_RZ_CNOT,none,linear,cnot,global,12,4,4,44,44,11,17,2,3,5,RZ,2,125,layer_003_wire_005_RZ,4.2397824808187466e-18,4.2397824808187466e-18,True
random_bp,expectation_value,same_entangling_gate_count,pm_12q_bp_sweep,hea,RX_RY_RZ_CNOT,none,linear,cnot,global,12,4,4,44,44,11,17,2,3,6,RX,0,126,layer_003_wire_006_RX,6.938893903907228e-18,6.938893903907228e-18,True
random_bp,expectation_value,same_entangling_gate_count,pm_12q_bp_sweep,hea,RX_RY_RZ_CNOT,none,linear,cnot,global,12,4,4,44,44,11,17,2,3,6,RY,1,127,layer_003_wire_006_RY,-1.3010426069826053e-18,1.3010426069826053e-18,True
random_bp,expectation_value,same_entangling_gate_count,pm_12q_bp_sweep,hea,RX_RY_RZ_CNOT,none,linear,cnot,global,12,4,4,44,44,11,17,2,3,6,RZ,2,128,layer_003_wire_006_RZ,-1.5783394868637905e-18,1.5783394868637905e-18,True
random_bp,expectation_value,same_entangling_gate_count,pm_12q_bp_sweep,hea,RX_RY_RZ_CNOT,none,linear,cnot,global,12,4,4,44,44,11,17,2,3,7,RX,0,129,layer_003_wire_007_RX,-0.017860566431560705,0.017860566431560705,False
random_bp,expectation_value,same_entangling_gate_count,pm_12q_bp_sweep,hea,RX_RY_RZ_CNOT,none,linear,cnot,global,12,4,4,44,44,11,17,2,3,7,RY,1,130,layer_003_wire_007_RY,0.008974559430004253,0.008974559430004253,False
random_bp,expectation_value,same_entangling_gate_count,pm_12q_bp_sweep,hea,RX_RY_RZ_CNOT,none,linear,cnot,global,12,4,4,44,44,11,17,2,3,7,RZ,2,131,layer_003_wire_007_RZ,-8.920311862599723e-19,8.920311862599723e-19,True
random_bp,expectation_value,same_entangling_gate_count,pm_12q_bp_sweep,hea,RX_RY_RZ_CNOT,none,linear,cnot,global,12,4,4,44,44,11,17,2,3,8,RX,0,132,layer_003_wire_008_RX,8.673617379884035e-19,8.673617379884035e-19,True
random_bp,expectation_value,same_entangling_gate_count,pm_12q_bp_sweep,hea,RX_RY_RZ_CNOT,none,linear,cnot,global,12,4,4,44,44,11,17,2,3,8,RY,1,133,layer_003_wire_008_RY,2.168404344971009e-19,2.168404344971009e-19,True
random_bp,expectation_value,same_entangling_gate_count,pm_12q_bp_sweep,hea,RX_RY_RZ_CNOT,none,linear,cnot,global,12,4,4,44,44,11,17,2,3,8,RZ,2,134,layer_003_wire_008_RZ,-2.771723219547742e-19,2.771723219547742e-19,True
random_bp,expectation_value,same_entangling_gate_count,pm_12q_bp_sweep,hea,RX_RY_RZ_CNOT,none,linear,cnot,global,12,4,4,44,44,11,17,2,3,9,RX,0,135,layer_003_wire_009_RX,-7.891190897970626e-05,7.891190897970626e-05,False
random_bp,expectation_value,same_entangling_gate_count,pm_12q_bp_sweep,hea,RX_RY_RZ_CNOT,none,linear,cnot,global,12,4,4,44,44,11,17,2,3,9,RY,1,136,layer_003_wire_009_RY,-0.015306689658514592,0.015306689658514592,False
random_bp,expectation_value,same_entangling_gate_count,pm_12q_bp_sweep,hea,RX_RY_RZ_CNOT,none,linear,cnot,global,12,4,4,44,44,11,17,2,3,9,RZ,2,137,layer_003_wire_009_RZ,6.028811439918474e-18,6.028811439918474e-18,True
random_bp,expectation_value,same_entangling_gate_count,pm_12q_bp_sweep,hea,RX_RY_RZ_CNOT,none,linear,cnot,global,12,4,4,44,44,11,17,2,3,10,RX,0,138,layer_003_wire_010_RX,-7.37257477290143e-18,7.37257477290143e-18,True
random_bp,expectation_value,same_entangling_gate_count,pm_12q_bp_sweep,hea,RX_RY_RZ_CNOT,none,linear,cnot,global,12,4,4,44,44,11,17,2,3,10,RY,1,139,layer_003_wire_010_RY,1.214306433183765e-17,1.214306433183765e-17,True
random_bp,expectation_value,same_entangling_gate_count,pm_12q_bp_sweep,hea,RX_RY_RZ_CNOT,none,linear,cnot,global,12,4,4,44,44,11,17,2,3,10,RZ,2,140,layer_003_wire_010_RZ,-2.1477637057483574e-18,2.1477637057483574e-18,True
random_bp,expectation_value,same_entangling_gate_count,pm_12q_bp_sweep,hea,RX_RY_RZ_CNOT,none,linear,cnot,global,12,4,4,44,44,11,17,2,3,11,RX,0,141,layer_003_wire_011_RX,-0.006087817245818508,0.006087817245818508,False
random_bp,expectation_value,same_entangling_gate_count,pm_12q_bp_sweep,hea,RX_RY_RZ_CNOT,none,linear,cnot,global,12,4,4,44,44,11,17,2,3,11,RY,1,142,layer_003_wire_011_RY,-0.012426419447305836,0.012426419447305836,False
random_bp,expectation_value,same_entangling_gate_count,pm_12q_bp_sweep,hea,RX_RY_RZ_CNOT,none,linear,cnot,global,12,4,4,44,44,11,17,2,3,11,RZ,2,143,layer_003_wire_011_RZ,-7.268804403678377e-18,7.268804403678377e-18,True
random_bp,expectation_value,same_entangling_gate_count,pm_12q_bp_sweep,hea,RX_RY_RZ_CNOT,none,linear,cnot,local,12,8,8,88,88,11,18,0,0,0,RX,0,0,layer_000_wire_000_RX,3.6001672442222805e-05,3.6001672442222805e-05,False
random_bp,expectation_value,same_entangling_gate_count,pm_12q_bp_sweep,hea,RX_RY_RZ_CNOT,none,linear,cnot,local,12,8,8,88,88,11,18,0,0,0,RY,1,1,layer_000_wire_000_RY,0.0003175764102924947,0.0003175764102924947,False
random_bp,expectation_value,same_entangling_gate_count,pm_12q_bp_sweep,hea,RX_RY_RZ_CNOT,none,linear,cnot,local,12,8,8,88,88,11,18,0,0,0,RZ,2,2,layer_000_wire_000_RZ,8.151801989485951e-05,8.151801989485951e-05,False
random_bp,expectation_value,same_entangling_gate_count,pm_12q_bp_sweep,hea,RX_RY_RZ_CNOT,none,linear,cnot,local,12,8,8,88,88,11,18,0,0,1,RX,0,3,layer_000_wire_001_RX,0.006718955144835067,0.006718955144835067,False
random_bp,expectation_value,same_entangling_gate_count,pm_12q_bp_sweep,hea,RX_RY_RZ_CNOT,none,linear,cnot,local,12,8,8,88,88,11,18,0,0,1,RY,1,4,layer_000_wire_001_RY,-0.013870112871260696,0.013870112871260696,False
random_bp,expectation_value,same_entangling_gate_count,pm_12q_bp_sweep,hea,RX_RY_RZ_CNOT,none,linear,cnot,local,12,8,8,88,88,11,18,0,0,1,RZ,2,5,layer_000_wire_001_RZ,-0.005635340741031159,0.005635340741031159,False
random_bp,expectation_value,same_entangling_gate_count,pm_12q_bp_sweep,hea,RX_RY_RZ_CNOT,none,linear,cnot,local,12,8,8,88,88,11,18,0,0,2,RX,0,6,layer_000_wire_002_RX,-0.011910142868566181,0.011910142868566181,False
random_bp,expectation_value,same_entangling_gate_count,pm_12q_bp_sweep,hea,RX_RY_RZ_CNOT,none,linear,cnot,local,12,8,8,88,88,11,18,0,0,2,RY,1,7,layer_000_wire_002_RY,0.003566841962825793,0.003566841962825793,False
random_bp,expectation_value,same_entangling_gate_count,pm_12q_bp_sweep,hea,RX_RY_RZ_CNOT,none,linear,cnot,local,12,8,8,88,88,11,18,0,0,2,RZ,2,8,layer_000_wire_002_RZ,0.012174494895732075,0.012174494895732075,False
random_bp,expectation_value,same_entangling_gate_count,pm_12q_bp_sweep,hea,RX_RY_RZ_CNOT,none,linear,cnot,local,12,8,8,88,88,11,18,0,0,3,RX,0,9,layer_000_wire_003_RX,-0.014925197982000453,0.014925197982000453,False
random_bp,expectation_value,same_entangling_gate_count,pm_12q_bp_sweep,hea,RX_RY_RZ_CNOT,none,linear,cnot,local,12,8,8,88,88,11,18,0,0,3,RY,1,10,layer_000_wire_003_RY,-0.015255882201924984,0.015255882201924984,False
random_bp,expectation_value,same_entangling_gate_count,pm_12q_bp_sweep,hea,RX_RY_RZ_CNOT,none,linear,cnot,local,12,8,8,88,88,11,18,0,0,3,RZ,2,11,layer_000_wire_003_RZ,0.011014645682435417,0.011014645682435417,False
random_bp,expectation_value,same_entangling_gate_count,pm_12q_bp_sweep,hea,RX_RY_RZ_CNOT,none,linear,cnot,local,12,8,8,88,88,11,18,0,0,4,RX,0,12,layer_000_wire_004_RX,0.005182287585821636,0.005182287585821636,False
random_bp,expectation_value,same_entangling_gate_count,pm_12q_bp_sweep,hea,RX_RY_RZ_CNOT,none,linear,cnot,local,12,8,8,88,88,11,18,0,0,4,RY,1,13,layer_000_wire_004_RY,-0.009067827535402747,0.009067827535402747,False
random_bp,expectation_value,same_entangling_gate_count,pm_12q_bp_sweep,hea,RX_RY_RZ_CNOT,none,linear,cnot,local,12,8,8,88,88,11,18,0,0,4,RZ,2,14,layer_000_wire_004_RZ,-0.009995580124160382,0.009995580124160382,False
random_bp,expectation_value,same_entangling_gate_count,pm_12q_bp_sweep,hea,RX_RY_RZ_CNOT,none,linear,cnot,local,12,8,8,88,88,11,18,0,0,5,RX,0,15,layer_000_wire_005_RX,-0.007630320675254076,0.007630320675254076,False
random_bp,expectation_value,same_entangling_gate_count,pm_12q_bp_sweep,hea,RX_RY_RZ_CNOT,none,linear,cnot,local,12,8,8,88,88,11,18,0,0,5,RY,1,16,layer_000_wire_005_RY,-0.0038337078303005835,0.0038337078303005835,False
random_bp,expectation_value,same_entangling_gate_count,pm_12q_bp_sweep,hea,RX_RY_RZ_CNOT,none,linear,cnot,local,12,8,8,88,88,11,18,0,0,5,RZ,2,17,layer_000_wire_005_RZ,0.010742225591325111,0.010742225591325111,False
random_bp,expectation_value,same_entangling_gate_count,pm_12q_bp_sweep,hea,RX_RY_RZ_CNOT,none,linear,cnot,local,12,8,8,88,88,11,18,0,0,6,RX,0,18,layer_000_wire_006_RX,6.630279328508244e-05,6.630279328508244e-05,False
random_bp,expectation_value,same_entangling_gate_count,pm_12q_bp_sweep,hea,RX_RY_RZ_CNOT,none,linear,cnot,local,12,8,8,88,88,11,18,0,0,6,RY,1,19,layer_000_wire_006_RY,-0.001972099588679743,0.001972099588679743,False
random_bp,expectation_value,same_entangling_gate_count,pm_12q_bp_sweep,hea,RX_RY_RZ_CNOT,none,linear,cnot,local,12,8,8,88,88,11,18,0,0,6,RZ,2,20,layer_000_wire_006_RZ,0.005431553147503666,0.005431553147503666,False
random_bp,expectation_value,same_entangling_gate_count,pm_12q_bp_sweep,hea,RX_RY_RZ_CNOT,none,linear,cnot,local,12,8,8,88,88,11,18,0,0,7,RX,0,21,layer_000_wire_007_RX,0.004761685137525358,0.004761685137525358,False
random_bp,expectation_value,same_entangling_gate_count,pm_12q_bp_sweep,hea,RX_RY_RZ_CNOT,none,linear,cnot,local,12,8,8,88,88,11,18,0,0,7,RY,1,22,layer_000_wire_007_RY,0.004931924972929734,0.004931924972929734,False
random_bp,expectation_value,same_entangling_gate_count,pm_12q_bp_sweep,hea,RX_RY_RZ_CNOT,none,linear,cnot,local,12,8,8,88,88,11,18,0,0,7,RZ,2,23,layer_000_wire_007_RZ,-0.0018438171084525332,0.0018438171084525332,False
random_bp,expectation_value,same_entangling_gate_count,pm_12q_bp_sweep,hea,RX_RY_RZ_CNOT,none,linear,cnot,local,12,8,8,88,88,11,18,0,0,8,RX,0,24,layer_000_wire_008_RX,-0.0023334591202565343,0.0023334591202565343,False
random_bp,expectation_value,same_entangling_gate_count,pm_12q_bp_sweep,hea,RX_RY_RZ_CNOT,none,linear,cnot,local,12,8,8,88,88,11,18,0,0,8,RY,1,25,layer_000_wire_008_RY,-0.0006944308421174583,0.0006944308421174583,False
random_bp,expectation_value,same_entangling_gate_count,pm_12q_bp_sweep,hea,RX_RY_RZ_CNOT,none,linear,cnot,local,12,8,8,88,88,11,18,0,0,8,RZ,2,26,layer_000_wire_008_RZ,-0.0020157185393232272,0.0020157185393232272,False
random_bp,expectation_value,same_entangling_gate_count,pm_12q_bp_sweep,hea,RX_RY_RZ_CNOT,none,linear,cnot,local,12,8,8,88,88,11,18,0,0,9,RX,0,27,layer_000_wire_009_RX,-0.001869453527216214,0.001869453527216214,False
random_bp,expectation_value,same_entangling_gate_count,pm_12q_bp_sweep,hea,RX_RY_RZ_CNOT,none,linear,cnot,local,12,8,8,88,88,11,18,0,0,9,RY,1,28,layer_000_wire_009_RY,-0.004716574156448461,0.004716574156448461,False
random_bp,expectation_value,same_entangling_gate_count,pm_12q_bp_sweep,hea,RX_RY_RZ_CNOT,none,linear,cnot,local,12,8,8,88,88,11,18,0,0,9,RZ,2,29,layer_000_wire_009_RZ,0.0019430884809851143,0.0019430884809851143,False
random_bp,expectation_value,same_entangling_gate_count,pm_12q_bp_sweep,hea,RX_RY_RZ_CNOT,none,linear,cnot,local,12,8,8,88,88,11,18,0,0,10,RX,0,30,layer_000_wire_010_RX,0.0002524145982104257,0.0002524145982104257,False
random_bp,expectation_value,same_entangling_gate_count,pm_12q_bp_sweep,hea,RX_RY_RZ_CNOT,none,linear,cnot,local,12,8,8,88,88,11,18,0,0,10,RY,1,31,layer_000_wire_010_RY,0.0023063980089431013,0.0023063980089431013,False
random_bp,expectation_value,same_entangling_gate_count,pm_12q_bp_sweep,hea,RX_RY_RZ_CNOT,none,linear,cnot,local,12,8,8,88,88,11,18,0,0,10,RZ,2,32,layer_000_wire_010_RZ,0.004501206096285715,0.004501206096285715,False
random_bp,expectation_value,same_entangling_gate_count,pm_12q_bp_sweep,hea,RX_RY_RZ_CNOT,none,linear,cnot,local,12,8,8,88,88,11,18,0,0,11,RX,0,33,layer_000_wire_011_RX,-0.0007827545462520618,0.0007827545462520618,False
random_bp,expectation_value,same_entangling_gate_count,pm_12q_bp_sweep,hea,RX_RY_RZ_CNOT,none,linear,cnot,local,12,8,8,88,88,11,18,0,0,11,RY,1,34,layer_000_wire_011_RY,-9.1351800424806e-05,9.1351800424806e-05,False
random_bp,expectation_value,same_entangling_gate_count,pm_12q_bp_sweep,hea,RX_RY_RZ_CNOT,none,linear,cnot,local,12,8,8,88,88,11,18,0,0,11,RZ,2,35,layer_000_wire_011_RZ,-0.0003739097378029206,0.0003739097378029206,False
random_bp,expectation_value,same_entangling_gate_count,pm_12q_bp_sweep,hea,RX_RY_RZ_CNOT,none,linear,cnot,local,12,8,8,88,88,11,18,0,1,0,RX,0,36,layer_001_wire_000_RX,0.006240293603578633,0.006240293603578633,False
random_bp,expectation_value,same_entangling_gate_count,pm_12q_bp_sweep,hea,RX_RY_RZ_CNOT,none,linear,cnot,local,12,8,8,88,88,11,18,0,1,0,RY,1,37,layer_001_wire_000_RY,0.00881798422979426,0.00881798422979426,False
random_bp,expectation_value,same_entangling_gate_count,pm_12q_bp_sweep,hea,RX_RY_RZ_CNOT,none,linear,cnot,local,12,8,8,88,88,11,18,0,1,0,RZ,2,38,layer_001_wire_000_RZ,-0.0034513800182399126,0.0034513800182399126,False
random_bp,expectation_value,same_entangling_gate_count,pm_12q_bp_sweep,hea,RX_RY_RZ_CNOT,none,linear,cnot,local,12,8,8,88,88,11,18,0,1,1,RX,0,39,layer_001_wire_001_RX,0.007666651835572083,0.007666651835572083,False
random_bp,expectation_value,same_entangling_gate_count,pm_12q_bp_sweep,hea,RX_RY_RZ_CNOT,none,linear,cnot,local,12,8,8,88,88,11,18,0,1,1,RY,1,40,layer_001_wire_001_RY,0.00654530983105206,0.00654530983105206,False
random_bp,expectation_value,same_entangling_gate_count,pm_12q_bp_sweep,hea,RX_RY_RZ_CNOT,none,linear,cnot,local,12,8,8,88,88,11,18,0,1,1,RZ,2,41,layer_001_wire_001_RZ,-0.007403022811311853,0.007403022811311853,False
random_bp,expectation_value,same_entangling_gate_count,pm_12q_bp_sweep,hea,RX_RY_RZ_CNOT,none,linear,cnot,local,12,8,8,88,88,11,18,0,1,2,RX,0,42,layer_001_wire_002_RX,-0.011299113766519524,0.011299113766519524,False
random_bp,expectation_value,same_entangling_gate_count,pm_12q_bp_sweep,hea,RX_RY_RZ_CNOT,none,linear,cnot,local,12,8,8,88,88,11,18,0,1,2,RY,1,43,layer_001_wire_002_RY,0.016873378087877085,0.016873378087877085,False
random_bp,expectation_value,same_entangling_gate_count,pm_12q_bp_sweep,hea,RX_RY_RZ_CNOT,none,linear,cnot,local,12,8,8,88,88,11,18,0,1,2,RZ,2,44,layer_001_wire_002_RZ,-0.013122851854332887,0.013122851854332887,False
random_bp,expectation_value,same_entangling_gate_count,pm_12q_bp_sweep,hea,RX_RY_RZ_CNOT,none,linear,cnot,local,12,8,8,88,88,11,18,0,1,3,RX,0,45,layer_001_wire_003_RX,-0.005900047261622306,0.005900047261622306,False
random_bp,expectation_value,same_entangling_gate_count,pm_12q_bp_sweep,hea,RX_RY_RZ_CNOT,none,linear,cnot,local,12,8,8,88,88,11,18,0,1,3,RY,1,46,layer_001_wire_003_RY,0.01575127818478647,0.01575127818478647,False
random_bp,expectation_value,same_entangling_gate_count,pm_12q_bp_sweep,hea,RX_RY_RZ_CNOT,none,linear,cnot,local,12,8,8,88,88,11,18,0,1,3,RZ,2,47,layer_001_wire_003_RZ,-0.004866279247324166,0.004866279247324166,False
random_bp,expectation_value,same_entangling_gate_count,pm_12q_bp_sweep,hea,RX_RY_RZ_CNOT,none,linear,cnot,local,12,8,8,88,88,11,18,0,1,4,RX,0,48,layer_001_wire_004_RX,-0.00744009452419935,0.00744009452419935,False
random_bp,expectation_value,same_entangling_gate_count,pm_12q_bp_sweep,hea,RX_RY_RZ_CNOT,none,linear,cnot,local,12,8,8,88,88,11,18,0,1,4,RY,1,49,layer_001_wire_004_RY,0.011966911474333706,0.011966911474333706,False
random_bp,expectation_value,same_entangling_gate_count,pm_12q_bp_sweep,hea,RX_RY_RZ_CNOT,none,linear,cnot,local,12,8,8,88,88,11,18,0,1,4,RZ,2,50,layer_001_wire_004_RZ,0.0014808077132404448,0.0014808077132404448,False
random_bp,expectation_value,same_entangling_gate_count,pm_12q_bp_sweep,hea,RX_RY_RZ_CNOT,none,linear,cnot,local,12,8,8,88,88,11,18,0,1,5,RX,0,51,layer_001_wire_005_RX,-0.008218106305313767,0.008218106305313767,False
random_bp,expectation_value,same_entangling_gate_count,pm_12q_bp_sweep,hea,RX_RY_RZ_CNOT,none,linear,cnot,local,12,8,8,88,88,11,18,0,1,5,RY,1,52,layer_001_wire_005_RY,-0.0057176791901080385,0.0057176791901080385,False
random_bp,expectation_value,same_entangling_gate_count,pm_12q_bp_sweep,hea,RX_RY_RZ_CNOT,none,linear,cnot,local,12,8,8,88,88,11,18,0,1,5,RZ,2,53,layer_001_wire_005_RZ,0.010766590682253541,0.010766590682253541,False
random_bp,expectation_value,same_entangling_gate_count,pm_12q_bp_sweep,hea,RX_RY_RZ_CNOT,none,linear,cnot,local,12,8,8,88,88,11,18,0,1,6,RX,0,54,layer_001_wire_006_RX,-0.005625967138738779,0.005625967138738779,False
random_bp,expectation_value,same_entangling_gate_count,pm_12q_bp_sweep,hea,RX_RY_RZ_CNOT,none,linear,cnot,local,12,8,8,88,88,11,18,0,1,6,RY,1,55,layer_001_wire_006_RY,-0.0006889813707033003,0.0006889813707033003,False
random_bp,expectation_value,same_entangling_gate_count,pm_12q_bp_sweep,hea,RX_RY_RZ_CNOT,none,linear,cnot,local,12,8,8,88,88,11,18,0,1,6,RZ,2,56,layer_001_wire_006_RZ,-0.012070252196829454,0.012070252196829454,False
random_bp,expectation_value,same_entangling_gate_count,pm_12q_bp_sweep,hea,RX_RY_RZ_CNOT,none,linear,cnot,local,12,8,8,88,88,11,18,0,1,7,RX,0,57,layer_001_wire_007_RX,-0.0007270908287433879,0.0007270908287433879,False
random_bp,expectation_value,same_entangling_gate_count,pm_12q_bp_sweep,hea,RX_RY_RZ_CNOT,none,linear,cnot,local,12,8,8,88,88,11,18,0,1,7,RY,1,58,layer_001_wire_007_RY,-0.006034296848189093,0.006034296848189093,False
random_bp,expectation_value,same_entangling_gate_count,pm_12q_bp_sweep,hea,RX_RY_RZ_CNOT,none,linear,cnot,local,12,8,8,88,88,11,18,0,1,7,RZ,2,59,layer_001_wire_007_RZ,-0.0010522855835801666,0.0010522855835801666,False
random_bp,expectation_value,same_entangling_gate_count,pm_12q_bp_sweep,hea,RX_RY_RZ_CNOT,none,linear,cnot,local,12,8,8,88,88,11,18,0,1,8,RX,0,60,layer_001_wire_008_RX,0.0014830202016323688,0.0014830202016323688,False
random_bp,expectation_value,same_entangling_gate_count,pm_12q_bp_sweep,hea,RX_RY_RZ_CNOT,none,linear,cnot,local,12,8,8,88,88,11,18,0,1,8,RY,1,61,layer_001_wire_008_RY,0.0010527851172598868,0.0010527851172598868,False
random_bp,expectation_value,same_entangling_gate_count,pm_12q_bp_sweep,hea,RX_RY_RZ_CNOT,none,linear,cnot,local,12,8,8,88,88,11,18,0,1,8,RZ,2,62,layer_001_wire_008_RZ,0.0009304323269357837,0.0009304323269357837,False
random_bp,expectation_value,same_entangling_gate_count,pm_12q_bp_sweep,hea,RX_RY_RZ_CNOT,none,linear,cnot,local,12,8,8,88,88,11,18,0,1,9,RX,0,63,layer_001_wire_009_RX,-0.002825169740085327,0.002825169740085327,False
random_bp,expectation_value,same_entangling_gate_count,pm_12q_bp_sweep,hea,RX_RY_RZ_CNOT,none,linear,cnot,local,12,8,8,88,88,11,18,0,1,9,RY,1,64,layer_001_wire_009_RY,-0.002663691212589488,0.002663691212589488,False
random_bp,expectation_value,same_entangling_gate_count,pm_12q_bp_sweep,hea,RX_RY_RZ_CNOT,none,linear,cnot,local,12,8,8,88,88,11,18,0,1,9,RZ,2,65,layer_001_wire_009_RZ,-0.002562450620758338,0.002562450620758338,False
random_bp,expectation_value,same_entangling_gate_count,pm_12q_bp_sweep,hea,RX_RY_RZ_CNOT,none,linear,cnot,local,12,8,8,88,88,11,18,0,1,10,RX,0,66,layer_001_wire_010_RX,-0.004573756633255953,0.004573756633255953,False
random_bp,expectation_value,same_entangling_gate_count,pm_12q_bp_sweep,hea,RX_RY_RZ_CNOT,none,linear,cnot,local,12,8,8,88,88,11,18,0,1,10,RY,1,67,layer_001_wire_010_RY,0.0006518376664489971,0.0006518376664489971,False
random_bp,expectation_value,same_entangling_gate_count,pm_12q_bp_sweep,hea,RX_RY_RZ_CNOT,none,linear,cnot,local,12,8,8,88,88,11,18,0,1,10,RZ,2,68,layer_001_wire_010_RZ,0.0036263213558876744,0.0036263213558876744,False
random_bp,expectation_value,same_entangling_gate_count,pm_12q_bp_sweep,hea,RX_RY_RZ_CNOT,none,linear,cnot,local,12,8,8,88,88,11,18,0,1,11,RX,0,69,layer_001_wire_011_RX,-0.00040005206858934874,0.00040005206858934874,False
random_bp,expectation_value,same_entangling_gate_count,pm_12q_bp_sweep,hea,RX_RY_RZ_CNOT,none,linear,cnot,local,12,8,8,88,88,11,18,0,1,11,RY,1,70,layer_001_wire_011_RY,-0.0021090227280593414,0.0021090227280593414,False
random_bp,expectation_value,same_entangling_gate_count,pm_12q_bp_sweep,hea,RX_RY_RZ_CNOT,none,linear,cnot,local,12,8,8,88,88,11,18,0,1,11,RZ,2,71,layer_001_wire_011_RZ,-0.0019794691346913815,0.0019794691346913815,False
random_bp,expectation_value,same_entangling_gate_count,pm_12q_bp_sweep,hea,RX_RY_RZ_CNOT,none,linear,cnot,local,12,8,8,88,88,11,18,0,2,0,RX,0,72,layer_002_wire_000_RX,-0.00462723930684607,0.00462723930684607,False
random_bp,expectation_value,same_entangling_gate_count,pm_12q_bp_sweep,hea,RX_RY_RZ_CNOT,none,linear,cnot,local,12,8,8,88,88,11,18,0,2,0,RY,1,73,layer_002_wire_000_RY,-0.004974486419531528,0.004974486419531528,False
random_bp,expectation_value,same_entangling_gate_count,pm_12q_bp_sweep,hea,RX_RY_RZ_CNOT,none,linear,cnot,local,12,8,8,88,88,11,18,0,2,0,RZ,2,74,layer_002_wire_000_RZ,0.0029842009130879926,0.0029842009130879926,False
random_bp,expectation_value,same_entangling_gate_count,pm_12q_bp_sweep,hea,RX_RY_RZ_CNOT,none,linear,cnot,local,12,8,8,88,88,11,18,0,2,1,RX,0,75,layer_002_wire_001_RX,-0.0031060192440776303,0.0031060192440776303,False
random_bp,expectation_value,same_entangling_gate_count,pm_12q_bp_sweep,hea,RX_RY_RZ_CNOT,none,linear,cnot,local,12,8,8,88,88,11,18,0,2,1,RY,1,76,layer_002_wire_001_RY,0.030909423785831384,0.030909423785831384,False
random_bp,expectation_value,same_entangling_gate_count,pm_12q_bp_sweep,hea,RX_RY_RZ_CNOT,none,linear,cnot,local,12,8,8,88,88,11,18,0,2,1,RZ,2,77,layer_002_wire_001_RZ,0.004338621729008495,0.004338621729008495,False
random_bp,expectation_value,same_entangling_gate_count,pm_12q_bp_sweep,hea,RX_RY_RZ_CNOT,none,linear,cnot,local,12,8,8,88,88,11,18,0,2,2,RX,0,78,layer_002_wire_002_RX,-0.011685209198423295,0.011685209198423295,False
random_bp,expectation_value,same_entangling_gate_count,pm_12q_bp_sweep,hea,RX_RY_RZ_CNOT,none,linear,cnot,local,12,8,8,88,88,11,18,0,2,2,RY,1,79,layer_002_wire_002_RY,0.018710432891754534,0.018710432891754534,False
random_bp,expectation_value,same_entangling_gate_count,pm_12q_bp_sweep,hea,RX_RY_RZ_CNOT,none,linear,cnot,local,12,8,8,88,88,11,18,0,2,2,RZ,2,80,layer_002_wire_002_RZ,-0.006690801074131341,0.006690801074131341,False
random_bp,expectation_value,same_entangling_gate_count,pm_12q_bp_sweep,hea,RX_RY_RZ_CNOT,none,linear,cnot,local,12,8,8,88,88,11,18,0,2,3,RX,0,81,layer_002_wire_003_RX,0.005653616740358142,0.005653616740358142,False
random_bp,expectation_value,same_entangling_gate_count,pm_12q_bp_sweep,hea,RX_RY_RZ_CNOT,none,linear,cnot,local,12,8,8,88,88,11,18,0,2,3,RY,1,82,layer_002_wire_003_RY,-0.008032816191226606,0.008032816191226606,False
random_bp,expectation_value,same_entangling_gate_count,pm_12q_bp_sweep,hea,RX_RY_RZ_CNOT,none,linear,cnot,local,12,8,8,88,88,11,18,0,2,3,RZ,2,83,layer_002_wire_003_RZ,-0.007728575233491727,0.007728575233491727,False
random_bp,expectation_value,same_entangling_gate_count,pm_12q_bp_sweep,hea,RX_RY_RZ_CNOT,none,linear,cnot,local,12,8,8,88,88,11,18,0,2,4,RX,0,84,layer_002_wire_004_RX,0.0004741305126019702,0.0004741305126019702,False
random_bp,expectation_value,same_entangling_gate_count,pm_12q_bp_sweep,hea,RX_RY_RZ_CNOT,none,linear,cnot,local,12,8,8,88,88,11,18,0,2,4,RY,1,85,layer_002_wire_004_RY,-0.004194462618055962,0.004194462618055962,False
random_bp,expectation_value,same_entangling_gate_count,pm_12q_bp_sweep,hea,RX_RY_RZ_CNOT,none,linear,cnot,local,12,8,8,88,88,11,18,0,2,4,RZ,2,86,layer_002_wire_004_RZ,-0.0003352563532609626,0.0003352563532609626,False
random_bp,expectation_value,same_entangling_gate_count,pm_12q_bp_sweep,hea,RX_RY_RZ_CNOT,none,linear,cnot,local,12,8,8,88,88,11,18,0,2,5,RX,0,87,layer_002_wire_005_RX,0.006102380601111306,0.006102380601111306,False
random_bp,expectation_value,same_entangling_gate_count,pm_12q_bp_sweep,hea,RX_RY_RZ_CNOT,none,linear,cnot,local,12,8,8,88,88,11,18,0,2,5,RY,1,88,layer_002_wire_005_RY,0.004148549263379101,0.004148549263379101,False
random_bp,expectation_value,same_entangling_gate_count,pm_12q_bp_sweep,hea,RX_RY_RZ_CNOT,none,linear,cnot,local,12,8,8,88,88,11,18,0,2,5,RZ,2,89,layer_002_wire_005_RZ,0.0010912085564497153,0.0010912085564497153,False
random_bp,expectation_value,same_entangling_gate_count,pm_12q_bp_sweep,hea,RX_RY_RZ_CNOT,none,linear,cnot,local,12,8,8,88,88,11,18,0,2,6,RX,0,90,layer_002_wire_006_RX,-0.004123704876568505,0.004123704876568505,False
random_bp,expectation_value,same_entangling_gate_count,pm_12q_bp_sweep,hea,RX_RY_RZ_CNOT,none,linear,cnot,local,12,8,8,88,88,11,18,0,2,6,RY,1,91,layer_002_wire_006_RY,-0.003227850255255581,0.003227850255255581,False
random_bp,expectation_value,same_entangling_gate_count,pm_12q_bp_sweep,hea,RX_RY_RZ_CNOT,none,linear,cnot,local,12,8,8,88,88,11,18,0,2,6,RZ,2,92,layer_002_wire_006_RZ,0.001730991494921473,0.001730991494921473,False
random_bp,expectation_value,same_entangling_gate_count,pm_12q_bp_sweep,hea,RX_RY_RZ_CNOT,none,linear,cnot,local,12,8,8,88,88,11,18,0,2,7,RX,0,93,layer_002_wire_007_RX,-0.0010028093765197593,0.0010028093765197593,False
random_bp,expectation_value,same_entangling_gate_count,pm_12q_bp_sweep,hea,RX_RY_RZ_CNOT,none,linear,cnot,local,12,8,8,88,88,11,18,0,2,7,RY,1,94,layer_002_wire_007_RY,0.00613119900816761,0.00613119900816761,False
random_bp,expectation_value,same_entangling_gate_count,pm_12q_bp_sweep,hea,RX_RY_RZ_CNOT,none,linear,cnot,local,12,8,8,88,88,11,18,0,2,7,RZ,2,95,layer_002_wire_007_RZ,0.0007250022001924507,0.0007250022001924507,False
random_bp,expectation_value,same_entangling_gate_count,pm_12q_bp_sweep,hea,RX_RY_RZ_CNOT,none,linear,cnot,local,12,8,8,88,88,11,18,0,2,8,RX,0,96,layer_002_wire_008_RX,0.0006720336301182265,0.0006720336301182265,False
random_bp,expectation_value,same_entangling_gate_count,pm_12q_bp_sweep,hea,RX_RY_RZ_CNOT,none,linear,cnot,local,12,8,8,88,88,11,18,0,2,8,RY,1,97,layer_002_wire_008_RY,0.004736968257344013,0.004736968257344013,False
random_bp,expectation_value,same_entangling_gate_count,pm_12q_bp_sweep,hea,RX_RY_RZ_CNOT,none,linear,cnot,local,12,8,8,88,88,11,18,0,2,8,RZ,2,98,layer_002_wire_008_RZ,-0.0021462251968511164,0.0021462251968511164,False
random_bp,expectation_value,same_entangling_gate_count,pm_12q_bp_sweep,hea,RX_RY_RZ_CNOT,none,linear,cnot,local,12,8,8,88,88,11,18,0,2,9,RX,0,99,layer_002_wire_009_RX,0.0006822058259163323,0.0006822058259163323,False
random_bp,expectation_value,same_entangling_gate_count,pm_12q_bp_sweep,hea,RX_RY_RZ_CNOT,none,linear,cnot,local,12,8,8,88,88,11,18,0,2,9,RY,1,100,layer_002_wire_009_RY,0.0002155114378844298,0.0002155114378844298,False
random_bp,expectation_value,same_entangling_gate_count,pm_12q_bp_sweep,hea,RX_RY_RZ_CNOT,none,linear,cnot,local,12,8,8,88,88,11,18,0,2,9,RZ,2,101,layer_002_wire_009_RZ,-0.0004721968107540889,0.0004721968107540889,False
random_bp,expectation_value,same_entangling_gate_count,pm_12q_bp_sweep,hea,RX_RY_RZ_CNOT,none,linear,cnot,local,12,8,8,88,88,11,18,0,2,10,RX,0,102,layer_002_wire_010_RX,0.002056230271232835,0.002056230271232835,False
random_bp,expectation_value,same_entangling_gate_count,pm_12q_bp_sweep,hea,RX_RY_RZ_CNOT,none,linear,cnot,local,12,8,8,88,88,11,18,0,2,10,RY,1,103,layer_002_wire_010_RY,-8.82240614693007e-05,8.82240614693007e-05,False
random_bp,expectation_value,same_entangling_gate_count,pm_12q_bp_sweep,hea,RX_RY_RZ_CNOT,none,linear,cnot,local,12,8,8,88,88,11,18,0,2,10,RZ,2,104,layer_002_wire_010_RZ,-0.0022754056680888883,0.0022754056680888883,False
random_bp,expectation_value,same_entangling_gate_count,pm_12q_bp_sweep,hea,RX_RY_RZ_CNOT,none,linear,cnot,local,12,8,8,88,88,11,18,0,2,11,RX,0,105,layer_002_wire_011_RX,0.0033229451871183823,0.0033229451871183823,False
random_bp,expectation_value,same_entangling_gate_count,pm_12q_bp_sweep,hea,RX_RY_RZ_CNOT,none,linear,cnot,local,12,8,8,88,88,11,18,0,2,11,RY,1,106,layer_002_wire_011_RY,-0.003947241864831116,0.003947241864831116,False
random_bp,expectation_value,same_entangling_gate_count,pm_12q_bp_sweep,hea,RX_RY_RZ_CNOT,none,linear,cnot,local,12,8,8,88,88,11,18,0,2,11,RZ,2,107,layer_002_wire_011_RZ,-0.0015762307043293935,0.0015762307043293935,False
random_bp,expectation_value,same_entangling_gate_count,pm_12q_bp_sweep,hea,RX_RY_RZ_CNOT,none,linear,cnot,local,12,8,8,88,88,11,18,0,3,0,RX,0,108,layer_003_wire_000_RX,-0.003494617005077237,0.003494617005077237,False
random_bp,expectation_value,same_entangling_gate_count,pm_12q_bp_sweep,hea,RX_RY_RZ_CNOT,none,linear,cnot,local,12,8,8,88,88,11,18,0,3,0,RY,1,109,layer_003_wire_000_RY,-0.00838660417961088,0.00838660417961088,False
random_bp,expectation_value,same_entangling_gate_count,pm_12q_bp_sweep,hea,RX_RY_RZ_CNOT,none,linear,cnot,local,12,8,8,88,88,11,18,0,3,0,RZ,2,110,layer_003_wire_000_RZ,0.0028782561270959154,0.0028782561270959154,False
random_bp,expectation_value,same_entangling_gate_count,pm_12q_bp_sweep,hea,RX_RY_RZ_CNOT,none,linear,cnot,local,12,8,8,88,88,11,18,0,3,1,RX,0,111,layer_003_wire_001_RX,-0.0038262782251866595,0.0038262782251866595,False
random_bp,expectation_value,same_entangling_gate_count,pm_12q_bp_sweep,hea,RX_RY_RZ_CNOT,none,linear,cnot,local,12,8,8,88,88,11,18,0,3,1,RY,1,112,layer_003_wire_001_RY,-0.0028904210540750784,0.0028904210540750784,False
random_bp,expectation_value,same_entangling_gate_count,pm_12q_bp_sweep,hea,RX_RY_RZ_CNOT,none,linear,cnot,local,12,8,8,88,88,11,18,0,3,1,RZ,2,113,layer_003_wire_001_RZ,0.0021420486730531025,0.0021420486730531025,False
random_bp,expectation_value,same_entangling_gate_count,pm_12q_bp_sweep,hea,RX_RY_RZ_CNOT,none,linear,cnot,local,12,8,8,88,88,11,18,0,3,2,RX,0,114,layer_003_wire_002_RX,-0.013315103695913315,0.013315103695913315,False
random_bp,expectation_value,same_entangling_gate_count,pm_12q_bp_sweep,hea,RX_RY_RZ_CNOT,none,linear,cnot,local,12,8,8,88,88,11,18,0,3,2,RY,1,115,layer_003_wire_002_RY,-0.0011383611668005732,0.0011383611668005732,False
random_bp,expectation_value,same_entangling_gate_count,pm_12q_bp_sweep,hea,RX_RY_RZ_CNOT,none,linear,cnot,local,12,8,8,88,88,11,18,0,3,2,RZ,2,116,layer_003_wire_002_RZ,-0.021119912395322536,0.021119912395322536,False
random_bp,expectation_value,same_entangling_gate_count,pm_12q_bp_sweep,hea,RX_RY_RZ_CNOT,none,linear,cnot,local,12,8,8,88,88,11,18,0,3,3,RX,0,117,layer_003_wire_003_RX,0.0012430737073716707,0.0012430737073716707,False
random_bp,expectation_value,same_entangling_gate_count,pm_12q_bp_sweep,hea,RX_RY_RZ_CNOT,none,linear,cnot,local,12,8,8,88,88,11,18,0,3,3,RY,1,118,layer_003_wire_003_RY,-0.0009513797895559511,0.0009513797895559511,False
random_bp,expectation_value,same_entangling_gate_count,pm_12q_bp_sweep,hea,RX_RY_RZ_CNOT,none,linear,cnot,local,12,8,8,88,88,11,18,0,3,3,RZ,2,119,layer_003_wire_003_RZ,-0.007427103725429908,0.007427103725429908,False
random_bp,expectation_value,same_entangling_gate_count,pm_12q_bp_sweep,hea,RX_RY_RZ_CNOT,none,linear,cnot,local,12,8,8,88,88,11,18,0,3,4,RX,0,120,layer_003_wire_004_RX,-0.0106674981343006,0.0106674981343006,False
random_bp,expectation_value,same_entangling_gate_count,pm_12q_bp_sweep,hea,RX_RY_RZ_CNOT,none,linear,cnot,local,12,8,8,88,88,11,18,0,3,4,RY,1,121,layer_003_wire_004_RY,0.013060553967414514,0.013060553967414514,False
random_bp,expectation_value,same_entangling_gate_count,pm_12q_bp_sweep,hea,RX_RY_RZ_CNOT,none,linear,cnot,local,12,8,8,88,88,11,18,0,3,4,RZ,2,122,layer_003_wire_004_RZ,-0.0019384922981874717,0.0019384922981874717,False
random_bp,expectation_value,same_entangling_gate_count,pm_12q_bp_sweep,hea,RX_RY_RZ_CNOT,none,linear,cnot,local,12,8,8,88,88,11,18,0,3,5,RX,0,123,layer_003_wire_005_RX,-0.014095952487606825,0.014095952487606825,False
random_bp,expectation_value,same_entangling_gate_count,pm_12q_bp_sweep,hea,RX_RY_RZ_CNOT,none,linear,cnot,local,12,8,8,88,88,11,18,0,3,5,RY,1,124,layer_003_wire_005_RY,0.0024001925996172966,0.0024001925996172966,False
random_bp,expectation_value,same_entangling_gate_count,pm_12q_bp_sweep,hea,RX_RY_RZ_CNOT,none,linear,cnot,local,12,8,8,88,88,11,18,0,3,5,RZ,2,125,layer_003_wire_005_RZ,-0.014501323149456381,0.014501323149456381,False
random_bp,expectation_value,same_entangling_gate_count,pm_12q_bp_sweep,hea,RX_RY_RZ_CNOT,none,linear,cnot,local,12,8,8,88,88,11,18,0,3,6,RX,0,126,layer_003_wire_006_RX,0.0033030526902657407,0.0033030526902657407,False
random_bp,expectation_value,same_entangling_gate_count,pm_12q_bp_sweep,hea,RX_RY_RZ_CNOT,none,linear,cnot,local,12,8,8,88,88,11,18,0,3,6,RY,1,127,layer_003_wire_006_RY,0.0022868933426281423,0.0022868933426281423,False
random_bp,expectation_value,same_entangling_gate_count,pm_12q_bp_sweep,hea,RX_RY_RZ_CNOT,none,linear,cnot,local,12,8,8,88,88,11,18,0,3,6,RZ,2,128,layer_003_wire_006_RZ,0.0025305997918067175,0.0025305997918067175,False
random_bp,expectation_value,same_entangling_gate_count,pm_12q_bp_sweep,hea,RX_RY_RZ_CNOT,none,linear,cnot,local,12,8,8,88,88,11,18,0,3,7,RX,0,129,layer_003_wire_007_RX,0.00295842283017786,0.00295842283017786,False
random_bp,expectation_value,same_entangling_gate_count,pm_12q_bp_sweep,hea,RX_RY_RZ_CNOT,none,linear,cnot,local,12,8,8,88,88,11,18,0,3,7,RY,1,130,layer_003_wire_007_RY,-0.0035079528030633397,0.0035079528030633397,False
random_bp,expectation_value,same_entangling_gate_count,pm_12q_bp_sweep,hea,RX_RY_RZ_CNOT,none,linear,cnot,local,12,8,8,88,88,11,18,0,3,7,RZ,2,131,layer_003_wire_007_RZ,0.0024966180821739976,0.0024966180821739976,False
random_bp,expectation_value,same_entangling_gate_count,pm_12q_bp_sweep,hea,RX_RY_RZ_CNOT,none,linear,cnot,local,12,8,8,88,88,11,18,0,3,8,RX,0,132,layer_003_wire_008_RX,0.004018938023295875,0.004018938023295875,False
random_bp,expectation_value,same_entangling_gate_count,pm_12q_bp_sweep,hea,RX_RY_RZ_CNOT,none,linear,cnot,local,12,8,8,88,88,11,18,0,3,8,RY,1,133,layer_003_wire_008_RY,-0.004047650881246992,0.004047650881246992,False
random_bp,expectation_value,same_entangling_gate_count,pm_12q_bp_sweep,hea,RX_RY_RZ_CNOT,none,linear,cnot,local,12,8,8,88,88,11,18,0,3,8,RZ,2,134,layer_003_wire_008_RZ,0.0026237517880050285,0.0026237517880050285,False
random_bp,expectation_value,same_entangling_gate_count,pm_12q_bp_sweep,hea,RX_RY_RZ_CNOT,none,linear,cnot,local,12,8,8,88,88,11,18,0,3,9,RX,0,135,layer_003_wire_009_RX,0.0023188456676340448,0.0023188456676340448,False
random_bp,expectation_value,same_entangling_gate_count,pm_12q_bp_sweep,hea,RX_RY_RZ_CNOT,none,linear,cnot,local,12,8,8,88,88,11,18,0,3,9,RY,1,136,layer_003_wire_009_RY,0.0023375934350079257,0.0023375934350079257,False
random_bp,expectation_value,same_entangling_gate_count,pm_12q_bp_sweep,hea,RX_RY_RZ_CNOT,none,linear,cnot,local,12,8,8,88,88,11,18,0,3,9,RZ,2,137,layer_003_wire_009_RZ,-0.0022226048095623538,0.0022226048095623538,False
random_bp,expectation_value,same_entangling_gate_count,pm_12q_bp_sweep,hea,RX_RY_RZ_CNOT,none,linear,cnot,local,12,8,8,88,88,11,18,0,3,10,RX,0,138,layer_003_wire_010_RX,0.0013710635613526933,0.0013710635613526933,False
random_bp,expectation_value,same_entangling_gate_count,pm_12q_bp_sweep,hea,RX_RY_RZ_CNOT,none,linear,cnot,local,12,8,8,88,88,11,18,0,3,10,RY,1,139,layer_003_wire_010_RY,0.00027572536077671026,0.00027572536077671026,False
random_bp,expectation_value,same_entangling_gate_count,pm_12q_bp_sweep,hea,RX_RY_RZ_CNOT,none,linear,cnot,local,12,8,8,88,88,11,18,0,3,10,RZ,2,140,layer_003_wire_010_RZ,0.0013042820157986748,0.0013042820157986748,False
random_bp,expectation_value,same_entangling_gate_count,pm_12q_bp_sweep,hea,RX_RY_RZ_CNOT,none,linear,cnot,local,12,8,8,88,88,11,18,0,3,11,RX,0,141,layer_003_wire_011_RX,-0.0021020042641713916,0.0021020042641713916,False
random_bp,expectation_value,same_entangling_gate_count,pm_12q_bp_sweep,hea,RX_RY_RZ_CNOT,none,linear,cnot,local,12,8,8,88,88,11,18,0,3,11,RY,1,142,layer_003_wire_011_RY,0.0003312650644948836,0.0003312650644948836,False
random_bp,expectation_value,same_entangling_gate_count,pm_12q_bp_sweep,hea,RX_RY_RZ_CNOT,none,linear,cnot,local,12,8,8,88,88,11,18,0,3,11,RZ,2,143,layer_003_wire_011_RZ,0.001592351857780764,0.001592351857780764,False
random_bp,expectation_value,same_entangling_gate_count,pm_12q_bp_sweep,hea,RX_RY_RZ_CNOT,none,linear,cnot,local,12,8,8,88,88,11,18,0,4,0,RX,0,144,layer_004_wire_000_RX,0.0020688143493822336,0.0020688143493822336,False
random_bp,expectation_value,same_entangling_gate_count,pm_12q_bp_sweep,hea,RX_RY_RZ_CNOT,none,linear,cnot,local,12,8,8,88,88,11,18,0,4,0,RY,1,145,layer_004_wire_000_RY,-0.015428905204485685,0.015428905204485685,False
random_bp,expectation_value,same_entangling_gate_count,pm_12q_bp_sweep,hea,RX_RY_RZ_CNOT,none,linear,cnot,local,12,8,8,88,88,11,18,0,4,0,RZ,2,146,layer_004_wire_000_RZ,-0.012700270326297093,0.012700270326297093,False
random_bp,expectation_value,same_entangling_gate_count,pm_12q_bp_sweep,hea,RX_RY_RZ_CNOT,none,linear,cnot,local,12,8,8,88,88,11,18,0,4,1,RX,0,147,layer_004_wire_001_RX,0.003673831810675775,0.003673831810675775,False
random_bp,expectation_value,same_entangling_gate_count,pm_12q_bp_sweep,hea,RX_RY_RZ_CNOT,none,linear,cnot,local,12,8,8,88,88,11,18,0,4,1,RY,1,148,layer_004_wire_001_RY,-0.02508198783210401,0.02508198783210401,False
random_bp,expectation_value,same_entangling_gate_count,pm_12q_bp_sweep,hea,RX_RY_RZ_CNOT,none,linear,cnot,local,12,8,8,88,88,11,18,0,4,1,RZ,2,149,layer_004_wire_001_RZ,0.007110054912060956,0.007110054912060956,False
random_bp,expectation_value,same_entangling_gate_count,pm_12q_bp_sweep,hea,RX_RY_RZ_CNOT,none,linear,cnot,local,12,8,8,88,88,11,18,0,4,2,RX,0,150,layer_004_wire_002_RX,-0.007917100372781575,0.007917100372781575,False
random_bp,expectation_value,same_entangling_gate_count,pm_12q_bp_sweep,hea,RX_RY_RZ_CNOT,none,linear,cnot,local,12,8,8,88,88,11,18,0,4,2,RY,1,151,layer_004_wire_002_RY,0.015116863172612962,0.015116863172612962,False
random_bp,expectation_value,same_entangling_gate_count,pm_12q_bp_sweep,hea,RX_RY_RZ_CNOT,none,linear,cnot,local,12,8,8,88,88,11,18,0,4,2,RZ,2,152,layer_004_wire_002_RZ,-0.008691584037428356,0.008691584037428356,False
random_bp,expectation_value,same_entangling_gate_count,pm_12q_bp_sweep,hea,RX_RY_RZ_CNOT,none,linear,cnot,local,12,8,8,88,88,11,18,0,4,3,RX,0,153,layer_004_wire_003_RX,-0.012563447489818188,0.012563447489818188,False
random_bp,expectation_value,same_entangling_gate_count,pm_12q_bp_sweep,hea,RX_RY_RZ_CNOT,none,linear,cnot,local,12,8,8,88,88,11,18,0,4,3,RY,1,154,layer_004_wire_003_RY,0.011150185091007642,0.011150185091007642,False
random_bp,expectation_value,same_entangling_gate_count,pm_12q_bp_sweep,hea,RX_RY_RZ_CNOT,none,linear,cnot,local,12,8,8,88,88,11,18,0,4,3,RZ,2,155,layer_004_wire_003_RZ,-0.01192083235429547,0.01192083235429547,False
random_bp,expectation_value,same_entangling_gate_count,pm_12q_bp_sweep,hea,RX_RY_RZ_CNOT,none,linear,cnot,local,12,8,8,88,88,11,18,0,4,4,RX,0,156,layer_004_wire_004_RX,-0.0023481347593049488,0.0023481347593049488,False
random_bp,expectation_value,same_entangling_gate_count,pm_12q_bp_sweep,hea,RX_RY_RZ_CNOT,none,linear,cnot,local,12,8,8,88,88,11,18,0,4,4,RY,1,157,layer_004_wire_004_RY,0.003682585374292555,0.003682585374292555,False
random_bp,expectation_value,same_entangling_gate_count,pm_12q_bp_sweep,hea,RX_RY_RZ_CNOT,none,linear,cnot,local,12,8,8,88,88,11,18,0,4,4,RZ,2,158,layer_004_wire_004_RZ,0.0013542185514386418,0.0013542185514386418,False
random_bp,expectation_value,same_entangling_gate_count,pm_12q_bp_sweep,hea,RX_RY_RZ_CNOT,none,linear,cnot,local,12,8,8,88,88,11,18,0,4,5,RX,0,159,layer_004_wire_005_RX,-0.00427340624381488,0.00427340624381488,False
random_bp,expectation_value,same_entangling_gate_count,pm_12q_bp_sweep,hea,RX_RY_RZ_CNOT,none,linear,cnot,local,12,8,8,88,88,11,18,0,4,5,RY,1,160,layer_004_wire_005_RY,0.007109450589122602,0.007109450589122602,False
random_bp,expectation_value,same_entangling_gate_count,pm_12q_bp_sweep,hea,RX_RY_RZ_CNOT,none,linear,cnot,local,12,8,8,88,88,11,18,0,4,5,RZ,2,161,layer_004_wire_005_RZ,-0.00031525439093129813,0.00031525439093129813,False
random_bp,expectation_value,same_entangling_gate_count,pm_12q_bp_sweep,hea,RX_RY_RZ_CNOT,none,linear,cnot,local,12,8,8,88,88,11,18,0,4,6,RX,0,162,layer_004_wire_006_RX,0.00410000957479744,0.00410000957479744,False
random_bp,expectation_value,same_entangling_gate_count,pm_12q_bp_sweep,hea,RX_RY_RZ_CNOT,none,linear,cnot,local,12,8,8,88,88,11,18,0,4,6,RY,1,163,layer_004_wire_006_RY,-0.003509264818683859,0.003509264818683859,False
random_bp,expectation_value,same_entangling_gate_count,pm_12q_bp_sweep,hea,RX_RY_RZ_CNOT,none,linear,cnot,local,12,8,8,88,88,11,18,0,4,6,RZ,2,164,layer_004_wire_006_RZ,0.0009291775869213984,0.0009291775869213984,False
random_bp,expectation_value,same_entangling_gate_count,pm_12q_bp_sweep,hea,RX_RY_RZ_CNOT,none,linear,cnot,local,12,8,8,88,88,11,18,0,4,7,RX,0,165,layer_004_wire_007_RX,-6.388846936908527e-05,6.388846936908527e-05,False
random_bp,expectation_value,same_entangling_gate_count,pm_12q_bp_sweep,hea,RX_RY_RZ_CNOT,none,linear,cnot,local,12,8,8,88,88,11,18,0,4,7,RY,1,166,layer_004_wire_007_RY,0.0024072818325171176,0.0024072818325171176,False
random_bp,expectation_value,same_entangling_gate_count,pm_12q_bp_sweep,hea,RX_RY_RZ_CNOT,none,linear,cnot,local,12,8,8,88,88,11,18,0,4,7,RZ,2,167,layer_004_wire_007_RZ,-0.00019452621322883142,0.00019452621322883142,False
random_bp,expectation_value,same_entangling_gate_count,pm_12q_bp_sweep,hea,RX_RY_RZ_CNOT,none,linear,cnot,local,12,8,8,88,88,11,18,0,4,8,RX,0,168,layer_004_wire_008_RX,4.037565778068088e-06,4.037565778068088e-06,False
random_bp,expectation_value,same_entangling_gate_count,pm_12q_bp_sweep,hea,RX_RY_RZ_CNOT,none,linear,cnot,local,12,8,8,88,88,11,18,0,4,8,RY,1,169,layer_004_wire_008_RY,0.0015819224877568993,0.0015819224877568993,False
random_bp,expectation_value,same_entangling_gate_count,pm_12q_bp_sweep,hea,RX_RY_RZ_CNOT,none,linear,cnot,local,12,8,8,88,88,11,18,0,4,8,RZ,2,170,layer_004_wire_008_RZ,0.0015057812388864166,0.0015057812388864166,False
random_bp,expectation_value,same_entangling_gate_count,pm_12q_bp_sweep,hea,RX_RY_RZ_CNOT,none,linear,cnot,local,12,8,8,88,88,11,18,0,4,9,RX,0,171,layer_004_wire_009_RX,-0.0010628645182457507,0.0010628645182457507,False
random_bp,expectation_value,same_entangling_gate_count,pm_12q_bp_sweep,hea,RX_RY_RZ_CNOT,none,linear,cnot,local,12,8,8,88,88,11,18,0,4,9,RY,1,172,layer_004_wire_009_RY,-0.0008021227390198453,0.0008021227390198453,False
random_bp,expectation_value,same_entangling_gate_count,pm_12q_bp_sweep,hea,RX_RY_RZ_CNOT,none,linear,cnot,local,12,8,8,88,88,11,18,0,4,9,RZ,2,173,layer_004_wire_009_RZ,-0.003056354897385155,0.003056354897385155,False
random_bp,expectation_value,same_entangling_gate_count,pm_12q_bp_sweep,hea,RX_RY_RZ_CNOT,none,linear,cnot,local,12,8,8,88,88,11,18,0,4,10,RX,0,174,layer_004_wire_010_RX,0.0016847358663269693,0.0016847358663269693,False
random_bp,expectation_value,same_entangling_gate_count,pm_12q_bp_sweep,hea,RX_RY_RZ_CNOT,none,linear,cnot,local,12,8,8,88,88,11,18,0,4,10,RY,1,175,layer_004_wire_010_RY,0.0008860188681962377,0.0008860188681962377,False
random_bp,expectation_value,same_entangling_gate_count,pm_12q_bp_sweep,hea,RX_RY_RZ_CNOT,none,linear,cnot,local,12,8,8,88,88,11,18,0,4,10,RZ,2,176,layer_004_wire_010_RZ,-0.0028822500295179938,0.0028822500295179938,False
random_bp,expectation_value,same_entangling_gate_count,pm_12q_bp_sweep,hea,RX_RY_RZ_CNOT,none,linear,cnot,local,12,8,8,88,88,11,18,0,4,11,RX,0,177,layer_004_wire_011_RX,-0.0005851440815817222,0.0005851440815817222,False
random_bp,expectation_value,same_entangling_gate_count,pm_12q_bp_sweep,hea,RX_RY_RZ_CNOT,none,linear,cnot,local,12,8,8,88,88,11,18,0,4,11,RY,1,178,layer_004_wire_011_RY,-0.00036678528090739577,0.00036678528090739577,False
random_bp,expectation_value,same_entangling_gate_count,pm_12q_bp_sweep,hea,RX_RY_RZ_CNOT,none,linear,cnot,local,12,8,8,88,88,11,18,0,4,11,RZ,2,179,layer_004_wire_011_RZ,0.00208605193722629,0.00208605193722629,False
random_bp,expectation_value,same_entangling_gate_count,pm_12q_bp_sweep,hea,RX_RY_RZ_CNOT,none,linear,cnot,local,12,8,8,88,88,11,18,0,5,0,RX,0,180,layer_005_wire_000_RX,0.018386922610369918,0.018386922610369918,False
random_bp,expectation_value,same_entangling_gate_count,pm_12q_bp_sweep,hea,RX_RY_RZ_CNOT,none,linear,cnot,local,12,8,8,88,88,11,18,0,5,0,RY,1,181,layer_005_wire_000_RY,0.011403600880376001,0.011403600880376001,False
random_bp,expectation_value,same_entangling_gate_count,pm_12q_bp_sweep,hea,RX_RY_RZ_CNOT,none,linear,cnot,local,12,8,8,88,88,11,18,0,5,0,RZ,2,182,layer_005_wire_000_RZ,0.01827358614155252,0.01827358614155252,False
random_bp,expectation_value,same_entangling_gate_count,pm_12q_bp_sweep,hea,RX_RY_RZ_CNOT,none,linear,cnot,local,12,8,8,88,88,11,18,0,5,1,RX,0,183,layer_005_wire_001_RX,0.010013237336426312,0.010013237336426312,False
random_bp,expectation_value,same_entangling_gate_count,pm_12q_bp_sweep,hea,RX_RY_RZ_CNOT,none,linear,cnot,local,12,8,8,88,88,11,18,0,5,1,RY,1,184,layer_005_wire_001_RY,-0.0027260903661578363,0.0027260903661578363,False
random_bp,expectation_value,same_entangling_gate_count,pm_12q_bp_sweep,hea,RX_RY_RZ_CNOT,none,linear,cnot,local,12,8,8,88,88,11,18,0,5,1,RZ,2,185,layer_005_wire_001_RZ,-0.012518858446447283,0.012518858446447283,False
random_bp,expectation_value,same_entangling_gate_count,pm_12q_bp_sweep,hea,RX_RY_RZ_CNOT,none,linear,cnot,local,12,8,8,88,88,11,18,0,5,2,RX,0,186,layer_005_wire_002_RX,0.010578084285880933,0.010578084285880933,False
random_bp,expectation_value,same_entangling_gate_count,pm_12q_bp_sweep,hea,RX_RY_RZ_CNOT,none,linear,cnot,local,12,8,8,88,88,11,18,0,5,2,RY,1,187,layer_005_wire_002_RY,-0.010894147704597321,0.010894147704597321,False
random_bp,expectation_value,same_entangling_gate_count,pm_12q_bp_sweep,hea,RX_RY_RZ_CNOT,none,linear,cnot,local,12,8,8,88,88,11,18,0,5,2,RZ,2,188,layer_005_wire_002_RZ,-0.007160644316227521,0.007160644316227521,False
random_bp,expectation_value,same_entangling_gate_count,pm_12q_bp_sweep,hea,RX_RY_RZ_CNOT,none,linear,cnot,local,12,8,8,88,88,11,18,0,5,3,RX,0,189,layer_005_wire_003_RX,0.015896076276797212,0.015896076276797212,False
random_bp,expectation_value,same_entangling_gate_count,pm_12q_bp_sweep,hea,RX_RY_RZ_CNOT,none,linear,cnot,local,12,8,8,88,88,11,18,0,5,3,RY,1,190,layer_005_wire_003_RY,0.0049578150009045386,0.0049578150009045386,False
random_bp,expectation_value,same_entangling_gate_count,pm_12q_bp_sweep,hea,RX_RY_RZ_CNOT,none,linear,cnot,local,12,8,8,88,88,11,18,0,5,3,RZ,2,191,layer_005_wire_003_RZ,0.013300146150603898,0.013300146150603898,False
random_bp,expectation_value,same_entangling_gate_count,pm_12q_bp_sweep,hea,RX_RY_RZ_CNOT,none,linear,cnot,local,12,8,8,88,88,11,18,0,5,4,RX,0,192,layer_005_wire_004_RX,-0.002467704190283986,0.002467704190283986,False
random_bp,expectation_value,same_entangling_gate_count,pm_12q_bp_sweep,hea,RX_RY_RZ_CNOT,none,linear,cnot,local,12,8,8,88,88,11,18,0,5,4,RY,1,193,layer_005_wire_004_RY,-0.0035179769430590917,0.0035179769430590917,False
random_bp,expectation_value,same_entangling_gate_count,pm_12q_bp_sweep,hea,RX_RY_RZ_CNOT,none,linear,cnot,local,12,8,8,88,88,11,18,0,5,4,RZ,2,194,layer_005_wire_004_RZ,-0.001466895423493696,0.001466895423493696,False
random_bp,expectation_value,same_entangling_gate_count,pm_12q_bp_sweep,hea,RX_RY_RZ_CNOT,none,linear,cnot,local,12,8,8,88,88,11,18,0,5,5,RX,0,195,layer_005_wire_005_RX,0.0018939530450954023,0.0018939530450954023,False
random_bp,expectation_value,same_entangling_gate_count,pm_12q_bp_sweep,hea,RX_RY_RZ_CNOT,none,linear,cnot,local,12,8,8,88,88,11,18,0,5,5,RY,1,196,layer_005_wire_005_RY,0.0035189787516972286,0.0035189787516972286,False
random_bp,expectation_value,same_entangling_gate_count,pm_12q_bp_sweep,hea,RX_RY_RZ_CNOT,none,linear,cnot,local,12,8,8,88,88,11,18,0,5,5,RZ,2,197,layer_005_wire_005_RZ,-0.0026721662631882174,0.0026721662631882174,False
random_bp,expectation_value,same_entangling_gate_count,pm_12q_bp_sweep,hea,RX_RY_RZ_CNOT,none,linear,cnot,local,12,8,8,88,88,11,18,0,5,6,RX,0,198,layer_005_wire_006_RX,-0.00011842155941443987,0.00011842155941443987,False
random_bp,expectation_value,same_entangling_gate_count,pm_12q_bp_sweep,hea,RX_RY_RZ_CNOT,none,linear,cnot,local,12,8,8,88,88,11,18,0,5,6,RY,1,199,layer_005_wire_006_RY,-0.00012050789564486969,0.00012050789564486969,False
random_bp,expectation_value,same_entangling_gate_count,pm_12q_bp_sweep,hea,RX_RY_RZ_CNOT,none,linear,cnot,local,12,8,8,88,88,11,18,0,5,6,RZ,2,200,layer_005_wire_006_RZ,-0.0036965553663474635,0.0036965553663474635,False
random_bp,expectation_value,same_entangling_gate_count,pm_12q_bp_sweep,hea,RX_RY_RZ_CNOT,none,linear,cnot,local,12,8,8,88,88,11,18,0,5,7,RX,0,201,layer_005_wire_007_RX,0.002903720058528336,0.002903720058528336,False
random_bp,expectation_value,same_entangling_gate_count,pm_12q_bp_sweep,hea,RX_RY_RZ_CNOT,none,linear,cnot,local,12,8,8,88,88,11,18,0,5,7,RY,1,202,layer_005_wire_007_RY,0.001455425691847111,0.001455425691847111,False
random_bp,expectation_value,same_entangling_gate_count,pm_12q_bp_sweep,hea,RX_RY_RZ_CNOT,none,linear,cnot,local,12,8,8,88,88,11,18,0,5,7,RZ,2,203,layer_005_wire_007_RZ,-0.0027500464084595526,0.0027500464084595526,False
random_bp,expectation_value,same_entangling_gate_count,pm_12q_bp_sweep,hea,RX_RY_RZ_CNOT,none,linear,cnot,local,12,8,8,88,88,11,18,0,5,8,RX,0,204,layer_005_wire_008_RX,-0.0015657644121689401,0.0015657644121689401,False
random_bp,expectation_value,same_entangling_gate_count,pm_12q_bp_sweep,hea,RX_RY_RZ_CNOT,none,linear,cnot,local,12,8,8,88,88,11,18,0,5,8,RY,1,205,layer_005_wire_008_RY,-0.0005016176629708997,0.0005016176629708997,False
random_bp,expectation_value,same_entangling_gate_count,pm_12q_bp_sweep,hea,RX_RY_RZ_CNOT,none,linear,cnot,local,12,8,8,88,88,11,18,0,5,8,RZ,2,206,layer_005_wire_008_RZ,0.0026368115083143734,0.0026368115083143734,False
random_bp,expectation_value,same_entangling_gate_count,pm_12q_bp_sweep,hea,RX_RY_RZ_CNOT,none,linear,cnot,local,12,8,8,88,88,11,18,0,5,9,RX,0,207,layer_005_wire_009_RX,-0.004389020801810123,0.004389020801810123,False
random_bp,expectation_value,same_entangling_gate_count,pm_12q_bp_sweep,hea,RX_RY_RZ_CNOT,none,linear,cnot,local,12,8,8,88,88,11,18,0,5,9,RY,1,208,layer_005_wire_009_RY,0.0011462427287971541,0.0011462427287971541,False
random_bp,expectation_value,same_entangling_gate_count,pm_12q_bp_sweep,hea,RX_RY_RZ_CNOT,none,linear,cnot,local,12,8,8,88,88,11,18,0,5,9,RZ,2,209,layer_005_wire_009_RZ,-0.000852301634889163,0.000852301634889163,False
random_bp,expectation_value,same_entangling_gate_count,pm_12q_bp_sweep,hea,RX_RY_RZ_CNOT,none,linear,cnot,local,12,8,8,88,88,11,18,0,5,10,RX,0,210,layer_005_wire_010_RX,-0.0011183774572399714,0.0011183774572399714,False
random_bp,expectation_value,same_entangling_gate_count,pm_12q_bp_sweep,hea,RX_RY_RZ_CNOT,none,linear,cnot,local,12,8,8,88,88,11,18,0,5,10,RY,1,211,layer_005_wire_010_RY,-0.0017207259738039333,0.0017207259738039333,False
random_bp,expectation_value,same_entangling_gate_count,pm_12q_bp_sweep,hea,RX_RY_RZ_CNOT,none,linear,cnot,local,12,8,8,88,88,11,18,0,5,10,RZ,2,212,layer_005_wire_010_RZ,-0.0007187441879870365,0.0007187441879870365,False
random_bp,expectation_value,same_entangling_gate_count,pm_12q_bp_sweep,hea,RX_RY_RZ_CNOT,none,linear,cnot,local,12,8,8,88,88,11,18,0,5,11,RX,0,213,layer_005_wire_011_RX,0.00036240633569861096,0.00036240633569861096,False
random_bp,expectation_value,same_entangling_gate_count,pm_12q_bp_sweep,hea,RX_RY_RZ_CNOT,none,linear,cnot,local,12,8,8,88,88,11,18,0,5,11,RY,1,214,layer_005_wire_011_RY,-0.0012094106358304154,0.0012094106358304154,False
random_bp,expectation_value,same_entangling_gate_count,pm_12q_bp_sweep,hea,RX_RY_RZ_CNOT,none,linear,cnot,local,12,8,8,88,88,11,18,0,5,11,RZ,2,215,layer_005_wire_011_RZ,0.0007179744641758184,0.0007179744641758184,False
random_bp,expectation_value,same_entangling_gate_count,pm_12q_bp_sweep,hea,RX_RY_RZ_CNOT,none,linear,cnot,local,12,8,8,88,88,11,18,0,6,0,RX,0,216,layer_006_wire_000_RX,0.005160814109496872,0.005160814109496872,False
random_bp,expectation_value,same_entangling_gate_count,pm_12q_bp_sweep,hea,RX_RY_RZ_CNOT,none,linear,cnot,local,12,8,8,88,88,11,18,0,6,0,RY,1,217,layer_006_wire_000_RY,-0.010089880094504186,0.010089880094504186,False
random_bp,expectation_value,same_entangling_gate_count,pm_12q_bp_sweep,hea,RX_RY_RZ_CNOT,none,linear,cnot,local,12,8,8,88,88,11,18,0,6,0,RZ,2,218,layer_006_wire_000_RZ,-0.014674587613512874,0.014674587613512874,False
random_bp,expectation_value,same_entangling_gate_count,pm_12q_bp_sweep,hea,RX_RY_RZ_CNOT,none,linear,cnot,local,12,8,8,88,88,11,18,0,6,1,RX,0,219,layer_006_wire_001_RX,0.014456747371611907,0.014456747371611907,False
random_bp,expectation_value,same_entangling_gate_count,pm_12q_bp_sweep,hea,RX_RY_RZ_CNOT,none,linear,cnot,local,12,8,8,88,88,11,18,0,6,1,RY,1,220,layer_006_wire_001_RY,0.011750188709097227,0.011750188709097227,False
random_bp,expectation_value,same_entangling_gate_count,pm_12q_bp_sweep,hea,RX_RY_RZ_CNOT,none,linear,cnot,local,12,8,8,88,88,11,18,0,6,1,RZ,2,221,layer_006_wire_001_RZ,-0.007984848553760752,0.007984848553760752,False
random_bp,expectation_value,same_entangling_gate_count,pm_12q_bp_sweep,hea,RX_RY_RZ_CNOT,none,linear,cnot,local,12,8,8,88,88,11,18,0,6,2,RX,0,222,layer_006_wire_002_RX,-0.002441987603384383,0.002441987603384383,False
random_bp,expectation_value,same_entangling_gate_count,pm_12q_bp_sweep,hea,RX_RY_RZ_CNOT,none,linear,cnot,local,12,8,8,88,88,11,18,0,6,2,RY,1,223,layer_006_wire_002_RY,0.00030745241955558504,0.00030745241955558504,False
random_bp,expectation_value,same_entangling_gate_count,pm_12q_bp_sweep,hea,RX_RY_RZ_CNOT,none,linear,cnot,local,12,8,8,88,88,11,18,0,6,2,RZ,2,224,layer_006_wire_002_RZ,-0.007105961869498792,0.007105961869498792,False
random_bp,expectation_value,same_entangling_gate_count,pm_12q_bp_sweep,hea,RX_RY_RZ_CNOT,none,linear,cnot,local,12,8,8,88,88,11,18,0,6,3,RX,0,225,layer_006_wire_003_RX,0.0016298751503820025,0.0016298751503820025,False
random_bp,expectation_value,same_entangling_gate_count,pm_12q_bp_sweep,hea,RX_RY_RZ_CNOT,none,linear,cnot,local,12,8,8,88,88,11,18,0,6,3,RY,1,226,layer_006_wire_003_RY,-0.0017792036178468885,0.0017792036178468885,False
random_bp,expectation_value,same_entangling_gate_count,pm_12q_bp_sweep,hea,RX_RY_RZ_CNOT,none,linear,cnot,local,12,8,8,88,88,11,18,0,6,3,RZ,2,227,layer_006_wire_003_RZ,0.0017369022435755658,0.0017369022435755658,False
random_bp,expectation_value,same_entangling_gate_count,pm_12q_bp_sweep,hea,RX_RY_RZ_CNOT,none,linear,cnot,local,12,8,8,88,88,11,18,0,6,4,RX,0,228,layer_006_wire_004_RX,0.004562195415654237,0.004562195415654237,False
random_bp,expectation_value,same_entangling_gate_count,pm_12q_bp_sweep,hea,RX_RY_RZ_CNOT,none,linear,cnot,local,12,8,8,88,88,11,18,0,6,4,RY,1,229,layer_006_wire_004_RY,0.003866685748376378,0.003866685748376378,False
random_bp,expectation_value,same_entangling_gate_count,pm_12q_bp_sweep,hea,RX_RY_RZ_CNOT,none,linear,cnot,local,12,8,8,88,88,11,18,0,6,4,RZ,2,230,layer_006_wire_004_RZ,0.0040226486012182715,0.0040226486012182715,False
random_bp,expectation_value,same_entangling_gate_count,pm_12q_bp_sweep,hea,RX_RY_RZ_CNOT,none,linear,cnot,local,12,8,8,88,88,11,18,0,6,5,RX,0,231,layer_006_wire_005_RX,-0.0004375329014834538,0.0004375329014834538,False
random_bp,expectation_value,same_entangling_gate_count,pm_12q_bp_sweep,hea,RX_RY_RZ_CNOT,none,linear,cnot,local,12,8,8,88,88,11,18,0,6,5,RY,1,232,layer_006_wire_005_RY,0.0045478719808260204,0.0045478719808260204,False
random_bp,expectation_value,same_entangling_gate_count,pm_12q_bp_sweep,hea,RX_RY_RZ_CNOT,none,linear,cnot,local,12,8,8,88,88,11,18,0,6,5,RZ,2,233,layer_006_wire_005_RZ,0.002913237028296798,0.002913237028296798,False
random_bp,expectation_value,same_entangling_gate_count,pm_12q_bp_sweep,hea,RX_RY_RZ_CNOT,none,linear,cnot,local,12,8,8,88,88,11,18,0,6,6,RX,0,234,layer_006_wire_006_RX,0.00010956866642776914,0.00010956866642776914,False
random_bp,expectation_value,same_entangling_gate_count,pm_12q_bp_sweep,hea,RX_RY_RZ_CNOT,none,linear,cnot,local,12,8,8,88,88,11,18,0,6,6,RY,1,235,layer_006_wire_006_RY,0.0014129301641121477,0.0014129301641121477,False
random_bp,expectation_value,same_entangling_gate_count,pm_12q_bp_sweep,hea,RX_RY_RZ_CNOT,none,linear,cnot,local,12,8,8,88,88,11,18,0,6,6,RZ,2,236,layer_006_wire_006_RZ,-0.0011309357101862948,0.0011309357101862948,False
random_bp,expectation_value,same_entangling_gate_count,pm_12q_bp_sweep,hea,RX_RY_RZ_CNOT,none,linear,cnot,local,12,8,8,88,88,11,18,0,6,7,RX,0,237,layer_006_wire_007_RX,0.0025901072360691884,0.0025901072360691884,False
random_bp,expectation_value,same_entangling_gate_count,pm_12q_bp_sweep,hea,RX_RY_RZ_CNOT,none,linear,cnot,local,12,8,8,88,88,11,18,0,6,7,RY,1,238,layer_006_wire_007_RY,0.0003314326053927978,0.0003314326053927978,False
random_bp,expectation_value,same_entangling_gate_count,pm_12q_bp_sweep,hea,RX_RY_RZ_CNOT,none,linear,cnot,local,12,8,8,88,88,11,18,0,6,7,RZ,2,239,layer_006_wire_007_RZ,-0.0015247961898652768,0.0015247961898652768,False
random_bp,expectation_value,same_entangling_gate_count,pm_12q_bp_sweep,hea,RX_RY_RZ_CNOT,none,linear,cnot,local,12,8,8,88,88,11,18,0,6,8,RX,0,240,layer_006_wire_008_RX,-0.0002353314553759381,0.0002353314553759381,False
random_bp,expectation_value,same_entangling_gate_count,pm_12q_bp_sweep,hea,RX_RY_RZ_CNOT,none,linear,cnot,local,12,8,8,88,88,11,18,0,6,8,RY,1,241,layer_006_wire_008_RY,0.001393193302456816,0.001393193302456816,False
random_bp,expectation_value,same_entangling_gate_count,pm_12q_bp_sweep,hea,RX_RY_RZ_CNOT,none,linear,cnot,local,12,8,8,88,88,11,18,0,6,8,RZ,2,242,layer_006_wire_008_RZ,-0.0005040398342623755,0.0005040398342623755,False
random_bp,expectation_value,same_entangling_gate_count,pm_12q_bp_sweep,hea,RX_RY_RZ_CNOT,none,linear,cnot,local,12,8,8,88,88,11,18,0,6,9,RX,0,243,layer_006_wire_009_RX,0.0002725421114850785,0.0002725421114850785,False
random_bp,expectation_value,same_entangling_gate_count,pm_12q_bp_sweep,hea,RX_RY_RZ_CNOT,none,linear,cnot,local,12,8,8,88,88,11,18,0,6,9,RY,1,244,layer_006_wire_009_RY,-0.00011340393641407918,0.00011340393641407918,False
random_bp,expectation_value,same_entangling_gate_count,pm_12q_bp_sweep,hea,RX_RY_RZ_CNOT,none,linear,cnot,local,12,8,8,88,88,11,18,0,6,9,RZ,2,245,layer_006_wire_009_RZ,-0.00015915448057019958,0.00015915448057019958,False
random_bp,expectation_value,same_entangling_gate_count,pm_12q_bp_sweep,hea,RX_RY_RZ_CNOT,none,linear,cnot,local,12,8,8,88,88,11,18,0,6,10,RX,0,246,layer_006_wire_010_RX,-0.000585494638318722,0.000585494638318722,False
random_bp,expectation_value,same_entangling_gate_count,pm_12q_bp_sweep,hea,RX_RY_RZ_CNOT,none,linear,cnot,local,12,8,8,88,88,11,18,0,6,10,RY,1,247,layer_006_wire_010_RY,-0.000339477549122316,0.000339477549122316,False
random_bp,expectation_value,same_entangling_gate_count,pm_12q_bp_sweep,hea,RX_RY_RZ_CNOT,none,linear,cnot,local,12,8,8,88,88,11,18,0,6,10,RZ,2,248,layer_006_wire_010_RZ,0.00045184620305840917,0.00045184620305840917,False
random_bp,expectation_value,same_entangling_gate_count,pm_12q_bp_sweep,hea,RX_RY_RZ_CNOT,none,linear,cnot,local,12,8,8,88,88,11,18,0,6,11,RX,0,249,layer_006_wire_011_RX,-0.0007279311815178431,0.0007279311815178431,False
random_bp,expectation_value,same_entangling_gate_count,pm_12q_bp_sweep,hea,RX_RY_RZ_CNOT,none,linear,cnot,local,12,8,8,88,88,11,18,0,6,11,RY,1,250,layer_006_wire_011_RY,0.0010914737687785986,0.0010914737687785986,False
random_bp,expectation_value,same_entangling_gate_count,pm_12q_bp_sweep,hea,RX_RY_RZ_CNOT,none,linear,cnot,local,12,8,8,88,88,11,18,0,6,11,RZ,2,251,layer_006_wire_011_RZ,0.0008487054418150557,0.0008487054418150557,False
random_bp,expectation_value,same_entangling_gate_count,pm_12q_bp_sweep,hea,RX_RY_RZ_CNOT,none,linear,cnot,local,12,8,8,88,88,11,18,0,7,0,RX,0,252,layer_007_wire_000_RX,-0.002850760661201814,0.002850760661201814,False
random_bp,expectation_value,same_entangling_gate_count,pm_12q_bp_sweep,hea,RX_RY_RZ_CNOT,none,linear,cnot,local,12,8,8,88,88,11,18,0,7,0,RY,1,253,layer_007_wire_000_RY,0.008659020938872143,0.008659020938872143,False
random_bp,expectation_value,same_entangling_gate_count,pm_12q_bp_sweep,hea,RX_RY_RZ_CNOT,none,linear,cnot,local,12,8,8,88,88,11,18,0,7,0,RZ,2,254,layer_007_wire_000_RZ,7.05007939208285e-18,7.05007939208285e-18,True
random_bp,expectation_value,same_entangling_gate_count,pm_12q_bp_sweep,hea,RX_RY_RZ_CNOT,none,linear,cnot,local,12,8,8,88,88,11,18,0,7,1,RX,0,255,layer_007_wire_001_RX,-0.0005132474123380991,0.0005132474123380991,False
random_bp,expectation_value,same_entangling_gate_count,pm_12q_bp_sweep,hea,RX_RY_RZ_CNOT,none,linear,cnot,local,12,8,8,88,88,11,18,0,7,1,RY,1,256,layer_007_wire_001_RY,-0.007097080505288692,0.007097080505288692,False
random_bp,expectation_value,same_entangling_gate_count,pm_12q_bp_sweep,hea,RX_RY_RZ_CNOT,none,linear,cnot,local,12,8,8,88,88,11,18,0,7,1,RZ,2,257,layer_007_wire_001_RZ,2.098937880636932e-17,2.098937880636932e-17,True
random_bp,expectation_value,same_entangling_gate_count,pm_12q_bp_sweep,hea,RX_RY_RZ_CNOT,none,linear,cnot,local,12,8,8,88,88,11,18,0,7,2,RX,0,258,layer_007_wire_002_RX,0.0018700779168898227,0.0018700779168898227,False
random_bp,expectation_value,same_entangling_gate_count,pm_12q_bp_sweep,hea,RX_RY_RZ_CNOT,none,linear,cnot,local,12,8,8,88,88,11,18,0,7,2,RY,1,259,layer_007_wire_002_RY,0.0014792730419058643,0.0014792730419058643,False
random_bp,expectation_value,same_entangling_gate_count,pm_12q_bp_sweep,hea,RX_RY_RZ_CNOT,none,linear,cnot,local,12,8,8,88,88,11,18,0,7,2,RZ,2,260,layer_007_wire_002_RZ,-2.0005542667722995e-17,2.0005542667722995e-17,True
random_bp,expectation_value,same_entangling_gate_count,pm_12q_bp_sweep,hea,RX_RY_RZ_CNOT,none,linear,cnot,local,12,8,8,88,88,11,18,0,7,3,RX,0,261,layer_007_wire_003_RX,-0.0036664401602391097,0.0036664401602391097,False
random_bp,expectation_value,same_entangling_gate_count,pm_12q_bp_sweep,hea,RX_RY_RZ_CNOT,none,linear,cnot,local,12,8,8,88,88,11,18,0,7,3,RY,1,262,layer_007_wire_003_RY,-0.0037121106453048116,0.0037121106453048116,False
random_bp,expectation_value,same_entangling_gate_count,pm_12q_bp_sweep,hea,RX_RY_RZ_CNOT,none,linear,cnot,local,12,8,8,88,88,11,18,0,7,3,RZ,2,263,layer_007_wire_003_RZ,-1.1476464616542597e-17,1.1476464616542597e-17,True
random_bp,expectation_value,same_entangling_gate_count,pm_12q_bp_sweep,hea,RX_RY_RZ_CNOT,none,linear,cnot,local,12,8,8,88,88,11,18,0,7,4,RX,0,264,layer_007_wire_004_RX,0.002782606091831894,0.002782606091831894,False
random_bp,expectation_value,same_entangling_gate_count,pm_12q_bp_sweep,hea,RX_RY_RZ_CNOT,none,linear,cnot,local,12,8,8,88,88,11,18,0,7,4,RY,1,265,layer_007_wire_004_RY,-0.005160765796404251,0.005160765796404251,False
random_bp,expectation_value,same_entangling_gate_count,pm_12q_bp_sweep,hea,RX_RY_RZ_CNOT,none,linear,cnot,local,12,8,8,88,88,11,18,0,7,4,RZ,2,266,layer_007_wire_004_RZ,-9.816595521251864e-19,9.816595521251864e-19,True
random_bp,expectation_value,same_entangling_gate_count,pm_12q_bp_sweep,hea,RX_RY_RZ_CNOT,none,linear,cnot,local,12,8,8,88,88,11,18,0,7,5,RX,0,267,layer_007_wire_005_RX,0.005656324603629498,0.005656324603629498,False
random_bp,expectation_value,same_entangling_gate_count,pm_12q_bp_sweep,hea,RX_RY_RZ_CNOT,none,linear,cnot,local,12,8,8,88,88,11,18,0,7,5,RY,1,268,layer_007_wire_005_RY,0.0021649450723444366,0.0021649450723444366,False
random_bp,expectation_value,same_entangling_gate_count,pm_12q_bp_sweep,hea,RX_RY_RZ_CNOT,none,linear,cnot,local,12,8,8,88,88,11,18,0,7,5,RZ,2,269,layer_007_wire_005_RZ,1.37270388695902e-18,1.37270388695902e-18,True
random_bp,expectation_value,same_entangling_gate_count,pm_12q_bp_sweep,hea,RX_RY_RZ_CNOT,none,linear,cnot,local,12,8,8,88,88,11,18,0,7,6,RX,0,270,layer_007_wire_006_RX,0.0024122947452349646,0.0024122947452349646,False
random_bp,expectation_value,same_entangling_gate_count,pm_12q_bp_sweep,hea,RX_RY_RZ_CNOT,none,linear,cnot,local,12,8,8,88,88,11,18,0,7,6,RY,1,271,layer_007_wire_006_RY,0.001953324431080426,0.001953324431080426,False
random_bp,expectation_value,same_entangling_gate_count,pm_12q_bp_sweep,hea,RX_RY_RZ_CNOT,none,linear,cnot,local,12,8,8,88,88,11,18,0,7,6,RZ,2,272,layer_007_wire_006_RZ,-1.3417536646848005e-18,1.3417536646848005e-18,True
random_bp,expectation_value,same_entangling_gate_count,pm_12q_bp_sweep,hea,RX_RY_RZ_CNOT,none,linear,cnot,local,12,8,8,88,88,11,18,0,7,7,RX,0,273,layer_007_wire_007_RX,0.00035778639888318464,0.00035778639888318464,False
random_bp,expectation_value,same_entangling_gate_count,pm_12q_bp_sweep,hea,RX_RY_RZ_CNOT,none,linear,cnot,local,12,8,8,88,88,11,18,0,7,7,RY,1,274,layer_007_wire_007_RY,-0.004116426316940872,0.004116426316940872,False
random_bp,expectation_value,same_entangling_gate_count,pm_12q_bp_sweep,hea,RX_RY_RZ_CNOT,none,linear,cnot,local,12,8,8,88,88,11,18,0,7,7,RZ,2,275,layer_007_wire_007_RZ,7.666466279109926e-19,7.666466279109926e-19,True
random_bp,expectation_value,same_entangling_gate_count,pm_12q_bp_sweep,hea,RX_RY_RZ_CNOT,none,linear,cnot,local,12,8,8,88,88,11,18,0,7,8,RX,0,276,layer_007_wire_008_RX,0.0022917043586760696,0.0022917043586760696,False
random_bp,expectation_value,same_entangling_gate_count,pm_12q_bp_sweep,hea,RX_RY_RZ_CNOT,none,linear,cnot,local,12,8,8,88,88,11,18,0,7,8,RY,1,277,layer_007_wire_008_RY,-0.0035455305595087144,0.0035455305595087144,False
random_bp,expectation_value,same_entangling_gate_count,pm_12q_bp_sweep,hea,RX_RY_RZ_CNOT,none,linear,cnot,local,12,8,8,88,88,11,18,0,7,8,RZ,2,278,layer_007_wire_008_RZ,2.958440372880664e-19,2.958440372880664e-19,True
random_bp,expectation_value,same_entangling_gate_count,pm_12q_bp_sweep,hea,RX_RY_RZ_CNOT,none,linear,cnot,local,12,8,8,88,88,11,18,0,7,9,RX,0,279,layer_007_wire_009_RX,0.00229466367994254,0.00229466367994254,False
random_bp,expectation_value,same_entangling_gate_count,pm_12q_bp_sweep,hea,RX_RY_RZ_CNOT,none,linear,cnot,local,12,8,8,88,88,11,18,0,7,9,RY,1,280,layer_007_wire_009_RY,0.0036521150518506787,0.0036521150518506787,False
random_bp,expectation_value,same_entangling_gate_count,pm_12q_bp_sweep,hea,RX_RY_RZ_CNOT,none,linear,cnot,local,12,8,8,88,88,11,18,0,7,9,RZ,2,281,layer_007_wire_009_RZ,-2.6525884544561574e-19,2.6525884544561574e-19,True
random_bp,expectation_value,same_entangling_gate_count,pm_12q_bp_sweep,hea,RX_RY_RZ_CNOT,none,linear,cnot,local,12,8,8,88,88,11,18,0,7,10,RX,0,282,layer_007_wire_010_RX,-0.0010462583618800001,0.0010462583618800001,False
random_bp,expectation_value,same_entangling_gate_count,pm_12q_bp_sweep,hea,RX_RY_RZ_CNOT,none,linear,cnot,local,12,8,8,88,88,11,18,0,7,10,RY,1,283,layer_007_wire_010_RY,0.0010172788234569352,0.0010172788234569352,False
random_bp,expectation_value,same_entangling_gate_count,pm_12q_bp_sweep,hea,RX_RY_RZ_CNOT,none,linear,cnot,local,12,8,8,88,88,11,18,0,7,10,RZ,2,284,layer_007_wire_010_RZ,2.7880381471949376e-18,2.7880381471949376e-18,True
random_bp,expectation_value,same_entangling_gate_count,pm_12q_bp_sweep,hea,RX_RY_RZ_CNOT,none,linear,cnot,local,12,8,8,88,88,11,18,0,7,11,RX,0,285,layer_007_wire_011_RX,0.00016319837849555253,0.00016319837849555253,False
random_bp,expectation_value,same_entangling_gate_count,pm_12q_bp_sweep,hea,RX_RY_RZ_CNOT,none,linear,cnot,local,12,8,8,88,88,11,18,0,7,11,RY,1,286,layer_007_wire_011_RY,-0.00040275535766302737,0.00040275535766302737,False
random_bp,expectation_value,same_entangling_gate_count,pm_12q_bp_sweep,hea,RX_RY_RZ_CNOT,none,linear,cnot,local,12,8,8,88,88,11,18,0,7,11,RZ,2,287,layer_007_wire_011_RZ,-2.807168717086223e-17,2.807168717086223e-17,True
random_bp,expectation_value,same_entangling_gate_count,pm_12q_bp_sweep,hea,RX_RY_RZ_CNOT,none,linear,cnot,local,12,8,8,88,88,11,19,1,0,0,RX,0,0,layer_000_wire_000_RX,0.004891873039228802,0.004891873039228802,False
random_bp,expectation_value,same_entangling_gate_count,pm_12q_bp_sweep,hea,RX_RY_RZ_CNOT,none,linear,cnot,local,12,8,8,88,88,11,19,1,0,0,RY,1,1,layer_000_wire_000_RY,0.0072561545449484205,0.0072561545449484205,False
random_bp,expectation_value,same_entangling_gate_count,pm_12q_bp_sweep,hea,RX_RY_RZ_CNOT,none,linear,cnot,local,12,8,8,88,88,11,19,1,0,0,RZ,2,2,layer_000_wire_000_RZ,-0.0020121290782338878,0.0020121290782338878,False
random_bp,expectation_value,same_entangling_gate_count,pm_12q_bp_sweep,hea,RX_RY_RZ_CNOT,none,linear,cnot,local,12,8,8,88,88,11,19,1,0,1,RX,0,3,layer_000_wire_001_RX,0.0009619920366404349,0.0009619920366404349,False
random_bp,expectation_value,same_entangling_gate_count,pm_12q_bp_sweep,hea,RX_RY_RZ_CNOT,none,linear,cnot,local,12,8,8,88,88,11,19,1,0,1,RY,1,4,layer_000_wire_001_RY,-0.005700831993025623,0.005700831993025623,False
random_bp,expectation_value,same_entangling_gate_count,pm_12q_bp_sweep,hea,RX_RY_RZ_CNOT,none,linear,cnot,local,12,8,8,88,88,11,19,1,0,1,RZ,2,5,layer_000_wire_001_RZ,0.0016122737419151862,0.0016122737419151862,False
random_bp,expectation_value,same_entangling_gate_count,pm_12q_bp_sweep,hea,RX_RY_RZ_CNOT,none,linear,cnot,local,12,8,8,88,88,11,19,1,0,2,RX,0,6,layer_000_wire_002_RX,0.01805830326217766,0.01805830326217766,False
random_bp,expectation_value,same_entangling_gate_count,pm_12q_bp_sweep,hea,RX_RY_RZ_CNOT,none,linear,cnot,local,12,8,8,88,88,11,19,1,0,2,RY,1,7,layer_000_wire_002_RY,-0.007220075169097372,0.007220075169097372,False
random_bp,expectation_value,same_entangling_gate_count,pm_12q_bp_sweep,hea,RX_RY_RZ_CNOT,none,linear,cnot,local,12,8,8,88,88,11,19,1,0,2,RZ,2,8,layer_000_wire_002_RZ,0.021194118588321514,0.021194118588321514,False
random_bp,expectation_value,same_entangling_gate_count,pm_12q_bp_sweep,hea,RX_RY_RZ_CNOT,none,linear,cnot,local,12,8,8,88,88,11,19,1,0,3,RX,0,9,layer_000_wire_003_RX,-0.014779305853244756,0.014779305853244756,False
random_bp,expectation_value,same_entangling_gate_count,pm_12q_bp_sweep,hea,RX_RY_RZ_CNOT,none,linear,cnot,local,12,8,8,88,88,11,19,1,0,3,RY,1,10,layer_000_wire_003_RY,-0.0019788477575300332,0.0019788477575300332,False
random_bp,expectation_value,same_entangling_gate_count,pm_12q_bp_sweep,hea,RX_RY_RZ_CNOT,none,linear,cnot,local,12,8,8,88,88,11,19,1,0,3,RZ,2,11,layer_000_wire_003_RZ,0.014783344965218074,0.014783344965218074,False
random_bp,expectation_value,same_entangling_gate_count,pm_12q_bp_sweep,hea,RX_RY_RZ_CNOT,none,linear,cnot,local,12,8,8,88,88,11,19,1,0,4,RX,0,12,layer_000_wire_004_RX,0.0026161804362335537,0.0026161804362335537,False
random_bp,expectation_value,same_entangling_gate_count,pm_12q_bp_sweep,hea,RX_RY_RZ_CNOT,none,linear,cnot,local,12,8,8,88,88,11,19,1,0,4,RY,1,13,layer_000_wire_004_RY,0.0014044129733703989,0.0014044129733703989,False
random_bp,expectation_value,same_entangling_gate_count,pm_12q_bp_sweep,hea,RX_RY_RZ_CNOT,none,linear,cnot,local,12,8,8,88,88,11,19,1,0,4,RZ,2,14,layer_000_wire_004_RZ,-0.0019269932200088155,0.0019269932200088155,False
random_bp,expectation_value,same_entangling_gate_count,pm_12q_bp_sweep,hea,RX_RY_RZ_CNOT,none,linear,cnot,local,12,8,8,88,88,11,19,1,0,5,RX,0,15,layer_000_wire_005_RX,-0.02413984804987687,0.02413984804987687,False
random_bp,expectation_value,same_entangling_gate_count,pm_12q_bp_sweep,hea,RX_RY_RZ_CNOT,none,linear,cnot,local,12,8,8,88,88,11,19,1,0,5,RY,1,16,layer_000_wire_005_RY,0.00884323068996064,0.00884323068996064,False
random_bp,expectation_value,same_entangling_gate_count,pm_12q_bp_sweep,hea,RX_RY_RZ_CNOT,none,linear,cnot,local,12,8,8,88,88,11,19,1,0,5,RZ,2,17,layer_000_wire_005_RZ,-0.01624007568817888,0.01624007568817888,False
random_bp,expectation_value,same_entangling_gate_count,pm_12q_bp_sweep,hea,RX_RY_RZ_CNOT,none,linear,cnot,local,12,8,8,88,88,11,19,1,0,6,RX,0,18,layer_000_wire_006_RX,0.0008100098898030528,0.0008100098898030528,False
random_bp,expectation_value,same_entangling_gate_count,pm_12q_bp_sweep,hea,RX_RY_RZ_CNOT,none,linear,cnot,local,12,8,8,88,88,11,19,1,0,6,RY,1,19,layer_000_wire_006_RY,0.00016826437812367777,0.00016826437812367777,False
random_bp,expectation_value,same_entangling_gate_count,pm_12q_bp_sweep,hea,RX_RY_RZ_CNOT,none,linear,cnot,local,12,8,8,88,88,11,19,1,0,6,RZ,2,20,layer_000_wire_006_RZ,0.0008507814850212623,0.0008507814850212623,False
random_bp,expectation_value,same_entangling_gate_count,pm_12q_bp_sweep,hea,RX_RY_RZ_CNOT,none,linear,cnot,local,12,8,8,88,88,11,19,1,0,7,RX,0,21,layer_000_wire_007_RX,0.0007278512454705266,0.0007278512454705266,False
random_bp,expectation_value,same_entangling_gate_count,pm_12q_bp_sweep,hea,RX_RY_RZ_CNOT,none,linear,cnot,local,12,8,8,88,88,11,19,1,0,7,RY,1,22,layer_000_wire_007_RY,-0.0018739596622627595,0.0018739596622627595,False
random_bp,expectation_value,same_entangling_gate_count,pm_12q_bp_sweep,hea,RX_RY_RZ_CNOT,none,linear,cnot,local,12,8,8,88,88,11,19,1,0,7,RZ,2,23,layer_000_wire_007_RZ,0.009714104665737577,0.009714104665737577,False
random_bp,expectation_value,same_entangling_gate_count,pm_12q_bp_sweep,hea,RX_RY_RZ_CNOT,none,linear,cnot,local,12,8,8,88,88,11,19,1,0,8,RX,0,24,layer_000_wire_008_RX,-0.0033516518766216665,0.0033516518766216665,False
random_bp,expectation_value,same_entangling_gate_count,pm_12q_bp_sweep,hea,RX_RY_RZ_CNOT,none,linear,cnot,local,12,8,8,88,88,11,19,1,0,8,RY,1,25,layer_000_wire_008_RY,-0.0024041745868206184,0.0024041745868206184,False
random_bp,expectation_value,same_entangling_gate_count,pm_12q_bp_sweep,hea,RX_RY_RZ_CNOT,none,linear,cnot,local,12,8,8,88,88,11,19,1,0,8,RZ,2,26,layer_000_wire_008_RZ,0.0034028642192569856,0.0034028642192569856,False
random_bp,expectation_value,same_entangling_gate_count,pm_12q_bp_sweep,hea,RX_RY_RZ_CNOT,none,linear,cnot,local,12,8,8,88,88,11,19,1,0,9,RX,0,27,layer_000_wire_009_RX,-0.004035087625926583,0.004035087625926583,False
random_bp,expectation_value,same_entangling_gate_count,pm_12q_bp_sweep,hea,RX_RY_RZ_CNOT,none,linear,cnot,local,12,8,8,88,88,11,19,1,0,9,RY,1,28,layer_000_wire_009_RY,-3.1221138467586035e-05,3.1221138467586035e-05,False
random_bp,expectation_value,same_entangling_gate_count,pm_12q_bp_sweep,hea,RX_RY_RZ_CNOT,none,linear,cnot,local,12,8,8,88,88,11,19,1,0,9,RZ,2,29,layer_000_wire_009_RZ,-0.0035131990765089006,0.0035131990765089006,False
random_bp,expectation_value,same_entangling_gate_count,pm_12q_bp_sweep,hea,RX_RY_RZ_CNOT,none,linear,cnot,local,12,8,8,88,88,11,19,1,0,10,RX,0,30,layer_000_wire_010_RX,-0.0036034625321764756,0.0036034625321764756,False
random_bp,expectation_value,same_entangling_gate_count,pm_12q_bp_sweep,hea,RX_RY_RZ_CNOT,none,linear,cnot,local,12,8,8,88,88,11,19,1,0,10,RY,1,31,layer_000_wire_010_RY,-0.00011845098915979615,0.00011845098915979615,False
random_bp,expectation_value,same_entangling_gate_count,pm_12q_bp_sweep,hea,RX_RY_RZ_CNOT,none,linear,cnot,local,12,8,8,88,88,11,19,1,0,10,RZ,2,32,layer_000_wire_010_RZ,-0.0023887203637769612,0.0023887203637769612,False
random_bp,expectation_value,same_entangling_gate_count,pm_12q_bp_sweep,hea,RX_RY_RZ_CNOT,none,linear,cnot,local,12,8,8,88,88,11,19,1,0,11,RX,0,33,layer_000_wire_011_RX,0.002348102075696015,0.002348102075696015,False
random_bp,expectation_value,same_entangling_gate_count,pm_12q_bp_sweep,hea,RX_RY_RZ_CNOT,none,linear,cnot,local,12,8,8,88,88,11,19,1,0,11,RY,1,34,layer_000_wire_011_RY,-0.00014702333050307026,0.00014702333050307026,False
random_bp,expectation_value,same_entangling_gate_count,pm_12q_bp_sweep,hea,RX_RY_RZ_CNOT,none,linear,cnot,local,12,8,8,88,88,11,19,1,0,11,RZ,2,35,layer_000_wire_011_RZ,-0.0008718256275317135,0.0008718256275317135,False
random_bp,expectation_value,same_entangling_gate_count,pm_12q_bp_sweep,hea,RX_RY_RZ_CNOT,none,linear,cnot,local,12,8,8,88,88,11,19,1,1,0,RX,0,36,layer_001_wire_000_RX,0.0018538520403884875,0.0018538520403884875,False
random_bp,expectation_value,same_entangling_gate_count,pm_12q_bp_sweep,hea,RX_RY_RZ_CNOT,none,linear,cnot,local,12,8,8,88,88,11,19,1,1,0,RY,1,37,layer_001_wire_000_RY,-0.0008768904368275786,0.0008768904368275786,False
random_bp,expectation_value,same_entangling_gate_count,pm_12q_bp_sweep,hea,RX_RY_RZ_CNOT,none,linear,cnot,local,12,8,8,88,88,11,19,1,1,0,RZ,2,38,layer_001_wire_000_RZ,0.0014922372117977295,0.0014922372117977295,False
random_bp,expectation_value,same_entangling_gate_count,pm_12q_bp_sweep,hea,RX_RY_RZ_CNOT,none,linear,cnot,local,12,8,8,88,88,11,19,1,1,1,RX,0,39,layer_001_wire_001_RX,0.009857356197628566,0.009857356197628566,False
random_bp,expectation_value,same_entangling_gate_count,pm_12q_bp_sweep,hea,RX_RY_RZ_CNOT,none,linear,cnot,local,12,8,8,88,88,11,19,1,1,1,RY,1,40,layer_001_wire_001_RY,-0.0003718820636915733,0.0003718820636915733,False
random_bp,expectation_value,same_entangling_gate_count,pm_12q_bp_sweep,hea,RX_RY_RZ_CNOT,none,linear,cnot,local,12,8,8,88,88,11,19,1,1,1,RZ,2,41,layer_001_wire_001_RZ,-0.008199332044054762,0.008199332044054762,False
random_bp,expectation_value,same_entangling_gate_count,pm_12q_bp_sweep,hea,RX_RY_RZ_CNOT,none,linear,cnot,local,12,8,8,88,88,11,19,1,1,2,RX,0,42,layer_001_wire_002_RX,-0.009712114950577382,0.009712114950577382,False
random_bp,expectation_value,same_entangling_gate_count,pm_12q_bp_sweep,hea,RX_RY_RZ_CNOT,none,linear,cnot,local,12,8,8,88,88,11,19,1,1,2,RY,1,43,layer_001_wire_002_RY,-0.0050153531612501644,0.0050153531612501644,False
random_bp,expectation_value,same_entangling_gate_count,pm_12q_bp_sweep,hea,RX_RY_RZ_CNOT,none,linear,cnot,local,12,8,8,88,88,11,19,1,1,2,RZ,2,44,layer_001_wire_002_RZ,-0.008721296202401045,0.008721296202401045,False
random_bp,expectation_value,same_entangling_gate_count,pm_12q_bp_sweep,hea,RX_RY_RZ_CNOT,none,linear,cnot,local,12,8,8,88,88,11,19,1,1,3,RX,0,45,layer_001_wire_003_RX,0.00016359795212144557,0.00016359795212144557,False
random_bp,expectation_value,same_entangling_gate_count,pm_12q_bp_sweep,hea,RX_RY_RZ_CNOT,none,linear,cnot,local,12,8,8,88,88,11,19,1,1,3,RY,1,46,layer_001_wire_003_RY,-0.0011476229742401114,0.0011476229742401114,False
random_bp,expectation_value,same_entangling_gate_count,pm_12q_bp_sweep,hea,RX_RY_RZ_CNOT,none,linear,cnot,local,12,8,8,88,88,11,19,1,1,3,RZ,2,47,layer_001_wire_003_RZ,-0.007438016560087036,0.007438016560087036,False
random_bp,expectation_value,same_entangling_gate_count,pm_12q_bp_sweep,hea,RX_RY_RZ_CNOT,none,linear,cnot,local,12,8,8,88,88,11,19,1,1,4,RX,0,48,layer_001_wire_004_RX,0.016800055160117344,0.016800055160117344,False
random_bp,expectation_value,same_entangling_gate_count,pm_12q_bp_sweep,hea,RX_RY_RZ_CNOT,none,linear,cnot,local,12,8,8,88,88,11,19,1,1,4,RY,1,49,layer_001_wire_004_RY,0.013687012485423087,0.013687012485423087,False
random_bp,expectation_value,same_entangling_gate_count,pm_12q_bp_sweep,hea,RX_RY_RZ_CNOT,none,linear,cnot,local,12,8,8,88,88,11,19,1,1,4,RZ,2,50,layer_001_wire_004_RZ,-0.018661694525598106,0.018661694525598106,False
random_bp,expectation_value,same_entangling_gate_count,pm_12q_bp_sweep,hea,RX_RY_RZ_CNOT,none,linear,cnot,local,12,8,8,88,88,11,19,1,1,5,RX,0,51,layer_001_wire_005_RX,-0.020833553289193424,0.020833553289193424,False
random_bp,expectation_value,same_entangling_gate_count,pm_12q_bp_sweep,hea,RX_RY_RZ_CNOT,none,linear,cnot,local,12,8,8,88,88,11,19,1,1,5,RY,1,52,layer_001_wire_005_RY,0.013396718091633281,0.013396718091633281,False
random_bp,expectation_value,same_entangling_gate_count,pm_12q_bp_sweep,hea,RX_RY_RZ_CNOT,none,linear,cnot,local,12,8,8,88,88,11,19,1,1,5,RZ,2,53,layer_001_wire_005_RZ,-0.019426278609167038,0.019426278609167038,False
random_bp,expectation_value,same_entangling_gate_count,pm_12q_bp_sweep,hea,RX_RY_RZ_CNOT,none,linear,cnot,local,12,8,8,88,88,11,19,1,1,6,RX,0,54,layer_001_wire_006_RX,-0.0008880697007334218,0.0008880697007334218,False
random_bp,expectation_value,same_entangling_gate_count,pm_12q_bp_sweep,hea,RX_RY_RZ_CNOT,none,linear,cnot,local,12,8,8,88,88,11,19,1,1,6,RY,1,55,layer_001_wire_006_RY,0.00046629999595906597,0.00046629999595906597,False
random_bp,expectation_value,same_entangling_gate_count,pm_12q_bp_sweep,hea,RX_RY_RZ_CNOT,none,linear,cnot,local,12,8,8,88,88,11,19,1,1,6,RZ,2,56,layer_001_wire_006_RZ,-0.0010453315162129097,0.0010453315162129097,False
random_bp,expectation_value,same_entangling_gate_count,pm_12q_bp_sweep,hea,RX_RY_RZ_CNOT,none,linear,cnot,local,12,8,8,88,88,11,19,1,1,7,RX,0,57,layer_001_wire_007_RX,-0.0007882059702820632,0.0007882059702820632,False
random_bp,expectation_value,same_entangling_gate_count,pm_12q_bp_sweep,hea,RX_RY_RZ_CNOT,none,linear,cnot,local,12,8,8,88,88,11,19,1,1,7,RY,1,58,layer_001_wire_007_RY,0.000918517636921671,0.000918517636921671,False
random_bp,expectation_value,same_entangling_gate_count,pm_12q_bp_sweep,hea,RX_RY_RZ_CNOT,none,linear,cnot,local,12,8,8,88,88,11,19,1,1,7,RZ,2,59,layer_001_wire_007_RZ,-0.0001559511560661549,0.0001559511560661549,False
random_bp,expectation_value,same_entangling_gate_count,pm_12q_bp_sweep,hea,RX_RY_RZ_CNOT,none,linear,cnot,local,12,8,8,88,88,11,19,1,1,8,RX,0,60,layer_001_wire_008_RX,0.0007886558964831248,0.0007886558964831248,False
random_bp,expectation_value,same_entangling_gate_count,pm_12q_bp_sweep,hea,RX_RY_RZ_CNOT,none,linear,cnot,local,12,8,8,88,88,11,19,1,1,8,RY,1,61,layer_001_wire_008_RY,0.0035675016933363877,0.0035675016933363877,False
random_bp,expectation_value,same_entangling_gate_count,pm_12q_bp_sweep,hea,RX_RY_RZ_CNOT,none,linear,cnot,local,12,8,8,88,88,11,19,1,1,8,RZ,2,62,layer_001_wire_008_RZ,0.0015202431741157347,0.0015202431741157347,False
random_bp,expectation_value,same_entangling_gate_count,pm_12q_bp_sweep,hea,RX_RY_RZ_CNOT,none,linear,cnot,local,12,8,8,88,88,11,19,1,1,9,RX,0,63,layer_001_wire_009_RX,0.00034206485928011884,0.00034206485928011884,False
random_bp,expectation_value,same_entangling_gate_count,pm_12q_bp_sweep,hea,RX_RY_RZ_CNOT,none,linear,cnot,local,12,8,8,88,88,11,19,1,1,9,RY,1,64,layer_001_wire_009_RY,-0.0030327843433500382,0.0030327843433500382,False
random_bp,expectation_value,same_entangling_gate_count,pm_12q_bp_sweep,hea,RX_RY_RZ_CNOT,none,linear,cnot,local,12,8,8,88,88,11,19,1,1,9,RZ,2,65,layer_001_wire_009_RZ,-0.0023327203097059774,0.0023327203097059774,False
random_bp,expectation_value,same_entangling_gate_count,pm_12q_bp_sweep,hea,RX_RY_RZ_CNOT,none,linear,cnot,local,12,8,8,88,88,11,19,1,1,10,RX,0,66,layer_001_wire_010_RX,0.0026887040204613905,0.0026887040204613905,False
random_bp,expectation_value,same_entangling_gate_count,pm_12q_bp_sweep,hea,RX_RY_RZ_CNOT,none,linear,cnot,local,12,8,8,88,88,11,19,1,1,10,RY,1,67,layer_001_wire_010_RY,-0.0020308966975557995,0.0020308966975557995,False
random_bp,expectation_value,same_entangling_gate_count,pm_12q_bp_sweep,hea,RX_RY_RZ_CNOT,none,linear,cnot,local,12,8,8,88,88,11,19,1,1,10,RZ,2,68,layer_001_wire_010_RZ,-0.0007544130902800482,0.0007544130902800482,False
random_bp,expectation_value,same_entangling_gate_count,pm_12q_bp_sweep,hea,RX_RY_RZ_CNOT,none,linear,cnot,local,12,8,8,88,88,11,19,1,1,11,RX,0,69,layer_001_wire_011_RX,-0.00196414568003367,0.00196414568003367,False
random_bp,expectation_value,same_entangling_gate_count,pm_12q_bp_sweep,hea,RX_RY_RZ_CNOT,none,linear,cnot,local,12,8,8,88,88,11,19,1,1,11,RY,1,70,layer_001_wire_011_RY,0.0036192051659220173,0.0036192051659220173,False
random_bp,expectation_value,same_entangling_gate_count,pm_12q_bp_sweep,hea,RX_RY_RZ_CNOT,none,linear,cnot,local,12,8,8,88,88,11,19,1,1,11,RZ,2,71,layer_001_wire_011_RZ,-0.0043011322873614324,0.0043011322873614324,False
random_bp,expectation_value,same_entangling_gate_count,pm_12q_bp_sweep,hea,RX_RY_RZ_CNOT,none,linear,cnot,local,12,8,8,88,88,11,19,1,2,0,RX,0,72,layer_002_wire_000_RX,-0.0007442001463656071,0.0007442001463656071,False
random_bp,expectation_value,same_entangling_gate_count,pm_12q_bp_sweep,hea,RX_RY_RZ_CNOT,none,linear,cnot,local,12,8,8,88,88,11,19,1,2,0,RY,1,73,layer_002_wire_000_RY,0.002388508745344733,0.002388508745344733,False
random_bp,expectation_value,same_entangling_gate_count,pm_12q_bp_sweep,hea,RX_RY_RZ_CNOT,none,linear,cnot,local,12,8,8,88,88,11,19,1,2,0,RZ,2,74,layer_002_wire_000_RZ,-0.0036644793512783766,0.0036644793512783766,False
random_bp,expectation_value,same_entangling_gate_count,pm_12q_bp_sweep,hea,RX_RY_RZ_CNOT,none,linear,cnot,local,12,8,8,88,88,11,19,1,2,1,RX,0,75,layer_002_wire_001_RX,-0.0037387889906189287,0.0037387889906189287,False
random_bp,expectation_value,same_entangling_gate_count,pm_12q_bp_sweep,hea,RX_RY_RZ_CNOT,none,linear,cnot,local,12,8,8,88,88,11,19,1,2,1,RY,1,76,layer_002_wire_001_RY,0.0056515914959381856,0.0056515914959381856,False
random_bp,expectation_value,same_entangling_gate_count,pm_12q_bp_sweep,hea,RX_RY_RZ_CNOT,none,linear,cnot,local,12,8,8,88,88,11,19,1,2,1,RZ,2,77,layer_002_wire_001_RZ,0.007906456776460647,0.007906456776460647,False
random_bp,expectation_value,same_entangling_gate_count,pm_12q_bp_sweep,hea,RX_RY_RZ_CNOT,none,linear,cnot,local,12,8,8,88,88,11,19,1,2,2,RX,0,78,layer_002_wire_002_RX,-0.004447980005564401,0.004447980005564401,False
random_bp,expectation_value,same_entangling_gate_count,pm_12q_bp_sweep,hea,RX_RY_RZ_CNOT,none,linear,cnot,local,12,8,8,88,88,11,19,1,2,2,RY,1,79,layer_002_wire_002_RY,-0.004832235271673992,0.004832235271673992,False
random_bp,expectation_value,same_entangling_gate_count,pm_12q_bp_sweep,hea,RX_RY_RZ_CNOT,none,linear,cnot,local,12,8,8,88,88,11,19,1,2,2,RZ,2,80,layer_002_wire_002_RZ,-0.008186595578557753,0.008186595578557753,False
random_bp,expectation_value,same_entangling_gate_count,pm_12q_bp_sweep,hea,RX_RY_RZ_CNOT,none,linear,cnot,local,12,8,8,88,88,11,19,1,2,3,RX,0,81,layer_002_wire_003_RX,0.0026424482533485994,0.0026424482533485994,False
random_bp,expectation_value,same_entangling_gate_count,pm_12q_bp_sweep,hea,RX_RY_RZ_CNOT,none,linear,cnot,local,12,8,8,88,88,11,19,1,2,3,RY,1,82,layer_002_wire_003_RY,-0.005424881012301108,0.005424881012301108,False
random_bp,expectation_value,same_entangling_gate_count,pm_12q_bp_sweep,hea,RX_RY_RZ_CNOT,none,linear,cnot,local,12,8,8,88,88,11,19,1,2,3,RZ,2,83,layer_002_wire_003_RZ,-0.003053555403916074,0.003053555403916074,False
random_bp,expectation_value,same_entangling_gate_count,pm_12q_bp_sweep,hea,RX_RY_RZ_CNOT,none,linear,cnot,local,12,8,8,88,88,11,19,1,2,4,RX,0,84,layer_002_wire_004_RX,0.00849663953495413,0.00849663953495413,False
random_bp,expectation_value,same_entangling_gate_count,pm_12q_bp_sweep,hea,RX_RY_RZ_CNOT,none,linear,cnot,local,12,8,8,88,88,11,19,1,2,4,RY,1,85,layer_002_wire_004_RY,0.008620759625295078,0.008620759625295078,False
random_bp,expectation_value,same_entangling_gate_count,pm_12q_bp_sweep,hea,RX_RY_RZ_CNOT,none,linear,cnot,local,12,8,8,88,88,11,19,1,2,4,RZ,2,86,layer_002_wire_004_RZ,-0.014083405852434762,0.014083405852434762,False
random_bp,expectation_value,same_entangling_gate_count,pm_12q_bp_sweep,hea,RX_RY_RZ_CNOT,none,linear,cnot,local,12,8,8,88,88,11,19,1,2,5,RX,0,87,layer_002_wire_005_RX,-0.003987279055291946,0.003987279055291946,False
random_bp,expectation_value,same_entangling_gate_count,pm_12q_bp_sweep,hea,RX_RY_RZ_CNOT,none,linear,cnot,local,12,8,8,88,88,11,19,1,2,5,RY,1,88,layer_002_wire_005_RY,-0.002934307960759352,0.002934307960759352,False
random_bp,expectation_value,same_entangling_gate_count,pm_12q_bp_sweep,hea,RX_RY_RZ_CNOT,none,linear,cnot,local,12,8,8,88,88,11,19,1,2,5,RZ,2,89,layer_002_wire_005_RZ,-0.0003745129322047351,0.0003745129322047351,False
random_bp,expectation_value,same_entangling_gate_count,pm_12q_bp_sweep,hea,RX_RY_RZ_CNOT,none,linear,cnot,local,12,8,8,88,88,11,19,1,2,6,RX,0,90,layer_002_wire_006_RX,0.0059840830834487,0.0059840830834487,False
random_bp,expectation_value,same_entangling_gate_count,pm_12q_bp_sweep,hea,RX_RY_RZ_CNOT,none,linear,cnot,local,12,8,8,88,88,11,19,1,2,6,RY,1,91,layer_002_wire_006_RY,0.0019523339007174343,0.0019523339007174343,False
random_bp,expectation_value,same_entangling_gate_count,pm_12q_bp_sweep,hea,RX_RY_RZ_CNOT,none,linear,cnot,local,12,8,8,88,88,11,19,1,2,6,RZ,2,92,layer_002_wire_006_RZ,0.007139580511733646,0.007139580511733646,False
random_bp,expectation_value,same_entangling_gate_count,pm_12q_bp_sweep,hea,RX_RY_RZ_CNOT,none,linear,cnot,local,12,8,8,88,88,11,19,1,2,7,RX,0,93,layer_002_wire_007_RX,0.00204937812201024,0.00204937812201024,False
random_bp,expectation_value,same_entangling_gate_count,pm_12q_bp_sweep,hea,RX_RY_RZ_CNOT,none,linear,cnot,local,12,8,8,88,88,11,19,1,2,7,RY,1,94,layer_002_wire_007_RY,-0.0017550752839016175,0.0017550752839016175,False
random_bp,expectation_value,same_entangling_gate_count,pm_12q_bp_sweep,hea,RX_RY_RZ_CNOT,none,linear,cnot,local,12,8,8,88,88,11,19,1,2,7,RZ,2,95,layer_002_wire_007_RZ,0.001998471889340561,0.001998471889340561,False
random_bp,expectation_value,same_entangling_gate_count,pm_12q_bp_sweep,hea,RX_RY_RZ_CNOT,none,linear,cnot,local,12,8,8,88,88,11,19,1,2,8,RX,0,96,layer_002_wire_008_RX,-0.002341471000560068,0.002341471000560068,False
random_bp,expectation_value,same_entangling_gate_count,pm_12q_bp_sweep,hea,RX_RY_RZ_CNOT,none,linear,cnot,local,12,8,8,88,88,11,19,1,2,8,RY,1,97,layer_002_wire_008_RY,-0.002274031297676024,0.002274031297676024,False
random_bp,expectation_value,same_entangling_gate_count,pm_12q_bp_sweep,hea,RX_RY_RZ_CNOT,none,linear,cnot,local,12,8,8,88,88,11,19,1,2,8,RZ,2,98,layer_002_wire_008_RZ,0.0014387597347155668,0.0014387597347155668,False
random_bp,expectation_value,same_entangling_gate_count,pm_12q_bp_sweep,hea,RX_RY_RZ_CNOT,none,linear,cnot,local,12,8,8,88,88,11,19,1,2,9,RX,0,99,layer_002_wire_009_RX,-0.0045898505163358486,0.0045898505163358486,False
random_bp,expectation_value,same_entangling_gate_count,pm_12q_bp_sweep,hea,RX_RY_RZ_CNOT,none,linear,cnot,local,12,8,8,88,88,11,19,1,2,9,RY,1,100,layer_002_wire_009_RY,-0.00477646506404558,0.00477646506404558,False
random_bp,expectation_value,same_entangling_gate_count,pm_12q_bp_sweep,hea,RX_RY_RZ_CNOT,none,linear,cnot,local,12,8,8,88,88,11,19,1,2,9,RZ,2,101,layer_002_wire_009_RZ,0.005658558911716083,0.005658558911716083,False
random_bp,expectation_value,same_entangling_gate_count,pm_12q_bp_sweep,hea,RX_RY_RZ_CNOT,none,linear,cnot,local,12,8,8,88,88,11,19,1,2,10,RX,0,102,layer_002_wire_010_RX,0.0011603316813871487,0.0011603316813871487,False
random_bp,expectation_value,same_entangling_gate_count,pm_12q_bp_sweep,hea,RX_RY_RZ_CNOT,none,linear,cnot,local,12,8,8,88,88,11,19,1,2,10,RY,1,103,layer_002_wire_010_RY,0.0005303951508390629,0.0005303951508390629,False
random_bp,expectation_value,same_entangling_gate_count,pm_12q_bp_sweep,hea,RX_RY_RZ_CNOT,none,linear,cnot,local,12,8,8,88,88,11,19,1,2,10,RZ,2,104,layer_002_wire_010_RZ,0.0015138703126997245,0.0015138703126997245,False
random_bp,expectation_value,same_entangling_gate_count,pm_12q_bp_sweep,hea,RX_RY_RZ_CNOT,none,linear,cnot,local,12,8,8,88,88,11,19,1,2,11,RX,0,105,layer_002_wire_011_RX,-0.0021844827162619813,0.0021844827162619813,False
random_bp,expectation_value,same_entangling_gate_count,pm_12q_bp_sweep,hea,RX_RY_RZ_CNOT,none,linear,cnot,local,12,8,8,88,88,11,19,1,2,11,RY,1,106,layer_002_wire_011_RY,0.00038350177181487683,0.00038350177181487683,False
random_bp,expectation_value,same_entangling_gate_count,pm_12q_bp_sweep,hea,RX_RY_RZ_CNOT,none,linear,cnot,local,12,8,8,88,88,11,19,1,2,11,RZ,2,107,layer_002_wire_011_RZ,0.0027020433579350205,0.0027020433579350205,False
random_bp,expectation_value,same_entangling_gate_count,pm_12q_bp_sweep,hea,RX_RY_RZ_CNOT,none,linear,cnot,local,12,8,8,88,88,11,19,1,3,0,RX,0,108,layer_003_wire_000_RX,0.00010410749735128503,0.00010410749735128503,False
random_bp,expectation_value,same_entangling_gate_count,pm_12q_bp_sweep,hea,RX_RY_RZ_CNOT,none,linear,cnot,local,12,8,8,88,88,11,19,1,3,0,RY,1,109,layer_003_wire_000_RY,-0.009121321552186633,0.009121321552186633,False
random_bp,expectation_value,same_entangling_gate_count,pm_12q_bp_sweep,hea,RX_RY_RZ_CNOT,none,linear,cnot,local,12,8,8,88,88,11,19,1,3,0,RZ,2,110,layer_003_wire_000_RZ,-6.162329688456122e-05,6.162329688456122e-05,False
random_bp,expectation_value,same_entangling_gate_count,pm_12q_bp_sweep,hea,RX_RY_RZ_CNOT,none,linear,cnot,local,12,8,8,88,88,11,19,1,3,1,RX,0,111,layer_003_wire_001_RX,-0.013241018193198032,0.013241018193198032,False
random_bp,expectation_value,same_entangling_gate_count,pm_12q_bp_sweep,hea,RX_RY_RZ_CNOT,none,linear,cnot,local,12,8,8,88,88,11,19,1,3,1,RY,1,112,layer_003_wire_001_RY,-0.0005297307678905783,0.0005297307678905783,False
random_bp,expectation_value,same_entangling_gate_count,pm_12q_bp_sweep,hea,RX_RY_RZ_CNOT,none,linear,cnot,local,12,8,8,88,88,11,19,1,3,1,RZ,2,113,layer_003_wire_001_RZ,-0.013328264462776525,0.013328264462776525,False
random_bp,expectation_value,same_entangling_gate_count,pm_12q_bp_sweep,hea,RX_RY_RZ_CNOT,none,linear,cnot,local,12,8,8,88,88,11,19,1,3,2,RX,0,114,layer_003_wire_002_RX,-0.013415642481129968,0.013415642481129968,False
random_bp,expectation_value,same_entangling_gate_count,pm_12q_bp_sweep,hea,RX_RY_RZ_CNOT,none,linear,cnot,local,12,8,8,88,88,11,19,1,3,2,RY,1,115,layer_003_wire_002_RY,-0.0015463593337275631,0.0015463593337275631,False
random_bp,expectation_value,same_entangling_gate_count,pm_12q_bp_sweep,hea,RX_RY_RZ_CNOT,none,linear,cnot,local,12,8,8,88,88,11,19,1,3,2,RZ,2,116,layer_003_wire_002_RZ,-0.015837006964073953,0.015837006964073953,False
random_bp,expectation_value,same_entangling_gate_count,pm_12q_bp_sweep,hea,RX_RY_RZ_CNOT,none,linear,cnot,local,12,8,8,88,88,11,19,1,3,3,RX,0,117,layer_003_wire_003_RX,-0.010873297183597662,0.010873297183597662,False
random_bp,expectation_value,same_entangling_gate_count,pm_12q_bp_sweep,hea,RX_RY_RZ_CNOT,none,linear,cnot,local,12,8,8,88,88,11,19,1,3,3,RY,1,118,layer_003_wire_003_RY,0.019522510762170153,0.019522510762170153,False
random_bp,expectation_value,same_entangling_gate_count,pm_12q_bp_sweep,hea,RX_RY_RZ_CNOT,none,linear,cnot,local,12,8,8,88,88,11,19,1,3,3,RZ,2,119,layer_003_wire_003_RZ,0.003714896956596777,0.003714896956596777,False
random_bp,expectation_value,same_entangling_gate_count,pm_12q_bp_sweep,hea,RX_RY_RZ_CNOT,none,linear,cnot,local,12,8,8,88,88,11,19,1,3,4,RX,0,120,layer_003_wire_004_RX,-0.003365665698523565,0.003365665698523565,False
random_bp,expectation_value,same_entangling_gate_count,pm_12q_bp_sweep,hea,RX_RY_RZ_CNOT,none,linear,cnot,local,12,8,8,88,88,11,19,1,3,4,RY,1,121,layer_003_wire_004_RY,0.0033745223967347106,0.0033745223967347106,False
random_bp,expectation_value,same_entangling_gate_count,pm_12q_bp_sweep,hea,RX_RY_RZ_CNOT,none,linear,cnot,local,12,8,8,88,88,11,19,1,3,4,RZ,2,122,layer_003_wire_004_RZ,0.0050048979818068185,0.0050048979818068185,False
random_bp,expectation_value,same_entangling_gate_count,pm_12q_bp_sweep,hea,RX_RY_RZ_CNOT,none,linear,cnot,local,12,8,8,88,88,11,19,1,3,5,RX,0,123,layer_003_wire_005_RX,-0.0005798749857149573,0.0005798749857149573,False
random_bp,expectation_value,same_entangling_gate_count,pm_12q_bp_sweep,hea,RX_RY_RZ_CNOT,none,linear,cnot,local,12,8,8,88,88,11,19,1,3,5,RY,1,124,layer_003_wire_005_RY,0.0017610870436390541,0.0017610870436390541,False
random_bp,expectation_value,same_entangling_gate_count,pm_12q_bp_sweep,hea,RX_RY_RZ_CNOT,none,linear,cnot,local,12,8,8,88,88,11,19,1,3,5,RZ,2,125,layer_003_wire_005_RZ,-0.0049417930798195935,0.0049417930798195935,False
random_bp,expectation_value,same_entangling_gate_count,pm_12q_bp_sweep,hea,RX_RY_RZ_CNOT,none,linear,cnot,local,12,8,8,88,88,11,19,1,3,6,RX,0,126,layer_003_wire_006_RX,-0.00045211072166755854,0.00045211072166755854,False
random_bp,expectation_value,same_entangling_gate_count,pm_12q_bp_sweep,hea,RX_RY_RZ_CNOT,none,linear,cnot,local,12,8,8,88,88,11,19,1,3,6,RY,1,127,layer_003_wire_006_RY,0.005545418650350835,0.005545418650350835,False
random_bp,expectation_value,same_entangling_gate_count,pm_12q_bp_sweep,hea,RX_RY_RZ_CNOT,none,linear,cnot,local,12,8,8,88,88,11,19,1,3,6,RZ,2,128,layer_003_wire_006_RZ,-0.0012916982146300407,0.0012916982146300407,False
random_bp,expectation_value,same_entangling_gate_count,pm_12q_bp_sweep,hea,RX_RY_RZ_CNOT,none,linear,cnot,local,12,8,8,88,88,11,19,1,3,7,RX,0,129,layer_003_wire_007_RX,-0.0012961545225536,0.0012961545225536,False
random_bp,expectation_value,same_entangling_gate_count,pm_12q_bp_sweep,hea,RX_RY_RZ_CNOT,none,linear,cnot,local,12,8,8,88,88,11,19,1,3,7,RY,1,130,layer_003_wire_007_RY,0.002692317663537878,0.002692317663537878,False
random_bp,expectation_value,same_entangling_gate_count,pm_12q_bp_sweep,hea,RX_RY_RZ_CNOT,none,linear,cnot,local,12,8,8,88,88,11,19,1,3,7,RZ,2,131,layer_003_wire_007_RZ,-0.0022542000031323646,0.0022542000031323646,False
random_bp,expectation_value,same_entangling_gate_count,pm_12q_bp_sweep,hea,RX_RY_RZ_CNOT,none,linear,cnot,local,12,8,8,88,88,11,19,1,3,8,RX,0,132,layer_003_wire_008_RX,0.001159897724333139,0.001159897724333139,False
random_bp,expectation_value,same_entangling_gate_count,pm_12q_bp_sweep,hea,RX_RY_RZ_CNOT,none,linear,cnot,local,12,8,8,88,88,11,19,1,3,8,RY,1,133,layer_003_wire_008_RY,-0.00252306791152311,0.00252306791152311,False
random_bp,expectation_value,same_entangling_gate_count,pm_12q_bp_sweep,hea,RX_RY_RZ_CNOT,none,linear,cnot,local,12,8,8,88,88,11,19,1,3,8,RZ,2,134,layer_003_wire_008_RZ,-0.0008739706931416873,0.0008739706931416873,False
random_bp,expectation_value,same_entangling_gate_count,pm_12q_bp_sweep,hea,RX_RY_RZ_CNOT,none,linear,cnot,local,12,8,8,88,88,11,19,1,3,9,RX,0,135,layer_003_wire_009_RX,0.0017266200636346122,0.0017266200636346122,False
random_bp,expectation_value,same_entangling_gate_count,pm_12q_bp_sweep,hea,RX_RY_RZ_CNOT,none,linear,cnot,local,12,8,8,88,88,11,19,1,3,9,RY,1,136,layer_003_wire_009_RY,0.0016630901415744144,0.0016630901415744144,False
random_bp,expectation_value,same_entangling_gate_count,pm_12q_bp_sweep,hea,RX_RY_RZ_CNOT,none,linear,cnot,local,12,8,8,88,88,11,19,1,3,9,RZ,2,137,layer_003_wire_009_RZ,0.001123508804508842,0.001123508804508842,False
random_bp,expectation_value,same_entangling_gate_count,pm_12q_bp_sweep,hea,RX_RY_RZ_CNOT,none,linear,cnot,local,12,8,8,88,88,11,19,1,3,10,RX,0,138,layer_003_wire_010_RX,-0.0011480412946118972,0.0011480412946118972,False
random_bp,expectation_value,same_entangling_gate_count,pm_12q_bp_sweep,hea,RX_RY_RZ_CNOT,none,linear,cnot,local,12,8,8,88,88,11,19,1,3,10,RY,1,139,layer_003_wire_010_RY,0.0012847246756885033,0.0012847246756885033,False
random_bp,expectation_value,same_entangling_gate_count,pm_12q_bp_sweep,hea,RX_RY_RZ_CNOT,none,linear,cnot,local,12,8,8,88,88,11,19,1,3,10,RZ,2,140,layer_003_wire_010_RZ,-0.0031231906786523267,0.0031231906786523267,False
random_bp,expectation_value,same_entangling_gate_count,pm_12q_bp_sweep,hea,RX_RY_RZ_CNOT,none,linear,cnot,local,12,8,8,88,88,11,19,1,3,11,RX,0,141,layer_003_wire_011_RX,0.0008613784616848664,0.0008613784616848664,False
random_bp,expectation_value,same_entangling_gate_count,pm_12q_bp_sweep,hea,RX_RY_RZ_CNOT,none,linear,cnot,local,12,8,8,88,88,11,19,1,3,11,RY,1,142,layer_003_wire_011_RY,0.0024278719189509863,0.0024278719189509863,False
random_bp,expectation_value,same_entangling_gate_count,pm_12q_bp_sweep,hea,RX_RY_RZ_CNOT,none,linear,cnot,local,12,8,8,88,88,11,19,1,3,11,RZ,2,143,layer_003_wire_011_RZ,0.0009343050473819795,0.0009343050473819795,False
random_bp,expectation_value,same_entangling_gate_count,pm_12q_bp_sweep,hea,RX_RY_RZ_CNOT,none,linear,cnot,local,12,8,8,88,88,11,19,1,4,0,RX,0,144,layer_004_wire_000_RX,0.005886255640476964,0.005886255640476964,False
random_bp,expectation_value,same_entangling_gate_count,pm_12q_bp_sweep,hea,RX_RY_RZ_CNOT,none,linear,cnot,local,12,8,8,88,88,11,19,1,4,0,RY,1,145,layer_004_wire_000_RY,0.002775803459118714,0.002775803459118714,False
random_bp,expectation_value,same_entangling_gate_count,pm_12q_bp_sweep,hea,RX_RY_RZ_CNOT,none,linear,cnot,local,12,8,8,88,88,11,19,1,4,0,RZ,2,146,layer_004_wire_000_RZ,-0.005753463061187528,0.005753463061187528,False
random_bp,expectation_value,same_entangling_gate_count,pm_12q_bp_sweep,hea,RX_RY_RZ_CNOT,none,linear,cnot,local,12,8,8,88,88,11,19,1,4,1,RX,0,147,layer_004_wire_001_RX,-0.01980595264783651,0.01980595264783651,False
random_bp,expectation_value,same_entangling_gate_count,pm_12q_bp_sweep,hea,RX_RY_RZ_CNOT,none,linear,cnot,local,12,8,8,88,88,11,19,1,4,1,RY,1,148,layer_004_wire_001_RY,-0.018287214709970627,0.018287214709970627,False
random_bp,expectation_value,same_entangling_gate_count,pm_12q_bp_sweep,hea,RX_RY_RZ_CNOT,none,linear,cnot,local,12,8,8,88,88,11,19,1,4,1,RZ,2,149,layer_004_wire_001_RZ,-0.012053822415584399,0.012053822415584399,False
random_bp,expectation_value,same_entangling_gate_count,pm_12q_bp_sweep,hea,RX_RY_RZ_CNOT,none,linear,cnot,local,12,8,8,88,88,11,19,1,4,2,RX,0,150,layer_004_wire_002_RX,-8.881803209574777e-05,8.881803209574777e-05,False
random_bp,expectation_value,same_entangling_gate_count,pm_12q_bp_sweep,hea,RX_RY_RZ_CNOT,none,linear,cnot,local,12,8,8,88,88,11,19,1,4,2,RY,1,151,layer_004_wire_002_RY,-0.0027352953806437036,0.0027352953806437036,False
random_bp,expectation_value,same_entangling_gate_count,pm_12q_bp_sweep,hea,RX_RY_RZ_CNOT,none,linear,cnot,local,12,8,8,88,88,11,19,1,4,2,RZ,2,152,layer_004_wire_002_RZ,-0.0012472888310110747,0.0012472888310110747,False
random_bp,expectation_value,same_entangling_gate_count,pm_12q_bp_sweep,hea,RX_RY_RZ_CNOT,none,linear,cnot,local,12,8,8,88,88,11,19,1,4,3,RX,0,153,layer_004_wire_003_RX,0.0042935955206084234,0.0042935955206084234,False
random_bp,expectation_value,same_entangling_gate_count,pm_12q_bp_sweep,hea,RX_RY_RZ_CNOT,none,linear,cnot,local,12,8,8,88,88,11,19,1,4,3,RY,1,154,layer_004_wire_003_RY,-0.005329059185055322,0.005329059185055322,False
random_bp,expectation_value,same_entangling_gate_count,pm_12q_bp_sweep,hea,RX_RY_RZ_CNOT,none,linear,cnot,local,12,8,8,88,88,11,19,1,4,3,RZ,2,155,layer_004_wire_003_RZ,0.012619892678860517,0.012619892678860517,False
random_bp,expectation_value,same_entangling_gate_count,pm_12q_bp_sweep,hea,RX_RY_RZ_CNOT,none,linear,cnot,local,12,8,8,88,88,11,19,1,4,4,RX,0,156,layer_004_wire_004_RX,0.0008219254991043467,0.0008219254991043467,False
random_bp,expectation_value,same_entangling_gate_count,pm_12q_bp_sweep,hea,RX_RY_RZ_CNOT,none,linear,cnot,local,12,8,8,88,88,11,19,1,4,4,RY,1,157,layer_004_wire_004_RY,-0.004969095830474769,0.004969095830474769,False
random_bp,expectation_value,same_entangling_gate_count,pm_12q_bp_sweep,hea,RX_RY_RZ_CNOT,none,linear,cnot,local,12,8,8,88,88,11,19,1,4,4,RZ,2,158,layer_004_wire_004_RZ,0.0012206378217935756,0.0012206378217935756,False
random_bp,expectation_value,same_entangling_gate_count,pm_12q_bp_sweep,hea,RX_RY_RZ_CNOT,none,linear,cnot,local,12,8,8,88,88,11,19,1,4,5,RX,0,159,layer_004_wire_005_RX,0.004317609423793908,0.004317609423793908,False
random_bp,expectation_value,same_entangling_gate_count,pm_12q_bp_sweep,hea,RX_RY_RZ_CNOT,none,linear,cnot,local,12,8,8,88,88,11,19,1,4,5,RY,1,160,layer_004_wire_005_RY,-0.001106699801110062,0.001106699801110062,False
random_bp,expectation_value,same_entangling_gate_count,pm_12q_bp_sweep,hea,RX_RY_RZ_CNOT,none,linear,cnot,local,12,8,8,88,88,11,19,1,4,5,RZ,2,161,layer_004_wire_005_RZ,-2.744629236814531e-05,2.744629236814531e-05,False
random_bp,expectation_value,same_entangling_gate_count,pm_12q_bp_sweep,hea,RX_RY_RZ_CNOT,none,linear,cnot,local,12,8,8,88,88,11,19,1,4,6,RX,0,162,layer_004_wire_006_RX,-0.001203915125178632,0.001203915125178632,False
random_bp,expectation_value,same_entangling_gate_count,pm_12q_bp_sweep,hea,RX_RY_RZ_CNOT,none,linear,cnot,local,12,8,8,88,88,11,19,1,4,6,RY,1,163,layer_004_wire_006_RY,-0.001773190858088576,0.001773190858088576,False
random_bp,expectation_value,same_entangling_gate_count,pm_12q_bp_sweep,hea,RX_RY_RZ_CNOT,none,linear,cnot,local,12,8,8,88,88,11,19,1,4,6,RZ,2,164,layer_004_wire_006_RZ,0.0007275561916965597,0.0007275561916965597,False
random_bp,expectation_value,same_entangling_gate_count,pm_12q_bp_sweep,hea,RX_RY_RZ_CNOT,none,linear,cnot,local,12,8,8,88,88,11,19,1,4,7,RX,0,165,layer_004_wire_007_RX,0.0015537350980814185,0.0015537350980814185,False
random_bp,expectation_value,same_entangling_gate_count,pm_12q_bp_sweep,hea,RX_RY_RZ_CNOT,none,linear,cnot,local,12,8,8,88,88,11,19,1,4,7,RY,1,166,layer_004_wire_007_RY,-0.0027003647964717785,0.0027003647964717785,False
random_bp,expectation_value,same_entangling_gate_count,pm_12q_bp_sweep,hea,RX_RY_RZ_CNOT,none,linear,cnot,local,12,8,8,88,88,11,19,1,4,7,RZ,2,167,layer_004_wire_007_RZ,0.00045126076859857366,0.00045126076859857366,False
random_bp,expectation_value,same_entangling_gate_count,pm_12q_bp_sweep,hea,RX_RY_RZ_CNOT,none,linear,cnot,local,12,8,8,88,88,11,19,1,4,8,RX,0,168,layer_004_wire_008_RX,-0.002997954290259546,0.002997954290259546,False
random_bp,expectation_value,same_entangling_gate_count,pm_12q_bp_sweep,hea,RX_RY_RZ_CNOT,none,linear,cnot,local,12,8,8,88,88,11,19,1,4,8,RY,1,169,layer_004_wire_008_RY,-0.00114118598019108,0.00114118598019108,False
random_bp,expectation_value,same_entangling_gate_count,pm_12q_bp_sweep,hea,RX_RY_RZ_CNOT,none,linear,cnot,local,12,8,8,88,88,11,19,1,4,8,RZ,2,170,layer_004_wire_008_RZ,-0.0007220818029490087,0.0007220818029490087,False
random_bp,expectation_value,same_entangling_gate_count,pm_12q_bp_sweep,hea,RX_RY_RZ_CNOT,none,linear,cnot,local,12,8,8,88,88,11,19,1,4,9,RX,0,171,layer_004_wire_009_RX,-0.002090541925940808,0.002090541925940808,False
random_bp,expectation_value,same_entangling_gate_count,pm_12q_bp_sweep,hea,RX_RY_RZ_CNOT,none,linear,cnot,local,12,8,8,88,88,11,19,1,4,9,RY,1,172,layer_004_wire_009_RY,0.0008559329813332484,0.0008559329813332484,False
random_bp,expectation_value,same_entangling_gate_count,pm_12q_bp_sweep,hea,RX_RY_RZ_CNOT,none,linear,cnot,local,12,8,8,88,88,11,19,1,4,9,RZ,2,173,layer_004_wire_009_RZ,-0.00033611227546622135,0.00033611227546622135,False
random_bp,expectation_value,same_entangling_gate_count,pm_12q_bp_sweep,hea,RX_RY_RZ_CNOT,none,linear,cnot,local,12,8,8,88,88,11,19,1,4,10,RX,0,174,layer_004_wire_010_RX,-0.0024301338405379007,0.0024301338405379007,False
random_bp,expectation_value,same_entangling_gate_count,pm_12q_bp_sweep,hea,RX_RY_RZ_CNOT,none,linear,cnot,local,12,8,8,88,88,11,19,1,4,10,RY,1,175,layer_004_wire_010_RY,-0.0011838339842821426,0.0011838339842821426,False
random_bp,expectation_value,same_entangling_gate_count,pm_12q_bp_sweep,hea,RX_RY_RZ_CNOT,none,linear,cnot,local,12,8,8,88,88,11,19,1,4,10,RZ,2,176,layer_004_wire_010_RZ,-0.00024804893225036453,0.00024804893225036453,False
random_bp,expectation_value,same_entangling_gate_count,pm_12q_bp_sweep,hea,RX_RY_RZ_CNOT,none,linear,cnot,local,12,8,8,88,88,11,19,1,4,11,RX,0,177,layer_004_wire_011_RX,0.0016596097293663814,0.0016596097293663814,False
random_bp,expectation_value,same_entangling_gate_count,pm_12q_bp_sweep,hea,RX_RY_RZ_CNOT,none,linear,cnot,local,12,8,8,88,88,11,19,1,4,11,RY,1,178,layer_004_wire_011_RY,-0.0003405841103023394,0.0003405841103023394,False
random_bp,expectation_value,same_entangling_gate_count,pm_12q_bp_sweep,hea,RX_RY_RZ_CNOT,none,linear,cnot,local,12,8,8,88,88,11,19,1,4,11,RZ,2,179,layer_004_wire_011_RZ,0.002934632448840035,0.002934632448840035,False
random_bp,expectation_value,same_entangling_gate_count,pm_12q_bp_sweep,hea,RX_RY_RZ_CNOT,none,linear,cnot,local,12,8,8,88,88,11,19,1,5,0,RX,0,180,layer_005_wire_000_RX,-0.007749280241683311,0.007749280241683311,False
random_bp,expectation_value,same_entangling_gate_count,pm_12q_bp_sweep,hea,RX_RY_RZ_CNOT,none,linear,cnot,local,12,8,8,88,88,11,19,1,5,0,RY,1,181,layer_005_wire_000_RY,0.005629861231149225,0.005629861231149225,False
random_bp,expectation_value,same_entangling_gate_count,pm_12q_bp_sweep,hea,RX_RY_RZ_CNOT,none,linear,cnot,local,12,8,8,88,88,11,19,1,5,0,RZ,2,182,layer_005_wire_000_RZ,-0.013089109126539364,0.013089109126539364,False
random_bp,expectation_value,same_entangling_gate_count,pm_12q_bp_sweep,hea,RX_RY_RZ_CNOT,none,linear,cnot,local,12,8,8,88,88,11,19,1,5,1,RX,0,183,layer_005_wire_001_RX,-0.004377632422049084,0.004377632422049084,False
random_bp,expectation_value,same_entangling_gate_count,pm_12q_bp_sweep,hea,RX_RY_RZ_CNOT,none,linear,cnot,local,12,8,8,88,88,11,19,1,5,1,RY,1,184,layer_005_wire_001_RY,0.00412352184214084,0.00412352184214084,False
random_bp,expectation_value,same_entangling_gate_count,pm_12q_bp_sweep,hea,RX_RY_RZ_CNOT,none,linear,cnot,local,12,8,8,88,88,11,19,1,5,1,RZ,2,185,layer_005_wire_001_RZ,0.008499706835717807,0.008499706835717807,False
random_bp,expectation_value,same_entangling_gate_count,pm_12q_bp_sweep,hea,RX_RY_RZ_CNOT,none,linear,cnot,local,12,8,8,88,88,11,19,1,5,2,RX,0,186,layer_005_wire_002_RX,-0.011859117826722837,0.011859117826722837,False
random_bp,expectation_value,same_entangling_gate_count,pm_12q_bp_sweep,hea,RX_RY_RZ_CNOT,none,linear,cnot,local,12,8,8,88,88,11,19,1,5,2,RY,1,187,layer_005_wire_002_RY,0.00035692207792551063,0.00035692207792551063,False
random_bp,expectation_value,same_entangling_gate_count,pm_12q_bp_sweep,hea,RX_RY_RZ_CNOT,none,linear,cnot,local,12,8,8,88,88,11,19,1,5,2,RZ,2,188,layer_005_wire_002_RZ,-0.01152371513280166,0.01152371513280166,False
random_bp,expectation_value,same_entangling_gate_count,pm_12q_bp_sweep,hea,RX_RY_RZ_CNOT,none,linear,cnot,local,12,8,8,88,88,11,19,1,5,3,RX,0,189,layer_005_wire_003_RX,0.00315039803036699,0.00315039803036699,False
random_bp,expectation_value,same_entangling_gate_count,pm_12q_bp_sweep,hea,RX_RY_RZ_CNOT,none,linear,cnot,local,12,8,8,88,88,11,19,1,5,3,RY,1,190,layer_005_wire_003_RY,-0.0010770533771949226,0.0010770533771949226,False
random_bp,expectation_value,same_entangling_gate_count,pm_12q_bp_sweep,hea,RX_RY_RZ_CNOT,none,linear,cnot,local,12,8,8,88,88,11,19,1,5,3,RZ,2,191,layer_005_wire_003_RZ,-0.0011302856822303304,0.0011302856822303304,False
random_bp,expectation_value,same_entangling_gate_count,pm_12q_bp_sweep,hea,RX_RY_RZ_CNOT,none,linear,cnot,local,12,8,8,88,88,11,19,1,5,4,RX,0,192,layer_005_wire_004_RX,0.0015262697365110798,0.0015262697365110798,False
random_bp,expectation_value,same_entangling_gate_count,pm_12q_bp_sweep,hea,RX_RY_RZ_CNOT,none,linear,cnot,local,12,8,8,88,88,11,19,1,5,4,RY,1,193,layer_005_wire_004_RY,-0.0011949957528253697,0.0011949957528253697,False
random_bp,expectation_value,same_entangling_gate_count,pm_12q_bp_sweep,hea,RX_RY_RZ_CNOT,none,linear,cnot,local,12,8,8,88,88,11,19,1,5,4,RZ,2,194,layer_005_wire_004_RZ,-0.001572407900704885,0.001572407900704885,False
random_bp,expectation_value,same_entangling_gate_count,pm_12q_bp_sweep,hea,RX_RY_RZ_CNOT,none,linear,cnot,local,12,8,8,88,88,11,19,1,5,5,RX,0,195,layer_005_wire_005_RX,0.0020660421045857755,0.0020660421045857755,False
random_bp,expectation_value,same_entangling_gate_count,pm_12q_bp_sweep,hea,RX_RY_RZ_CNOT,none,linear,cnot,local,12,8,8,88,88,11,19,1,5,5,RY,1,196,layer_005_wire_005_RY,0.005256157719314997,0.005256157719314997,False
random_bp,expectation_value,same_entangling_gate_count,pm_12q_bp_sweep,hea,RX_RY_RZ_CNOT,none,linear,cnot,local,12,8,8,88,88,11,19,1,5,5,RZ,2,197,layer_005_wire_005_RZ,0.000772602946139753,0.000772602946139753,False
random_bp,expectation_value,same_entangling_gate_count,pm_12q_bp_sweep,hea,RX_RY_RZ_CNOT,none,linear,cnot,local,12,8,8,88,88,11,19,1,5,6,RX,0,198,layer_005_wire_006_RX,-0.005740288380511584,0.005740288380511584,False
random_bp,expectation_value,same_entangling_gate_count,pm_12q_bp_sweep,hea,RX_RY_RZ_CNOT,none,linear,cnot,local,12,8,8,88,88,11,19,1,5,6,RY,1,199,layer_005_wire_006_RY,-0.0015361050959776593,0.0015361050959776593,False
random_bp,expectation_value,same_entangling_gate_count,pm_12q_bp_sweep,hea,RX_RY_RZ_CNOT,none,linear,cnot,local,12,8,8,88,88,11,19,1,5,6,RZ,2,200,layer_005_wire_006_RZ,-0.005859303463787616,0.005859303463787616,False
random_bp,expectation_value,same_entangling_gate_count,pm_12q_bp_sweep,hea,RX_RY_RZ_CNOT,none,linear,cnot,local,12,8,8,88,88,11,19,1,5,7,RX,0,201,layer_005_wire_007_RX,0.0013414543542386546,0.0013414543542386546,False
random_bp,expectation_value,same_entangling_gate_count,pm_12q_bp_sweep,hea,RX_RY_RZ_CNOT,none,linear,cnot,local,12,8,8,88,88,11,19,1,5,7,RY,1,202,layer_005_wire_007_RY,-0.004368979302614172,0.004368979302614172,False
random_bp,expectation_value,same_entangling_gate_count,pm_12q_bp_sweep,hea,RX_RY_RZ_CNOT,none,linear,cnot,local,12,8,8,88,88,11,19,1,5,7,RZ,2,203,layer_005_wire_007_RZ,0.0005869562420923275,0.0005869562420923275,False
random_bp,expectation_value,same_entangling_gate_count,pm_12q_bp_sweep,hea,RX_RY_RZ_CNOT,none,linear,cnot,local,12,8,8,88,88,11,19,1,5,8,RX,0,204,layer_005_wire_008_RX,-0.0006839305770359612,0.0006839305770359612,False
random_bp,expectation_value,same_entangling_gate_count,pm_12q_bp_sweep,hea,RX_RY_RZ_CNOT,none,linear,cnot,local,12,8,8,88,88,11,19,1,5,8,RY,1,205,layer_005_wire_008_RY,0.00041241229277836754,0.00041241229277836754,False
random_bp,expectation_value,same_entangling_gate_count,pm_12q_bp_sweep,hea,RX_RY_RZ_CNOT,none,linear,cnot,local,12,8,8,88,88,11,19,1,5,8,RZ,2,206,layer_005_wire_008_RZ,0.001130990982558728,0.001130990982558728,False
random_bp,expectation_value,same_entangling_gate_count,pm_12q_bp_sweep,hea,RX_RY_RZ_CNOT,none,linear,cnot,local,12,8,8,88,88,11,19,1,5,9,RX,0,207,layer_005_wire_009_RX,-0.0019681980641049453,0.0019681980641049453,False
random_bp,expectation_value,same_entangling_gate_count,pm_12q_bp_sweep,hea,RX_RY_RZ_CNOT,none,linear,cnot,local,12,8,8,88,88,11,19,1,5,9,RY,1,208,layer_005_wire_009_RY,-0.003333249952984017,0.003333249952984017,False
random_bp,expectation_value,same_entangling_gate_count,pm_12q_bp_sweep,hea,RX_RY_RZ_CNOT,none,linear,cnot,local,12,8,8,88,88,11,19,1,5,9,RZ,2,209,layer_005_wire_009_RZ,0.0013637249356705382,0.0013637249356705382,False
random_bp,expectation_value,same_entangling_gate_count,pm_12q_bp_sweep,hea,RX_RY_RZ_CNOT,none,linear,cnot,local,12,8,8,88,88,11,19,1,5,10,RX,0,210,layer_005_wire_010_RX,0.001397449490338848,0.001397449490338848,False
random_bp,expectation_value,same_entangling_gate_count,pm_12q_bp_sweep,hea,RX_RY_RZ_CNOT,none,linear,cnot,local,12,8,8,88,88,11,19,1,5,10,RY,1,211,layer_005_wire_010_RY,0.0012414078967964825,0.0012414078967964825,False
random_bp,expectation_value,same_entangling_gate_count,pm_12q_bp_sweep,hea,RX_RY_RZ_CNOT,none,linear,cnot,local,12,8,8,88,88,11,19,1,5,10,RZ,2,212,layer_005_wire_010_RZ,0.0015752561487591666,0.0015752561487591666,False
random_bp,expectation_value,same_entangling_gate_count,pm_12q_bp_sweep,hea,RX_RY_RZ_CNOT,none,linear,cnot,local,12,8,8,88,88,11,19,1,5,11,RX,0,213,layer_005_wire_011_RX,-0.0008218247854797026,0.0008218247854797026,False
random_bp,expectation_value,same_entangling_gate_count,pm_12q_bp_sweep,hea,RX_RY_RZ_CNOT,none,linear,cnot,local,12,8,8,88,88,11,19,1,5,11,RY,1,214,layer_005_wire_011_RY,-0.0009048976247039377,0.0009048976247039377,False
random_bp,expectation_value,same_entangling_gate_count,pm_12q_bp_sweep,hea,RX_RY_RZ_CNOT,none,linear,cnot,local,12,8,8,88,88,11,19,1,5,11,RZ,2,215,layer_005_wire_011_RZ,-0.001029415763119395,0.001029415763119395,False
random_bp,expectation_value,same_entangling_gate_count,pm_12q_bp_sweep,hea,RX_RY_RZ_CNOT,none,linear,cnot,local,12,8,8,88,88,11,19,1,6,0,RX,0,216,layer_006_wire_000_RX,-0.014754433563454487,0.014754433563454487,False
random_bp,expectation_value,same_entangling_gate_count,pm_12q_bp_sweep,hea,RX_RY_RZ_CNOT,none,linear,cnot,local,12,8,8,88,88,11,19,1,6,0,RY,1,217,layer_006_wire_000_RY,0.005910972180762815,0.005910972180762815,False
random_bp,expectation_value,same_entangling_gate_count,pm_12q_bp_sweep,hea,RX_RY_RZ_CNOT,none,linear,cnot,local,12,8,8,88,88,11,19,1,6,0,RZ,2,218,layer_006_wire_000_RZ,-0.01928008377315442,0.01928008377315442,False
random_bp,expectation_value,same_entangling_gate_count,pm_12q_bp_sweep,hea,RX_RY_RZ_CNOT,none,linear,cnot,local,12,8,8,88,88,11,19,1,6,1,RX,0,219,layer_006_wire_001_RX,0.004907791062149095,0.004907791062149095,False
random_bp,expectation_value,same_entangling_gate_count,pm_12q_bp_sweep,hea,RX_RY_RZ_CNOT,none,linear,cnot,local,12,8,8,88,88,11,19,1,6,1,RY,1,220,layer_006_wire_001_RY,0.018057533209662514,0.018057533209662514,False
random_bp,expectation_value,same_entangling_gate_count,pm_12q_bp_sweep,hea,RX_RY_RZ_CNOT,none,linear,cnot,local,12,8,8,88,88,11,19,1,6,1,RZ,2,221,layer_006_wire_001_RZ,0.006782669728082641,0.006782669728082641,False
random_bp,expectation_value,same_entangling_gate_count,pm_12q_bp_sweep,hea,RX_RY_RZ_CNOT,none,linear,cnot,local,12,8,8,88,88,11,19,1,6,2,RX,0,222,layer_006_wire_002_RX,-0.014370091064298932,0.014370091064298932,False
random_bp,expectation_value,same_entangling_gate_count,pm_12q_bp_sweep,hea,RX_RY_RZ_CNOT,none,linear,cnot,local,12,8,8,88,88,11,19,1,6,2,RY,1,223,layer_006_wire_002_RY,0.008807885014250033,0.008807885014250033,False
random_bp,expectation_value,same_entangling_gate_count,pm_12q_bp_sweep,hea,RX_RY_RZ_CNOT,none,linear,cnot,local,12,8,8,88,88,11,19,1,6,2,RZ,2,224,layer_006_wire_002_RZ,-0.005917843013433531,0.005917843013433531,False
random_bp,expectation_value,same_entangling_gate_count,pm_12q_bp_sweep,hea,RX_RY_RZ_CNOT,none,linear,cnot,local,12,8,8,88,88,11,19,1,6,3,RX,0,225,layer_006_wire_003_RX,0.002746283456289752,0.002746283456289752,False
random_bp,expectation_value,same_entangling_gate_count,pm_12q_bp_sweep,hea,RX_RY_RZ_CNOT,none,linear,cnot,local,12,8,8,88,88,11,19,1,6,3,RY,1,226,layer_006_wire_003_RY,-0.002081335050605207,0.002081335050605207,False
random_bp,expectation_value,same_entangling_gate_count,pm_12q_bp_sweep,hea,RX_RY_RZ_CNOT,none,linear,cnot,local,12,8,8,88,88,11,19,1,6,3,RZ,2,227,layer_006_wire_003_RZ,0.0027572782181826084,0.0027572782181826084,False
random_bp,expectation_value,same_entangling_gate_count,pm_12q_bp_sweep,hea,RX_RY_RZ_CNOT,none,linear,cnot,local,12,8,8,88,88,11,19,1,6,4,RX,0,228,layer_006_wire_004_RX,0.0008039423228927961,0.0008039423228927961,False
random_bp,expectation_value,same_entangling_gate_count,pm_12q_bp_sweep,hea,RX_RY_RZ_CNOT,none,linear,cnot,local,12,8,8,88,88,11,19,1,6,4,RY,1,229,layer_006_wire_004_RY,0.0031476477560621915,0.0031476477560621915,False
random_bp,expectation_value,same_entangling_gate_count,pm_12q_bp_sweep,hea,RX_RY_RZ_CNOT,none,linear,cnot,local,12,8,8,88,88,11,19,1,6,4,RZ,2,230,layer_006_wire_004_RZ,0.0027657727681987725,0.0027657727681987725,False
random_bp,expectation_value,same_entangling_gate_count,pm_12q_bp_sweep,hea,RX_RY_RZ_CNOT,none,linear,cnot,local,12,8,8,88,88,11,19,1,6,5,RX,0,231,layer_006_wire_005_RX,0.0007427938718760066,0.0007427938718760066,False
random_bp,expectation_value,same_entangling_gate_count,pm_12q_bp_sweep,hea,RX_RY_RZ_CNOT,none,linear,cnot,local,12,8,8,88,88,11,19,1,6,5,RY,1,232,layer_006_wire_005_RY,0.0018106750714643831,0.0018106750714643831,False
random_bp,expectation_value,same_entangling_gate_count,pm_12q_bp_sweep,hea,RX_RY_RZ_CNOT,none,linear,cnot,local,12,8,8,88,88,11,19,1,6,5,RZ,2,233,layer_006_wire_005_RZ,-0.0028411635182669405,0.0028411635182669405,False
random_bp,expectation_value,same_entangling_gate_count,pm_12q_bp_sweep,hea,RX_RY_RZ_CNOT,none,linear,cnot,local,12,8,8,88,88,11,19,1,6,6,RX,0,234,layer_006_wire_006_RX,0.0011715524449740482,0.0011715524449740482,False
random_bp,expectation_value,same_entangling_gate_count,pm_12q_bp_sweep,hea,RX_RY_RZ_CNOT,none,linear,cnot,local,12,8,8,88,88,11,19,1,6,6,RY,1,235,layer_006_wire_006_RY,0.00686133402224166,0.00686133402224166,False
random_bp,expectation_value,same_entangling_gate_count,pm_12q_bp_sweep,hea,RX_RY_RZ_CNOT,none,linear,cnot,local,12,8,8,88,88,11,19,1,6,6,RZ,2,236,layer_006_wire_006_RZ,-0.001393929092944276,0.001393929092944276,False
random_bp,expectation_value,same_entangling_gate_count,pm_12q_bp_sweep,hea,RX_RY_RZ_CNOT,none,linear,cnot,local,12,8,8,88,88,11,19,1,6,7,RX,0,237,layer_006_wire_007_RX,-0.0033329952935419577,0.0033329952935419577,False
random_bp,expectation_value,same_entangling_gate_count,pm_12q_bp_sweep,hea,RX_RY_RZ_CNOT,none,linear,cnot,local,12,8,8,88,88,11,19,1,6,7,RY,1,238,layer_006_wire_007_RY,0.004340418999135746,0.004340418999135746,False
random_bp,expectation_value,same_entangling_gate_count,pm_12q_bp_sweep,hea,RX_RY_RZ_CNOT,none,linear,cnot,local,12,8,8,88,88,11,19,1,6,7,RZ,2,239,layer_006_wire_007_RZ,0.0005599852886430344,0.0005599852886430344,False
random_bp,expectation_value,same_entangling_gate_count,pm_12q_bp_sweep,hea,RX_RY_RZ_CNOT,none,linear,cnot,local,12,8,8,88,88,11,19,1,6,8,RX,0,240,layer_006_wire_008_RX,0.0015196815511894493,0.0015196815511894493,False
random_bp,expectation_value,same_entangling_gate_count,pm_12q_bp_sweep,hea,RX_RY_RZ_CNOT,none,linear,cnot,local,12,8,8,88,88,11,19,1,6,8,RY,1,241,layer_006_wire_008_RY,0.002107706499439474,0.002107706499439474,False
random_bp,expectation_value,same_entangling_gate_count,pm_12q_bp_sweep,hea,RX_RY_RZ_CNOT,none,linear,cnot,local,12,8,8,88,88,11,19,1,6,8,RZ,2,242,layer_006_wire_008_RZ,0.0014336684287636413,0.0014336684287636413,False
random_bp,expectation_value,same_entangling_gate_count,pm_12q_bp_sweep,hea,RX_RY_RZ_CNOT,none,linear,cnot,local,12,8,8,88,88,11,19,1,6,9,RX,0,243,layer_006_wire_009_RX,-0.0008710087908228559,0.0008710087908228559,False
random_bp,expectation_value,same_entangling_gate_count,pm_12q_bp_sweep,hea,RX_RY_RZ_CNOT,none,linear,cnot,local,12,8,8,88,88,11,19,1,6,9,RY,1,244,layer_006_wire_009_RY,0.0011485967619707157,0.0011485967619707157,False
random_bp,expectation_value,same_entangling_gate_count,pm_12q_bp_sweep,hea,RX_RY_RZ_CNOT,none,linear,cnot,local,12,8,8,88,88,11,19,1,6,9,RZ,2,245,layer_006_wire_009_RZ,-0.0008829780070046703,0.0008829780070046703,False
random_bp,expectation_value,same_entangling_gate_count,pm_12q_bp_sweep,hea,RX_RY_RZ_CNOT,none,linear,cnot,local,12,8,8,88,88,11,19,1,6,10,RX,0,246,layer_006_wire_010_RX,-0.0029681606304759506,0.0029681606304759506,False
random_bp,expectation_value,same_entangling_gate_count,pm_12q_bp_sweep,hea,RX_RY_RZ_CNOT,none,linear,cnot,local,12,8,8,88,88,11,19,1,6,10,RY,1,247,layer_006_wire_010_RY,0.0007265368497829405,0.0007265368497829405,False
random_bp,expectation_value,same_entangling_gate_count,pm_12q_bp_sweep,hea,RX_RY_RZ_CNOT,none,linear,cnot,local,12,8,8,88,88,11,19,1,6,10,RZ,2,248,layer_006_wire_010_RZ,1.1396243370252838e-05,1.1396243370252838e-05,False
random_bp,expectation_value,same_entangling_gate_count,pm_12q_bp_sweep,hea,RX_RY_RZ_CNOT,none,linear,cnot,local,12,8,8,88,88,11,19,1,6,11,RX,0,249,layer_006_wire_011_RX,-0.0002011170329978317,0.0002011170329978317,False
random_bp,expectation_value,same_entangling_gate_count,pm_12q_bp_sweep,hea,RX_RY_RZ_CNOT,none,linear,cnot,local,12,8,8,88,88,11,19,1,6,11,RY,1,250,layer_006_wire_011_RY,8.957065953716205e-05,8.957065953716205e-05,False
random_bp,expectation_value,same_entangling_gate_count,pm_12q_bp_sweep,hea,RX_RY_RZ_CNOT,none,linear,cnot,local,12,8,8,88,88,11,19,1,6,11,RZ,2,251,layer_006_wire_011_RZ,-0.0002746637537146367,0.0002746637537146367,False
random_bp,expectation_value,same_entangling_gate_count,pm_12q_bp_sweep,hea,RX_RY_RZ_CNOT,none,linear,cnot,local,12,8,8,88,88,11,19,1,7,0,RX,0,252,layer_007_wire_000_RX,-0.010049443300754989,0.010049443300754989,False
random_bp,expectation_value,same_entangling_gate_count,pm_12q_bp_sweep,hea,RX_RY_RZ_CNOT,none,linear,cnot,local,12,8,8,88,88,11,19,1,7,0,RY,1,253,layer_007_wire_000_RY,0.00413469901198397,0.00413469901198397,False
random_bp,expectation_value,same_entangling_gate_count,pm_12q_bp_sweep,hea,RX_RY_RZ_CNOT,none,linear,cnot,local,12,8,8,88,88,11,19,1,7,0,RZ,2,254,layer_007_wire_000_RZ,-1.5900228453465992e-17,1.5900228453465992e-17,True
random_bp,expectation_value,same_entangling_gate_count,pm_12q_bp_sweep,hea,RX_RY_RZ_CNOT,none,linear,cnot,local,12,8,8,88,88,11,19,1,7,1,RX,0,255,layer_007_wire_001_RX,0.0015503014735300568,0.0015503014735300568,False
random_bp,expectation_value,same_entangling_gate_count,pm_12q_bp_sweep,hea,RX_RY_RZ_CNOT,none,linear,cnot,local,12,8,8,88,88,11,19,1,7,1,RY,1,256,layer_007_wire_001_RY,-0.021556622714114123,0.021556622714114123,False
random_bp,expectation_value,same_entangling_gate_count,pm_12q_bp_sweep,hea,RX_RY_RZ_CNOT,none,linear,cnot,local,12,8,8,88,88,11,19,1,7,1,RZ,2,257,layer_007_wire_001_RZ,-4.5271538174457315e-18,4.5271538174457315e-18,True
random_bp,expectation_value,same_entangling_gate_count,pm_12q_bp_sweep,hea,RX_RY_RZ_CNOT,none,linear,cnot,local,12,8,8,88,88,11,19,1,7,2,RX,0,258,layer_007_wire_002_RX,-5.6777606093924224e-05,5.6777606093924224e-05,False
random_bp,expectation_value,same_entangling_gate_count,pm_12q_bp_sweep,hea,RX_RY_RZ_CNOT,none,linear,cnot,local,12,8,8,88,88,11,19,1,7,2,RY,1,259,layer_007_wire_002_RY,0.0012028535638275895,0.0012028535638275895,False
random_bp,expectation_value,same_entangling_gate_count,pm_12q_bp_sweep,hea,RX_RY_RZ_CNOT,none,linear,cnot,local,12,8,8,88,88,11,19,1,7,2,RZ,2,260,layer_007_wire_002_RZ,-1.3826692210536679e-18,1.3826692210536679e-18,True
random_bp,expectation_value,same_entangling_gate_count,pm_12q_bp_sweep,hea,RX_RY_RZ_CNOT,none,linear,cnot,local,12,8,8,88,88,11,19,1,7,3,RX,0,261,layer_007_wire_003_RX,-0.002831521543284251,0.002831521543284251,False
random_bp,expectation_value,same_entangling_gate_count,pm_12q_bp_sweep,hea,RX_RY_RZ_CNOT,none,linear,cnot,local,12,8,8,88,88,11,19,1,7,3,RY,1,262,layer_007_wire_003_RY,-0.008684699525731232,0.008684699525731232,False
random_bp,expectation_value,same_entangling_gate_count,pm_12q_bp_sweep,hea,RX_RY_RZ_CNOT,none,linear,cnot,local,12,8,8,88,88,11,19,1,7,3,RZ,2,263,layer_007_wire_003_RZ,1.3844975034112188e-18,1.3844975034112188e-18,True
random_bp,expectation_value,same_entangling_gate_count,pm_12q_bp_sweep,hea,RX_RY_RZ_CNOT,none,linear,cnot,local,12,8,8,88,88,11,19,1,7,4,RX,0,264,layer_007_wire_004_RX,0.005060844289698246,0.005060844289698246,False
random_bp,expectation_value,same_entangling_gate_count,pm_12q_bp_sweep,hea,RX_RY_RZ_CNOT,none,linear,cnot,local,12,8,8,88,88,11,19,1,7,4,RY,1,265,layer_007_wire_004_RY,-0.0032670358555893435,0.0032670358555893435,False
random_bp,expectation_value,same_entangling_gate_count,pm_12q_bp_sweep,hea,RX_RY_RZ_CNOT,none,linear,cnot,local,12,8,8,88,88,11,19,1,7,4,RZ,2,266,layer_007_wire_004_RZ,3.3649282935572998e-18,3.3649282935572998e-18,True
random_bp,expectation_value,same_entangling_gate_count,pm_12q_bp_sweep,hea,RX_RY_RZ_CNOT,none,linear,cnot,local,12,8,8,88,88,11,19,1,7,5,RX,0,267,layer_007_wire_005_RX,8.365891053063951e-05,8.365891053063951e-05,False
random_bp,expectation_value,same_entangling_gate_count,pm_12q_bp_sweep,hea,RX_RY_RZ_CNOT,none,linear,cnot,local,12,8,8,88,88,11,19,1,7,5,RY,1,268,layer_007_wire_005_RY,-0.005898521282440327,0.005898521282440327,False
random_bp,expectation_value,same_entangling_gate_count,pm_12q_bp_sweep,hea,RX_RY_RZ_CNOT,none,linear,cnot,local,12,8,8,88,88,11,19,1,7,5,RZ,2,269,layer_007_wire_005_RZ,-2.492273253678764e-18,2.492273253678764e-18,True
random_bp,expectation_value,same_entangling_gate_count,pm_12q_bp_sweep,hea,RX_RY_RZ_CNOT,none,linear,cnot,local,12,8,8,88,88,11,19,1,7,6,RX,0,270,layer_007_wire_006_RX,-0.0004154024890017033,0.0004154024890017033,False
random_bp,expectation_value,same_entangling_gate_count,pm_12q_bp_sweep,hea,RX_RY_RZ_CNOT,none,linear,cnot,local,12,8,8,88,88,11,19,1,7,6,RY,1,271,layer_007_wire_006_RY,0.005703232251946111,0.005703232251946111,False
random_bp,expectation_value,same_entangling_gate_count,pm_12q_bp_sweep,hea,RX_RY_RZ_CNOT,none,linear,cnot,local,12,8,8,88,88,11,19,1,7,6,RZ,2,272,layer_007_wire_006_RZ,9.044192971670737e-18,9.044192971670737e-18,True
random_bp,expectation_value,same_entangling_gate_count,pm_12q_bp_sweep,hea,RX_RY_RZ_CNOT,none,linear,cnot,local,12,8,8,88,88,11,19,1,7,7,RX,0,273,layer_007_wire_007_RX,-0.003161383765074424,0.003161383765074424,False
random_bp,expectation_value,same_entangling_gate_count,pm_12q_bp_sweep,hea,RX_RY_RZ_CNOT,none,linear,cnot,local,12,8,8,88,88,11,19,1,7,7,RY,1,274,layer_007_wire_007_RY,0.00042706512286938645,0.00042706512286938645,False
random_bp,expectation_value,same_entangling_gate_count,pm_12q_bp_sweep,hea,RX_RY_RZ_CNOT,none,linear,cnot,local,12,8,8,88,88,11,19,1,7,7,RZ,2,275,layer_007_wire_007_RZ,1.497119980852308e-19,1.497119980852308e-19,True
random_bp,expectation_value,same_entangling_gate_count,pm_12q_bp_sweep,hea,RX_RY_RZ_CNOT,none,linear,cnot,local,12,8,8,88,88,11,19,1,7,8,RX,0,276,layer_007_wire_008_RX,0.00038446082533731335,0.00038446082533731335,False
random_bp,expectation_value,same_entangling_gate_count,pm_12q_bp_sweep,hea,RX_RY_RZ_CNOT,none,linear,cnot,local,12,8,8,88,88,11,19,1,7,8,RY,1,277,layer_007_wire_008_RY,-0.0029570491686025115,0.0029570491686025115,False
random_bp,expectation_value,same_entangling_gate_count,pm_12q_bp_sweep,hea,RX_RY_RZ_CNOT,none,linear,cnot,local,12,8,8,88,88,11,19,1,7,8,RZ,2,278,layer_007_wire_008_RZ,-9.82938171897087e-18,9.82938171897087e-18,True
random_bp,expectation_value,same_entangling_gate_count,pm_12q_bp_sweep,hea,RX_RY_RZ_CNOT,none,linear,cnot,local,12,8,8,88,88,11,19,1,7,9,RX,0,279,layer_007_wire_009_RX,0.0035996415288734413,0.0035996415288734413,False
random_bp,expectation_value,same_entangling_gate_count,pm_12q_bp_sweep,hea,RX_RY_RZ_CNOT,none,linear,cnot,local,12,8,8,88,88,11,19,1,7,9,RY,1,280,layer_007_wire_009_RY,-0.001591796551501648,0.001591796551501648,False
random_bp,expectation_value,same_entangling_gate_count,pm_12q_bp_sweep,hea,RX_RY_RZ_CNOT,none,linear,cnot,local,12,8,8,88,88,11,19,1,7,9,RZ,2,281,layer_007_wire_009_RZ,4.3865663838354535e-18,4.3865663838354535e-18,True
random_bp,expectation_value,same_entangling_gate_count,pm_12q_bp_sweep,hea,RX_RY_RZ_CNOT,none,linear,cnot,local,12,8,8,88,88,11,19,1,7,10,RX,0,282,layer_007_wire_010_RX,0.0005511976956180525,0.0005511976956180525,False
random_bp,expectation_value,same_entangling_gate_count,pm_12q_bp_sweep,hea,RX_RY_RZ_CNOT,none,linear,cnot,local,12,8,8,88,88,11,19,1,7,10,RY,1,283,layer_007_wire_010_RY,0.002860551489548049,0.002860551489548049,False
random_bp,expectation_value,same_entangling_gate_count,pm_12q_bp_sweep,hea,RX_RY_RZ_CNOT,none,linear,cnot,local,12,8,8,88,88,11,19,1,7,10,RZ,2,284,layer_007_wire_010_RZ,-1.5890675618893728e-18,1.5890675618893728e-18,True
random_bp,expectation_value,same_entangling_gate_count,pm_12q_bp_sweep,hea,RX_RY_RZ_CNOT,none,linear,cnot,local,12,8,8,88,88,11,19,1,7,11,RX,0,285,layer_007_wire_011_RX,0.00048189375054540247,0.00048189375054540247,False
random_bp,expectation_value,same_entangling_gate_count,pm_12q_bp_sweep,hea,RX_RY_RZ_CNOT,none,linear,cnot,local,12,8,8,88,88,11,19,1,7,11,RY,1,286,layer_007_wire_011_RY,1.0605015542724562e-05,1.0605015542724562e-05,False
random_bp,expectation_value,same_entangling_gate_count,pm_12q_bp_sweep,hea,RX_RY_RZ_CNOT,none,linear,cnot,local,12,8,8,88,88,11,19,1,7,11,RZ,2,287,layer_007_wire_011_RZ,1.0888064860166077e-17,1.0888064860166077e-17,True
random_bp,expectation_value,same_entangling_gate_count,pm_12q_bp_sweep,hea,RX_RY_RZ_CNOT,none,linear,cnot,local,12,8,8,88,88,11,20,2,0,0,RX,0,0,layer_000_wire_000_RX,-0.004016810186072489,0.004016810186072489,False
random_bp,expectation_value,same_entangling_gate_count,pm_12q_bp_sweep,hea,RX_RY_RZ_CNOT,none,linear,cnot,local,12,8,8,88,88,11,20,2,0,0,RY,1,1,layer_000_wire_000_RY,-0.00011891822220984078,0.00011891822220984078,False
random_bp,expectation_value,same_entangling_gate_count,pm_12q_bp_sweep,hea,RX_RY_RZ_CNOT,none,linear,cnot,local,12,8,8,88,88,11,20,2,0,0,RZ,2,2,layer_000_wire_000_RZ,-0.0033437337681275353,0.0033437337681275353,False
random_bp,expectation_value,same_entangling_gate_count,pm_12q_bp_sweep,hea,RX_RY_RZ_CNOT,none,linear,cnot,local,12,8,8,88,88,11,20,2,0,1,RX,0,3,layer_000_wire_001_RX,-0.0015338913205702057,0.0015338913205702057,False
random_bp,expectation_value,same_entangling_gate_count,pm_12q_bp_sweep,hea,RX_RY_RZ_CNOT,none,linear,cnot,local,12,8,8,88,88,11,20,2,0,1,RY,1,4,layer_000_wire_001_RY,-0.004659648269296848,0.004659648269296848,False
random_bp,expectation_value,same_entangling_gate_count,pm_12q_bp_sweep,hea,RX_RY_RZ_CNOT,none,linear,cnot,local,12,8,8,88,88,11,20,2,0,1,RZ,2,5,layer_000_wire_001_RZ,-0.0015529871022777171,0.0015529871022777171,False
random_bp,expectation_value,same_entangling_gate_count,pm_12q_bp_sweep,hea,RX_RY_RZ_CNOT,none,linear,cnot,local,12,8,8,88,88,11,20,2,0,2,RX,0,6,layer_000_wire_002_RX,0.001778034120562529,0.001778034120562529,False
random_bp,expectation_value,same_entangling_gate_count,pm_12q_bp_sweep,hea,RX_RY_RZ_CNOT,none,linear,cnot,local,12,8,8,88,88,11,20,2,0,2,RY,1,7,layer_000_wire_002_RY,-0.004642434356937616,0.004642434356937616,False
random_bp,expectation_value,same_entangling_gate_count,pm_12q_bp_sweep,hea,RX_RY_RZ_CNOT,none,linear,cnot,local,12,8,8,88,88,11,20,2,0,2,RZ,2,8,layer_000_wire_002_RZ,0.011221154457175878,0.011221154457175878,False
random_bp,expectation_value,same_entangling_gate_count,pm_12q_bp_sweep,hea,RX_RY_RZ_CNOT,none,linear,cnot,local,12,8,8,88,88,11,20,2,0,3,RX,0,9,layer_000_wire_003_RX,0.003811584521181491,0.003811584521181491,False
random_bp,expectation_value,same_entangling_gate_count,pm_12q_bp_sweep,hea,RX_RY_RZ_CNOT,none,linear,cnot,local,12,8,8,88,88,11,20,2,0,3,RY,1,10,layer_000_wire_003_RY,0.009088074597278215,0.009088074597278215,False
random_bp,expectation_value,same_entangling_gate_count,pm_12q_bp_sweep,hea,RX_RY_RZ_CNOT,none,linear,cnot,local,12,8,8,88,88,11,20,2,0,3,RZ,2,11,layer_000_wire_003_RZ,0.011324738649736743,0.011324738649736743,False
random_bp,expectation_value,same_entangling_gate_count,pm_12q_bp_sweep,hea,RX_RY_RZ_CNOT,none,linear,cnot,local,12,8,8,88,88,11,20,2,0,4,RX,0,12,layer_000_wire_004_RX,-0.0030336643369003407,0.0030336643369003407,False
random_bp,expectation_value,same_entangling_gate_count,pm_12q_bp_sweep,hea,RX_RY_RZ_CNOT,none,linear,cnot,local,12,8,8,88,88,11,20,2,0,4,RY,1,13,layer_000_wire_004_RY,0.0033999297694314616,0.0033999297694314616,False
random_bp,expectation_value,same_entangling_gate_count,pm_12q_bp_sweep,hea,RX_RY_RZ_CNOT,none,linear,cnot,local,12,8,8,88,88,11,20,2,0,4,RZ,2,14,layer_000_wire_004_RZ,0.00190808909452697,0.00190808909452697,False
random_bp,expectation_value,same_entangling_gate_count,pm_12q_bp_sweep,hea,RX_RY_RZ_CNOT,none,linear,cnot,local,12,8,8,88,88,11,20,2,0,5,RX,0,15,layer_000_wire_005_RX,-0.011708986118260534,0.011708986118260534,False
random_bp,expectation_value,same_entangling_gate_count,pm_12q_bp_sweep,hea,RX_RY_RZ_CNOT,none,linear,cnot,local,12,8,8,88,88,11,20,2,0,5,RY,1,16,layer_000_wire_005_RY,-0.005529730288010405,0.005529730288010405,False
random_bp,expectation_value,same_entangling_gate_count,pm_12q_bp_sweep,hea,RX_RY_RZ_CNOT,none,linear,cnot,local,12,8,8,88,88,11,20,2,0,5,RZ,2,17,layer_000_wire_005_RZ,0.008381028241784591,0.008381028241784591,False
random_bp,expectation_value,same_entangling_gate_count,pm_12q_bp_sweep,hea,RX_RY_RZ_CNOT,none,linear,cnot,local,12,8,8,88,88,11,20,2,0,6,RX,0,18,layer_000_wire_006_RX,-0.001964923962634893,0.001964923962634893,False
random_bp,expectation_value,same_entangling_gate_count,pm_12q_bp_sweep,hea,RX_RY_RZ_CNOT,none,linear,cnot,local,12,8,8,88,88,11,20,2,0,6,RY,1,19,layer_000_wire_006_RY,1.4270304557108954e-06,1.4270304557108954e-06,False
random_bp,expectation_value,same_entangling_gate_count,pm_12q_bp_sweep,hea,RX_RY_RZ_CNOT,none,linear,cnot,local,12,8,8,88,88,11,20,2,0,6,RZ,2,20,layer_000_wire_006_RZ,-0.001813737707311257,0.001813737707311257,False
random_bp,expectation_value,same_entangling_gate_count,pm_12q_bp_sweep,hea,RX_RY_RZ_CNOT,none,linear,cnot,local,12,8,8,88,88,11,20,2,0,7,RX,0,21,layer_000_wire_007_RX,0.012368687142789334,0.012368687142789334,False
random_bp,expectation_value,same_entangling_gate_count,pm_12q_bp_sweep,hea,RX_RY_RZ_CNOT,none,linear,cnot,local,12,8,8,88,88,11,20,2,0,7,RY,1,22,layer_000_wire_007_RY,0.00748142414145381,0.00748142414145381,False
random_bp,expectation_value,same_entangling_gate_count,pm_12q_bp_sweep,hea,RX_RY_RZ_CNOT,none,linear,cnot,local,12,8,8,88,88,11,20,2,0,7,RZ,2,23,layer_000_wire_007_RZ,-0.00821541613485318,0.00821541613485318,False
random_bp,expectation_value,same_entangling_gate_count,pm_12q_bp_sweep,hea,RX_RY_RZ_CNOT,none,linear,cnot,local,12,8,8,88,88,11,20,2,0,8,RX,0,24,layer_000_wire_008_RX,0.00047359358036822875,0.00047359358036822875,False
random_bp,expectation_value,same_entangling_gate_count,pm_12q_bp_sweep,hea,RX_RY_RZ_CNOT,none,linear,cnot,local,12,8,8,88,88,11,20,2,0,8,RY,1,25,layer_000_wire_008_RY,-3.161446265283977e-05,3.161446265283977e-05,False
random_bp,expectation_value,same_entangling_gate_count,pm_12q_bp_sweep,hea,RX_RY_RZ_CNOT,none,linear,cnot,local,12,8,8,88,88,11,20,2,0,8,RZ,2,26,layer_000_wire_008_RZ,-0.0002786421493096161,0.0002786421493096161,False
random_bp,expectation_value,same_entangling_gate_count,pm_12q_bp_sweep,hea,RX_RY_RZ_CNOT,none,linear,cnot,local,12,8,8,88,88,11,20,2,0,9,RX,0,27,layer_000_wire_009_RX,-0.0008408202845625956,0.0008408202845625956,False
random_bp,expectation_value,same_entangling_gate_count,pm_12q_bp_sweep,hea,RX_RY_RZ_CNOT,none,linear,cnot,local,12,8,8,88,88,11,20,2,0,9,RY,1,28,layer_000_wire_009_RY,0.0004086891953622683,0.0004086891953622683,False
random_bp,expectation_value,same_entangling_gate_count,pm_12q_bp_sweep,hea,RX_RY_RZ_CNOT,none,linear,cnot,local,12,8,8,88,88,11,20,2,0,9,RZ,2,29,layer_000_wire_009_RZ,-0.0013904907597357358,0.0013904907597357358,False
random_bp,expectation_value,same_entangling_gate_count,pm_12q_bp_sweep,hea,RX_RY_RZ_CNOT,none,linear,cnot,local,12,8,8,88,88,11,20,2,0,10,RX,0,30,layer_000_wire_010_RX,0.002158508413999799,0.002158508413999799,False
random_bp,expectation_value,same_entangling_gate_count,pm_12q_bp_sweep,hea,RX_RY_RZ_CNOT,none,linear,cnot,local,12,8,8,88,88,11,20,2,0,10,RY,1,31,layer_000_wire_010_RY,-0.00016518784942829486,0.00016518784942829486,False
random_bp,expectation_value,same_entangling_gate_count,pm_12q_bp_sweep,hea,RX_RY_RZ_CNOT,none,linear,cnot,local,12,8,8,88,88,11,20,2,0,10,RZ,2,32,layer_000_wire_010_RZ,-0.0010367501469729992,0.0010367501469729992,False
random_bp,expectation_value,same_entangling_gate_count,pm_12q_bp_sweep,hea,RX_RY_RZ_CNOT,none,linear,cnot,local,12,8,8,88,88,11,20,2,0,11,RX,0,33,layer_000_wire_011_RX,-0.003359998204426912,0.003359998204426912,False
random_bp,expectation_value,same_entangling_gate_count,pm_12q_bp_sweep,hea,RX_RY_RZ_CNOT,none,linear,cnot,local,12,8,8,88,88,11,20,2,0,11,RY,1,34,layer_000_wire_011_RY,0.0002424022364442566,0.0002424022364442566,False
random_bp,expectation_value,same_entangling_gate_count,pm_12q_bp_sweep,hea,RX_RY_RZ_CNOT,none,linear,cnot,local,12,8,8,88,88,11,20,2,0,11,RZ,2,35,layer_000_wire_011_RZ,0.0024401002493152487,0.0024401002493152487,False
random_bp,expectation_value,same_entangling_gate_count,pm_12q_bp_sweep,hea,RX_RY_RZ_CNOT,none,linear,cnot,local,12,8,8,88,88,11,20,2,1,0,RX,0,36,layer_001_wire_000_RX,-1.4158631236273114e-06,1.4158631236273114e-06,False
random_bp,expectation_value,same_entangling_gate_count,pm_12q_bp_sweep,hea,RX_RY_RZ_CNOT,none,linear,cnot,local,12,8,8,88,88,11,20,2,1,0,RY,1,37,layer_001_wire_000_RY,-0.008931573033287019,0.008931573033287019,False
random_bp,expectation_value,same_entangling_gate_count,pm_12q_bp_sweep,hea,RX_RY_RZ_CNOT,none,linear,cnot,local,12,8,8,88,88,11,20,2,1,0,RZ,2,38,layer_001_wire_000_RZ,-0.003575534421522068,0.003575534421522068,False
random_bp,expectation_value,same_entangling_gate_count,pm_12q_bp_sweep,hea,RX_RY_RZ_CNOT,none,linear,cnot,local,12,8,8,88,88,11,20,2,1,1,RX,0,39,layer_001_wire_001_RX,0.0014860893405101703,0.0014860893405101703,False
random_bp,expectation_value,same_entangling_gate_count,pm_12q_bp_sweep,hea,RX_RY_RZ_CNOT,none,linear,cnot,local,12,8,8,88,88,11,20,2,1,1,RY,1,40,layer_001_wire_001_RY,0.005588848541498552,0.005588848541498552,False
random_bp,expectation_value,same_entangling_gate_count,pm_12q_bp_sweep,hea,RX_RY_RZ_CNOT,none,linear,cnot,local,12,8,8,88,88,11,20,2,1,1,RZ,2,41,layer_001_wire_001_RZ,0.002306641060393525,0.002306641060393525,False
random_bp,expectation_value,same_entangling_gate_count,pm_12q_bp_sweep,hea,RX_RY_RZ_CNOT,none,linear,cnot,local,12,8,8,88,88,11,20,2,1,2,RX,0,42,layer_001_wire_002_RX,0.003355694608169503,0.003355694608169503,False
random_bp,expectation_value,same_entangling_gate_count,pm_12q_bp_sweep,hea,RX_RY_RZ_CNOT,none,linear,cnot,local,12,8,8,88,88,11,20,2,1,2,RY,1,43,layer_001_wire_002_RY,-0.0007918160577941472,0.0007918160577941472,False
random_bp,expectation_value,same_entangling_gate_count,pm_12q_bp_sweep,hea,RX_RY_RZ_CNOT,none,linear,cnot,local,12,8,8,88,88,11,20,2,1,2,RZ,2,44,layer_001_wire_002_RZ,0.020008453319605164,0.020008453319605164,False
random_bp,expectation_value,same_entangling_gate_count,pm_12q_bp_sweep,hea,RX_RY_RZ_CNOT,none,linear,cnot,local,12,8,8,88,88,11,20,2,1,3,RX,0,45,layer_001_wire_003_RX,0.0009238972056837026,0.0009238972056837026,False
random_bp,expectation_value,same_entangling_gate_count,pm_12q_bp_sweep,hea,RX_RY_RZ_CNOT,none,linear,cnot,local,12,8,8,88,88,11,20,2,1,3,RY,1,46,layer_001_wire_003_RY,-0.0023312796460946803,0.0023312796460946803,False
random_bp,expectation_value,same_entangling_gate_count,pm_12q_bp_sweep,hea,RX_RY_RZ_CNOT,none,linear,cnot,local,12,8,8,88,88,11,20,2,1,3,RZ,2,47,layer_001_wire_003_RZ,0.005195118251660059,0.005195118251660059,False
random_bp,expectation_value,same_entangling_gate_count,pm_12q_bp_sweep,hea,RX_RY_RZ_CNOT,none,linear,cnot,local,12,8,8,88,88,11,20,2,1,4,RX,0,48,layer_001_wire_004_RX,0.008690136442864732,0.008690136442864732,False
random_bp,expectation_value,same_entangling_gate_count,pm_12q_bp_sweep,hea,RX_RY_RZ_CNOT,none,linear,cnot,local,12,8,8,88,88,11,20,2,1,4,RY,1,49,layer_001_wire_004_RY,0.005137699072890299,0.005137699072890299,False
random_bp,expectation_value,same_entangling_gate_count,pm_12q_bp_sweep,hea,RX_RY_RZ_CNOT,none,linear,cnot,local,12,8,8,88,88,11,20,2,1,4,RZ,2,50,layer_001_wire_004_RZ,0.0008661861163124841,0.0008661861163124841,False
random_bp,expectation_value,same_entangling_gate_count,pm_12q_bp_sweep,hea,RX_RY_RZ_CNOT,none,linear,cnot,local,12,8,8,88,88,11,20,2,1,5,RX,0,51,layer_001_wire_005_RX,0.0021475253457166224,0.0021475253457166224,False
random_bp,expectation_value,same_entangling_gate_count,pm_12q_bp_sweep,hea,RX_RY_RZ_CNOT,none,linear,cnot,local,12,8,8,88,88,11,20,2,1,5,RY,1,52,layer_001_wire_005_RY,-0.0072397009920550665,0.0072397009920550665,False
random_bp,expectation_value,same_entangling_gate_count,pm_12q_bp_sweep,hea,RX_RY_RZ_CNOT,none,linear,cnot,local,12,8,8,88,88,11,20,2,1,5,RZ,2,53,layer_001_wire_005_RZ,-0.0006980040389318511,0.0006980040389318511,False
random_bp,expectation_value,same_entangling_gate_count,pm_12q_bp_sweep,hea,RX_RY_RZ_CNOT,none,linear,cnot,local,12,8,8,88,88,11,20,2,1,6,RX,0,54,layer_001_wire_006_RX,0.0032874491997882758,0.0032874491997882758,False
random_bp,expectation_value,same_entangling_gate_count,pm_12q_bp_sweep,hea,RX_RY_RZ_CNOT,none,linear,cnot,local,12,8,8,88,88,11,20,2,1,6,RY,1,55,layer_001_wire_006_RY,-0.008728727251421993,0.008728727251421993,False
random_bp,expectation_value,same_entangling_gate_count,pm_12q_bp_sweep,hea,RX_RY_RZ_CNOT,none,linear,cnot,local,12,8,8,88,88,11,20,2,1,6,RZ,2,56,layer_001_wire_006_RZ,-0.0020422388195780695,0.0020422388195780695,False
random_bp,expectation_value,same_entangling_gate_count,pm_12q_bp_sweep,hea,RX_RY_RZ_CNOT,none,linear,cnot,local,12,8,8,88,88,11,20,2,1,7,RX,0,57,layer_001_wire_007_RX,-0.005298230930582087,0.005298230930582087,False
random_bp,expectation_value,same_entangling_gate_count,pm_12q_bp_sweep,hea,RX_RY_RZ_CNOT,none,linear,cnot,local,12,8,8,88,88,11,20,2,1,7,RY,1,58,layer_001_wire_007_RY,0.002267174798468167,0.002267174798468167,False
random_bp,expectation_value,same_entangling_gate_count,pm_12q_bp_sweep,hea,RX_RY_RZ_CNOT,none,linear,cnot,local,12,8,8,88,88,11,20,2,1,7,RZ,2,59,layer_001_wire_007_RZ,-0.006646740364546702,0.006646740364546702,False
random_bp,expectation_value,same_entangling_gate_count,pm_12q_bp_sweep,hea,RX_RY_RZ_CNOT,none,linear,cnot,local,12,8,8,88,88,11,20,2,1,8,RX,0,60,layer_001_wire_008_RX,-0.0017769134371093441,0.0017769134371093441,False
random_bp,expectation_value,same_entangling_gate_count,pm_12q_bp_sweep,hea,RX_RY_RZ_CNOT,none,linear,cnot,local,12,8,8,88,88,11,20,2,1,8,RY,1,61,layer_001_wire_008_RY,0.0014642152217830863,0.0014642152217830863,False
random_bp,expectation_value,same_entangling_gate_count,pm_12q_bp_sweep,hea,RX_RY_RZ_CNOT,none,linear,cnot,local,12,8,8,88,88,11,20,2,1,8,RZ,2,62,layer_001_wire_008_RZ,-0.001466753686086467,0.001466753686086467,False
random_bp,expectation_value,same_entangling_gate_count,pm_12q_bp_sweep,hea,RX_RY_RZ_CNOT,none,linear,cnot,local,12,8,8,88,88,11,20,2,1,9,RX,0,63,layer_001_wire_009_RX,-0.0012341462348431018,0.0012341462348431018,False
random_bp,expectation_value,same_entangling_gate_count,pm_12q_bp_sweep,hea,RX_RY_RZ_CNOT,none,linear,cnot,local,12,8,8,88,88,11,20,2,1,9,RY,1,64,layer_001_wire_009_RY,-0.0027661247744445155,0.0027661247744445155,False
random_bp,expectation_value,same_entangling_gate_count,pm_12q_bp_sweep,hea,RX_RY_RZ_CNOT,none,linear,cnot,local,12,8,8,88,88,11,20,2,1,9,RZ,2,65,layer_001_wire_009_RZ,-0.0015492654032371466,0.0015492654032371466,False
random_bp,expectation_value,same_entangling_gate_count,pm_12q_bp_sweep,hea,RX_RY_RZ_CNOT,none,linear,cnot,local,12,8,8,88,88,11,20,2,1,10,RX,0,66,layer_001_wire_010_RX,0.0016786852411672286,0.0016786852411672286,False
random_bp,expectation_value,same_entangling_gate_count,pm_12q_bp_sweep,hea,RX_RY_RZ_CNOT,none,linear,cnot,local,12,8,8,88,88,11,20,2,1,10,RY,1,67,layer_001_wire_010_RY,0.0002800354104870689,0.0002800354104870689,False
random_bp,expectation_value,same_entangling_gate_count,pm_12q_bp_sweep,hea,RX_RY_RZ_CNOT,none,linear,cnot,local,12,8,8,88,88,11,20,2,1,10,RZ,2,68,layer_001_wire_010_RZ,0.0038777001592381725,0.0038777001592381725,False
random_bp,expectation_value,same_entangling_gate_count,pm_12q_bp_sweep,hea,RX_RY_RZ_CNOT,none,linear,cnot,local,12,8,8,88,88,11,20,2,1,11,RX,0,69,layer_001_wire_011_RX,-0.0018090009570478184,0.0018090009570478184,False
random_bp,expectation_value,same_entangling_gate_count,pm_12q_bp_sweep,hea,RX_RY_RZ_CNOT,none,linear,cnot,local,12,8,8,88,88,11,20,2,1,11,RY,1,70,layer_001_wire_011_RY,0.0020289046001806905,0.0020289046001806905,False
random_bp,expectation_value,same_entangling_gate_count,pm_12q_bp_sweep,hea,RX_RY_RZ_CNOT,none,linear,cnot,local,12,8,8,88,88,11,20,2,1,11,RZ,2,71,layer_001_wire_011_RZ,-0.0008996009891063127,0.0008996009891063127,False
random_bp,expectation_value,same_entangling_gate_count,pm_12q_bp_sweep,hea,RX_RY_RZ_CNOT,none,linear,cnot,local,12,8,8,88,88,11,20,2,2,0,RX,0,72,layer_002_wire_000_RX,0.006141520896865653,0.006141520896865653,False
random_bp,expectation_value,same_entangling_gate_count,pm_12q_bp_sweep,hea,RX_RY_RZ_CNOT,none,linear,cnot,local,12,8,8,88,88,11,20,2,2,0,RY,1,73,layer_002_wire_000_RY,0.003580761220426158,0.003580761220426158,False
random_bp,expectation_value,same_entangling_gate_count,pm_12q_bp_sweep,hea,RX_RY_RZ_CNOT,none,linear,cnot,local,12,8,8,88,88,11,20,2,2,0,RZ,2,74,layer_002_wire_000_RZ,-0.004637953093332023,0.004637953093332023,False
random_bp,expectation_value,same_entangling_gate_count,pm_12q_bp_sweep,hea,RX_RY_RZ_CNOT,none,linear,cnot,local,12,8,8,88,88,11,20,2,2,1,RX,0,75,layer_002_wire_001_RX,0.009123654466930007,0.009123654466930007,False
random_bp,expectation_value,same_entangling_gate_count,pm_12q_bp_sweep,hea,RX_RY_RZ_CNOT,none,linear,cnot,local,12,8,8,88,88,11,20,2,2,1,RY,1,76,layer_002_wire_001_RY,-0.0018570470255038461,0.0018570470255038461,False
random_bp,expectation_value,same_entangling_gate_count,pm_12q_bp_sweep,hea,RX_RY_RZ_CNOT,none,linear,cnot,local,12,8,8,88,88,11,20,2,2,1,RZ,2,77,layer_002_wire_001_RZ,-0.001805063225671602,0.001805063225671602,False
random_bp,expectation_value,same_entangling_gate_count,pm_12q_bp_sweep,hea,RX_RY_RZ_CNOT,none,linear,cnot,local,12,8,8,88,88,11,20,2,2,2,RX,0,78,layer_002_wire_002_RX,0.0006726380572608034,0.0006726380572608034,False
random_bp,expectation_value,same_entangling_gate_count,pm_12q_bp_sweep,hea,RX_RY_RZ_CNOT,none,linear,cnot,local,12,8,8,88,88,11,20,2,2,2,RY,1,79,layer_002_wire_002_RY,0.00847552351918445,0.00847552351918445,False
random_bp,expectation_value,same_entangling_gate_count,pm_12q_bp_sweep,hea,RX_RY_RZ_CNOT,none,linear,cnot,local,12,8,8,88,88,11,20,2,2,2,RZ,2,80,layer_002_wire_002_RZ,-0.007082249443921651,0.007082249443921651,False
random_bp,expectation_value,same_entangling_gate_count,pm_12q_bp_sweep,hea,RX_RY_RZ_CNOT,none,linear,cnot,local,12,8,8,88,88,11,20,2,2,3,RX,0,81,layer_002_wire_003_RX,0.004092534599691608,0.004092534599691608,False
random_bp,expectation_value,same_entangling_gate_count,pm_12q_bp_sweep,hea,RX_RY_RZ_CNOT,none,linear,cnot,local,12,8,8,88,88,11,20,2,2,3,RY,1,82,layer_002_wire_003_RY,-0.0015116603840783908,0.0015116603840783908,False
random_bp,expectation_value,same_entangling_gate_count,pm_12q_bp_sweep,hea,RX_RY_RZ_CNOT,none,linear,cnot,local,12,8,8,88,88,11,20,2,2,3,RZ,2,83,layer_002_wire_003_RZ,0.010588546810471548,0.010588546810471548,False
random_bp,expectation_value,same_entangling_gate_count,pm_12q_bp_sweep,hea,RX_RY_RZ_CNOT,none,linear,cnot,local,12,8,8,88,88,11,20,2,2,4,RX,0,84,layer_002_wire_004_RX,0.0021231545511151482,0.0021231545511151482,False
random_bp,expectation_value,same_entangling_gate_count,pm_12q_bp_sweep,hea,RX_RY_RZ_CNOT,none,linear,cnot,local,12,8,8,88,88,11,20,2,2,4,RY,1,85,layer_002_wire_004_RY,0.0036888076568794906,0.0036888076568794906,False
random_bp,expectation_value,same_entangling_gate_count,pm_12q_bp_sweep,hea,RX_RY_RZ_CNOT,none,linear,cnot,local,12,8,8,88,88,11,20,2,2,4,RZ,2,86,layer_002_wire_004_RZ,0.003626387217059662,0.003626387217059662,False
random_bp,expectation_value,same_entangling_gate_count,pm_12q_bp_sweep,hea,RX_RY_RZ_CNOT,none,linear,cnot,local,12,8,8,88,88,11,20,2,2,5,RX,0,87,layer_002_wire_005_RX,0.008801741255074666,0.008801741255074666,False
random_bp,expectation_value,same_entangling_gate_count,pm_12q_bp_sweep,hea,RX_RY_RZ_CNOT,none,linear,cnot,local,12,8,8,88,88,11,20,2,2,5,RY,1,88,layer_002_wire_005_RY,-0.007094921130592544,0.007094921130592544,False
random_bp,expectation_value,same_entangling_gate_count,pm_12q_bp_sweep,hea,RX_RY_RZ_CNOT,none,linear,cnot,local,12,8,8,88,88,11,20,2,2,5,RZ,2,89,layer_002_wire_005_RZ,0.0021266313567770505,0.0021266313567770505,False
random_bp,expectation_value,same_entangling_gate_count,pm_12q_bp_sweep,hea,RX_RY_RZ_CNOT,none,linear,cnot,local,12,8,8,88,88,11,20,2,2,6,RX,0,90,layer_002_wire_006_RX,0.00013705229479024953,0.00013705229479024953,False
random_bp,expectation_value,same_entangling_gate_count,pm_12q_bp_sweep,hea,RX_RY_RZ_CNOT,none,linear,cnot,local,12,8,8,88,88,11,20,2,2,6,RY,1,91,layer_002_wire_006_RY,0.00274647626436149,0.00274647626436149,False
random_bp,expectation_value,same_entangling_gate_count,pm_12q_bp_sweep,hea,RX_RY_RZ_CNOT,none,linear,cnot,local,12,8,8,88,88,11,20,2,2,6,RZ,2,92,layer_002_wire_006_RZ,0.0027860111220295017,0.0027860111220295017,False
random_bp,expectation_value,same_entangling_gate_count,pm_12q_bp_sweep,hea,RX_RY_RZ_CNOT,none,linear,cnot,local,12,8,8,88,88,11,20,2,2,7,RX,0,93,layer_002_wire_007_RX,0.001052392882469732,0.001052392882469732,False
random_bp,expectation_value,same_entangling_gate_count,pm_12q_bp_sweep,hea,RX_RY_RZ_CNOT,none,linear,cnot,local,12,8,8,88,88,11,20,2,2,7,RY,1,94,layer_002_wire_007_RY,-0.000236786509878348,0.000236786509878348,False
random_bp,expectation_value,same_entangling_gate_count,pm_12q_bp_sweep,hea,RX_RY_RZ_CNOT,none,linear,cnot,local,12,8,8,88,88,11,20,2,2,7,RZ,2,95,layer_002_wire_007_RZ,0.0005999468836974916,0.0005999468836974916,False
random_bp,expectation_value,same_entangling_gate_count,pm_12q_bp_sweep,hea,RX_RY_RZ_CNOT,none,linear,cnot,local,12,8,8,88,88,11,20,2,2,8,RX,0,96,layer_002_wire_008_RX,0.0020990387380556744,0.0020990387380556744,False
random_bp,expectation_value,same_entangling_gate_count,pm_12q_bp_sweep,hea,RX_RY_RZ_CNOT,none,linear,cnot,local,12,8,8,88,88,11,20,2,2,8,RY,1,97,layer_002_wire_008_RY,-0.0016905251870945287,0.0016905251870945287,False
random_bp,expectation_value,same_entangling_gate_count,pm_12q_bp_sweep,hea,RX_RY_RZ_CNOT,none,linear,cnot,local,12,8,8,88,88,11,20,2,2,8,RZ,2,98,layer_002_wire_008_RZ,-0.0009390298347395293,0.0009390298347395293,False
random_bp,expectation_value,same_entangling_gate_count,pm_12q_bp_sweep,hea,RX_RY_RZ_CNOT,none,linear,cnot,local,12,8,8,88,88,11,20,2,2,9,RX,0,99,layer_002_wire_009_RX,0.0014506209712606367,0.0014506209712606367,False
random_bp,expectation_value,same_entangling_gate_count,pm_12q_bp_sweep,hea,RX_RY_RZ_CNOT,none,linear,cnot,local,12,8,8,88,88,11,20,2,2,9,RY,1,100,layer_002_wire_009_RY,-7.427181142188096e-05,7.427181142188096e-05,False
random_bp,expectation_value,same_entangling_gate_count,pm_12q_bp_sweep,hea,RX_RY_RZ_CNOT,none,linear,cnot,local,12,8,8,88,88,11,20,2,2,9,RZ,2,101,layer_002_wire_009_RZ,0.0034697951787170827,0.0034697951787170827,False
random_bp,expectation_value,same_entangling_gate_count,pm_12q_bp_sweep,hea,RX_RY_RZ_CNOT,none,linear,cnot,local,12,8,8,88,88,11,20,2,2,10,RX,0,102,layer_002_wire_010_RX,-0.001125484567579182,0.001125484567579182,False
random_bp,expectation_value,same_entangling_gate_count,pm_12q_bp_sweep,hea,RX_RY_RZ_CNOT,none,linear,cnot,local,12,8,8,88,88,11,20,2,2,10,RY,1,103,layer_002_wire_010_RY,-0.00033155646648386477,0.00033155646648386477,False
random_bp,expectation_value,same_entangling_gate_count,pm_12q_bp_sweep,hea,RX_RY_RZ_CNOT,none,linear,cnot,local,12,8,8,88,88,11,20,2,2,10,RZ,2,104,layer_002_wire_010_RZ,-0.0009529872391506592,0.0009529872391506592,False
random_bp,expectation_value,same_entangling_gate_count,pm_12q_bp_sweep,hea,RX_RY_RZ_CNOT,none,linear,cnot,local,12,8,8,88,88,11,20,2,2,11,RX,0,105,layer_002_wire_011_RX,0.0009138321792069057,0.0009138321792069057,False
random_bp,expectation_value,same_entangling_gate_count,pm_12q_bp_sweep,hea,RX_RY_RZ_CNOT,none,linear,cnot,local,12,8,8,88,88,11,20,2,2,11,RY,1,106,layer_002_wire_011_RY,0.0005007807441254025,0.0005007807441254025,False
random_bp,expectation_value,same_entangling_gate_count,pm_12q_bp_sweep,hea,RX_RY_RZ_CNOT,none,linear,cnot,local,12,8,8,88,88,11,20,2,2,11,RZ,2,107,layer_002_wire_011_RZ,0.0005150222411048494,0.0005150222411048494,False
random_bp,expectation_value,same_entangling_gate_count,pm_12q_bp_sweep,hea,RX_RY_RZ_CNOT,none,linear,cnot,local,12,8,8,88,88,11,20,2,3,0,RX,0,108,layer_003_wire_000_RX,0.003501279186856612,0.003501279186856612,False
random_bp,expectation_value,same_entangling_gate_count,pm_12q_bp_sweep,hea,RX_RY_RZ_CNOT,none,linear,cnot,local,12,8,8,88,88,11,20,2,3,0,RY,1,109,layer_003_wire_000_RY,-0.01191624616682431,0.01191624616682431,False
random_bp,expectation_value,same_entangling_gate_count,pm_12q_bp_sweep,hea,RX_RY_RZ_CNOT,none,linear,cnot,local,12,8,8,88,88,11,20,2,3,0,RZ,2,110,layer_003_wire_000_RZ,-0.0021762056475153066,0.0021762056475153066,False
random_bp,expectation_value,same_entangling_gate_count,pm_12q_bp_sweep,hea,RX_RY_RZ_CNOT,none,linear,cnot,local,12,8,8,88,88,11,20,2,3,1,RX,0,111,layer_003_wire_001_RX,-0.0064623517866874225,0.0064623517866874225,False
random_bp,expectation_value,same_entangling_gate_count,pm_12q_bp_sweep,hea,RX_RY_RZ_CNOT,none,linear,cnot,local,12,8,8,88,88,11,20,2,3,1,RY,1,112,layer_003_wire_001_RY,0.006726336017830542,0.006726336017830542,False
random_bp,expectation_value,same_entangling_gate_count,pm_12q_bp_sweep,hea,RX_RY_RZ_CNOT,none,linear,cnot,local,12,8,8,88,88,11,20,2,3,1,RZ,2,113,layer_003_wire_001_RZ,0.0008337065249300448,0.0008337065249300448,False
random_bp,expectation_value,same_entangling_gate_count,pm_12q_bp_sweep,hea,RX_RY_RZ_CNOT,none,linear,cnot,local,12,8,8,88,88,11,20,2,3,2,RX,0,114,layer_003_wire_002_RX,-0.008295475388868627,0.008295475388868627,False
random_bp,expectation_value,same_entangling_gate_count,pm_12q_bp_sweep,hea,RX_RY_RZ_CNOT,none,linear,cnot,local,12,8,8,88,88,11,20,2,3,2,RY,1,115,layer_003_wire_002_RY,-0.004303765233203104,0.004303765233203104,False
random_bp,expectation_value,same_entangling_gate_count,pm_12q_bp_sweep,hea,RX_RY_RZ_CNOT,none,linear,cnot,local,12,8,8,88,88,11,20,2,3,2,RZ,2,116,layer_003_wire_002_RZ,0.009501106626053779,0.009501106626053779,False
random_bp,expectation_value,same_entangling_gate_count,pm_12q_bp_sweep,hea,RX_RY_RZ_CNOT,none,linear,cnot,local,12,8,8,88,88,11,20,2,3,3,RX,0,117,layer_003_wire_003_RX,0.0014384412864185923,0.0014384412864185923,False
random_bp,expectation_value,same_entangling_gate_count,pm_12q_bp_sweep,hea,RX_RY_RZ_CNOT,none,linear,cnot,local,12,8,8,88,88,11,20,2,3,3,RY,1,118,layer_003_wire_003_RY,-0.0017565215911113255,0.0017565215911113255,False
random_bp,expectation_value,same_entangling_gate_count,pm_12q_bp_sweep,hea,RX_RY_RZ_CNOT,none,linear,cnot,local,12,8,8,88,88,11,20,2,3,3,RZ,2,119,layer_003_wire_003_RZ,0.0015959288529763453,0.0015959288529763453,False
random_bp,expectation_value,same_entangling_gate_count,pm_12q_bp_sweep,hea,RX_RY_RZ_CNOT,none,linear,cnot,local,12,8,8,88,88,11,20,2,3,4,RX,0,120,layer_003_wire_004_RX,-0.0005102231905117502,0.0005102231905117502,False
random_bp,expectation_value,same_entangling_gate_count,pm_12q_bp_sweep,hea,RX_RY_RZ_CNOT,none,linear,cnot,local,12,8,8,88,88,11,20,2,3,4,RY,1,121,layer_003_wire_004_RY,0.004212080897279499,0.004212080897279499,False
random_bp,expectation_value,same_entangling_gate_count,pm_12q_bp_sweep,hea,RX_RY_RZ_CNOT,none,linear,cnot,local,12,8,8,88,88,11,20,2,3,4,RZ,2,122,layer_003_wire_004_RZ,-0.0003024019426755075,0.0003024019426755075,False
random_bp,expectation_value,same_entangling_gate_count,pm_12q_bp_sweep,hea,RX_RY_RZ_CNOT,none,linear,cnot,local,12,8,8,88,88,11,20,2,3,5,RX,0,123,layer_003_wire_005_RX,0.004575161746365376,0.004575161746365376,False
random_bp,expectation_value,same_entangling_gate_count,pm_12q_bp_sweep,hea,RX_RY_RZ_CNOT,none,linear,cnot,local,12,8,8,88,88,11,20,2,3,5,RY,1,124,layer_003_wire_005_RY,0.009011483154873306,0.009011483154873306,False
random_bp,expectation_value,same_entangling_gate_count,pm_12q_bp_sweep,hea,RX_RY_RZ_CNOT,none,linear,cnot,local,12,8,8,88,88,11,20,2,3,5,RZ,2,125,layer_003_wire_005_RZ,0.00420429661054525,0.00420429661054525,False
random_bp,expectation_value,same_entangling_gate_count,pm_12q_bp_sweep,hea,RX_RY_RZ_CNOT,none,linear,cnot,local,12,8,8,88,88,11,20,2,3,6,RX,0,126,layer_003_wire_006_RX,0.0014115972233603108,0.0014115972233603108,False
random_bp,expectation_value,same_entangling_gate_count,pm_12q_bp_sweep,hea,RX_RY_RZ_CNOT,none,linear,cnot,local,12,8,8,88,88,11,20,2,3,6,RY,1,127,layer_003_wire_006_RY,0.0037263157702789266,0.0037263157702789266,False
random_bp,expectation_value,same_entangling_gate_count,pm_12q_bp_sweep,hea,RX_RY_RZ_CNOT,none,linear,cnot,local,12,8,8,88,88,11,20,2,3,6,RZ,2,128,layer_003_wire_006_RZ,-0.0029319368504802925,0.0029319368504802925,False
random_bp,expectation_value,same_entangling_gate_count,pm_12q_bp_sweep,hea,RX_RY_RZ_CNOT,none,linear,cnot,local,12,8,8,88,88,11,20,2,3,7,RX,0,129,layer_003_wire_007_RX,-0.0010458794631966976,0.0010458794631966976,False
random_bp,expectation_value,same_entangling_gate_count,pm_12q_bp_sweep,hea,RX_RY_RZ_CNOT,none,linear,cnot,local,12,8,8,88,88,11,20,2,3,7,RY,1,130,layer_003_wire_007_RY,-0.0008949421116385296,0.0008949421116385296,False
random_bp,expectation_value,same_entangling_gate_count,pm_12q_bp_sweep,hea,RX_RY_RZ_CNOT,none,linear,cnot,local,12,8,8,88,88,11,20,2,3,7,RZ,2,131,layer_003_wire_007_RZ,0.0006680323112384078,0.0006680323112384078,False
random_bp,expectation_value,same_entangling_gate_count,pm_12q_bp_sweep,hea,RX_RY_RZ_CNOT,none,linear,cnot,local,12,8,8,88,88,11,20,2,3,8,RX,0,132,layer_003_wire_008_RX,0.002271817132930196,0.002271817132930196,False
random_bp,expectation_value,same_entangling_gate_count,pm_12q_bp_sweep,hea,RX_RY_RZ_CNOT,none,linear,cnot,local,12,8,8,88,88,11,20,2,3,8,RY,1,133,layer_003_wire_008_RY,0.0009743426639922173,0.0009743426639922173,False
random_bp,expectation_value,same_entangling_gate_count,pm_12q_bp_sweep,hea,RX_RY_RZ_CNOT,none,linear,cnot,local,12,8,8,88,88,11,20,2,3,8,RZ,2,134,layer_003_wire_008_RZ,0.0030987610303356895,0.0030987610303356895,False
random_bp,expectation_value,same_entangling_gate_count,pm_12q_bp_sweep,hea,RX_RY_RZ_CNOT,none,linear,cnot,local,12,8,8,88,88,11,20,2,3,9,RX,0,135,layer_003_wire_009_RX,0.003902494332333216,0.003902494332333216,False
random_bp,expectation_value,same_entangling_gate_count,pm_12q_bp_sweep,hea,RX_RY_RZ_CNOT,none,linear,cnot,local,12,8,8,88,88,11,20,2,3,9,RY,1,136,layer_003_wire_009_RY,0.000747935210115536,0.000747935210115536,False
random_bp,expectation_value,same_entangling_gate_count,pm_12q_bp_sweep,hea,RX_RY_RZ_CNOT,none,linear,cnot,local,12,8,8,88,88,11,20,2,3,9,RZ,2,137,layer_003_wire_009_RZ,-0.0035334803790302224,0.0035334803790302224,False
random_bp,expectation_value,same_entangling_gate_count,pm_12q_bp_sweep,hea,RX_RY_RZ_CNOT,none,linear,cnot,local,12,8,8,88,88,11,20,2,3,10,RX,0,138,layer_003_wire_010_RX,0.002667944522436245,0.002667944522436245,False
random_bp,expectation_value,same_entangling_gate_count,pm_12q_bp_sweep,hea,RX_RY_RZ_CNOT,none,linear,cnot,local,12,8,8,88,88,11,20,2,3,10,RY,1,139,layer_003_wire_010_RY,-0.002456626923890504,0.002456626923890504,False
random_bp,expectation_value,same_entangling_gate_count,pm_12q_bp_sweep,hea,RX_RY_RZ_CNOT,none,linear,cnot,local,12,8,8,88,88,11,20,2,3,10,RZ,2,140,layer_003_wire_010_RZ,0.0025838692112414314,0.0025838692112414314,False
random_bp,expectation_value,same_entangling_gate_count,pm_12q_bp_sweep,hea,RX_RY_RZ_CNOT,none,linear,cnot,local,12,8,8,88,88,11,20,2,3,11,RX,0,141,layer_003_wire_011_RX,0.0006826599204554594,0.0006826599204554594,False
random_bp,expectation_value,same_entangling_gate_count,pm_12q_bp_sweep,hea,RX_RY_RZ_CNOT,none,linear,cnot,local,12,8,8,88,88,11,20,2,3,11,RY,1,142,layer_003_wire_011_RY,-0.002339020879024915,0.002339020879024915,False
random_bp,expectation_value,same_entangling_gate_count,pm_12q_bp_sweep,hea,RX_RY_RZ_CNOT,none,linear,cnot,local,12,8,8,88,88,11,20,2,3,11,RZ,2,143,layer_003_wire_011_RZ,-0.00020822208813495088,0.00020822208813495088,False
random_bp,expectation_value,same_entangling_gate_count,pm_12q_bp_sweep,hea,RX_RY_RZ_CNOT,none,linear,cnot,local,12,8,8,88,88,11,20,2,4,0,RX,0,144,layer_004_wire_000_RX,0.0028552172132912277,0.0028552172132912277,False
random_bp,expectation_value,same_entangling_gate_count,pm_12q_bp_sweep,hea,RX_RY_RZ_CNOT,none,linear,cnot,local,12,8,8,88,88,11,20,2,4,0,RY,1,145,layer_004_wire_000_RY,0.003323203004064695,0.003323203004064695,False
random_bp,expectation_value,same_entangling_gate_count,pm_12q_bp_sweep,hea,RX_RY_RZ_CNOT,none,linear,cnot,local,12,8,8,88,88,11,20,2,4,0,RZ,2,146,layer_004_wire_000_RZ,0.003796988513180011,0.003796988513180011,False
random_bp,expectation_value,same_entangling_gate_count,pm_12q_bp_sweep,hea,RX_RY_RZ_CNOT,none,linear,cnot,local,12,8,8,88,88,11,20,2,4,1,RX,0,147,layer_004_wire_001_RX,0.0040219196490436865,0.0040219196490436865,False
random_bp,expectation_value,same_entangling_gate_count,pm_12q_bp_sweep,hea,RX_RY_RZ_CNOT,none,linear,cnot,local,12,8,8,88,88,11,20,2,4,1,RY,1,148,layer_004_wire_001_RY,-0.005472164874014635,0.005472164874014635,False
random_bp,expectation_value,same_entangling_gate_count,pm_12q_bp_sweep,hea,RX_RY_RZ_CNOT,none,linear,cnot,local,12,8,8,88,88,11,20,2,4,1,RZ,2,149,layer_004_wire_001_RZ,0.006877721229930901,0.006877721229930901,False
random_bp,expectation_value,same_entangling_gate_count,pm_12q_bp_sweep,hea,RX_RY_RZ_CNOT,none,linear,cnot,local,12,8,8,88,88,11,20,2,4,2,RX,0,150,layer_004_wire_002_RX,-0.0034394676014664473,0.0034394676014664473,False
random_bp,expectation_value,same_entangling_gate_count,pm_12q_bp_sweep,hea,RX_RY_RZ_CNOT,none,linear,cnot,local,12,8,8,88,88,11,20,2,4,2,RY,1,151,layer_004_wire_002_RY,-0.0070178854973072455,0.0070178854973072455,False
random_bp,expectation_value,same_entangling_gate_count,pm_12q_bp_sweep,hea,RX_RY_RZ_CNOT,none,linear,cnot,local,12,8,8,88,88,11,20,2,4,2,RZ,2,152,layer_004_wire_002_RZ,-0.003249172102499948,0.003249172102499948,False
random_bp,expectation_value,same_entangling_gate_count,pm_12q_bp_sweep,hea,RX_RY_RZ_CNOT,none,linear,cnot,local,12,8,8,88,88,11,20,2,4,3,RX,0,153,layer_004_wire_003_RX,0.006145018448685124,0.006145018448685124,False
random_bp,expectation_value,same_entangling_gate_count,pm_12q_bp_sweep,hea,RX_RY_RZ_CNOT,none,linear,cnot,local,12,8,8,88,88,11,20,2,4,3,RY,1,154,layer_004_wire_003_RY,-0.009685943832254813,0.009685943832254813,False
random_bp,expectation_value,same_entangling_gate_count,pm_12q_bp_sweep,hea,RX_RY_RZ_CNOT,none,linear,cnot,local,12,8,8,88,88,11,20,2,4,3,RZ,2,155,layer_004_wire_003_RZ,-0.0023592510204387468,0.0023592510204387468,False
random_bp,expectation_value,same_entangling_gate_count,pm_12q_bp_sweep,hea,RX_RY_RZ_CNOT,none,linear,cnot,local,12,8,8,88,88,11,20,2,4,4,RX,0,156,layer_004_wire_004_RX,-0.009655746232320643,0.009655746232320643,False
random_bp,expectation_value,same_entangling_gate_count,pm_12q_bp_sweep,hea,RX_RY_RZ_CNOT,none,linear,cnot,local,12,8,8,88,88,11,20,2,4,4,RY,1,157,layer_004_wire_004_RY,-0.006253216780346866,0.006253216780346866,False
random_bp,expectation_value,same_entangling_gate_count,pm_12q_bp_sweep,hea,RX_RY_RZ_CNOT,none,linear,cnot,local,12,8,8,88,88,11,20,2,4,4,RZ,2,158,layer_004_wire_004_RZ,0.006652974145033569,0.006652974145033569,False
random_bp,expectation_value,same_entangling_gate_count,pm_12q_bp_sweep,hea,RX_RY_RZ_CNOT,none,linear,cnot,local,12,8,8,88,88,11,20,2,4,5,RX,0,159,layer_004_wire_005_RX,-0.00859591276379716,0.00859591276379716,False
random_bp,expectation_value,same_entangling_gate_count,pm_12q_bp_sweep,hea,RX_RY_RZ_CNOT,none,linear,cnot,local,12,8,8,88,88,11,20,2,4,5,RY,1,160,layer_004_wire_005_RY,0.003823896865323392,0.003823896865323392,False
random_bp,expectation_value,same_entangling_gate_count,pm_12q_bp_sweep,hea,RX_RY_RZ_CNOT,none,linear,cnot,local,12,8,8,88,88,11,20,2,4,5,RZ,2,161,layer_004_wire_005_RZ,0.007621694547184131,0.007621694547184131,False
random_bp,expectation_value,same_entangling_gate_count,pm_12q_bp_sweep,hea,RX_RY_RZ_CNOT,none,linear,cnot,local,12,8,8,88,88,11,20,2,4,6,RX,0,162,layer_004_wire_006_RX,0.0010682351864944682,0.0010682351864944682,False
random_bp,expectation_value,same_entangling_gate_count,pm_12q_bp_sweep,hea,RX_RY_RZ_CNOT,none,linear,cnot,local,12,8,8,88,88,11,20,2,4,6,RY,1,163,layer_004_wire_006_RY,0.002850218155035094,0.002850218155035094,False
random_bp,expectation_value,same_entangling_gate_count,pm_12q_bp_sweep,hea,RX_RY_RZ_CNOT,none,linear,cnot,local,12,8,8,88,88,11,20,2,4,6,RZ,2,164,layer_004_wire_006_RZ,-0.0018964621845562336,0.0018964621845562336,False
random_bp,expectation_value,same_entangling_gate_count,pm_12q_bp_sweep,hea,RX_RY_RZ_CNOT,none,linear,cnot,local,12,8,8,88,88,11,20,2,4,7,RX,0,165,layer_004_wire_007_RX,0.00061075975942505,0.00061075975942505,False
random_bp,expectation_value,same_entangling_gate_count,pm_12q_bp_sweep,hea,RX_RY_RZ_CNOT,none,linear,cnot,local,12,8,8,88,88,11,20,2,4,7,RY,1,166,layer_004_wire_007_RY,0.003962907692425366,0.003962907692425366,False
random_bp,expectation_value,same_entangling_gate_count,pm_12q_bp_sweep,hea,RX_RY_RZ_CNOT,none,linear,cnot,local,12,8,8,88,88,11,20,2,4,7,RZ,2,167,layer_004_wire_007_RZ,-0.0004676683670537671,0.0004676683670537671,False
random_bp,expectation_value,same_entangling_gate_count,pm_12q_bp_sweep,hea,RX_RY_RZ_CNOT,none,linear,cnot,local,12,8,8,88,88,11,20,2,4,8,RX,0,168,layer_004_wire_008_RX,-0.0012668544697655645,0.0012668544697655645,False
random_bp,expectation_value,same_entangling_gate_count,pm_12q_bp_sweep,hea,RX_RY_RZ_CNOT,none,linear,cnot,local,12,8,8,88,88,11,20,2,4,8,RY,1,169,layer_004_wire_008_RY,0.002738773947350652,0.002738773947350652,False
random_bp,expectation_value,same_entangling_gate_count,pm_12q_bp_sweep,hea,RX_RY_RZ_CNOT,none,linear,cnot,local,12,8,8,88,88,11,20,2,4,8,RZ,2,170,layer_004_wire_008_RZ,-0.0011295650348828175,0.0011295650348828175,False
random_bp,expectation_value,same_entangling_gate_count,pm_12q_bp_sweep,hea,RX_RY_RZ_CNOT,none,linear,cnot,local,12,8,8,88,88,11,20,2,4,9,RX,0,171,layer_004_wire_009_RX,0.0005763525009720672,0.0005763525009720672,False
random_bp,expectation_value,same_entangling_gate_count,pm_12q_bp_sweep,hea,RX_RY_RZ_CNOT,none,linear,cnot,local,12,8,8,88,88,11,20,2,4,9,RY,1,172,layer_004_wire_009_RY,0.0014659594751104182,0.0014659594751104182,False
random_bp,expectation_value,same_entangling_gate_count,pm_12q_bp_sweep,hea,RX_RY_RZ_CNOT,none,linear,cnot,local,12,8,8,88,88,11,20,2,4,9,RZ,2,173,layer_004_wire_009_RZ,0.00043417090003878027,0.00043417090003878027,False
random_bp,expectation_value,same_entangling_gate_count,pm_12q_bp_sweep,hea,RX_RY_RZ_CNOT,none,linear,cnot,local,12,8,8,88,88,11,20,2,4,10,RX,0,174,layer_004_wire_010_RX,-6.117299106456111e-05,6.117299106456111e-05,False
random_bp,expectation_value,same_entangling_gate_count,pm_12q_bp_sweep,hea,RX_RY_RZ_CNOT,none,linear,cnot,local,12,8,8,88,88,11,20,2,4,10,RY,1,175,layer_004_wire_010_RY,-0.00035490879863161583,0.00035490879863161583,False
random_bp,expectation_value,same_entangling_gate_count,pm_12q_bp_sweep,hea,RX_RY_RZ_CNOT,none,linear,cnot,local,12,8,8,88,88,11,20,2,4,10,RZ,2,176,layer_004_wire_010_RZ,-0.0009773334477792988,0.0009773334477792988,False
random_bp,expectation_value,same_entangling_gate_count,pm_12q_bp_sweep,hea,RX_RY_RZ_CNOT,none,linear,cnot,local,12,8,8,88,88,11,20,2,4,11,RX,0,177,layer_004_wire_011_RX,0.0017313960896751081,0.0017313960896751081,False
random_bp,expectation_value,same_entangling_gate_count,pm_12q_bp_sweep,hea,RX_RY_RZ_CNOT,none,linear,cnot,local,12,8,8,88,88,11,20,2,4,11,RY,1,178,layer_004_wire_011_RY,0.0014052874626691312,0.0014052874626691312,False
random_bp,expectation_value,same_entangling_gate_count,pm_12q_bp_sweep,hea,RX_RY_RZ_CNOT,none,linear,cnot,local,12,8,8,88,88,11,20,2,4,11,RZ,2,179,layer_004_wire_011_RZ,-0.0003860068862609539,0.0003860068862609539,False
random_bp,expectation_value,same_entangling_gate_count,pm_12q_bp_sweep,hea,RX_RY_RZ_CNOT,none,linear,cnot,local,12,8,8,88,88,11,20,2,5,0,RX,0,180,layer_005_wire_000_RX,0.0004010924333914933,0.0004010924333914933,False
random_bp,expectation_value,same_entangling_gate_count,pm_12q_bp_sweep,hea,RX_RY_RZ_CNOT,none,linear,cnot,local,12,8,8,88,88,11,20,2,5,0,RY,1,181,layer_005_wire_000_RY,-0.004447342877251284,0.004447342877251284,False
random_bp,expectation_value,same_entangling_gate_count,pm_12q_bp_sweep,hea,RX_RY_RZ_CNOT,none,linear,cnot,local,12,8,8,88,88,11,20,2,5,0,RZ,2,182,layer_005_wire_000_RZ,0.005433173743562865,0.005433173743562865,False
random_bp,expectation_value,same_entangling_gate_count,pm_12q_bp_sweep,hea,RX_RY_RZ_CNOT,none,linear,cnot,local,12,8,8,88,88,11,20,2,5,1,RX,0,183,layer_005_wire_001_RX,-0.0074369108941060675,0.0074369108941060675,False
random_bp,expectation_value,same_entangling_gate_count,pm_12q_bp_sweep,hea,RX_RY_RZ_CNOT,none,linear,cnot,local,12,8,8,88,88,11,20,2,5,1,RY,1,184,layer_005_wire_001_RY,-0.0008685246027989369,0.0008685246027989369,False
random_bp,expectation_value,same_entangling_gate_count,pm_12q_bp_sweep,hea,RX_RY_RZ_CNOT,none,linear,cnot,local,12,8,8,88,88,11,20,2,5,1,RZ,2,185,layer_005_wire_001_RZ,-0.009075165932803591,0.009075165932803591,False
random_bp,expectation_value,same_entangling_gate_count,pm_12q_bp_sweep,hea,RX_RY_RZ_CNOT,none,linear,cnot,local,12,8,8,88,88,11,20,2,5,2,RX,0,186,layer_005_wire_002_RX,-0.003692116828967069,0.003692116828967069,False
random_bp,expectation_value,same_entangling_gate_count,pm_12q_bp_sweep,hea,RX_RY_RZ_CNOT,none,linear,cnot,local,12,8,8,88,88,11,20,2,5,2,RY,1,187,layer_005_wire_002_RY,0.005561848320738429,0.005561848320738429,False
random_bp,expectation_value,same_entangling_gate_count,pm_12q_bp_sweep,hea,RX_RY_RZ_CNOT,none,linear,cnot,local,12,8,8,88,88,11,20,2,5,2,RZ,2,188,layer_005_wire_002_RZ,0.007736345070561227,0.007736345070561227,False
random_bp,expectation_value,same_entangling_gate_count,pm_12q_bp_sweep,hea,RX_RY_RZ_CNOT,none,linear,cnot,local,12,8,8,88,88,11,20,2,5,3,RX,0,189,layer_005_wire_003_RX,0.009713440481233343,0.009713440481233343,False
random_bp,expectation_value,same_entangling_gate_count,pm_12q_bp_sweep,hea,RX_RY_RZ_CNOT,none,linear,cnot,local,12,8,8,88,88,11,20,2,5,3,RY,1,190,layer_005_wire_003_RY,0.005659717561383481,0.005659717561383481,False
random_bp,expectation_value,same_entangling_gate_count,pm_12q_bp_sweep,hea,RX_RY_RZ_CNOT,none,linear,cnot,local,12,8,8,88,88,11,20,2,5,3,RZ,2,191,layer_005_wire_003_RZ,-0.0009830444314022969,0.0009830444314022969,False
random_bp,expectation_value,same_entangling_gate_count,pm_12q_bp_sweep,hea,RX_RY_RZ_CNOT,none,linear,cnot,local,12,8,8,88,88,11,20,2,5,4,RX,0,192,layer_005_wire_004_RX,0.0044469918186875205,0.0044469918186875205,False
random_bp,expectation_value,same_entangling_gate_count,pm_12q_bp_sweep,hea,RX_RY_RZ_CNOT,none,linear,cnot,local,12,8,8,88,88,11,20,2,5,4,RY,1,193,layer_005_wire_004_RY,-0.008913293391166102,0.008913293391166102,False
random_bp,expectation_value,same_entangling_gate_count,pm_12q_bp_sweep,hea,RX_RY_RZ_CNOT,none,linear,cnot,local,12,8,8,88,88,11,20,2,5,4,RZ,2,194,layer_005_wire_004_RZ,0.004550714032963973,0.004550714032963973,False
random_bp,expectation_value,same_entangling_gate_count,pm_12q_bp_sweep,hea,RX_RY_RZ_CNOT,none,linear,cnot,local,12,8,8,88,88,11,20,2,5,5,RX,0,195,layer_005_wire_005_RX,-2.2262506676304535e-05,2.2262506676304535e-05,False
random_bp,expectation_value,same_entangling_gate_count,pm_12q_bp_sweep,hea,RX_RY_RZ_CNOT,none,linear,cnot,local,12,8,8,88,88,11,20,2,5,5,RY,1,196,layer_005_wire_005_RY,0.0008236996027002482,0.0008236996027002482,False
random_bp,expectation_value,same_entangling_gate_count,pm_12q_bp_sweep,hea,RX_RY_RZ_CNOT,none,linear,cnot,local,12,8,8,88,88,11,20,2,5,5,RZ,2,197,layer_005_wire_005_RZ,0.0008732416531249214,0.0008732416531249214,False
random_bp,expectation_value,same_entangling_gate_count,pm_12q_bp_sweep,hea,RX_RY_RZ_CNOT,none,linear,cnot,local,12,8,8,88,88,11,20,2,5,6,RX,0,198,layer_005_wire_006_RX,0.0027096978183299442,0.0027096978183299442,False
random_bp,expectation_value,same_entangling_gate_count,pm_12q_bp_sweep,hea,RX_RY_RZ_CNOT,none,linear,cnot,local,12,8,8,88,88,11,20,2,5,6,RY,1,199,layer_005_wire_006_RY,-0.0003310193750545495,0.0003310193750545495,False
random_bp,expectation_value,same_entangling_gate_count,pm_12q_bp_sweep,hea,RX_RY_RZ_CNOT,none,linear,cnot,local,12,8,8,88,88,11,20,2,5,6,RZ,2,200,layer_005_wire_006_RZ,-0.003768674807200878,0.003768674807200878,False
random_bp,expectation_value,same_entangling_gate_count,pm_12q_bp_sweep,hea,RX_RY_RZ_CNOT,none,linear,cnot,local,12,8,8,88,88,11,20,2,5,7,RX,0,201,layer_005_wire_007_RX,0.004361015955980541,0.004361015955980541,False
random_bp,expectation_value,same_entangling_gate_count,pm_12q_bp_sweep,hea,RX_RY_RZ_CNOT,none,linear,cnot,local,12,8,8,88,88,11,20,2,5,7,RY,1,202,layer_005_wire_007_RY,0.0015673730559079607,0.0015673730559079607,False
random_bp,expectation_value,same_entangling_gate_count,pm_12q_bp_sweep,hea,RX_RY_RZ_CNOT,none,linear,cnot,local,12,8,8,88,88,11,20,2,5,7,RZ,2,203,layer_005_wire_007_RZ,0.004137506929209286,0.004137506929209286,False
random_bp,expectation_value,same_entangling_gate_count,pm_12q_bp_sweep,hea,RX_RY_RZ_CNOT,none,linear,cnot,local,12,8,8,88,88,11,20,2,5,8,RX,0,204,layer_005_wire_008_RX,0.003844547978099565,0.003844547978099565,False
random_bp,expectation_value,same_entangling_gate_count,pm_12q_bp_sweep,hea,RX_RY_RZ_CNOT,none,linear,cnot,local,12,8,8,88,88,11,20,2,5,8,RY,1,205,layer_005_wire_008_RY,0.0020141933792188474,0.0020141933792188474,False
random_bp,expectation_value,same_entangling_gate_count,pm_12q_bp_sweep,hea,RX_RY_RZ_CNOT,none,linear,cnot,local,12,8,8,88,88,11,20,2,5,8,RZ,2,206,layer_005_wire_008_RZ,0.0034746147585509217,0.0034746147585509217,False
random_bp,expectation_value,same_entangling_gate_count,pm_12q_bp_sweep,hea,RX_RY_RZ_CNOT,none,linear,cnot,local,12,8,8,88,88,11,20,2,5,9,RX,0,207,layer_005_wire_009_RX,-0.0049171994712811674,0.0049171994712811674,False
random_bp,expectation_value,same_entangling_gate_count,pm_12q_bp_sweep,hea,RX_RY_RZ_CNOT,none,linear,cnot,local,12,8,8,88,88,11,20,2,5,9,RY,1,208,layer_005_wire_009_RY,0.0012251604604808634,0.0012251604604808634,False
random_bp,expectation_value,same_entangling_gate_count,pm_12q_bp_sweep,hea,RX_RY_RZ_CNOT,none,linear,cnot,local,12,8,8,88,88,11,20,2,5,9,RZ,2,209,layer_005_wire_009_RZ,0.0016766723639456379,0.0016766723639456379,False
random_bp,expectation_value,same_entangling_gate_count,pm_12q_bp_sweep,hea,RX_RY_RZ_CNOT,none,linear,cnot,local,12,8,8,88,88,11,20,2,5,10,RX,0,210,layer_005_wire_010_RX,-0.0011232378437680633,0.0011232378437680633,False
random_bp,expectation_value,same_entangling_gate_count,pm_12q_bp_sweep,hea,RX_RY_RZ_CNOT,none,linear,cnot,local,12,8,8,88,88,11,20,2,5,10,RY,1,211,layer_005_wire_010_RY,0.0014739525890767836,0.0014739525890767836,False
random_bp,expectation_value,same_entangling_gate_count,pm_12q_bp_sweep,hea,RX_RY_RZ_CNOT,none,linear,cnot,local,12,8,8,88,88,11,20,2,5,10,RZ,2,212,layer_005_wire_010_RZ,-0.0005052928419892919,0.0005052928419892919,False
random_bp,expectation_value,same_entangling_gate_count,pm_12q_bp_sweep,hea,RX_RY_RZ_CNOT,none,linear,cnot,local,12,8,8,88,88,11,20,2,5,11,RX,0,213,layer_005_wire_011_RX,-0.002223704744156266,0.002223704744156266,False
random_bp,expectation_value,same_entangling_gate_count,pm_12q_bp_sweep,hea,RX_RY_RZ_CNOT,none,linear,cnot,local,12,8,8,88,88,11,20,2,5,11,RY,1,214,layer_005_wire_011_RY,0.0005211185802714855,0.0005211185802714855,False
random_bp,expectation_value,same_entangling_gate_count,pm_12q_bp_sweep,hea,RX_RY_RZ_CNOT,none,linear,cnot,local,12,8,8,88,88,11,20,2,5,11,RZ,2,215,layer_005_wire_011_RZ,-0.002522734109121589,0.002522734109121589,False
random_bp,expectation_value,same_entangling_gate_count,pm_12q_bp_sweep,hea,RX_RY_RZ_CNOT,none,linear,cnot,local,12,8,8,88,88,11,20,2,6,0,RX,0,216,layer_006_wire_000_RX,0.004461823628804803,0.004461823628804803,False
random_bp,expectation_value,same_entangling_gate_count,pm_12q_bp_sweep,hea,RX_RY_RZ_CNOT,none,linear,cnot,local,12,8,8,88,88,11,20,2,6,0,RY,1,217,layer_006_wire_000_RY,0.006070862950566162,0.006070862950566162,False
random_bp,expectation_value,same_entangling_gate_count,pm_12q_bp_sweep,hea,RX_RY_RZ_CNOT,none,linear,cnot,local,12,8,8,88,88,11,20,2,6,0,RZ,2,218,layer_006_wire_000_RZ,0.01016729891795275,0.01016729891795275,False
random_bp,expectation_value,same_entangling_gate_count,pm_12q_bp_sweep,hea,RX_RY_RZ_CNOT,none,linear,cnot,local,12,8,8,88,88,11,20,2,6,1,RX,0,219,layer_006_wire_001_RX,0.003730787980075951,0.003730787980075951,False
random_bp,expectation_value,same_entangling_gate_count,pm_12q_bp_sweep,hea,RX_RY_RZ_CNOT,none,linear,cnot,local,12,8,8,88,88,11,20,2,6,1,RY,1,220,layer_006_wire_001_RY,0.011198214071377976,0.011198214071377976,False
random_bp,expectation_value,same_entangling_gate_count,pm_12q_bp_sweep,hea,RX_RY_RZ_CNOT,none,linear,cnot,local,12,8,8,88,88,11,20,2,6,1,RZ,2,221,layer_006_wire_001_RZ,0.011684907801324716,0.011684907801324716,False
random_bp,expectation_value,same_entangling_gate_count,pm_12q_bp_sweep,hea,RX_RY_RZ_CNOT,none,linear,cnot,local,12,8,8,88,88,11,20,2,6,2,RX,0,222,layer_006_wire_002_RX,0.0040995174679893795,0.0040995174679893795,False
random_bp,expectation_value,same_entangling_gate_count,pm_12q_bp_sweep,hea,RX_RY_RZ_CNOT,none,linear,cnot,local,12,8,8,88,88,11,20,2,6,2,RY,1,223,layer_006_wire_002_RY,0.0006631952796467173,0.0006631952796467173,False
random_bp,expectation_value,same_entangling_gate_count,pm_12q_bp_sweep,hea,RX_RY_RZ_CNOT,none,linear,cnot,local,12,8,8,88,88,11,20,2,6,2,RZ,2,224,layer_006_wire_002_RZ,0.0031713387037785243,0.0031713387037785243,False
random_bp,expectation_value,same_entangling_gate_count,pm_12q_bp_sweep,hea,RX_RY_RZ_CNOT,none,linear,cnot,local,12,8,8,88,88,11,20,2,6,3,RX,0,225,layer_006_wire_003_RX,0.004029690686677143,0.004029690686677143,False
random_bp,expectation_value,same_entangling_gate_count,pm_12q_bp_sweep,hea,RX_RY_RZ_CNOT,none,linear,cnot,local,12,8,8,88,88,11,20,2,6,3,RY,1,226,layer_006_wire_003_RY,-0.0029852452241208157,0.0029852452241208157,False
random_bp,expectation_value,same_entangling_gate_count,pm_12q_bp_sweep,hea,RX_RY_RZ_CNOT,none,linear,cnot,local,12,8,8,88,88,11,20,2,6,3,RZ,2,227,layer_006_wire_003_RZ,-0.006510347725566622,0.006510347725566622,False
random_bp,expectation_value,same_entangling_gate_count,pm_12q_bp_sweep,hea,RX_RY_RZ_CNOT,none,linear,cnot,local,12,8,8,88,88,11,20,2,6,4,RX,0,228,layer_006_wire_004_RX,0.002989478323145828,0.002989478323145828,False
random_bp,expectation_value,same_entangling_gate_count,pm_12q_bp_sweep,hea,RX_RY_RZ_CNOT,none,linear,cnot,local,12,8,8,88,88,11,20,2,6,4,RY,1,229,layer_006_wire_004_RY,0.0009094319751115809,0.0009094319751115809,False
random_bp,expectation_value,same_entangling_gate_count,pm_12q_bp_sweep,hea,RX_RY_RZ_CNOT,none,linear,cnot,local,12,8,8,88,88,11,20,2,6,4,RZ,2,230,layer_006_wire_004_RZ,-0.0064521039744764135,0.0064521039744764135,False
random_bp,expectation_value,same_entangling_gate_count,pm_12q_bp_sweep,hea,RX_RY_RZ_CNOT,none,linear,cnot,local,12,8,8,88,88,11,20,2,6,5,RX,0,231,layer_006_wire_005_RX,0.0021368751623626527,0.0021368751623626527,False
random_bp,expectation_value,same_entangling_gate_count,pm_12q_bp_sweep,hea,RX_RY_RZ_CNOT,none,linear,cnot,local,12,8,8,88,88,11,20,2,6,5,RY,1,232,layer_006_wire_005_RY,0.0004706205963340192,0.0004706205963340192,False
random_bp,expectation_value,same_entangling_gate_count,pm_12q_bp_sweep,hea,RX_RY_RZ_CNOT,none,linear,cnot,local,12,8,8,88,88,11,20,2,6,5,RZ,2,233,layer_006_wire_005_RZ,0.00015845000194006064,0.00015845000194006064,False
random_bp,expectation_value,same_entangling_gate_count,pm_12q_bp_sweep,hea,RX_RY_RZ_CNOT,none,linear,cnot,local,12,8,8,88,88,11,20,2,6,6,RX,0,234,layer_006_wire_006_RX,-0.0016513167881600762,0.0016513167881600762,False
random_bp,expectation_value,same_entangling_gate_count,pm_12q_bp_sweep,hea,RX_RY_RZ_CNOT,none,linear,cnot,local,12,8,8,88,88,11,20,2,6,6,RY,1,235,layer_006_wire_006_RY,0.0020220246535602765,0.0020220246535602765,False
random_bp,expectation_value,same_entangling_gate_count,pm_12q_bp_sweep,hea,RX_RY_RZ_CNOT,none,linear,cnot,local,12,8,8,88,88,11,20,2,6,6,RZ,2,236,layer_006_wire_006_RZ,0.002782482417770938,0.002782482417770938,False
random_bp,expectation_value,same_entangling_gate_count,pm_12q_bp_sweep,hea,RX_RY_RZ_CNOT,none,linear,cnot,local,12,8,8,88,88,11,20,2,6,7,RX,0,237,layer_006_wire_007_RX,-0.001111160883618012,0.001111160883618012,False
random_bp,expectation_value,same_entangling_gate_count,pm_12q_bp_sweep,hea,RX_RY_RZ_CNOT,none,linear,cnot,local,12,8,8,88,88,11,20,2,6,7,RY,1,238,layer_006_wire_007_RY,-0.0009534753475721241,0.0009534753475721241,False
random_bp,expectation_value,same_entangling_gate_count,pm_12q_bp_sweep,hea,RX_RY_RZ_CNOT,none,linear,cnot,local,12,8,8,88,88,11,20,2,6,7,RZ,2,239,layer_006_wire_007_RZ,0.0012959754355784828,0.0012959754355784828,False
random_bp,expectation_value,same_entangling_gate_count,pm_12q_bp_sweep,hea,RX_RY_RZ_CNOT,none,linear,cnot,local,12,8,8,88,88,11,20,2,6,8,RX,0,240,layer_006_wire_008_RX,-0.0006537954664378011,0.0006537954664378011,False
random_bp,expectation_value,same_entangling_gate_count,pm_12q_bp_sweep,hea,RX_RY_RZ_CNOT,none,linear,cnot,local,12,8,8,88,88,11,20,2,6,8,RY,1,241,layer_006_wire_008_RY,-0.002881182117129542,0.002881182117129542,False
random_bp,expectation_value,same_entangling_gate_count,pm_12q_bp_sweep,hea,RX_RY_RZ_CNOT,none,linear,cnot,local,12,8,8,88,88,11,20,2,6,8,RZ,2,242,layer_006_wire_008_RZ,0.0015300537257298976,0.0015300537257298976,False
random_bp,expectation_value,same_entangling_gate_count,pm_12q_bp_sweep,hea,RX_RY_RZ_CNOT,none,linear,cnot,local,12,8,8,88,88,11,20,2,6,9,RX,0,243,layer_006_wire_009_RX,-0.0012086547314010734,0.0012086547314010734,False
random_bp,expectation_value,same_entangling_gate_count,pm_12q_bp_sweep,hea,RX_RY_RZ_CNOT,none,linear,cnot,local,12,8,8,88,88,11,20,2,6,9,RY,1,244,layer_006_wire_009_RY,-0.0001527231639895637,0.0001527231639895637,False
random_bp,expectation_value,same_entangling_gate_count,pm_12q_bp_sweep,hea,RX_RY_RZ_CNOT,none,linear,cnot,local,12,8,8,88,88,11,20,2,6,9,RZ,2,245,layer_006_wire_009_RZ,-0.001395684882381544,0.001395684882381544,False
random_bp,expectation_value,same_entangling_gate_count,pm_12q_bp_sweep,hea,RX_RY_RZ_CNOT,none,linear,cnot,local,12,8,8,88,88,11,20,2,6,10,RX,0,246,layer_006_wire_010_RX,0.0005982480327167538,0.0005982480327167538,False
random_bp,expectation_value,same_entangling_gate_count,pm_12q_bp_sweep,hea,RX_RY_RZ_CNOT,none,linear,cnot,local,12,8,8,88,88,11,20,2,6,10,RY,1,247,layer_006_wire_010_RY,0.00044656646908409776,0.00044656646908409776,False
random_bp,expectation_value,same_entangling_gate_count,pm_12q_bp_sweep,hea,RX_RY_RZ_CNOT,none,linear,cnot,local,12,8,8,88,88,11,20,2,6,10,RZ,2,248,layer_006_wire_010_RZ,-0.0005554739441316684,0.0005554739441316684,False
random_bp,expectation_value,same_entangling_gate_count,pm_12q_bp_sweep,hea,RX_RY_RZ_CNOT,none,linear,cnot,local,12,8,8,88,88,11,20,2,6,11,RX,0,249,layer_006_wire_011_RX,-0.0029629312707141284,0.0029629312707141284,False
random_bp,expectation_value,same_entangling_gate_count,pm_12q_bp_sweep,hea,RX_RY_RZ_CNOT,none,linear,cnot,local,12,8,8,88,88,11,20,2,6,11,RY,1,250,layer_006_wire_011_RY,0.0005022922219296922,0.0005022922219296922,False
random_bp,expectation_value,same_entangling_gate_count,pm_12q_bp_sweep,hea,RX_RY_RZ_CNOT,none,linear,cnot,local,12,8,8,88,88,11,20,2,6,11,RZ,2,251,layer_006_wire_011_RZ,-0.0028910160423905274,0.0028910160423905274,False
random_bp,expectation_value,same_entangling_gate_count,pm_12q_bp_sweep,hea,RX_RY_RZ_CNOT,none,linear,cnot,local,12,8,8,88,88,11,20,2,7,0,RX,0,252,layer_007_wire_000_RX,-0.012438734683977593,0.012438734683977593,False
random_bp,expectation_value,same_entangling_gate_count,pm_12q_bp_sweep,hea,RX_RY_RZ_CNOT,none,linear,cnot,local,12,8,8,88,88,11,20,2,7,0,RY,1,253,layer_007_wire_000_RY,-0.013042325457192529,0.013042325457192529,False
random_bp,expectation_value,same_entangling_gate_count,pm_12q_bp_sweep,hea,RX_RY_RZ_CNOT,none,linear,cnot,local,12,8,8,88,88,11,20,2,7,0,RZ,2,254,layer_007_wire_000_RZ,3.0313092888062904e-18,3.0313092888062904e-18,True
random_bp,expectation_value,same_entangling_gate_count,pm_12q_bp_sweep,hea,RX_RY_RZ_CNOT,none,linear,cnot,local,12,8,8,88,88,11,20,2,7,1,RX,0,255,layer_007_wire_001_RX,-0.0020482252256237097,0.0020482252256237097,False
random_bp,expectation_value,same_entangling_gate_count,pm_12q_bp_sweep,hea,RX_RY_RZ_CNOT,none,linear,cnot,local,12,8,8,88,88,11,20,2,7,1,RY,1,256,layer_007_wire_001_RY,-0.015567843675075174,0.015567843675075174,False
random_bp,expectation_value,same_entangling_gate_count,pm_12q_bp_sweep,hea,RX_RY_RZ_CNOT,none,linear,cnot,local,12,8,8,88,88,11,20,2,7,1,RZ,2,257,layer_007_wire_001_RZ,2.578810097642443e-17,2.578810097642443e-17,True
random_bp,expectation_value,same_entangling_gate_count,pm_12q_bp_sweep,hea,RX_RY_RZ_CNOT,none,linear,cnot,local,12,8,8,88,88,11,20,2,7,2,RX,0,258,layer_007_wire_002_RX,0.0008577144651992878,0.0008577144651992878,False
random_bp,expectation_value,same_entangling_gate_count,pm_12q_bp_sweep,hea,RX_RY_RZ_CNOT,none,linear,cnot,local,12,8,8,88,88,11,20,2,7,2,RY,1,259,layer_007_wire_002_RY,0.0039120068437316306,0.0039120068437316306,False
random_bp,expectation_value,same_entangling_gate_count,pm_12q_bp_sweep,hea,RX_RY_RZ_CNOT,none,linear,cnot,local,12,8,8,88,88,11,20,2,7,2,RZ,2,260,layer_007_wire_002_RZ,-1.0552165486584289e-17,1.0552165486584289e-17,True
random_bp,expectation_value,same_entangling_gate_count,pm_12q_bp_sweep,hea,RX_RY_RZ_CNOT,none,linear,cnot,local,12,8,8,88,88,11,20,2,7,3,RX,0,261,layer_007_wire_003_RX,0.0002862269746360573,0.0002862269746360573,False
random_bp,expectation_value,same_entangling_gate_count,pm_12q_bp_sweep,hea,RX_RY_RZ_CNOT,none,linear,cnot,local,12,8,8,88,88,11,20,2,7,3,RY,1,262,layer_007_wire_003_RY,-0.004157240035850409,0.004157240035850409,False
random_bp,expectation_value,same_entangling_gate_count,pm_12q_bp_sweep,hea,RX_RY_RZ_CNOT,none,linear,cnot,local,12,8,8,88,88,11,20,2,7,3,RZ,2,263,layer_007_wire_003_RZ,5.317345811641692e-18,5.317345811641692e-18,True
random_bp,expectation_value,same_entangling_gate_count,pm_12q_bp_sweep,hea,RX_RY_RZ_CNOT,none,linear,cnot,local,12,8,8,88,88,11,20,2,7,4,RX,0,264,layer_007_wire_004_RX,-0.0017730456719299015,0.0017730456719299015,False
random_bp,expectation_value,same_entangling_gate_count,pm_12q_bp_sweep,hea,RX_RY_RZ_CNOT,none,linear,cnot,local,12,8,8,88,88,11,20,2,7,4,RY,1,265,layer_007_wire_004_RY,0.0010565902170627868,0.0010565902170627868,False
random_bp,expectation_value,same_entangling_gate_count,pm_12q_bp_sweep,hea,RX_RY_RZ_CNOT,none,linear,cnot,local,12,8,8,88,88,11,20,2,7,4,RZ,2,266,layer_007_wire_004_RZ,2.528575724413303e-18,2.528575724413303e-18,True
random_bp,expectation_value,same_entangling_gate_count,pm_12q_bp_sweep,hea,RX_RY_RZ_CNOT,none,linear,cnot,local,12,8,8,88,88,11,20,2,7,5,RX,0,267,layer_007_wire_005_RX,-0.0005817942186625343,0.0005817942186625343,False
random_bp,expectation_value,same_entangling_gate_count,pm_12q_bp_sweep,hea,RX_RY_RZ_CNOT,none,linear,cnot,local,12,8,8,88,88,11,20,2,7,5,RY,1,268,layer_007_wire_005_RY,0.0009387326132704217,0.0009387326132704217,False
random_bp,expectation_value,same_entangling_gate_count,pm_12q_bp_sweep,hea,RX_RY_RZ_CNOT,none,linear,cnot,local,12,8,8,88,88,11,20,2,7,5,RZ,2,269,layer_007_wire_005_RZ,-3.628400653908638e-18,3.628400653908638e-18,True
random_bp,expectation_value,same_entangling_gate_count,pm_12q_bp_sweep,hea,RX_RY_RZ_CNOT,none,linear,cnot,local,12,8,8,88,88,11,20,2,7,6,RX,0,270,layer_007_wire_006_RX,-0.0013780210680940303,0.0013780210680940303,False
random_bp,expectation_value,same_entangling_gate_count,pm_12q_bp_sweep,hea,RX_RY_RZ_CNOT,none,linear,cnot,local,12,8,8,88,88,11,20,2,7,6,RY,1,271,layer_007_wire_006_RY,-0.0008635439035015943,0.0008635439035015943,False
random_bp,expectation_value,same_entangling_gate_count,pm_12q_bp_sweep,hea,RX_RY_RZ_CNOT,none,linear,cnot,local,12,8,8,88,88,11,20,2,7,6,RZ,2,272,layer_007_wire_006_RZ,4.27616309260677e-18,4.27616309260677e-18,True
random_bp,expectation_value,same_entangling_gate_count,pm_12q_bp_sweep,hea,RX_RY_RZ_CNOT,none,linear,cnot,local,12,8,8,88,88,11,20,2,7,7,RX,0,273,layer_007_wire_007_RX,-0.0020447608268746344,0.0020447608268746344,False
random_bp,expectation_value,same_entangling_gate_count,pm_12q_bp_sweep,hea,RX_RY_RZ_CNOT,none,linear,cnot,local,12,8,8,88,88,11,20,2,7,7,RY,1,274,layer_007_wire_007_RY,-0.0011524922774603505,0.0011524922774603505,False
random_bp,expectation_value,same_entangling_gate_count,pm_12q_bp_sweep,hea,RX_RY_RZ_CNOT,none,linear,cnot,local,12,8,8,88,88,11,20,2,7,7,RZ,2,275,layer_007_wire_007_RZ,-2.146171242236361e-18,2.146171242236361e-18,True
random_bp,expectation_value,same_entangling_gate_count,pm_12q_bp_sweep,hea,RX_RY_RZ_CNOT,none,linear,cnot,local,12,8,8,88,88,11,20,2,7,8,RX,0,276,layer_007_wire_008_RX,-0.0006817495283321178,0.0006817495283321178,False
random_bp,expectation_value,same_entangling_gate_count,pm_12q_bp_sweep,hea,RX_RY_RZ_CNOT,none,linear,cnot,local,12,8,8,88,88,11,20,2,7,8,RY,1,277,layer_007_wire_008_RY,-0.0010141723297917371,0.0010141723297917371,False
random_bp,expectation_value,same_entangling_gate_count,pm_12q_bp_sweep,hea,RX_RY_RZ_CNOT,none,linear,cnot,local,12,8,8,88,88,11,20,2,7,8,RZ,2,278,layer_007_wire_008_RZ,-9.755474584912206e-20,9.755474584912206e-20,True
random_bp,expectation_value,same_entangling_gate_count,pm_12q_bp_sweep,hea,RX_RY_RZ_CNOT,none,linear,cnot,local,12,8,8,88,88,11,20,2,7,9,RX,0,279,layer_007_wire_009_RX,0.0001979777732335269,0.0001979777732335269,False
random_bp,expectation_value,same_entangling_gate_count,pm_12q_bp_sweep,hea,RX_RY_RZ_CNOT,none,linear,cnot,local,12,8,8,88,88,11,20,2,7,9,RY,1,280,layer_007_wire_009_RY,-0.0016017393849689036,0.0016017393849689036,False
random_bp,expectation_value,same_entangling_gate_count,pm_12q_bp_sweep,hea,RX_RY_RZ_CNOT,none,linear,cnot,local,12,8,8,88,88,11,20,2,7,9,RZ,2,281,layer_007_wire_009_RZ,1.645324302459362e-18,1.645324302459362e-18,True
random_bp,expectation_value,same_entangling_gate_count,pm_12q_bp_sweep,hea,RX_RY_RZ_CNOT,none,linear,cnot,local,12,8,8,88,88,11,20,2,7,10,RX,0,282,layer_007_wire_010_RX,0.002555123204574455,0.002555123204574455,False
random_bp,expectation_value,same_entangling_gate_count,pm_12q_bp_sweep,hea,RX_RY_RZ_CNOT,none,linear,cnot,local,12,8,8,88,88,11,20,2,7,10,RY,1,283,layer_007_wire_010_RY,-0.0018669696942334195,0.0018669696942334195,False
random_bp,expectation_value,same_entangling_gate_count,pm_12q_bp_sweep,hea,RX_RY_RZ_CNOT,none,linear,cnot,local,12,8,8,88,88,11,20,2,7,10,RZ,2,284,layer_007_wire_010_RZ,6.027008829929e-18,6.027008829929e-18,True
random_bp,expectation_value,same_entangling_gate_count,pm_12q_bp_sweep,hea,RX_RY_RZ_CNOT,none,linear,cnot,local,12,8,8,88,88,11,20,2,7,11,RX,0,285,layer_007_wire_011_RX,0.0007576198934287843,0.0007576198934287843,False
random_bp,expectation_value,same_entangling_gate_count,pm_12q_bp_sweep,hea,RX_RY_RZ_CNOT,none,linear,cnot,local,12,8,8,88,88,11,20,2,7,11,RY,1,286,layer_007_wire_011_RY,0.0008881730238313496,0.0008881730238313496,False
random_bp,expectation_value,same_entangling_gate_count,pm_12q_bp_sweep,hea,RX_RY_RZ_CNOT,none,linear,cnot,local,12,8,8,88,88,11,20,2,7,11,RZ,2,287,layer_007_wire_011_RZ,-9.367622554171339e-18,9.367622554171339e-18,True
random_bp,expectation_value,same_entangling_gate_count,pm_12q_bp_sweep,hea,RX_RY_RZ_CNOT,none,linear,cnot,global,12,8,8,88,88,11,21,0,0,0,RX,0,0,layer_000_wire_000_RX,-0.010907884065715731,0.010907884065715731,False
random_bp,expectation_value,same_entangling_gate_count,pm_12q_bp_sweep,hea,RX_RY_RZ_CNOT,none,linear,cnot,global,12,8,8,88,88,11,21,0,0,0,RY,1,1,layer_000_wire_000_RY,-0.004916174968545255,0.004916174968545255,False
random_bp,expectation_value,same_entangling_gate_count,pm_12q_bp_sweep,hea,RX_RY_RZ_CNOT,none,linear,cnot,global,12,8,8,88,88,11,21,0,0,0,RZ,2,2,layer_000_wire_000_RZ,-0.01153260228372096,0.01153260228372096,False
random_bp,expectation_value,same_entangling_gate_count,pm_12q_bp_sweep,hea,RX_RY_RZ_CNOT,none,linear,cnot,global,12,8,8,88,88,11,21,0,0,1,RX,0,3,layer_000_wire_001_RX,-0.006283531844219639,0.006283531844219639,False
random_bp,expectation_value,same_entangling_gate_count,pm_12q_bp_sweep,hea,RX_RY_RZ_CNOT,none,linear,cnot,global,12,8,8,88,88,11,21,0,0,1,RY,1,4,layer_000_wire_001_RY,-0.01146856038299528,0.01146856038299528,False
random_bp,expectation_value,same_entangling_gate_count,pm_12q_bp_sweep,hea,RX_RY_RZ_CNOT,none,linear,cnot,global,12,8,8,88,88,11,21,0,0,1,RZ,2,5,layer_000_wire_001_RZ,0.006256268689488636,0.006256268689488636,False
random_bp,expectation_value,same_entangling_gate_count,pm_12q_bp_sweep,hea,RX_RY_RZ_CNOT,none,linear,cnot,global,12,8,8,88,88,11,21,0,0,2,RX,0,6,layer_000_wire_002_RX,0.0025478675301034035,0.0025478675301034035,False
random_bp,expectation_value,same_entangling_gate_count,pm_12q_bp_sweep,hea,RX_RY_RZ_CNOT,none,linear,cnot,global,12,8,8,88,88,11,21,0,0,2,RY,1,7,layer_000_wire_002_RY,0.00811163934037575,0.00811163934037575,False
random_bp,expectation_value,same_entangling_gate_count,pm_12q_bp_sweep,hea,RX_RY_RZ_CNOT,none,linear,cnot,global,12,8,8,88,88,11,21,0,0,2,RZ,2,8,layer_000_wire_002_RZ,-0.0017011177220277746,0.0017011177220277746,False
random_bp,expectation_value,same_entangling_gate_count,pm_12q_bp_sweep,hea,RX_RY_RZ_CNOT,none,linear,cnot,global,12,8,8,88,88,11,21,0,0,3,RX,0,9,layer_000_wire_003_RX,-0.006657999763934435,0.006657999763934435,False
random_bp,expectation_value,same_entangling_gate_count,pm_12q_bp_sweep,hea,RX_RY_RZ_CNOT,none,linear,cnot,global,12,8,8,88,88,11,21,0,0,3,RY,1,10,layer_000_wire_003_RY,0.004399472246409242,0.004399472246409242,False
random_bp,expectation_value,same_entangling_gate_count,pm_12q_bp_sweep,hea,RX_RY_RZ_CNOT,none,linear,cnot,global,12,8,8,88,88,11,21,0,0,3,RZ,2,11,layer_000_wire_003_RZ,0.006860644152943665,0.006860644152943665,False
random_bp,expectation_value,same_entangling_gate_count,pm_12q_bp_sweep,hea,RX_RY_RZ_CNOT,none,linear,cnot,global,12,8,8,88,88,11,21,0,0,4,RX,0,12,layer_000_wire_004_RX,-0.009923051008241954,0.009923051008241954,False
random_bp,expectation_value,same_entangling_gate_count,pm_12q_bp_sweep,hea,RX_RY_RZ_CNOT,none,linear,cnot,global,12,8,8,88,88,11,21,0,0,4,RY,1,13,layer_000_wire_004_RY,-0.0007403696883540433,0.0007403696883540433,False
random_bp,expectation_value,same_entangling_gate_count,pm_12q_bp_sweep,hea,RX_RY_RZ_CNOT,none,linear,cnot,global,12,8,8,88,88,11,21,0,0,4,RZ,2,14,layer_000_wire_004_RZ,-0.0029832458285776985,0.0029832458285776985,False
random_bp,expectation_value,same_entangling_gate_count,pm_12q_bp_sweep,hea,RX_RY_RZ_CNOT,none,linear,cnot,global,12,8,8,88,88,11,21,0,0,5,RX,0,15,layer_000_wire_005_RX,-0.010197481761205081,0.010197481761205081,False
random_bp,expectation_value,same_entangling_gate_count,pm_12q_bp_sweep,hea,RX_RY_RZ_CNOT,none,linear,cnot,global,12,8,8,88,88,11,21,0,0,5,RY,1,16,layer_000_wire_005_RY,-0.006607823208784996,0.006607823208784996,False
random_bp,expectation_value,same_entangling_gate_count,pm_12q_bp_sweep,hea,RX_RY_RZ_CNOT,none,linear,cnot,global,12,8,8,88,88,11,21,0,0,5,RZ,2,17,layer_000_wire_005_RZ,0.016277217190150944,0.016277217190150944,False
random_bp,expectation_value,same_entangling_gate_count,pm_12q_bp_sweep,hea,RX_RY_RZ_CNOT,none,linear,cnot,global,12,8,8,88,88,11,21,0,0,6,RX,0,18,layer_000_wire_006_RX,0.011886675582682893,0.011886675582682893,False
random_bp,expectation_value,same_entangling_gate_count,pm_12q_bp_sweep,hea,RX_RY_RZ_CNOT,none,linear,cnot,global,12,8,8,88,88,11,21,0,0,6,RY,1,19,layer_000_wire_006_RY,-0.0022200620558568153,0.0022200620558568153,False
random_bp,expectation_value,same_entangling_gate_count,pm_12q_bp_sweep,hea,RX_RY_RZ_CNOT,none,linear,cnot,global,12,8,8,88,88,11,21,0,0,6,RZ,2,20,layer_000_wire_006_RZ,0.011629411053890457,0.011629411053890457,False
random_bp,expectation_value,same_entangling_gate_count,pm_12q_bp_sweep,hea,RX_RY_RZ_CNOT,none,linear,cnot,global,12,8,8,88,88,11,21,0,0,7,RX,0,21,layer_000_wire_007_RX,-0.0017814918165907911,0.0017814918165907911,False
random_bp,expectation_value,same_entangling_gate_count,pm_12q_bp_sweep,hea,RX_RY_RZ_CNOT,none,linear,cnot,global,12,8,8,88,88,11,21,0,0,7,RY,1,22,layer_000_wire_007_RY,0.0033793466726485116,0.0033793466726485116,False
random_bp,expectation_value,same_entangling_gate_count,pm_12q_bp_sweep,hea,RX_RY_RZ_CNOT,none,linear,cnot,global,12,8,8,88,88,11,21,0,0,7,RZ,2,23,layer_000_wire_007_RZ,0.003166377238602041,0.003166377238602041,False
random_bp,expectation_value,same_entangling_gate_count,pm_12q_bp_sweep,hea,RX_RY_RZ_CNOT,none,linear,cnot,global,12,8,8,88,88,11,21,0,0,8,RX,0,24,layer_000_wire_008_RX,0.004073286683721886,0.004073286683721886,False
random_bp,expectation_value,same_entangling_gate_count,pm_12q_bp_sweep,hea,RX_RY_RZ_CNOT,none,linear,cnot,global,12,8,8,88,88,11,21,0,0,8,RY,1,25,layer_000_wire_008_RY,0.00294591114140416,0.00294591114140416,False
random_bp,expectation_value,same_entangling_gate_count,pm_12q_bp_sweep,hea,RX_RY_RZ_CNOT,none,linear,cnot,global,12,8,8,88,88,11,21,0,0,8,RZ,2,26,layer_000_wire_008_RZ,0.004662288331318005,0.004662288331318005,False
random_bp,expectation_value,same_entangling_gate_count,pm_12q_bp_sweep,hea,RX_RY_RZ_CNOT,none,linear,cnot,global,12,8,8,88,88,11,21,0,0,9,RX,0,27,layer_000_wire_009_RX,-0.010355616003806382,0.010355616003806382,False
random_bp,expectation_value,same_entangling_gate_count,pm_12q_bp_sweep,hea,RX_RY_RZ_CNOT,none,linear,cnot,global,12,8,8,88,88,11,21,0,0,9,RY,1,28,layer_000_wire_009_RY,0.014539626777619127,0.014539626777619127,False
random_bp,expectation_value,same_entangling_gate_count,pm_12q_bp_sweep,hea,RX_RY_RZ_CNOT,none,linear,cnot,global,12,8,8,88,88,11,21,0,0,9,RZ,2,29,layer_000_wire_009_RZ,0.008824663954844433,0.008824663954844433,False
random_bp,expectation_value,same_entangling_gate_count,pm_12q_bp_sweep,hea,RX_RY_RZ_CNOT,none,linear,cnot,global,12,8,8,88,88,11,21,0,0,10,RX,0,30,layer_000_wire_010_RX,0.006084329062851823,0.006084329062851823,False
random_bp,expectation_value,same_entangling_gate_count,pm_12q_bp_sweep,hea,RX_RY_RZ_CNOT,none,linear,cnot,global,12,8,8,88,88,11,21,0,0,10,RY,1,31,layer_000_wire_010_RY,-0.0032968999461546874,0.0032968999461546874,False
random_bp,expectation_value,same_entangling_gate_count,pm_12q_bp_sweep,hea,RX_RY_RZ_CNOT,none,linear,cnot,global,12,8,8,88,88,11,21,0,0,10,RZ,2,32,layer_000_wire_010_RZ,-0.0022924366345646674,0.0022924366345646674,False
random_bp,expectation_value,same_entangling_gate_count,pm_12q_bp_sweep,hea,RX_RY_RZ_CNOT,none,linear,cnot,global,12,8,8,88,88,11,21,0,0,11,RX,0,33,layer_000_wire_011_RX,0.012614554110568563,0.012614554110568563,False
random_bp,expectation_value,same_entangling_gate_count,pm_12q_bp_sweep,hea,RX_RY_RZ_CNOT,none,linear,cnot,global,12,8,8,88,88,11,21,0,0,11,RY,1,34,layer_000_wire_011_RY,-0.005299272858708099,0.005299272858708099,False
random_bp,expectation_value,same_entangling_gate_count,pm_12q_bp_sweep,hea,RX_RY_RZ_CNOT,none,linear,cnot,global,12,8,8,88,88,11,21,0,0,11,RZ,2,35,layer_000_wire_011_RZ,-0.030894481589436112,0.030894481589436112,False
random_bp,expectation_value,same_entangling_gate_count,pm_12q_bp_sweep,hea,RX_RY_RZ_CNOT,none,linear,cnot,global,12,8,8,88,88,11,21,0,1,0,RX,0,36,layer_001_wire_000_RX,-0.01185762528516884,0.01185762528516884,False
random_bp,expectation_value,same_entangling_gate_count,pm_12q_bp_sweep,hea,RX_RY_RZ_CNOT,none,linear,cnot,global,12,8,8,88,88,11,21,0,1,0,RY,1,37,layer_001_wire_000_RY,0.011594742585443872,0.011594742585443872,False
random_bp,expectation_value,same_entangling_gate_count,pm_12q_bp_sweep,hea,RX_RY_RZ_CNOT,none,linear,cnot,global,12,8,8,88,88,11,21,0,1,0,RZ,2,38,layer_001_wire_000_RZ,0.01728032080348688,0.01728032080348688,False
random_bp,expectation_value,same_entangling_gate_count,pm_12q_bp_sweep,hea,RX_RY_RZ_CNOT,none,linear,cnot,global,12,8,8,88,88,11,21,0,1,1,RX,0,39,layer_001_wire_001_RX,0.005822891516293446,0.005822891516293446,False
random_bp,expectation_value,same_entangling_gate_count,pm_12q_bp_sweep,hea,RX_RY_RZ_CNOT,none,linear,cnot,global,12,8,8,88,88,11,21,0,1,1,RY,1,40,layer_001_wire_001_RY,-0.013788139250678434,0.013788139250678434,False
random_bp,expectation_value,same_entangling_gate_count,pm_12q_bp_sweep,hea,RX_RY_RZ_CNOT,none,linear,cnot,global,12,8,8,88,88,11,21,0,1,1,RZ,2,41,layer_001_wire_001_RZ,-0.004504562987307309,0.004504562987307309,False
random_bp,expectation_value,same_entangling_gate_count,pm_12q_bp_sweep,hea,RX_RY_RZ_CNOT,none,linear,cnot,global,12,8,8,88,88,11,21,0,1,2,RX,0,42,layer_001_wire_002_RX,0.004763116238262806,0.004763116238262806,False
random_bp,expectation_value,same_entangling_gate_count,pm_12q_bp_sweep,hea,RX_RY_RZ_CNOT,none,linear,cnot,global,12,8,8,88,88,11,21,0,1,2,RY,1,43,layer_001_wire_002_RY,0.0193389457700307,0.0193389457700307,False
random_bp,expectation_value,same_entangling_gate_count,pm_12q_bp_sweep,hea,RX_RY_RZ_CNOT,none,linear,cnot,global,12,8,8,88,88,11,21,0,1,2,RZ,2,44,layer_001_wire_002_RZ,-0.0003792730849631426,0.0003792730849631426,False
random_bp,expectation_value,same_entangling_gate_count,pm_12q_bp_sweep,hea,RX_RY_RZ_CNOT,none,linear,cnot,global,12,8,8,88,88,11,21,0,1,3,RX,0,45,layer_001_wire_003_RX,-0.0008625495767233763,0.0008625495767233763,False
random_bp,expectation_value,same_entangling_gate_count,pm_12q_bp_sweep,hea,RX_RY_RZ_CNOT,none,linear,cnot,global,12,8,8,88,88,11,21,0,1,3,RY,1,46,layer_001_wire_003_RY,0.014998324657019042,0.014998324657019042,False
random_bp,expectation_value,same_entangling_gate_count,pm_12q_bp_sweep,hea,RX_RY_RZ_CNOT,none,linear,cnot,global,12,8,8,88,88,11,21,0,1,3,RZ,2,47,layer_001_wire_003_RZ,-0.0016126647370995851,0.0016126647370995851,False
random_bp,expectation_value,same_entangling_gate_count,pm_12q_bp_sweep,hea,RX_RY_RZ_CNOT,none,linear,cnot,global,12,8,8,88,88,11,21,0,1,4,RX,0,48,layer_001_wire_004_RX,-0.008171153773539734,0.008171153773539734,False
random_bp,expectation_value,same_entangling_gate_count,pm_12q_bp_sweep,hea,RX_RY_RZ_CNOT,none,linear,cnot,global,12,8,8,88,88,11,21,0,1,4,RY,1,49,layer_001_wire_004_RY,0.0019627137793520964,0.0019627137793520964,False
random_bp,expectation_value,same_entangling_gate_count,pm_12q_bp_sweep,hea,RX_RY_RZ_CNOT,none,linear,cnot,global,12,8,8,88,88,11,21,0,1,4,RZ,2,50,layer_001_wire_004_RZ,0.0027919491124165957,0.0027919491124165957,False
random_bp,expectation_value,same_entangling_gate_count,pm_12q_bp_sweep,hea,RX_RY_RZ_CNOT,none,linear,cnot,global,12,8,8,88,88,11,21,0,1,5,RX,0,51,layer_001_wire_005_RX,-0.005118561200877255,0.005118561200877255,False
random_bp,expectation_value,same_entangling_gate_count,pm_12q_bp_sweep,hea,RX_RY_RZ_CNOT,none,linear,cnot,global,12,8,8,88,88,11,21,0,1,5,RY,1,52,layer_001_wire_005_RY,-0.0006466997090079415,0.0006466997090079415,False
random_bp,expectation_value,same_entangling_gate_count,pm_12q_bp_sweep,hea,RX_RY_RZ_CNOT,none,linear,cnot,global,12,8,8,88,88,11,21,0,1,5,RZ,2,53,layer_001_wire_005_RZ,-0.008002390435340886,0.008002390435340886,False
random_bp,expectation_value,same_entangling_gate_count,pm_12q_bp_sweep,hea,RX_RY_RZ_CNOT,none,linear,cnot,global,12,8,8,88,88,11,21,0,1,6,RX,0,54,layer_001_wire_006_RX,0.004725653555441231,0.004725653555441231,False
random_bp,expectation_value,same_entangling_gate_count,pm_12q_bp_sweep,hea,RX_RY_RZ_CNOT,none,linear,cnot,global,12,8,8,88,88,11,21,0,1,6,RY,1,55,layer_001_wire_006_RY,-0.0065773071367823815,0.0065773071367823815,False
random_bp,expectation_value,same_entangling_gate_count,pm_12q_bp_sweep,hea,RX_RY_RZ_CNOT,none,linear,cnot,global,12,8,8,88,88,11,21,0,1,6,RZ,2,56,layer_001_wire_006_RZ,0.00782019353421462,0.00782019353421462,False
random_bp,expectation_value,same_entangling_gate_count,pm_12q_bp_sweep,hea,RX_RY_RZ_CNOT,none,linear,cnot,global,12,8,8,88,88,11,21,0,1,7,RX,0,57,layer_001_wire_007_RX,-0.001362304086353702,0.001362304086353702,False
random_bp,expectation_value,same_entangling_gate_count,pm_12q_bp_sweep,hea,RX_RY_RZ_CNOT,none,linear,cnot,global,12,8,8,88,88,11,21,0,1,7,RY,1,58,layer_001_wire_007_RY,-0.011199550220781639,0.011199550220781639,False
random_bp,expectation_value,same_entangling_gate_count,pm_12q_bp_sweep,hea,RX_RY_RZ_CNOT,none,linear,cnot,global,12,8,8,88,88,11,21,0,1,7,RZ,2,59,layer_001_wire_007_RZ,-0.0028218455627242204,0.0028218455627242204,False
random_bp,expectation_value,same_entangling_gate_count,pm_12q_bp_sweep,hea,RX_RY_RZ_CNOT,none,linear,cnot,global,12,8,8,88,88,11,21,0,1,8,RX,0,60,layer_001_wire_008_RX,-0.010792332658250752,0.010792332658250752,False
random_bp,expectation_value,same_entangling_gate_count,pm_12q_bp_sweep,hea,RX_RY_RZ_CNOT,none,linear,cnot,global,12,8,8,88,88,11,21,0,1,8,RY,1,61,layer_001_wire_008_RY,-0.02679318563539953,0.02679318563539953,False
random_bp,expectation_value,same_entangling_gate_count,pm_12q_bp_sweep,hea,RX_RY_RZ_CNOT,none,linear,cnot,global,12,8,8,88,88,11,21,0,1,8,RZ,2,62,layer_001_wire_008_RZ,-0.013623495060355043,0.013623495060355043,False
random_bp,expectation_value,same_entangling_gate_count,pm_12q_bp_sweep,hea,RX_RY_RZ_CNOT,none,linear,cnot,global,12,8,8,88,88,11,21,0,1,9,RX,0,63,layer_001_wire_009_RX,-0.0022707569136327247,0.0022707569136327247,False
random_bp,expectation_value,same_entangling_gate_count,pm_12q_bp_sweep,hea,RX_RY_RZ_CNOT,none,linear,cnot,global,12,8,8,88,88,11,21,0,1,9,RY,1,64,layer_001_wire_009_RY,0.00519539359560393,0.00519539359560393,False
random_bp,expectation_value,same_entangling_gate_count,pm_12q_bp_sweep,hea,RX_RY_RZ_CNOT,none,linear,cnot,global,12,8,8,88,88,11,21,0,1,9,RZ,2,65,layer_001_wire_009_RZ,0.002772221133723665,0.002772221133723665,False
random_bp,expectation_value,same_entangling_gate_count,pm_12q_bp_sweep,hea,RX_RY_RZ_CNOT,none,linear,cnot,global,12,8,8,88,88,11,21,0,1,10,RX,0,66,layer_001_wire_010_RX,0.007432597085461662,0.007432597085461662,False
random_bp,expectation_value,same_entangling_gate_count,pm_12q_bp_sweep,hea,RX_RY_RZ_CNOT,none,linear,cnot,global,12,8,8,88,88,11,21,0,1,10,RY,1,67,layer_001_wire_010_RY,0.0024517447422796133,0.0024517447422796133,False
random_bp,expectation_value,same_entangling_gate_count,pm_12q_bp_sweep,hea,RX_RY_RZ_CNOT,none,linear,cnot,global,12,8,8,88,88,11,21,0,1,10,RZ,2,68,layer_001_wire_010_RZ,-0.00896635165372061,0.00896635165372061,False
random_bp,expectation_value,same_entangling_gate_count,pm_12q_bp_sweep,hea,RX_RY_RZ_CNOT,none,linear,cnot,global,12,8,8,88,88,11,21,0,1,11,RX,0,69,layer_001_wire_011_RX,-0.002037123780425033,0.002037123780425033,False
random_bp,expectation_value,same_entangling_gate_count,pm_12q_bp_sweep,hea,RX_RY_RZ_CNOT,none,linear,cnot,global,12,8,8,88,88,11,21,0,1,11,RY,1,70,layer_001_wire_011_RY,-0.016030357791612437,0.016030357791612437,False
random_bp,expectation_value,same_entangling_gate_count,pm_12q_bp_sweep,hea,RX_RY_RZ_CNOT,none,linear,cnot,global,12,8,8,88,88,11,21,0,1,11,RZ,2,71,layer_001_wire_011_RZ,0.0003521470786360456,0.0003521470786360456,False
random_bp,expectation_value,same_entangling_gate_count,pm_12q_bp_sweep,hea,RX_RY_RZ_CNOT,none,linear,cnot,global,12,8,8,88,88,11,21,0,2,0,RX,0,72,layer_002_wire_000_RX,-0.009580321998643802,0.009580321998643802,False
random_bp,expectation_value,same_entangling_gate_count,pm_12q_bp_sweep,hea,RX_RY_RZ_CNOT,none,linear,cnot,global,12,8,8,88,88,11,21,0,2,0,RY,1,73,layer_002_wire_000_RY,0.005938772607653638,0.005938772607653638,False
random_bp,expectation_value,same_entangling_gate_count,pm_12q_bp_sweep,hea,RX_RY_RZ_CNOT,none,linear,cnot,global,12,8,8,88,88,11,21,0,2,0,RZ,2,74,layer_002_wire_000_RZ,-0.012880280246227156,0.012880280246227156,False
random_bp,expectation_value,same_entangling_gate_count,pm_12q_bp_sweep,hea,RX_RY_RZ_CNOT,none,linear,cnot,global,12,8,8,88,88,11,21,0,2,1,RX,0,75,layer_002_wire_001_RX,0.004172736015007956,0.004172736015007956,False
random_bp,expectation_value,same_entangling_gate_count,pm_12q_bp_sweep,hea,RX_RY_RZ_CNOT,none,linear,cnot,global,12,8,8,88,88,11,21,0,2,1,RY,1,76,layer_002_wire_001_RY,-0.008497867994991984,0.008497867994991984,False
random_bp,expectation_value,same_entangling_gate_count,pm_12q_bp_sweep,hea,RX_RY_RZ_CNOT,none,linear,cnot,global,12,8,8,88,88,11,21,0,2,1,RZ,2,77,layer_002_wire_001_RZ,-0.0010007699904071672,0.0010007699904071672,False
random_bp,expectation_value,same_entangling_gate_count,pm_12q_bp_sweep,hea,RX_RY_RZ_CNOT,none,linear,cnot,global,12,8,8,88,88,11,21,0,2,2,RX,0,78,layer_002_wire_002_RX,-0.013856207864298125,0.013856207864298125,False
random_bp,expectation_value,same_entangling_gate_count,pm_12q_bp_sweep,hea,RX_RY_RZ_CNOT,none,linear,cnot,global,12,8,8,88,88,11,21,0,2,2,RY,1,79,layer_002_wire_002_RY,0.0017727997254934234,0.0017727997254934234,False
random_bp,expectation_value,same_entangling_gate_count,pm_12q_bp_sweep,hea,RX_RY_RZ_CNOT,none,linear,cnot,global,12,8,8,88,88,11,21,0,2,2,RZ,2,80,layer_002_wire_002_RZ,-0.009161008019543424,0.009161008019543424,False
random_bp,expectation_value,same_entangling_gate_count,pm_12q_bp_sweep,hea,RX_RY_RZ_CNOT,none,linear,cnot,global,12,8,8,88,88,11,21,0,2,3,RX,0,81,layer_002_wire_003_RX,-0.01712941214281073,0.01712941214281073,False
random_bp,expectation_value,same_entangling_gate_count,pm_12q_bp_sweep,hea,RX_RY_RZ_CNOT,none,linear,cnot,global,12,8,8,88,88,11,21,0,2,3,RY,1,82,layer_002_wire_003_RY,-0.0063754262174198035,0.0063754262174198035,False
random_bp,expectation_value,same_entangling_gate_count,pm_12q_bp_sweep,hea,RX_RY_RZ_CNOT,none,linear,cnot,global,12,8,8,88,88,11,21,0,2,3,RZ,2,83,layer_002_wire_003_RZ,0.009378540239900928,0.009378540239900928,False
random_bp,expectation_value,same_entangling_gate_count,pm_12q_bp_sweep,hea,RX_RY_RZ_CNOT,none,linear,cnot,global,12,8,8,88,88,11,21,0,2,4,RX,0,84,layer_002_wire_004_RX,-0.0023661312165740153,0.0023661312165740153,False
random_bp,expectation_value,same_entangling_gate_count,pm_12q_bp_sweep,hea,RX_RY_RZ_CNOT,none,linear,cnot,global,12,8,8,88,88,11,21,0,2,4,RY,1,85,layer_002_wire_004_RY,-0.0014515349473226535,0.0014515349473226535,False
random_bp,expectation_value,same_entangling_gate_count,pm_12q_bp_sweep,hea,RX_RY_RZ_CNOT,none,linear,cnot,global,12,8,8,88,88,11,21,0,2,4,RZ,2,86,layer_002_wire_004_RZ,0.0021350518824814896,0.0021350518824814896,False
random_bp,expectation_value,same_entangling_gate_count,pm_12q_bp_sweep,hea,RX_RY_RZ_CNOT,none,linear,cnot,global,12,8,8,88,88,11,21,0,2,5,RX,0,87,layer_002_wire_005_RX,-0.011734179709125058,0.011734179709125058,False
random_bp,expectation_value,same_entangling_gate_count,pm_12q_bp_sweep,hea,RX_RY_RZ_CNOT,none,linear,cnot,global,12,8,8,88,88,11,21,0,2,5,RY,1,88,layer_002_wire_005_RY,0.011808741251347094,0.011808741251347094,False
random_bp,expectation_value,same_entangling_gate_count,pm_12q_bp_sweep,hea,RX_RY_RZ_CNOT,none,linear,cnot,global,12,8,8,88,88,11,21,0,2,5,RZ,2,89,layer_002_wire_005_RZ,-0.009423010938236567,0.009423010938236567,False
random_bp,expectation_value,same_entangling_gate_count,pm_12q_bp_sweep,hea,RX_RY_RZ_CNOT,none,linear,cnot,global,12,8,8,88,88,11,21,0,2,6,RX,0,90,layer_002_wire_006_RX,0.005318471602072275,0.005318471602072275,False
random_bp,expectation_value,same_entangling_gate_count,pm_12q_bp_sweep,hea,RX_RY_RZ_CNOT,none,linear,cnot,global,12,8,8,88,88,11,21,0,2,6,RY,1,91,layer_002_wire_006_RY,0.005048325254656231,0.005048325254656231,False
random_bp,expectation_value,same_entangling_gate_count,pm_12q_bp_sweep,hea,RX_RY_RZ_CNOT,none,linear,cnot,global,12,8,8,88,88,11,21,0,2,6,RZ,2,92,layer_002_wire_006_RZ,-0.0029382346655213603,0.0029382346655213603,False
random_bp,expectation_value,same_entangling_gate_count,pm_12q_bp_sweep,hea,RX_RY_RZ_CNOT,none,linear,cnot,global,12,8,8,88,88,11,21,0,2,7,RX,0,93,layer_002_wire_007_RX,0.0011893417893592169,0.0011893417893592169,False
random_bp,expectation_value,same_entangling_gate_count,pm_12q_bp_sweep,hea,RX_RY_RZ_CNOT,none,linear,cnot,global,12,8,8,88,88,11,21,0,2,7,RY,1,94,layer_002_wire_007_RY,0.0063134771500615965,0.0063134771500615965,False
random_bp,expectation_value,same_entangling_gate_count,pm_12q_bp_sweep,hea,RX_RY_RZ_CNOT,none,linear,cnot,global,12,8,8,88,88,11,21,0,2,7,RZ,2,95,layer_002_wire_007_RZ,0.006743935307030576,0.006743935307030576,False
random_bp,expectation_value,same_entangling_gate_count,pm_12q_bp_sweep,hea,RX_RY_RZ_CNOT,none,linear,cnot,global,12,8,8,88,88,11,21,0,2,8,RX,0,96,layer_002_wire_008_RX,-0.013731213193220591,0.013731213193220591,False
random_bp,expectation_value,same_entangling_gate_count,pm_12q_bp_sweep,hea,RX_RY_RZ_CNOT,none,linear,cnot,global,12,8,8,88,88,11,21,0,2,8,RY,1,97,layer_002_wire_008_RY,0.017487014988482548,0.017487014988482548,False
random_bp,expectation_value,same_entangling_gate_count,pm_12q_bp_sweep,hea,RX_RY_RZ_CNOT,none,linear,cnot,global,12,8,8,88,88,11,21,0,2,8,RZ,2,98,layer_002_wire_008_RZ,-0.0032534080021446223,0.0032534080021446223,False
random_bp,expectation_value,same_entangling_gate_count,pm_12q_bp_sweep,hea,RX_RY_RZ_CNOT,none,linear,cnot,global,12,8,8,88,88,11,21,0,2,9,RX,0,99,layer_002_wire_009_RX,0.0021796654965331747,0.0021796654965331747,False
random_bp,expectation_value,same_entangling_gate_count,pm_12q_bp_sweep,hea,RX_RY_RZ_CNOT,none,linear,cnot,global,12,8,8,88,88,11,21,0,2,9,RY,1,100,layer_002_wire_009_RY,0.002645105865722447,0.002645105865722447,False
random_bp,expectation_value,same_entangling_gate_count,pm_12q_bp_sweep,hea,RX_RY_RZ_CNOT,none,linear,cnot,global,12,8,8,88,88,11,21,0,2,9,RZ,2,101,layer_002_wire_009_RZ,-0.00478727932354782,0.00478727932354782,False
random_bp,expectation_value,same_entangling_gate_count,pm_12q_bp_sweep,hea,RX_RY_RZ_CNOT,none,linear,cnot,global,12,8,8,88,88,11,21,0,2,10,RX,0,102,layer_002_wire_010_RX,-0.002364602361149569,0.002364602361149569,False
random_bp,expectation_value,same_entangling_gate_count,pm_12q_bp_sweep,hea,RX_RY_RZ_CNOT,none,linear,cnot,global,12,8,8,88,88,11,21,0,2,10,RY,1,103,layer_002_wire_010_RY,-0.0072611124208946,0.0072611124208946,False
random_bp,expectation_value,same_entangling_gate_count,pm_12q_bp_sweep,hea,RX_RY_RZ_CNOT,none,linear,cnot,global,12,8,8,88,88,11,21,0,2,10,RZ,2,104,layer_002_wire_010_RZ,0.0017025443628504947,0.0017025443628504947,False
random_bp,expectation_value,same_entangling_gate_count,pm_12q_bp_sweep,hea,RX_RY_RZ_CNOT,none,linear,cnot,global,12,8,8,88,88,11,21,0,2,11,RX,0,105,layer_002_wire_011_RX,0.009404738806509404,0.009404738806509404,False
random_bp,expectation_value,same_entangling_gate_count,pm_12q_bp_sweep,hea,RX_RY_RZ_CNOT,none,linear,cnot,global,12,8,8,88,88,11,21,0,2,11,RY,1,106,layer_002_wire_011_RY,-0.002144602669142532,0.002144602669142532,False
random_bp,expectation_value,same_entangling_gate_count,pm_12q_bp_sweep,hea,RX_RY_RZ_CNOT,none,linear,cnot,global,12,8,8,88,88,11,21,0,2,11,RZ,2,107,layer_002_wire_011_RZ,0.007882172698156859,0.007882172698156859,False
random_bp,expectation_value,same_entangling_gate_count,pm_12q_bp_sweep,hea,RX_RY_RZ_CNOT,none,linear,cnot,global,12,8,8,88,88,11,21,0,3,0,RX,0,108,layer_003_wire_000_RX,-0.004880056677254874,0.004880056677254874,False
random_bp,expectation_value,same_entangling_gate_count,pm_12q_bp_sweep,hea,RX_RY_RZ_CNOT,none,linear,cnot,global,12,8,8,88,88,11,21,0,3,0,RY,1,109,layer_003_wire_000_RY,-0.01592524715333305,0.01592524715333305,False
random_bp,expectation_value,same_entangling_gate_count,pm_12q_bp_sweep,hea,RX_RY_RZ_CNOT,none,linear,cnot,global,12,8,8,88,88,11,21,0,3,0,RZ,2,110,layer_003_wire_000_RZ,0.005882951071244424,0.005882951071244424,False
random_bp,expectation_value,same_entangling_gate_count,pm_12q_bp_sweep,hea,RX_RY_RZ_CNOT,none,linear,cnot,global,12,8,8,88,88,11,21,0,3,1,RX,0,111,layer_003_wire_001_RX,0.001775240539399314,0.001775240539399314,False
random_bp,expectation_value,same_entangling_gate_count,pm_12q_bp_sweep,hea,RX_RY_RZ_CNOT,none,linear,cnot,global,12,8,8,88,88,11,21,0,3,1,RY,1,112,layer_003_wire_001_RY,0.007924114276934877,0.007924114276934877,False
random_bp,expectation_value,same_entangling_gate_count,pm_12q_bp_sweep,hea,RX_RY_RZ_CNOT,none,linear,cnot,global,12,8,8,88,88,11,21,0,3,1,RZ,2,113,layer_003_wire_001_RZ,-0.0014978663723882034,0.0014978663723882034,False
random_bp,expectation_value,same_entangling_gate_count,pm_12q_bp_sweep,hea,RX_RY_RZ_CNOT,none,linear,cnot,global,12,8,8,88,88,11,21,0,3,2,RX,0,114,layer_003_wire_002_RX,-0.006163604189991036,0.006163604189991036,False
random_bp,expectation_value,same_entangling_gate_count,pm_12q_bp_sweep,hea,RX_RY_RZ_CNOT,none,linear,cnot,global,12,8,8,88,88,11,21,0,3,2,RY,1,115,layer_003_wire_002_RY,-0.004481492491403009,0.004481492491403009,False
random_bp,expectation_value,same_entangling_gate_count,pm_12q_bp_sweep,hea,RX_RY_RZ_CNOT,none,linear,cnot,global,12,8,8,88,88,11,21,0,3,2,RZ,2,116,layer_003_wire_002_RZ,-0.013082047876680686,0.013082047876680686,False
random_bp,expectation_value,same_entangling_gate_count,pm_12q_bp_sweep,hea,RX_RY_RZ_CNOT,none,linear,cnot,global,12,8,8,88,88,11,21,0,3,3,RX,0,117,layer_003_wire_003_RX,0.00034723272094077,0.00034723272094077,False
random_bp,expectation_value,same_entangling_gate_count,pm_12q_bp_sweep,hea,RX_RY_RZ_CNOT,none,linear,cnot,global,12,8,8,88,88,11,21,0,3,3,RY,1,118,layer_003_wire_003_RY,0.0006652996037129141,0.0006652996037129141,False
random_bp,expectation_value,same_entangling_gate_count,pm_12q_bp_sweep,hea,RX_RY_RZ_CNOT,none,linear,cnot,global,12,8,8,88,88,11,21,0,3,3,RZ,2,119,layer_003_wire_003_RZ,-0.0010850503835096508,0.0010850503835096508,False
random_bp,expectation_value,same_entangling_gate_count,pm_12q_bp_sweep,hea,RX_RY_RZ_CNOT,none,linear,cnot,global,12,8,8,88,88,11,21,0,3,4,RX,0,120,layer_003_wire_004_RX,-0.01341943538802157,0.01341943538802157,False
random_bp,expectation_value,same_entangling_gate_count,pm_12q_bp_sweep,hea,RX_RY_RZ_CNOT,none,linear,cnot,global,12,8,8,88,88,11,21,0,3,4,RY,1,121,layer_003_wire_004_RY,-0.00668310745044298,0.00668310745044298,False
random_bp,expectation_value,same_entangling_gate_count,pm_12q_bp_sweep,hea,RX_RY_RZ_CNOT,none,linear,cnot,global,12,8,8,88,88,11,21,0,3,4,RZ,2,122,layer_003_wire_004_RZ,-0.020544062602422395,0.020544062602422395,False
random_bp,expectation_value,same_entangling_gate_count,pm_12q_bp_sweep,hea,RX_RY_RZ_CNOT,none,linear,cnot,global,12,8,8,88,88,11,21,0,3,5,RX,0,123,layer_003_wire_005_RX,-0.0030040003391835204,0.0030040003391835204,False
random_bp,expectation_value,same_entangling_gate_count,pm_12q_bp_sweep,hea,RX_RY_RZ_CNOT,none,linear,cnot,global,12,8,8,88,88,11,21,0,3,5,RY,1,124,layer_003_wire_005_RY,-0.012290469800397476,0.012290469800397476,False
random_bp,expectation_value,same_entangling_gate_count,pm_12q_bp_sweep,hea,RX_RY_RZ_CNOT,none,linear,cnot,global,12,8,8,88,88,11,21,0,3,5,RZ,2,125,layer_003_wire_005_RZ,-0.0018147432489083268,0.0018147432489083268,False
random_bp,expectation_value,same_entangling_gate_count,pm_12q_bp_sweep,hea,RX_RY_RZ_CNOT,none,linear,cnot,global,12,8,8,88,88,11,21,0,3,6,RX,0,126,layer_003_wire_006_RX,-0.00902268159497898,0.00902268159497898,False
random_bp,expectation_value,same_entangling_gate_count,pm_12q_bp_sweep,hea,RX_RY_RZ_CNOT,none,linear,cnot,global,12,8,8,88,88,11,21,0,3,6,RY,1,127,layer_003_wire_006_RY,-0.012488083227044835,0.012488083227044835,False
random_bp,expectation_value,same_entangling_gate_count,pm_12q_bp_sweep,hea,RX_RY_RZ_CNOT,none,linear,cnot,global,12,8,8,88,88,11,21,0,3,6,RZ,2,128,layer_003_wire_006_RZ,-0.007196431536686879,0.007196431536686879,False
random_bp,expectation_value,same_entangling_gate_count,pm_12q_bp_sweep,hea,RX_RY_RZ_CNOT,none,linear,cnot,global,12,8,8,88,88,11,21,0,3,7,RX,0,129,layer_003_wire_007_RX,0.017733443032804254,0.017733443032804254,False
random_bp,expectation_value,same_entangling_gate_count,pm_12q_bp_sweep,hea,RX_RY_RZ_CNOT,none,linear,cnot,global,12,8,8,88,88,11,21,0,3,7,RY,1,130,layer_003_wire_007_RY,-0.003949338855677463,0.003949338855677463,False
random_bp,expectation_value,same_entangling_gate_count,pm_12q_bp_sweep,hea,RX_RY_RZ_CNOT,none,linear,cnot,global,12,8,8,88,88,11,21,0,3,7,RZ,2,131,layer_003_wire_007_RZ,0.0036434267691383853,0.0036434267691383853,False
random_bp,expectation_value,same_entangling_gate_count,pm_12q_bp_sweep,hea,RX_RY_RZ_CNOT,none,linear,cnot,global,12,8,8,88,88,11,21,0,3,8,RX,0,132,layer_003_wire_008_RX,-0.004714022660919614,0.004714022660919614,False
random_bp,expectation_value,same_entangling_gate_count,pm_12q_bp_sweep,hea,RX_RY_RZ_CNOT,none,linear,cnot,global,12,8,8,88,88,11,21,0,3,8,RY,1,133,layer_003_wire_008_RY,-0.02370397006199997,0.02370397006199997,False
random_bp,expectation_value,same_entangling_gate_count,pm_12q_bp_sweep,hea,RX_RY_RZ_CNOT,none,linear,cnot,global,12,8,8,88,88,11,21,0,3,8,RZ,2,134,layer_003_wire_008_RZ,0.003361070497307774,0.003361070497307774,False
random_bp,expectation_value,same_entangling_gate_count,pm_12q_bp_sweep,hea,RX_RY_RZ_CNOT,none,linear,cnot,global,12,8,8,88,88,11,21,0,3,9,RX,0,135,layer_003_wire_009_RX,0.0007600136058235896,0.0007600136058235896,False
random_bp,expectation_value,same_entangling_gate_count,pm_12q_bp_sweep,hea,RX_RY_RZ_CNOT,none,linear,cnot,global,12,8,8,88,88,11,21,0,3,9,RY,1,136,layer_003_wire_009_RY,0.026256296849097062,0.026256296849097062,False
random_bp,expectation_value,same_entangling_gate_count,pm_12q_bp_sweep,hea,RX_RY_RZ_CNOT,none,linear,cnot,global,12,8,8,88,88,11,21,0,3,9,RZ,2,137,layer_003_wire_009_RZ,-0.0036272805698725,0.0036272805698725,False
random_bp,expectation_value,same_entangling_gate_count,pm_12q_bp_sweep,hea,RX_RY_RZ_CNOT,none,linear,cnot,global,12,8,8,88,88,11,21,0,3,10,RX,0,138,layer_003_wire_010_RX,0.008783334824481456,0.008783334824481456,False
random_bp,expectation_value,same_entangling_gate_count,pm_12q_bp_sweep,hea,RX_RY_RZ_CNOT,none,linear,cnot,global,12,8,8,88,88,11,21,0,3,10,RY,1,139,layer_003_wire_010_RY,-0.0010447293393165188,0.0010447293393165188,False
random_bp,expectation_value,same_entangling_gate_count,pm_12q_bp_sweep,hea,RX_RY_RZ_CNOT,none,linear,cnot,global,12,8,8,88,88,11,21,0,3,10,RZ,2,140,layer_003_wire_010_RZ,-0.0012257017975977745,0.0012257017975977745,False
random_bp,expectation_value,same_entangling_gate_count,pm_12q_bp_sweep,hea,RX_RY_RZ_CNOT,none,linear,cnot,global,12,8,8,88,88,11,21,0,3,11,RX,0,141,layer_003_wire_011_RX,-0.005527899461366348,0.005527899461366348,False
random_bp,expectation_value,same_entangling_gate_count,pm_12q_bp_sweep,hea,RX_RY_RZ_CNOT,none,linear,cnot,global,12,8,8,88,88,11,21,0,3,11,RY,1,142,layer_003_wire_011_RY,-0.0029337848818905563,0.0029337848818905563,False
random_bp,expectation_value,same_entangling_gate_count,pm_12q_bp_sweep,hea,RX_RY_RZ_CNOT,none,linear,cnot,global,12,8,8,88,88,11,21,0,3,11,RZ,2,143,layer_003_wire_011_RZ,-0.00138173452203422,0.00138173452203422,False
random_bp,expectation_value,same_entangling_gate_count,pm_12q_bp_sweep,hea,RX_RY_RZ_CNOT,none,linear,cnot,global,12,8,8,88,88,11,21,0,4,0,RX,0,144,layer_004_wire_000_RX,0.003700308437251298,0.003700308437251298,False
random_bp,expectation_value,same_entangling_gate_count,pm_12q_bp_sweep,hea,RX_RY_RZ_CNOT,none,linear,cnot,global,12,8,8,88,88,11,21,0,4,0,RY,1,145,layer_004_wire_000_RY,0.00198405135788337,0.00198405135788337,False
random_bp,expectation_value,same_entangling_gate_count,pm_12q_bp_sweep,hea,RX_RY_RZ_CNOT,none,linear,cnot,global,12,8,8,88,88,11,21,0,4,0,RZ,2,146,layer_004_wire_000_RZ,-0.0068347830194716575,0.0068347830194716575,False
random_bp,expectation_value,same_entangling_gate_count,pm_12q_bp_sweep,hea,RX_RY_RZ_CNOT,none,linear,cnot,global,12,8,8,88,88,11,21,0,4,1,RX,0,147,layer_004_wire_001_RX,0.011902464661048906,0.011902464661048906,False
random_bp,expectation_value,same_entangling_gate_count,pm_12q_bp_sweep,hea,RX_RY_RZ_CNOT,none,linear,cnot,global,12,8,8,88,88,11,21,0,4,1,RY,1,148,layer_004_wire_001_RY,-0.011443981995928141,0.011443981995928141,False
random_bp,expectation_value,same_entangling_gate_count,pm_12q_bp_sweep,hea,RX_RY_RZ_CNOT,none,linear,cnot,global,12,8,8,88,88,11,21,0,4,1,RZ,2,149,layer_004_wire_001_RZ,0.0023491965938002538,0.0023491965938002538,False
random_bp,expectation_value,same_entangling_gate_count,pm_12q_bp_sweep,hea,RX_RY_RZ_CNOT,none,linear,cnot,global,12,8,8,88,88,11,21,0,4,2,RX,0,150,layer_004_wire_002_RX,-0.008481909039011633,0.008481909039011633,False
random_bp,expectation_value,same_entangling_gate_count,pm_12q_bp_sweep,hea,RX_RY_RZ_CNOT,none,linear,cnot,global,12,8,8,88,88,11,21,0,4,2,RY,1,151,layer_004_wire_002_RY,-0.010670658583026016,0.010670658583026016,False
random_bp,expectation_value,same_entangling_gate_count,pm_12q_bp_sweep,hea,RX_RY_RZ_CNOT,none,linear,cnot,global,12,8,8,88,88,11,21,0,4,2,RZ,2,152,layer_004_wire_002_RZ,-0.0025089987521135456,0.0025089987521135456,False
random_bp,expectation_value,same_entangling_gate_count,pm_12q_bp_sweep,hea,RX_RY_RZ_CNOT,none,linear,cnot,global,12,8,8,88,88,11,21,0,4,3,RX,0,153,layer_004_wire_003_RX,-0.0044037833625752126,0.0044037833625752126,False
random_bp,expectation_value,same_entangling_gate_count,pm_12q_bp_sweep,hea,RX_RY_RZ_CNOT,none,linear,cnot,global,12,8,8,88,88,11,21,0,4,3,RY,1,154,layer_004_wire_003_RY,-0.0044409795395364045,0.0044409795395364045,False
random_bp,expectation_value,same_entangling_gate_count,pm_12q_bp_sweep,hea,RX_RY_RZ_CNOT,none,linear,cnot,global,12,8,8,88,88,11,21,0,4,3,RZ,2,155,layer_004_wire_003_RZ,-0.006372601006648263,0.006372601006648263,False
random_bp,expectation_value,same_entangling_gate_count,pm_12q_bp_sweep,hea,RX_RY_RZ_CNOT,none,linear,cnot,global,12,8,8,88,88,11,21,0,4,4,RX,0,156,layer_004_wire_004_RX,0.014360011995802197,0.014360011995802197,False
random_bp,expectation_value,same_entangling_gate_count,pm_12q_bp_sweep,hea,RX_RY_RZ_CNOT,none,linear,cnot,global,12,8,8,88,88,11,21,0,4,4,RY,1,157,layer_004_wire_004_RY,0.03236917422916997,0.03236917422916997,False
random_bp,expectation_value,same_entangling_gate_count,pm_12q_bp_sweep,hea,RX_RY_RZ_CNOT,none,linear,cnot,global,12,8,8,88,88,11,21,0,4,4,RZ,2,158,layer_004_wire_004_RZ,0.0020255664311425283,0.0020255664311425283,False
random_bp,expectation_value,same_entangling_gate_count,pm_12q_bp_sweep,hea,RX_RY_RZ_CNOT,none,linear,cnot,global,12,8,8,88,88,11,21,0,4,5,RX,0,159,layer_004_wire_005_RX,0.0008879309849834649,0.0008879309849834649,False
random_bp,expectation_value,same_entangling_gate_count,pm_12q_bp_sweep,hea,RX_RY_RZ_CNOT,none,linear,cnot,global,12,8,8,88,88,11,21,0,4,5,RY,1,160,layer_004_wire_005_RY,-0.0020589080207438163,0.0020589080207438163,False
random_bp,expectation_value,same_entangling_gate_count,pm_12q_bp_sweep,hea,RX_RY_RZ_CNOT,none,linear,cnot,global,12,8,8,88,88,11,21,0,4,5,RZ,2,161,layer_004_wire_005_RZ,0.008667909202799954,0.008667909202799954,False
random_bp,expectation_value,same_entangling_gate_count,pm_12q_bp_sweep,hea,RX_RY_RZ_CNOT,none,linear,cnot,global,12,8,8,88,88,11,21,0,4,6,RX,0,162,layer_004_wire_006_RX,0.002578506265331005,0.002578506265331005,False
random_bp,expectation_value,same_entangling_gate_count,pm_12q_bp_sweep,hea,RX_RY_RZ_CNOT,none,linear,cnot,global,12,8,8,88,88,11,21,0,4,6,RY,1,163,layer_004_wire_006_RY,-0.015227311532143906,0.015227311532143906,False
random_bp,expectation_value,same_entangling_gate_count,pm_12q_bp_sweep,hea,RX_RY_RZ_CNOT,none,linear,cnot,global,12,8,8,88,88,11,21,0,4,6,RZ,2,164,layer_004_wire_006_RZ,-0.004444889239875793,0.004444889239875793,False
random_bp,expectation_value,same_entangling_gate_count,pm_12q_bp_sweep,hea,RX_RY_RZ_CNOT,none,linear,cnot,global,12,8,8,88,88,11,21,0,4,7,RX,0,165,layer_004_wire_007_RX,0.008330985807914955,0.008330985807914955,False
random_bp,expectation_value,same_entangling_gate_count,pm_12q_bp_sweep,hea,RX_RY_RZ_CNOT,none,linear,cnot,global,12,8,8,88,88,11,21,0,4,7,RY,1,166,layer_004_wire_007_RY,-0.010136626530758691,0.010136626530758691,False
random_bp,expectation_value,same_entangling_gate_count,pm_12q_bp_sweep,hea,RX_RY_RZ_CNOT,none,linear,cnot,global,12,8,8,88,88,11,21,0,4,7,RZ,2,167,layer_004_wire_007_RZ,0.008278008510826829,0.008278008510826829,False
random_bp,expectation_value,same_entangling_gate_count,pm_12q_bp_sweep,hea,RX_RY_RZ_CNOT,none,linear,cnot,global,12,8,8,88,88,11,21,0,4,8,RX,0,168,layer_004_wire_008_RX,-0.01708439086811888,0.01708439086811888,False
random_bp,expectation_value,same_entangling_gate_count,pm_12q_bp_sweep,hea,RX_RY_RZ_CNOT,none,linear,cnot,global,12,8,8,88,88,11,21,0,4,8,RY,1,169,layer_004_wire_008_RY,-0.0018158247161028512,0.0018158247161028512,False
random_bp,expectation_value,same_entangling_gate_count,pm_12q_bp_sweep,hea,RX_RY_RZ_CNOT,none,linear,cnot,global,12,8,8,88,88,11,21,0,4,8,RZ,2,170,layer_004_wire_008_RZ,-0.017712669015769546,0.017712669015769546,False
random_bp,expectation_value,same_entangling_gate_count,pm_12q_bp_sweep,hea,RX_RY_RZ_CNOT,none,linear,cnot,global,12,8,8,88,88,11,21,0,4,9,RX,0,171,layer_004_wire_009_RX,0.01890092968547668,0.01890092968547668,False
random_bp,expectation_value,same_entangling_gate_count,pm_12q_bp_sweep,hea,RX_RY_RZ_CNOT,none,linear,cnot,global,12,8,8,88,88,11,21,0,4,9,RY,1,172,layer_004_wire_009_RY,-0.011623744028734652,0.011623744028734652,False
random_bp,expectation_value,same_entangling_gate_count,pm_12q_bp_sweep,hea,RX_RY_RZ_CNOT,none,linear,cnot,global,12,8,8,88,88,11,21,0,4,9,RZ,2,173,layer_004_wire_009_RZ,0.018092085049542177,0.018092085049542177,False
random_bp,expectation_value,same_entangling_gate_count,pm_12q_bp_sweep,hea,RX_RY_RZ_CNOT,none,linear,cnot,global,12,8,8,88,88,11,21,0,4,10,RX,0,174,layer_004_wire_010_RX,-0.005175100452183151,0.005175100452183151,False
random_bp,expectation_value,same_entangling_gate_count,pm_12q_bp_sweep,hea,RX_RY_RZ_CNOT,none,linear,cnot,global,12,8,8,88,88,11,21,0,4,10,RY,1,175,layer_004_wire_010_RY,-0.024036724507598244,0.024036724507598244,False
random_bp,expectation_value,same_entangling_gate_count,pm_12q_bp_sweep,hea,RX_RY_RZ_CNOT,none,linear,cnot,global,12,8,8,88,88,11,21,0,4,10,RZ,2,176,layer_004_wire_010_RZ,0.009917288450342402,0.009917288450342402,False
random_bp,expectation_value,same_entangling_gate_count,pm_12q_bp_sweep,hea,RX_RY_RZ_CNOT,none,linear,cnot,global,12,8,8,88,88,11,21,0,4,11,RX,0,177,layer_004_wire_011_RX,-0.009339733982109154,0.009339733982109154,False
random_bp,expectation_value,same_entangling_gate_count,pm_12q_bp_sweep,hea,RX_RY_RZ_CNOT,none,linear,cnot,global,12,8,8,88,88,11,21,0,4,11,RY,1,178,layer_004_wire_011_RY,0.003586644154149574,0.003586644154149574,False
random_bp,expectation_value,same_entangling_gate_count,pm_12q_bp_sweep,hea,RX_RY_RZ_CNOT,none,linear,cnot,global,12,8,8,88,88,11,21,0,4,11,RZ,2,179,layer_004_wire_011_RZ,0.013216530791136603,0.013216530791136603,False
random_bp,expectation_value,same_entangling_gate_count,pm_12q_bp_sweep,hea,RX_RY_RZ_CNOT,none,linear,cnot,global,12,8,8,88,88,11,21,0,5,0,RX,0,180,layer_005_wire_000_RX,-0.014171616336014919,0.014171616336014919,False
random_bp,expectation_value,same_entangling_gate_count,pm_12q_bp_sweep,hea,RX_RY_RZ_CNOT,none,linear,cnot,global,12,8,8,88,88,11,21,0,5,0,RY,1,181,layer_005_wire_000_RY,0.0007492437627094773,0.0007492437627094773,False
random_bp,expectation_value,same_entangling_gate_count,pm_12q_bp_sweep,hea,RX_RY_RZ_CNOT,none,linear,cnot,global,12,8,8,88,88,11,21,0,5,0,RZ,2,182,layer_005_wire_000_RZ,-0.014344449547134652,0.014344449547134652,False
random_bp,expectation_value,same_entangling_gate_count,pm_12q_bp_sweep,hea,RX_RY_RZ_CNOT,none,linear,cnot,global,12,8,8,88,88,11,21,0,5,1,RX,0,183,layer_005_wire_001_RX,0.005681517825705525,0.005681517825705525,False
random_bp,expectation_value,same_entangling_gate_count,pm_12q_bp_sweep,hea,RX_RY_RZ_CNOT,none,linear,cnot,global,12,8,8,88,88,11,21,0,5,1,RY,1,184,layer_005_wire_001_RY,0.0004853158476014509,0.0004853158476014509,False
random_bp,expectation_value,same_entangling_gate_count,pm_12q_bp_sweep,hea,RX_RY_RZ_CNOT,none,linear,cnot,global,12,8,8,88,88,11,21,0,5,1,RZ,2,185,layer_005_wire_001_RZ,-0.005706986396203717,0.005706986396203717,False
random_bp,expectation_value,same_entangling_gate_count,pm_12q_bp_sweep,hea,RX_RY_RZ_CNOT,none,linear,cnot,global,12,8,8,88,88,11,21,0,5,2,RX,0,186,layer_005_wire_002_RX,0.007645414092373128,0.007645414092373128,False
random_bp,expectation_value,same_entangling_gate_count,pm_12q_bp_sweep,hea,RX_RY_RZ_CNOT,none,linear,cnot,global,12,8,8,88,88,11,21,0,5,2,RY,1,187,layer_005_wire_002_RY,-0.0037392923448980476,0.0037392923448980476,False
random_bp,expectation_value,same_entangling_gate_count,pm_12q_bp_sweep,hea,RX_RY_RZ_CNOT,none,linear,cnot,global,12,8,8,88,88,11,21,0,5,2,RZ,2,188,layer_005_wire_002_RZ,0.017361335050492074,0.017361335050492074,False
random_bp,expectation_value,same_entangling_gate_count,pm_12q_bp_sweep,hea,RX_RY_RZ_CNOT,none,linear,cnot,global,12,8,8,88,88,11,21,0,5,3,RX,0,189,layer_005_wire_003_RX,-0.00628313124726728,0.00628313124726728,False
random_bp,expectation_value,same_entangling_gate_count,pm_12q_bp_sweep,hea,RX_RY_RZ_CNOT,none,linear,cnot,global,12,8,8,88,88,11,21,0,5,3,RY,1,190,layer_005_wire_003_RY,-0.011436473272582424,0.011436473272582424,False
random_bp,expectation_value,same_entangling_gate_count,pm_12q_bp_sweep,hea,RX_RY_RZ_CNOT,none,linear,cnot,global,12,8,8,88,88,11,21,0,5,3,RZ,2,191,layer_005_wire_003_RZ,0.0031717351603722434,0.0031717351603722434,False
random_bp,expectation_value,same_entangling_gate_count,pm_12q_bp_sweep,hea,RX_RY_RZ_CNOT,none,linear,cnot,global,12,8,8,88,88,11,21,0,5,4,RX,0,192,layer_005_wire_004_RX,0.009258286689934489,0.009258286689934489,False
random_bp,expectation_value,same_entangling_gate_count,pm_12q_bp_sweep,hea,RX_RY_RZ_CNOT,none,linear,cnot,global,12,8,8,88,88,11,21,0,5,4,RY,1,193,layer_005_wire_004_RY,0.009623620835920136,0.009623620835920136,False
random_bp,expectation_value,same_entangling_gate_count,pm_12q_bp_sweep,hea,RX_RY_RZ_CNOT,none,linear,cnot,global,12,8,8,88,88,11,21,0,5,4,RZ,2,194,layer_005_wire_004_RZ,0.018859161045790288,0.018859161045790288,False
random_bp,expectation_value,same_entangling_gate_count,pm_12q_bp_sweep,hea,RX_RY_RZ_CNOT,none,linear,cnot,global,12,8,8,88,88,11,21,0,5,5,RX,0,195,layer_005_wire_005_RX,-0.007831394450646095,0.007831394450646095,False
random_bp,expectation_value,same_entangling_gate_count,pm_12q_bp_sweep,hea,RX_RY_RZ_CNOT,none,linear,cnot,global,12,8,8,88,88,11,21,0,5,5,RY,1,196,layer_005_wire_005_RY,0.009146638179185597,0.009146638179185597,False
random_bp,expectation_value,same_entangling_gate_count,pm_12q_bp_sweep,hea,RX_RY_RZ_CNOT,none,linear,cnot,global,12,8,8,88,88,11,21,0,5,5,RZ,2,197,layer_005_wire_005_RZ,0.008471853837999213,0.008471853837999213,False
random_bp,expectation_value,same_entangling_gate_count,pm_12q_bp_sweep,hea,RX_RY_RZ_CNOT,none,linear,cnot,global,12,8,8,88,88,11,21,0,5,6,RX,0,198,layer_005_wire_006_RX,-0.013181161986520307,0.013181161986520307,False
random_bp,expectation_value,same_entangling_gate_count,pm_12q_bp_sweep,hea,RX_RY_RZ_CNOT,none,linear,cnot,global,12,8,8,88,88,11,21,0,5,6,RY,1,199,layer_005_wire_006_RY,0.0014588218748026408,0.0014588218748026408,False
random_bp,expectation_value,same_entangling_gate_count,pm_12q_bp_sweep,hea,RX_RY_RZ_CNOT,none,linear,cnot,global,12,8,8,88,88,11,21,0,5,6,RZ,2,200,layer_005_wire_006_RZ,0.0044193960417555165,0.0044193960417555165,False
random_bp,expectation_value,same_entangling_gate_count,pm_12q_bp_sweep,hea,RX_RY_RZ_CNOT,none,linear,cnot,global,12,8,8,88,88,11,21,0,5,7,RX,0,201,layer_005_wire_007_RX,-0.006188587270587478,0.006188587270587478,False
random_bp,expectation_value,same_entangling_gate_count,pm_12q_bp_sweep,hea,RX_RY_RZ_CNOT,none,linear,cnot,global,12,8,8,88,88,11,21,0,5,7,RY,1,202,layer_005_wire_007_RY,0.0002311331091671507,0.0002311331091671507,False
random_bp,expectation_value,same_entangling_gate_count,pm_12q_bp_sweep,hea,RX_RY_RZ_CNOT,none,linear,cnot,global,12,8,8,88,88,11,21,0,5,7,RZ,2,203,layer_005_wire_007_RZ,0.00429818677348554,0.00429818677348554,False
random_bp,expectation_value,same_entangling_gate_count,pm_12q_bp_sweep,hea,RX_RY_RZ_CNOT,none,linear,cnot,global,12,8,8,88,88,11,21,0,5,8,RX,0,204,layer_005_wire_008_RX,0.00615254780763883,0.00615254780763883,False
random_bp,expectation_value,same_entangling_gate_count,pm_12q_bp_sweep,hea,RX_RY_RZ_CNOT,none,linear,cnot,global,12,8,8,88,88,11,21,0,5,8,RY,1,205,layer_005_wire_008_RY,0.0006205433428044787,0.0006205433428044787,False
random_bp,expectation_value,same_entangling_gate_count,pm_12q_bp_sweep,hea,RX_RY_RZ_CNOT,none,linear,cnot,global,12,8,8,88,88,11,21,0,5,8,RZ,2,206,layer_005_wire_008_RZ,-0.006200035239445309,0.006200035239445309,False
random_bp,expectation_value,same_entangling_gate_count,pm_12q_bp_sweep,hea,RX_RY_RZ_CNOT,none,linear,cnot,global,12,8,8,88,88,11,21,0,5,9,RX,0,207,layer_005_wire_009_RX,-0.010086310699523813,0.010086310699523813,False
random_bp,expectation_value,same_entangling_gate_count,pm_12q_bp_sweep,hea,RX_RY_RZ_CNOT,none,linear,cnot,global,12,8,8,88,88,11,21,0,5,9,RY,1,208,layer_005_wire_009_RY,-0.0033341033839817537,0.0033341033839817537,False
random_bp,expectation_value,same_entangling_gate_count,pm_12q_bp_sweep,hea,RX_RY_RZ_CNOT,none,linear,cnot,global,12,8,8,88,88,11,21,0,5,9,RZ,2,209,layer_005_wire_009_RZ,0.008166619080699608,0.008166619080699608,False
random_bp,expectation_value,same_entangling_gate_count,pm_12q_bp_sweep,hea,RX_RY_RZ_CNOT,none,linear,cnot,global,12,8,8,88,88,11,21,0,5,10,RX,0,210,layer_005_wire_010_RX,-0.015669811789712978,0.015669811789712978,False
random_bp,expectation_value,same_entangling_gate_count,pm_12q_bp_sweep,hea,RX_RY_RZ_CNOT,none,linear,cnot,global,12,8,8,88,88,11,21,0,5,10,RY,1,211,layer_005_wire_010_RY,0.0018337778635858192,0.0018337778635858192,False
random_bp,expectation_value,same_entangling_gate_count,pm_12q_bp_sweep,hea,RX_RY_RZ_CNOT,none,linear,cnot,global,12,8,8,88,88,11,21,0,5,10,RZ,2,212,layer_005_wire_010_RZ,-0.029807958369031093,0.029807958369031093,False
random_bp,expectation_value,same_entangling_gate_count,pm_12q_bp_sweep,hea,RX_RY_RZ_CNOT,none,linear,cnot,global,12,8,8,88,88,11,21,0,5,11,RX,0,213,layer_005_wire_011_RX,-0.003544621824201861,0.003544621824201861,False
random_bp,expectation_value,same_entangling_gate_count,pm_12q_bp_sweep,hea,RX_RY_RZ_CNOT,none,linear,cnot,global,12,8,8,88,88,11,21,0,5,11,RY,1,214,layer_005_wire_011_RY,0.022731021228636523,0.022731021228636523,False
random_bp,expectation_value,same_entangling_gate_count,pm_12q_bp_sweep,hea,RX_RY_RZ_CNOT,none,linear,cnot,global,12,8,8,88,88,11,21,0,5,11,RZ,2,215,layer_005_wire_011_RZ,-0.014999648430073032,0.014999648430073032,False
random_bp,expectation_value,same_entangling_gate_count,pm_12q_bp_sweep,hea,RX_RY_RZ_CNOT,none,linear,cnot,global,12,8,8,88,88,11,21,0,6,0,RX,0,216,layer_006_wire_000_RX,0.002191428933945772,0.002191428933945772,False
random_bp,expectation_value,same_entangling_gate_count,pm_12q_bp_sweep,hea,RX_RY_RZ_CNOT,none,linear,cnot,global,12,8,8,88,88,11,21,0,6,0,RY,1,217,layer_006_wire_000_RY,0.020478611712135563,0.020478611712135563,False
random_bp,expectation_value,same_entangling_gate_count,pm_12q_bp_sweep,hea,RX_RY_RZ_CNOT,none,linear,cnot,global,12,8,8,88,88,11,21,0,6,0,RZ,2,218,layer_006_wire_000_RZ,-2.025189739511521e-18,2.025189739511521e-18,True
random_bp,expectation_value,same_entangling_gate_count,pm_12q_bp_sweep,hea,RX_RY_RZ_CNOT,none,linear,cnot,global,12,8,8,88,88,11,21,0,6,1,RX,0,219,layer_006_wire_001_RX,-0.005920807736532205,0.005920807736532205,False
random_bp,expectation_value,same_entangling_gate_count,pm_12q_bp_sweep,hea,RX_RY_RZ_CNOT,none,linear,cnot,global,12,8,8,88,88,11,21,0,6,1,RY,1,220,layer_006_wire_001_RY,-0.003823993550417194,0.003823993550417194,False
random_bp,expectation_value,same_entangling_gate_count,pm_12q_bp_sweep,hea,RX_RY_RZ_CNOT,none,linear,cnot,global,12,8,8,88,88,11,21,0,6,1,RZ,2,221,layer_006_wire_001_RZ,-0.011309286958791673,0.011309286958791673,False
random_bp,expectation_value,same_entangling_gate_count,pm_12q_bp_sweep,hea,RX_RY_RZ_CNOT,none,linear,cnot,global,12,8,8,88,88,11,21,0,6,2,RX,0,222,layer_006_wire_002_RX,0.011361713119243892,0.011361713119243892,False
random_bp,expectation_value,same_entangling_gate_count,pm_12q_bp_sweep,hea,RX_RY_RZ_CNOT,none,linear,cnot,global,12,8,8,88,88,11,21,0,6,2,RY,1,223,layer_006_wire_002_RY,-0.014162999862798877,0.014162999862798877,False
random_bp,expectation_value,same_entangling_gate_count,pm_12q_bp_sweep,hea,RX_RY_RZ_CNOT,none,linear,cnot,global,12,8,8,88,88,11,21,0,6,2,RZ,2,224,layer_006_wire_002_RZ,-0.013173058531551457,0.013173058531551457,False
random_bp,expectation_value,same_entangling_gate_count,pm_12q_bp_sweep,hea,RX_RY_RZ_CNOT,none,linear,cnot,global,12,8,8,88,88,11,21,0,6,3,RX,0,225,layer_006_wire_003_RX,0.000786938853545199,0.000786938853545199,False
random_bp,expectation_value,same_entangling_gate_count,pm_12q_bp_sweep,hea,RX_RY_RZ_CNOT,none,linear,cnot,global,12,8,8,88,88,11,21,0,6,3,RY,1,226,layer_006_wire_003_RY,0.004913621987998706,0.004913621987998706,False
random_bp,expectation_value,same_entangling_gate_count,pm_12q_bp_sweep,hea,RX_RY_RZ_CNOT,none,linear,cnot,global,12,8,8,88,88,11,21,0,6,3,RZ,2,227,layer_006_wire_003_RZ,0.01116527582540034,0.01116527582540034,False
random_bp,expectation_value,same_entangling_gate_count,pm_12q_bp_sweep,hea,RX_RY_RZ_CNOT,none,linear,cnot,global,12,8,8,88,88,11,21,0,6,4,RX,0,228,layer_006_wire_004_RX,0.0021955369092418117,0.0021955369092418117,False
random_bp,expectation_value,same_entangling_gate_count,pm_12q_bp_sweep,hea,RX_RY_RZ_CNOT,none,linear,cnot,global,12,8,8,88,88,11,21,0,6,4,RY,1,229,layer_006_wire_004_RY,0.0008381160210724908,0.0008381160210724908,False
random_bp,expectation_value,same_entangling_gate_count,pm_12q_bp_sweep,hea,RX_RY_RZ_CNOT,none,linear,cnot,global,12,8,8,88,88,11,21,0,6,4,RZ,2,230,layer_006_wire_004_RZ,0.004708021959627489,0.004708021959627489,False
random_bp,expectation_value,same_entangling_gate_count,pm_12q_bp_sweep,hea,RX_RY_RZ_CNOT,none,linear,cnot,global,12,8,8,88,88,11,21,0,6,5,RX,0,231,layer_006_wire_005_RX,0.0024745107667624566,0.0024745107667624566,False
random_bp,expectation_value,same_entangling_gate_count,pm_12q_bp_sweep,hea,RX_RY_RZ_CNOT,none,linear,cnot,global,12,8,8,88,88,11,21,0,6,5,RY,1,232,layer_006_wire_005_RY,0.0012641066903998428,0.0012641066903998428,False
random_bp,expectation_value,same_entangling_gate_count,pm_12q_bp_sweep,hea,RX_RY_RZ_CNOT,none,linear,cnot,global,12,8,8,88,88,11,21,0,6,5,RZ,2,233,layer_006_wire_005_RZ,-0.00041820426548870994,0.00041820426548870994,False
random_bp,expectation_value,same_entangling_gate_count,pm_12q_bp_sweep,hea,RX_RY_RZ_CNOT,none,linear,cnot,global,12,8,8,88,88,11,21,0,6,6,RX,0,234,layer_006_wire_006_RX,0.0030932102022441614,0.0030932102022441614,False
random_bp,expectation_value,same_entangling_gate_count,pm_12q_bp_sweep,hea,RX_RY_RZ_CNOT,none,linear,cnot,global,12,8,8,88,88,11,21,0,6,6,RY,1,235,layer_006_wire_006_RY,-0.001858708031169493,0.001858708031169493,False
random_bp,expectation_value,same_entangling_gate_count,pm_12q_bp_sweep,hea,RX_RY_RZ_CNOT,none,linear,cnot,global,12,8,8,88,88,11,21,0,6,6,RZ,2,236,layer_006_wire_006_RZ,-0.014664727363907299,0.014664727363907299,False
random_bp,expectation_value,same_entangling_gate_count,pm_12q_bp_sweep,hea,RX_RY_RZ_CNOT,none,linear,cnot,global,12,8,8,88,88,11,21,0,6,7,RX,0,237,layer_006_wire_007_RX,0.01160905338820597,0.01160905338820597,False
random_bp,expectation_value,same_entangling_gate_count,pm_12q_bp_sweep,hea,RX_RY_RZ_CNOT,none,linear,cnot,global,12,8,8,88,88,11,21,0,6,7,RY,1,238,layer_006_wire_007_RY,-0.00035369253820643825,0.00035369253820643825,False
random_bp,expectation_value,same_entangling_gate_count,pm_12q_bp_sweep,hea,RX_RY_RZ_CNOT,none,linear,cnot,global,12,8,8,88,88,11,21,0,6,7,RZ,2,239,layer_006_wire_007_RZ,-0.0140941600854083,0.0140941600854083,False
random_bp,expectation_value,same_entangling_gate_count,pm_12q_bp_sweep,hea,RX_RY_RZ_CNOT,none,linear,cnot,global,12,8,8,88,88,11,21,0,6,8,RX,0,240,layer_006_wire_008_RX,-0.004748097923982418,0.004748097923982418,False
random_bp,expectation_value,same_entangling_gate_count,pm_12q_bp_sweep,hea,RX_RY_RZ_CNOT,none,linear,cnot,global,12,8,8,88,88,11,21,0,6,8,RY,1,241,layer_006_wire_008_RY,0.014810981688434446,0.014810981688434446,False
random_bp,expectation_value,same_entangling_gate_count,pm_12q_bp_sweep,hea,RX_RY_RZ_CNOT,none,linear,cnot,global,12,8,8,88,88,11,21,0,6,8,RZ,2,242,layer_006_wire_008_RZ,0.00011987982454601212,0.00011987982454601212,False
random_bp,expectation_value,same_entangling_gate_count,pm_12q_bp_sweep,hea,RX_RY_RZ_CNOT,none,linear,cnot,global,12,8,8,88,88,11,21,0,6,9,RX,0,243,layer_006_wire_009_RX,-0.005032961518020889,0.005032961518020889,False
random_bp,expectation_value,same_entangling_gate_count,pm_12q_bp_sweep,hea,RX_RY_RZ_CNOT,none,linear,cnot,global,12,8,8,88,88,11,21,0,6,9,RY,1,244,layer_006_wire_009_RY,0.008331531739753262,0.008331531739753262,False
random_bp,expectation_value,same_entangling_gate_count,pm_12q_bp_sweep,hea,RX_RY_RZ_CNOT,none,linear,cnot,global,12,8,8,88,88,11,21,0,6,9,RZ,2,245,layer_006_wire_009_RZ,0.0023454011919516494,0.0023454011919516494,False
random_bp,expectation_value,same_entangling_gate_count,pm_12q_bp_sweep,hea,RX_RY_RZ_CNOT,none,linear,cnot,global,12,8,8,88,88,11,21,0,6,10,RX,0,246,layer_006_wire_010_RX,0.00752814740624317,0.00752814740624317,False
random_bp,expectation_value,same_entangling_gate_count,pm_12q_bp_sweep,hea,RX_RY_RZ_CNOT,none,linear,cnot,global,12,8,8,88,88,11,21,0,6,10,RY,1,247,layer_006_wire_010_RY,-0.006445486023560022,0.006445486023560022,False
random_bp,expectation_value,same_entangling_gate_count,pm_12q_bp_sweep,hea,RX_RY_RZ_CNOT,none,linear,cnot,global,12,8,8,88,88,11,21,0,6,10,RZ,2,248,layer_006_wire_010_RZ,-0.004381405738134948,0.004381405738134948,False
random_bp,expectation_value,same_entangling_gate_count,pm_12q_bp_sweep,hea,RX_RY_RZ_CNOT,none,linear,cnot,global,12,8,8,88,88,11,21,0,6,11,RX,0,249,layer_006_wire_011_RX,0.009917703348237229,0.009917703348237229,False
random_bp,expectation_value,same_entangling_gate_count,pm_12q_bp_sweep,hea,RX_RY_RZ_CNOT,none,linear,cnot,global,12,8,8,88,88,11,21,0,6,11,RY,1,250,layer_006_wire_011_RY,0.004372476813119572,0.004372476813119572,False
random_bp,expectation_value,same_entangling_gate_count,pm_12q_bp_sweep,hea,RX_RY_RZ_CNOT,none,linear,cnot,global,12,8,8,88,88,11,21,0,6,11,RZ,2,251,layer_006_wire_011_RZ,0.0040392906700274945,0.0040392906700274945,False
random_bp,expectation_value,same_entangling_gate_count,pm_12q_bp_sweep,hea,RX_RY_RZ_CNOT,none,linear,cnot,global,12,8,8,88,88,11,21,0,7,0,RX,0,252,layer_007_wire_000_RX,-2.9815559743351372e-18,2.9815559743351372e-18,True
random_bp,expectation_value,same_entangling_gate_count,pm_12q_bp_sweep,hea,RX_RY_RZ_CNOT,none,linear,cnot,global,12,8,8,88,88,11,21,0,7,0,RY,1,253,layer_007_wire_000_RY,-8.673617379884035e-18,8.673617379884035e-18,True
random_bp,expectation_value,same_entangling_gate_count,pm_12q_bp_sweep,hea,RX_RY_RZ_CNOT,none,linear,cnot,global,12,8,8,88,88,11,21,0,7,0,RZ,2,254,layer_007_wire_000_RZ,1.4867595602388616e-18,1.4867595602388616e-18,True
random_bp,expectation_value,same_entangling_gate_count,pm_12q_bp_sweep,hea,RX_RY_RZ_CNOT,none,linear,cnot,global,12,8,8,88,88,11,21,0,7,1,RX,0,255,layer_007_wire_001_RX,0.012786308031770308,0.012786308031770308,False
random_bp,expectation_value,same_entangling_gate_count,pm_12q_bp_sweep,hea,RX_RY_RZ_CNOT,none,linear,cnot,global,12,8,8,88,88,11,21,0,7,1,RY,1,256,layer_007_wire_001_RY,0.023441835823296963,0.023441835823296963,False
random_bp,expectation_value,same_entangling_gate_count,pm_12q_bp_sweep,hea,RX_RY_RZ_CNOT,none,linear,cnot,global,12,8,8,88,88,11,21,0,7,1,RZ,2,257,layer_007_wire_001_RZ,1.2151127779221044e-17,1.2151127779221044e-17,True
random_bp,expectation_value,same_entangling_gate_count,pm_12q_bp_sweep,hea,RX_RY_RZ_CNOT,none,linear,cnot,global,12,8,8,88,88,11,21,0,7,2,RX,0,258,layer_007_wire_002_RX,-1.734723475976807e-18,1.734723475976807e-18,True
random_bp,expectation_value,same_entangling_gate_count,pm_12q_bp_sweep,hea,RX_RY_RZ_CNOT,none,linear,cnot,global,12,8,8,88,88,11,21,0,7,2,RY,1,259,layer_007_wire_002_RY,-3.469446951953614e-18,3.469446951953614e-18,True
random_bp,expectation_value,same_entangling_gate_count,pm_12q_bp_sweep,hea,RX_RY_RZ_CNOT,none,linear,cnot,global,12,8,8,88,88,11,21,0,7,2,RZ,2,260,layer_007_wire_002_RZ,8.956984830214228e-18,8.956984830214228e-18,True
random_bp,expectation_value,same_entangling_gate_count,pm_12q_bp_sweep,hea,RX_RY_RZ_CNOT,none,linear,cnot,global,12,8,8,88,88,11,21,0,7,3,RX,0,261,layer_007_wire_003_RX,-0.006717184237669642,0.006717184237669642,False
random_bp,expectation_value,same_entangling_gate_count,pm_12q_bp_sweep,hea,RX_RY_RZ_CNOT,none,linear,cnot,global,12,8,8,88,88,11,21,0,7,3,RY,1,262,layer_007_wire_003_RY,0.012336382863027628,0.012336382863027628,False
random_bp,expectation_value,same_entangling_gate_count,pm_12q_bp_sweep,hea,RX_RY_RZ_CNOT,none,linear,cnot,global,12,8,8,88,88,11,21,0,7,3,RZ,2,263,layer_007_wire_003_RZ,9.96880045764068e-18,9.96880045764068e-18,True
random_bp,expectation_value,same_entangling_gate_count,pm_12q_bp_sweep,hea,RX_RY_RZ_CNOT,none,linear,cnot,global,12,8,8,88,88,11,21,0,7,4,RX,0,264,layer_007_wire_004_RX,-3.469446951953614e-18,3.469446951953614e-18,True
random_bp,expectation_value,same_entangling_gate_count,pm_12q_bp_sweep,hea,RX_RY_RZ_CNOT,none,linear,cnot,global,12,8,8,88,88,11,21,0,7,4,RY,1,265,layer_007_wire_004_RY,8.673617379884035e-19,8.673617379884035e-19,True
random_bp,expectation_value,same_entangling_gate_count,pm_12q_bp_sweep,hea,RX_RY_RZ_CNOT,none,linear,cnot,global,12,8,8,88,88,11,21,0,7,4,RZ,2,266,layer_007_wire_004_RZ,1.7188452668581843e-18,1.7188452668581843e-18,True
random_bp,expectation_value,same_entangling_gate_count,pm_12q_bp_sweep,hea,RX_RY_RZ_CNOT,none,linear,cnot,global,12,8,8,88,88,11,21,0,7,5,RX,0,267,layer_007_wire_005_RX,-0.006124353541825274,0.006124353541825274,False
random_bp,expectation_value,same_entangling_gate_count,pm_12q_bp_sweep,hea,RX_RY_RZ_CNOT,none,linear,cnot,global,12,8,8,88,88,11,21,0,7,5,RY,1,268,layer_007_wire_005_RY,0.002387077794510568,0.002387077794510568,False
random_bp,expectation_value,same_entangling_gate_count,pm_12q_bp_sweep,hea,RX_RY_RZ_CNOT,none,linear,cnot,global,12,8,8,88,88,11,21,0,7,5,RZ,2,269,layer_007_wire_005_RZ,1.0775066356914755e-17,1.0775066356914755e-17,True
random_bp,expectation_value,same_entangling_gate_count,pm_12q_bp_sweep,hea,RX_RY_RZ_CNOT,none,linear,cnot,global,12,8,8,88,88,11,21,0,7,6,RX,0,270,layer_007_wire_006_RX,-6.938893903907228e-18,6.938893903907228e-18,True
random_bp,expectation_value,same_entangling_gate_count,pm_12q_bp_sweep,hea,RX_RY_RZ_CNOT,none,linear,cnot,global,12,8,8,88,88,11,21,0,7,6,RY,1,271,layer_007_wire_006_RY,-1.734723475976807e-18,1.734723475976807e-18,True
random_bp,expectation_value,same_entangling_gate_count,pm_12q_bp_sweep,hea,RX_RY_RZ_CNOT,none,linear,cnot,global,12,8,8,88,88,11,21,0,7,6,RZ,2,272,layer_007_wire_006_RZ,3.628353419120624e-18,3.628353419120624e-18,True
random_bp,expectation_value,same_entangling_gate_count,pm_12q_bp_sweep,hea,RX_RY_RZ_CNOT,none,linear,cnot,global,12,8,8,88,88,11,21,0,7,7,RX,0,273,layer_007_wire_007_RX,0.01075337603133888,0.01075337603133888,False
random_bp,expectation_value,same_entangling_gate_count,pm_12q_bp_sweep,hea,RX_RY_RZ_CNOT,none,linear,cnot,global,12,8,8,88,88,11,21,0,7,7,RY,1,274,layer_007_wire_007_RY,-0.0003055165004593671,0.0003055165004593671,False
random_bp,expectation_value,same_entangling_gate_count,pm_12q_bp_sweep,hea,RX_RY_RZ_CNOT,none,linear,cnot,global,12,8,8,88,88,11,21,0,7,7,RZ,2,275,layer_007_wire_007_RZ,-3.0729503022215494e-18,3.0729503022215494e-18,True
random_bp,expectation_value,same_entangling_gate_count,pm_12q_bp_sweep,hea,RX_RY_RZ_CNOT,none,linear,cnot,global,12,8,8,88,88,11,21,0,7,8,RX,0,276,layer_007_wire_008_RX,5.204170427930421e-18,5.204170427930421e-18,True
random_bp,expectation_value,same_entangling_gate_count,pm_12q_bp_sweep,hea,RX_RY_RZ_CNOT,none,linear,cnot,global,12,8,8,88,88,11,21,0,7,8,RY,1,277,layer_007_wire_008_RY,1.474514954580286e-17,1.474514954580286e-17,True
random_bp,expectation_value,same_entangling_gate_count,pm_12q_bp_sweep,hea,RX_RY_RZ_CNOT,none,linear,cnot,global,12,8,8,88,88,11,21,0,7,8,RZ,2,278,layer_007_wire_008_RZ,-4.7316172970133645e-19,4.7316172970133645e-19,True
random_bp,expectation_value,same_entangling_gate_count,pm_12q_bp_sweep,hea,RX_RY_RZ_CNOT,none,linear,cnot,global,12,8,8,88,88,11,21,0,7,9,RX,0,279,layer_007_wire_009_RX,0.0019334570526672156,0.0019334570526672156,False
random_bp,expectation_value,same_entangling_gate_count,pm_12q_bp_sweep,hea,RX_RY_RZ_CNOT,none,linear,cnot,global,12,8,8,88,88,11,21,0,7,9,RY,1,280,layer_007_wire_009_RY,0.015162199987108996,0.015162199987108996,False
random_bp,expectation_value,same_entangling_gate_count,pm_12q_bp_sweep,hea,RX_RY_RZ_CNOT,none,linear,cnot,global,12,8,8,88,88,11,21,0,7,9,RZ,2,281,layer_007_wire_009_RZ,3.593124455404211e-18,3.593124455404211e-18,True
random_bp,expectation_value,same_entangling_gate_count,pm_12q_bp_sweep,hea,RX_RY_RZ_CNOT,none,linear,cnot,global,12,8,8,88,88,11,21,0,7,10,RX,0,282,layer_007_wire_010_RX,1.734723475976807e-17,1.734723475976807e-17,True
random_bp,expectation_value,same_entangling_gate_count,pm_12q_bp_sweep,hea,RX_RY_RZ_CNOT,none,linear,cnot,global,12,8,8,88,88,11,21,0,7,10,RY,1,283,layer_007_wire_010_RY,2.168404344971009e-19,2.168404344971009e-19,True
random_bp,expectation_value,same_entangling_gate_count,pm_12q_bp_sweep,hea,RX_RY_RZ_CNOT,none,linear,cnot,global,12,8,8,88,88,11,21,0,7,10,RZ,2,284,layer_007_wire_010_RZ,1.3973029627152488e-17,1.3973029627152488e-17,True
random_bp,expectation_value,same_entangling_gate_count,pm_12q_bp_sweep,hea,RX_RY_RZ_CNOT,none,linear,cnot,global,12,8,8,88,88,11,21,0,7,11,RX,0,285,layer_007_wire_011_RX,0.008347280016923619,0.008347280016923619,False
random_bp,expectation_value,same_entangling_gate_count,pm_12q_bp_sweep,hea,RX_RY_RZ_CNOT,none,linear,cnot,global,12,8,8,88,88,11,21,0,7,11,RY,1,286,layer_007_wire_011_RY,-0.005336565662182897,0.005336565662182897,False
random_bp,expectation_value,same_entangling_gate_count,pm_12q_bp_sweep,hea,RX_RY_RZ_CNOT,none,linear,cnot,global,12,8,8,88,88,11,21,0,7,11,RZ,2,287,layer_007_wire_011_RZ,-6.3168846281175774e-18,6.3168846281175774e-18,True
random_bp,expectation_value,same_entangling_gate_count,pm_12q_bp_sweep,hea,RX_RY_RZ_CNOT,none,linear,cnot,global,12,8,8,88,88,11,22,1,0,0,RX,0,0,layer_000_wire_000_RX,0.01391238684907582,0.01391238684907582,False
random_bp,expectation_value,same_entangling_gate_count,pm_12q_bp_sweep,hea,RX_RY_RZ_CNOT,none,linear,cnot,global,12,8,8,88,88,11,22,1,0,0,RY,1,1,layer_000_wire_000_RY,-0.004070420876879897,0.004070420876879897,False
random_bp,expectation_value,same_entangling_gate_count,pm_12q_bp_sweep,hea,RX_RY_RZ_CNOT,none,linear,cnot,global,12,8,8,88,88,11,22,1,0,0,RZ,2,2,layer_000_wire_000_RZ,-0.003972251657236329,0.003972251657236329,False
random_bp,expectation_value,same_entangling_gate_count,pm_12q_bp_sweep,hea,RX_RY_RZ_CNOT,none,linear,cnot,global,12,8,8,88,88,11,22,1,0,1,RX,0,3,layer_000_wire_001_RX,-0.010695118299162296,0.010695118299162296,False
random_bp,expectation_value,same_entangling_gate_count,pm_12q_bp_sweep,hea,RX_RY_RZ_CNOT,none,linear,cnot,global,12,8,8,88,88,11,22,1,0,1,RY,1,4,layer_000_wire_001_RY,-0.012248981778541588,0.012248981778541588,False
random_bp,expectation_value,same_entangling_gate_count,pm_12q_bp_sweep,hea,RX_RY_RZ_CNOT,none,linear,cnot,global,12,8,8,88,88,11,22,1,0,1,RZ,2,5,layer_000_wire_001_RZ,-0.008346858397550252,0.008346858397550252,False
random_bp,expectation_value,same_entangling_gate_count,pm_12q_bp_sweep,hea,RX_RY_RZ_CNOT,none,linear,cnot,global,12,8,8,88,88,11,22,1,0,2,RX,0,6,layer_000_wire_002_RX,-0.00042195152943689824,0.00042195152943689824,False
random_bp,expectation_value,same_entangling_gate_count,pm_12q_bp_sweep,hea,RX_RY_RZ_CNOT,none,linear,cnot,global,12,8,8,88,88,11,22,1,0,2,RY,1,7,layer_000_wire_002_RY,0.0034486906542278966,0.0034486906542278966,False
random_bp,expectation_value,same_entangling_gate_count,pm_12q_bp_sweep,hea,RX_RY_RZ_CNOT,none,linear,cnot,global,12,8,8,88,88,11,22,1,0,2,RZ,2,8,layer_000_wire_002_RZ,-0.005692899804307417,0.005692899804307417,False
random_bp,expectation_value,same_entangling_gate_count,pm_12q_bp_sweep,hea,RX_RY_RZ_CNOT,none,linear,cnot,global,12,8,8,88,88,11,22,1,0,3,RX,0,9,layer_000_wire_003_RX,0.013315306859893346,0.013315306859893346,False
random_bp,expectation_value,same_entangling_gate_count,pm_12q_bp_sweep,hea,RX_RY_RZ_CNOT,none,linear,cnot,global,12,8,8,88,88,11,22,1,0,3,RY,1,10,layer_000_wire_003_RY,0.01529295602178708,0.01529295602178708,False
random_bp,expectation_value,same_entangling_gate_count,pm_12q_bp_sweep,hea,RX_RY_RZ_CNOT,none,linear,cnot,global,12,8,8,88,88,11,22,1,0,3,RZ,2,11,layer_000_wire_003_RZ,-0.013371102796606358,0.013371102796606358,False
random_bp,expectation_value,same_entangling_gate_count,pm_12q_bp_sweep,hea,RX_RY_RZ_CNOT,none,linear,cnot,global,12,8,8,88,88,11,22,1,0,4,RX,0,12,layer_000_wire_004_RX,-0.019410124077708788,0.019410124077708788,False
random_bp,expectation_value,same_entangling_gate_count,pm_12q_bp_sweep,hea,RX_RY_RZ_CNOT,none,linear,cnot,global,12,8,8,88,88,11,22,1,0,4,RY,1,13,layer_000_wire_004_RY,-0.00412890564518332,0.00412890564518332,False
random_bp,expectation_value,same_entangling_gate_count,pm_12q_bp_sweep,hea,RX_RY_RZ_CNOT,none,linear,cnot,global,12,8,8,88,88,11,22,1,0,4,RZ,2,14,layer_000_wire_004_RZ,0.017044002040554302,0.017044002040554302,False
random_bp,expectation_value,same_entangling_gate_count,pm_12q_bp_sweep,hea,RX_RY_RZ_CNOT,none,linear,cnot,global,12,8,8,88,88,11,22,1,0,5,RX,0,15,layer_000_wire_005_RX,-0.011085747335212113,0.011085747335212113,False
random_bp,expectation_value,same_entangling_gate_count,pm_12q_bp_sweep,hea,RX_RY_RZ_CNOT,none,linear,cnot,global,12,8,8,88,88,11,22,1,0,5,RY,1,16,layer_000_wire_005_RY,0.011129026586934978,0.011129026586934978,False
random_bp,expectation_value,same_entangling_gate_count,pm_12q_bp_sweep,hea,RX_RY_RZ_CNOT,none,linear,cnot,global,12,8,8,88,88,11,22,1,0,5,RZ,2,17,layer_000_wire_005_RZ,-0.0060424289837626224,0.0060424289837626224,False
random_bp,expectation_value,same_entangling_gate_count,pm_12q_bp_sweep,hea,RX_RY_RZ_CNOT,none,linear,cnot,global,12,8,8,88,88,11,22,1,0,6,RX,0,18,layer_000_wire_006_RX,-0.013412185186942755,0.013412185186942755,False
random_bp,expectation_value,same_entangling_gate_count,pm_12q_bp_sweep,hea,RX_RY_RZ_CNOT,none,linear,cnot,global,12,8,8,88,88,11,22,1,0,6,RY,1,19,layer_000_wire_006_RY,0.0011732130522073628,0.0011732130522073628,False
random_bp,expectation_value,same_entangling_gate_count,pm_12q_bp_sweep,hea,RX_RY_RZ_CNOT,none,linear,cnot,global,12,8,8,88,88,11,22,1,0,6,RZ,2,20,layer_000_wire_006_RZ,-0.013070893129984017,0.013070893129984017,False
random_bp,expectation_value,same_entangling_gate_count,pm_12q_bp_sweep,hea,RX_RY_RZ_CNOT,none,linear,cnot,global,12,8,8,88,88,11,22,1,0,7,RX,0,21,layer_000_wire_007_RX,0.0009977606568278754,0.0009977606568278754,False
random_bp,expectation_value,same_entangling_gate_count,pm_12q_bp_sweep,hea,RX_RY_RZ_CNOT,none,linear,cnot,global,12,8,8,88,88,11,22,1,0,7,RY,1,22,layer_000_wire_007_RY,-0.0007525133597241318,0.0007525133597241318,False
random_bp,expectation_value,same_entangling_gate_count,pm_12q_bp_sweep,hea,RX_RY_RZ_CNOT,none,linear,cnot,global,12,8,8,88,88,11,22,1,0,7,RZ,2,23,layer_000_wire_007_RZ,0.003966376516409957,0.003966376516409957,False
random_bp,expectation_value,same_entangling_gate_count,pm_12q_bp_sweep,hea,RX_RY_RZ_CNOT,none,linear,cnot,global,12,8,8,88,88,11,22,1,0,8,RX,0,24,layer_000_wire_008_RX,-0.005049334675393668,0.005049334675393668,False
random_bp,expectation_value,same_entangling_gate_count,pm_12q_bp_sweep,hea,RX_RY_RZ_CNOT,none,linear,cnot,global,12,8,8,88,88,11,22,1,0,8,RY,1,25,layer_000_wire_008_RY,0.013037354487876213,0.013037354487876213,False
random_bp,expectation_value,same_entangling_gate_count,pm_12q_bp_sweep,hea,RX_RY_RZ_CNOT,none,linear,cnot,global,12,8,8,88,88,11,22,1,0,8,RZ,2,26,layer_000_wire_008_RZ,0.00448087111635659,0.00448087111635659,False
random_bp,expectation_value,same_entangling_gate_count,pm_12q_bp_sweep,hea,RX_RY_RZ_CNOT,none,linear,cnot,global,12,8,8,88,88,11,22,1,0,9,RX,0,27,layer_000_wire_009_RX,0.005515369295836765,0.005515369295836765,False
random_bp,expectation_value,same_entangling_gate_count,pm_12q_bp_sweep,hea,RX_RY_RZ_CNOT,none,linear,cnot,global,12,8,8,88,88,11,22,1,0,9,RY,1,28,layer_000_wire_009_RY,0.0020742505876005777,0.0020742505876005777,False
random_bp,expectation_value,same_entangling_gate_count,pm_12q_bp_sweep,hea,RX_RY_RZ_CNOT,none,linear,cnot,global,12,8,8,88,88,11,22,1,0,9,RZ,2,29,layer_000_wire_009_RZ,0.011142043507422716,0.011142043507422716,False
random_bp,expectation_value,same_entangling_gate_count,pm_12q_bp_sweep,hea,RX_RY_RZ_CNOT,none,linear,cnot,global,12,8,8,88,88,11,22,1,0,10,RX,0,30,layer_000_wire_010_RX,-0.024777131512052047,0.024777131512052047,False
random_bp,expectation_value,same_entangling_gate_count,pm_12q_bp_sweep,hea,RX_RY_RZ_CNOT,none,linear,cnot,global,12,8,8,88,88,11,22,1,0,10,RY,1,31,layer_000_wire_010_RY,-0.005813241133279527,0.005813241133279527,False
random_bp,expectation_value,same_entangling_gate_count,pm_12q_bp_sweep,hea,RX_RY_RZ_CNOT,none,linear,cnot,global,12,8,8,88,88,11,22,1,0,10,RZ,2,32,layer_000_wire_010_RZ,-0.01604662226494157,0.01604662226494157,False
random_bp,expectation_value,same_entangling_gate_count,pm_12q_bp_sweep,hea,RX_RY_RZ_CNOT,none,linear,cnot,global,12,8,8,88,88,11,22,1,0,11,RX,0,33,layer_000_wire_011_RX,-0.002361509555930068,0.002361509555930068,False
random_bp,expectation_value,same_entangling_gate_count,pm_12q_bp_sweep,hea,RX_RY_RZ_CNOT,none,linear,cnot,global,12,8,8,88,88,11,22,1,0,11,RY,1,34,layer_000_wire_011_RY,-0.00026973113901549535,0.00026973113901549535,False
random_bp,expectation_value,same_entangling_gate_count,pm_12q_bp_sweep,hea,RX_RY_RZ_CNOT,none,linear,cnot,global,12,8,8,88,88,11,22,1,0,11,RZ,2,35,layer_000_wire_011_RZ,0.0027479623703532343,0.0027479623703532343,False
random_bp,expectation_value,same_entangling_gate_count,pm_12q_bp_sweep,hea,RX_RY_RZ_CNOT,none,linear,cnot,global,12,8,8,88,88,11,22,1,1,0,RX,0,36,layer_001_wire_000_RX,0.02094755160019527,0.02094755160019527,False
random_bp,expectation_value,same_entangling_gate_count,pm_12q_bp_sweep,hea,RX_RY_RZ_CNOT,none,linear,cnot,global,12,8,8,88,88,11,22,1,1,0,RY,1,37,layer_001_wire_000_RY,-0.005468551124802944,0.005468551124802944,False
random_bp,expectation_value,same_entangling_gate_count,pm_12q_bp_sweep,hea,RX_RY_RZ_CNOT,none,linear,cnot,global,12,8,8,88,88,11,22,1,1,0,RZ,2,38,layer_001_wire_000_RZ,-0.0010769994943856988,0.0010769994943856988,False
random_bp,expectation_value,same_entangling_gate_count,pm_12q_bp_sweep,hea,RX_RY_RZ_CNOT,none,linear,cnot,global,12,8,8,88,88,11,22,1,1,1,RX,0,39,layer_001_wire_001_RX,-0.009121673844584965,0.009121673844584965,False
random_bp,expectation_value,same_entangling_gate_count,pm_12q_bp_sweep,hea,RX_RY_RZ_CNOT,none,linear,cnot,global,12,8,8,88,88,11,22,1,1,1,RY,1,40,layer_001_wire_001_RY,-0.0005549932352723087,0.0005549932352723087,False
random_bp,expectation_value,same_entangling_gate_count,pm_12q_bp_sweep,hea,RX_RY_RZ_CNOT,none,linear,cnot,global,12,8,8,88,88,11,22,1,1,1,RZ,2,41,layer_001_wire_001_RZ,0.004595257889167653,0.004595257889167653,False
random_bp,expectation_value,same_entangling_gate_count,pm_12q_bp_sweep,hea,RX_RY_RZ_CNOT,none,linear,cnot,global,12,8,8,88,88,11,22,1,1,2,RX,0,42,layer_001_wire_002_RX,-0.0018446767060776017,0.0018446767060776017,False
random_bp,expectation_value,same_entangling_gate_count,pm_12q_bp_sweep,hea,RX_RY_RZ_CNOT,none,linear,cnot,global,12,8,8,88,88,11,22,1,1,2,RY,1,43,layer_001_wire_002_RY,-0.005152551032745881,0.005152551032745881,False
random_bp,expectation_value,same_entangling_gate_count,pm_12q_bp_sweep,hea,RX_RY_RZ_CNOT,none,linear,cnot,global,12,8,8,88,88,11,22,1,1,2,RZ,2,44,layer_001_wire_002_RZ,-0.0017724701214147651,0.0017724701214147651,False
random_bp,expectation_value,same_entangling_gate_count,pm_12q_bp_sweep,hea,RX_RY_RZ_CNOT,none,linear,cnot,global,12,8,8,88,88,11,22,1,1,3,RX,0,45,layer_001_wire_003_RX,-0.0014062037798639533,0.0014062037798639533,False
random_bp,expectation_value,same_entangling_gate_count,pm_12q_bp_sweep,hea,RX_RY_RZ_CNOT,none,linear,cnot,global,12,8,8,88,88,11,22,1,1,3,RY,1,46,layer_001_wire_003_RY,-0.02236297621128407,0.02236297621128407,False
random_bp,expectation_value,same_entangling_gate_count,pm_12q_bp_sweep,hea,RX_RY_RZ_CNOT,none,linear,cnot,global,12,8,8,88,88,11,22,1,1,3,RZ,2,47,layer_001_wire_003_RZ,-0.005526127057156435,0.005526127057156435,False
random_bp,expectation_value,same_entangling_gate_count,pm_12q_bp_sweep,hea,RX_RY_RZ_CNOT,none,linear,cnot,global,12,8,8,88,88,11,22,1,1,4,RX,0,48,layer_001_wire_004_RX,0.016022839009671414,0.016022839009671414,False
random_bp,expectation_value,same_entangling_gate_count,pm_12q_bp_sweep,hea,RX_RY_RZ_CNOT,none,linear,cnot,global,12,8,8,88,88,11,22,1,1,4,RY,1,49,layer_001_wire_004_RY,-0.008923558357514511,0.008923558357514511,False
random_bp,expectation_value,same_entangling_gate_count,pm_12q_bp_sweep,hea,RX_RY_RZ_CNOT,none,linear,cnot,global,12,8,8,88,88,11,22,1,1,4,RZ,2,50,layer_001_wire_004_RZ,-0.017019686419840065,0.017019686419840065,False
random_bp,expectation_value,same_entangling_gate_count,pm_12q_bp_sweep,hea,RX_RY_RZ_CNOT,none,linear,cnot,global,12,8,8,88,88,11,22,1,1,5,RX,0,51,layer_001_wire_005_RX,-0.01317779966520648,0.01317779966520648,False
random_bp,expectation_value,same_entangling_gate_count,pm_12q_bp_sweep,hea,RX_RY_RZ_CNOT,none,linear,cnot,global,12,8,8,88,88,11,22,1,1,5,RY,1,52,layer_001_wire_005_RY,-0.0010361685955231903,0.0010361685955231903,False
random_bp,expectation_value,same_entangling_gate_count,pm_12q_bp_sweep,hea,RX_RY_RZ_CNOT,none,linear,cnot,global,12,8,8,88,88,11,22,1,1,5,RZ,2,53,layer_001_wire_005_RZ,-0.011538237285112926,0.011538237285112926,False
random_bp,expectation_value,same_entangling_gate_count,pm_12q_bp_sweep,hea,RX_RY_RZ_CNOT,none,linear,cnot,global,12,8,8,88,88,11,22,1,1,6,RX,0,54,layer_001_wire_006_RX,0.0010248320743853926,0.0010248320743853926,False
random_bp,expectation_value,same_entangling_gate_count,pm_12q_bp_sweep,hea,RX_RY_RZ_CNOT,none,linear,cnot,global,12,8,8,88,88,11,22,1,1,6,RY,1,55,layer_001_wire_006_RY,-0.002839180799602433,0.002839180799602433,False
random_bp,expectation_value,same_entangling_gate_count,pm_12q_bp_sweep,hea,RX_RY_RZ_CNOT,none,linear,cnot,global,12,8,8,88,88,11,22,1,1,6,RZ,2,56,layer_001_wire_006_RZ,0.014068544309071476,0.014068544309071476,False
random_bp,expectation_value,same_entangling_gate_count,pm_12q_bp_sweep,hea,RX_RY_RZ_CNOT,none,linear,cnot,global,12,8,8,88,88,11,22,1,1,7,RX,0,57,layer_001_wire_007_RX,0.004290900579180651,0.004290900579180651,False
random_bp,expectation_value,same_entangling_gate_count,pm_12q_bp_sweep,hea,RX_RY_RZ_CNOT,none,linear,cnot,global,12,8,8,88,88,11,22,1,1,7,RY,1,58,layer_001_wire_007_RY,-0.009616516489573266,0.009616516489573266,False
random_bp,expectation_value,same_entangling_gate_count,pm_12q_bp_sweep,hea,RX_RY_RZ_CNOT,none,linear,cnot,global,12,8,8,88,88,11,22,1,1,7,RZ,2,59,layer_001_wire_007_RZ,0.0020448869186508126,0.0020448869186508126,False
random_bp,expectation_value,same_entangling_gate_count,pm_12q_bp_sweep,hea,RX_RY_RZ_CNOT,none,linear,cnot,global,12,8,8,88,88,11,22,1,1,8,RX,0,60,layer_001_wire_008_RX,0.007045021780732316,0.007045021780732316,False
random_bp,expectation_value,same_entangling_gate_count,pm_12q_bp_sweep,hea,RX_RY_RZ_CNOT,none,linear,cnot,global,12,8,8,88,88,11,22,1,1,8,RY,1,61,layer_001_wire_008_RY,0.011943407145917972,0.011943407145917972,False
random_bp,expectation_value,same_entangling_gate_count,pm_12q_bp_sweep,hea,RX_RY_RZ_CNOT,none,linear,cnot,global,12,8,8,88,88,11,22,1,1,8,RZ,2,62,layer_001_wire_008_RZ,0.018330477487869257,0.018330477487869257,False
random_bp,expectation_value,same_entangling_gate_count,pm_12q_bp_sweep,hea,RX_RY_RZ_CNOT,none,linear,cnot,global,12,8,8,88,88,11,22,1,1,9,RX,0,63,layer_001_wire_009_RX,-0.006242609920561033,0.006242609920561033,False
random_bp,expectation_value,same_entangling_gate_count,pm_12q_bp_sweep,hea,RX_RY_RZ_CNOT,none,linear,cnot,global,12,8,8,88,88,11,22,1,1,9,RY,1,64,layer_001_wire_009_RY,-0.01101165921752003,0.01101165921752003,False
random_bp,expectation_value,same_entangling_gate_count,pm_12q_bp_sweep,hea,RX_RY_RZ_CNOT,none,linear,cnot,global,12,8,8,88,88,11,22,1,1,9,RZ,2,65,layer_001_wire_009_RZ,-0.005596845616616706,0.005596845616616706,False
random_bp,expectation_value,same_entangling_gate_count,pm_12q_bp_sweep,hea,RX_RY_RZ_CNOT,none,linear,cnot,global,12,8,8,88,88,11,22,1,1,10,RX,0,66,layer_001_wire_010_RX,0.010364087083495154,0.010364087083495154,False
random_bp,expectation_value,same_entangling_gate_count,pm_12q_bp_sweep,hea,RX_RY_RZ_CNOT,none,linear,cnot,global,12,8,8,88,88,11,22,1,1,10,RY,1,67,layer_001_wire_010_RY,-0.008724939316852162,0.008724939316852162,False
random_bp,expectation_value,same_entangling_gate_count,pm_12q_bp_sweep,hea,RX_RY_RZ_CNOT,none,linear,cnot,global,12,8,8,88,88,11,22,1,1,10,RZ,2,68,layer_001_wire_010_RZ,9.917839622389189e-05,9.917839622389189e-05,False
random_bp,expectation_value,same_entangling_gate_count,pm_12q_bp_sweep,hea,RX_RY_RZ_CNOT,none,linear,cnot,global,12,8,8,88,88,11,22,1,1,11,RX,0,69,layer_001_wire_011_RX,0.0007866451231820276,0.0007866451231820276,False
random_bp,expectation_value,same_entangling_gate_count,pm_12q_bp_sweep,hea,RX_RY_RZ_CNOT,none,linear,cnot,global,12,8,8,88,88,11,22,1,1,11,RY,1,70,layer_001_wire_011_RY,0.028091472111480373,0.028091472111480373,False
random_bp,expectation_value,same_entangling_gate_count,pm_12q_bp_sweep,hea,RX_RY_RZ_CNOT,none,linear,cnot,global,12,8,8,88,88,11,22,1,1,11,RZ,2,71,layer_001_wire_011_RZ,-0.0029206799599593744,0.0029206799599593744,False
random_bp,expectation_value,same_entangling_gate_count,pm_12q_bp_sweep,hea,RX_RY_RZ_CNOT,none,linear,cnot,global,12,8,8,88,88,11,22,1,2,0,RX,0,72,layer_002_wire_000_RX,0.018961208600559592,0.018961208600559592,False
random_bp,expectation_value,same_entangling_gate_count,pm_12q_bp_sweep,hea,RX_RY_RZ_CNOT,none,linear,cnot,global,12,8,8,88,88,11,22,1,2,0,RY,1,73,layer_002_wire_000_RY,-0.00189566678254247,0.00189566678254247,False
random_bp,expectation_value,same_entangling_gate_count,pm_12q_bp_sweep,hea,RX_RY_RZ_CNOT,none,linear,cnot,global,12,8,8,88,88,11,22,1,2,0,RZ,2,74,layer_002_wire_000_RZ,0.011362055839494317,0.011362055839494317,False
random_bp,expectation_value,same_entangling_gate_count,pm_12q_bp_sweep,hea,RX_RY_RZ_CNOT,none,linear,cnot,global,12,8,8,88,88,11,22,1,2,1,RX,0,75,layer_002_wire_001_RX,0.014501861217306273,0.014501861217306273,False
random_bp,expectation_value,same_entangling_gate_count,pm_12q_bp_sweep,hea,RX_RY_RZ_CNOT,none,linear,cnot,global,12,8,8,88,88,11,22,1,2,1,RY,1,76,layer_002_wire_001_RY,-0.014645187042207377,0.014645187042207377,False
random_bp,expectation_value,same_entangling_gate_count,pm_12q_bp_sweep,hea,RX_RY_RZ_CNOT,none,linear,cnot,global,12,8,8,88,88,11,22,1,2,1,RZ,2,77,layer_002_wire_001_RZ,-0.015214051047651278,0.015214051047651278,False
random_bp,expectation_value,same_entangling_gate_count,pm_12q_bp_sweep,hea,RX_RY_RZ_CNOT,none,linear,cnot,global,12,8,8,88,88,11,22,1,2,2,RX,0,78,layer_002_wire_002_RX,-0.013368750162646693,0.013368750162646693,False
random_bp,expectation_value,same_entangling_gate_count,pm_12q_bp_sweep,hea,RX_RY_RZ_CNOT,none,linear,cnot,global,12,8,8,88,88,11,22,1,2,2,RY,1,79,layer_002_wire_002_RY,-0.004865181630504915,0.004865181630504915,False
random_bp,expectation_value,same_entangling_gate_count,pm_12q_bp_sweep,hea,RX_RY_RZ_CNOT,none,linear,cnot,global,12,8,8,88,88,11,22,1,2,2,RZ,2,80,layer_002_wire_002_RZ,0.0062288564442083225,0.0062288564442083225,False
random_bp,expectation_value,same_entangling_gate_count,pm_12q_bp_sweep,hea,RX_RY_RZ_CNOT,none,linear,cnot,global,12,8,8,88,88,11,22,1,2,3,RX,0,81,layer_002_wire_003_RX,0.013727671725189794,0.013727671725189794,False
random_bp,expectation_value,same_entangling_gate_count,pm_12q_bp_sweep,hea,RX_RY_RZ_CNOT,none,linear,cnot,global,12,8,8,88,88,11,22,1,2,3,RY,1,82,layer_002_wire_003_RY,-0.01243142082459466,0.01243142082459466,False
random_bp,expectation_value,same_entangling_gate_count,pm_12q_bp_sweep,hea,RX_RY_RZ_CNOT,none,linear,cnot,global,12,8,8,88,88,11,22,1,2,3,RZ,2,83,layer_002_wire_003_RZ,-0.014533221456319781,0.014533221456319781,False
random_bp,expectation_value,same_entangling_gate_count,pm_12q_bp_sweep,hea,RX_RY_RZ_CNOT,none,linear,cnot,global,12,8,8,88,88,11,22,1,2,4,RX,0,84,layer_002_wire_004_RX,0.004224866368234972,0.004224866368234972,False
random_bp,expectation_value,same_entangling_gate_count,pm_12q_bp_sweep,hea,RX_RY_RZ_CNOT,none,linear,cnot,global,12,8,8,88,88,11,22,1,2,4,RY,1,85,layer_002_wire_004_RY,0.001402807521255136,0.001402807521255136,False
random_bp,expectation_value,same_entangling_gate_count,pm_12q_bp_sweep,hea,RX_RY_RZ_CNOT,none,linear,cnot,global,12,8,8,88,88,11,22,1,2,4,RZ,2,86,layer_002_wire_004_RZ,0.0038997906779094644,0.0038997906779094644,False
random_bp,expectation_value,same_entangling_gate_count,pm_12q_bp_sweep,hea,RX_RY_RZ_CNOT,none,linear,cnot,global,12,8,8,88,88,11,22,1,2,5,RX,0,87,layer_002_wire_005_RX,-0.0003611585034707576,0.0003611585034707576,False
random_bp,expectation_value,same_entangling_gate_count,pm_12q_bp_sweep,hea,RX_RY_RZ_CNOT,none,linear,cnot,global,12,8,8,88,88,11,22,1,2,5,RY,1,88,layer_002_wire_005_RY,-0.013423385800815521,0.013423385800815521,False
random_bp,expectation_value,same_entangling_gate_count,pm_12q_bp_sweep,hea,RX_RY_RZ_CNOT,none,linear,cnot,global,12,8,8,88,88,11,22,1,2,5,RZ,2,89,layer_002_wire_005_RZ,-0.007594658727047847,0.007594658727047847,False
random_bp,expectation_value,same_entangling_gate_count,pm_12q_bp_sweep,hea,RX_RY_RZ_CNOT,none,linear,cnot,global,12,8,8,88,88,11,22,1,2,6,RX,0,90,layer_002_wire_006_RX,-0.012579870963872615,0.012579870963872615,False
random_bp,expectation_value,same_entangling_gate_count,pm_12q_bp_sweep,hea,RX_RY_RZ_CNOT,none,linear,cnot,global,12,8,8,88,88,11,22,1,2,6,RY,1,91,layer_002_wire_006_RY,-0.0009757519684560623,0.0009757519684560623,False
random_bp,expectation_value,same_entangling_gate_count,pm_12q_bp_sweep,hea,RX_RY_RZ_CNOT,none,linear,cnot,global,12,8,8,88,88,11,22,1,2,6,RZ,2,92,layer_002_wire_006_RZ,-0.008872778972653199,0.008872778972653199,False
random_bp,expectation_value,same_entangling_gate_count,pm_12q_bp_sweep,hea,RX_RY_RZ_CNOT,none,linear,cnot,global,12,8,8,88,88,11,22,1,2,7,RX,0,93,layer_002_wire_007_RX,0.004510909783609291,0.004510909783609291,False
random_bp,expectation_value,same_entangling_gate_count,pm_12q_bp_sweep,hea,RX_RY_RZ_CNOT,none,linear,cnot,global,12,8,8,88,88,11,22,1,2,7,RY,1,94,layer_002_wire_007_RY,0.016461597910806362,0.016461597910806362,False
random_bp,expectation_value,same_entangling_gate_count,pm_12q_bp_sweep,hea,RX_RY_RZ_CNOT,none,linear,cnot,global,12,8,8,88,88,11,22,1,2,7,RZ,2,95,layer_002_wire_007_RZ,0.005256560481519216,0.005256560481519216,False
random_bp,expectation_value,same_entangling_gate_count,pm_12q_bp_sweep,hea,RX_RY_RZ_CNOT,none,linear,cnot,global,12,8,8,88,88,11,22,1,2,8,RX,0,96,layer_002_wire_008_RX,0.016427734935726235,0.016427734935726235,False
random_bp,expectation_value,same_entangling_gate_count,pm_12q_bp_sweep,hea,RX_RY_RZ_CNOT,none,linear,cnot,global,12,8,8,88,88,11,22,1,2,8,RY,1,97,layer_002_wire_008_RY,-0.0269568659148852,0.0269568659148852,False
random_bp,expectation_value,same_entangling_gate_count,pm_12q_bp_sweep,hea,RX_RY_RZ_CNOT,none,linear,cnot,global,12,8,8,88,88,11,22,1,2,8,RZ,2,98,layer_002_wire_008_RZ,-0.011584049372839078,0.011584049372839078,False
random_bp,expectation_value,same_entangling_gate_count,pm_12q_bp_sweep,hea,RX_RY_RZ_CNOT,none,linear,cnot,global,12,8,8,88,88,11,22,1,2,9,RX,0,99,layer_002_wire_009_RX,-0.013948709005686339,0.013948709005686339,False
random_bp,expectation_value,same_entangling_gate_count,pm_12q_bp_sweep,hea,RX_RY_RZ_CNOT,none,linear,cnot,global,12,8,8,88,88,11,22,1,2,9,RY,1,100,layer_002_wire_009_RY,-0.021633298482455526,0.021633298482455526,False
random_bp,expectation_value,same_entangling_gate_count,pm_12q_bp_sweep,hea,RX_RY_RZ_CNOT,none,linear,cnot,global,12,8,8,88,88,11,22,1,2,9,RZ,2,101,layer_002_wire_009_RZ,0.015873786357000534,0.015873786357000534,False
random_bp,expectation_value,same_entangling_gate_count,pm_12q_bp_sweep,hea,RX_RY_RZ_CNOT,none,linear,cnot,global,12,8,8,88,88,11,22,1,2,10,RX,0,102,layer_002_wire_010_RX,0.01534393413900416,0.01534393413900416,False
random_bp,expectation_value,same_entangling_gate_count,pm_12q_bp_sweep,hea,RX_RY_RZ_CNOT,none,linear,cnot,global,12,8,8,88,88,11,22,1,2,10,RY,1,103,layer_002_wire_010_RY,-0.000333392917599859,0.000333392917599859,False
random_bp,expectation_value,same_entangling_gate_count,pm_12q_bp_sweep,hea,RX_RY_RZ_CNOT,none,linear,cnot,global,12,8,8,88,88,11,22,1,2,10,RZ,2,104,layer_002_wire_010_RZ,-0.014773072262581753,0.014773072262581753,False
random_bp,expectation_value,same_entangling_gate_count,pm_12q_bp_sweep,hea,RX_RY_RZ_CNOT,none,linear,cnot,global,12,8,8,88,88,11,22,1,2,11,RX,0,105,layer_002_wire_011_RX,-0.002225710857277193,0.002225710857277193,False
random_bp,expectation_value,same_entangling_gate_count,pm_12q_bp_sweep,hea,RX_RY_RZ_CNOT,none,linear,cnot,global,12,8,8,88,88,11,22,1,2,11,RY,1,106,layer_002_wire_011_RY,-0.002407596022900099,0.002407596022900099,False
random_bp,expectation_value,same_entangling_gate_count,pm_12q_bp_sweep,hea,RX_RY_RZ_CNOT,none,linear,cnot,global,12,8,8,88,88,11,22,1,2,11,RZ,2,107,layer_002_wire_011_RZ,-0.013277043859102005,0.013277043859102005,False
random_bp,expectation_value,same_entangling_gate_count,pm_12q_bp_sweep,hea,RX_RY_RZ_CNOT,none,linear,cnot,global,12,8,8,88,88,11,22,1,3,0,RX,0,108,layer_003_wire_000_RX,0.006319812181808933,0.006319812181808933,False
random_bp,expectation_value,same_entangling_gate_count,pm_12q_bp_sweep,hea,RX_RY_RZ_CNOT,none,linear,cnot,global,12,8,8,88,88,11,22,1,3,0,RY,1,109,layer_003_wire_000_RY,-0.006958847861446533,0.006958847861446533,False
random_bp,expectation_value,same_entangling_gate_count,pm_12q_bp_sweep,hea,RX_RY_RZ_CNOT,none,linear,cnot,global,12,8,8,88,88,11,22,1,3,0,RZ,2,110,layer_003_wire_000_RZ,0.006791222344068124,0.006791222344068124,False
random_bp,expectation_value,same_entangling_gate_count,pm_12q_bp_sweep,hea,RX_RY_RZ_CNOT,none,linear,cnot,global,12,8,8,88,88,11,22,1,3,1,RX,0,111,layer_003_wire_001_RX,0.01573016818658243,0.01573016818658243,False
random_bp,expectation_value,same_entangling_gate_count,pm_12q_bp_sweep,hea,RX_RY_RZ_CNOT,none,linear,cnot,global,12,8,8,88,88,11,22,1,3,1,RY,1,112,layer_003_wire_001_RY,0.0021322609497961232,0.0021322609497961232,False
random_bp,expectation_value,same_entangling_gate_count,pm_12q_bp_sweep,hea,RX_RY_RZ_CNOT,none,linear,cnot,global,12,8,8,88,88,11,22,1,3,1,RZ,2,113,layer_003_wire_001_RZ,0.01479206579419044,0.01479206579419044,False
random_bp,expectation_value,same_entangling_gate_count,pm_12q_bp_sweep,hea,RX_RY_RZ_CNOT,none,linear,cnot,global,12,8,8,88,88,11,22,1,3,2,RX,0,114,layer_003_wire_002_RX,-0.004670327613452595,0.004670327613452595,False
random_bp,expectation_value,same_entangling_gate_count,pm_12q_bp_sweep,hea,RX_RY_RZ_CNOT,none,linear,cnot,global,12,8,8,88,88,11,22,1,3,2,RY,1,115,layer_003_wire_002_RY,-0.002737492315547089,0.002737492315547089,False
random_bp,expectation_value,same_entangling_gate_count,pm_12q_bp_sweep,hea,RX_RY_RZ_CNOT,none,linear,cnot,global,12,8,8,88,88,11,22,1,3,2,RZ,2,116,layer_003_wire_002_RZ,0.00459570987377408,0.00459570987377408,False
random_bp,expectation_value,same_entangling_gate_count,pm_12q_bp_sweep,hea,RX_RY_RZ_CNOT,none,linear,cnot,global,12,8,8,88,88,11,22,1,3,3,RX,0,117,layer_003_wire_003_RX,-0.01835109209070973,0.01835109209070973,False
random_bp,expectation_value,same_entangling_gate_count,pm_12q_bp_sweep,hea,RX_RY_RZ_CNOT,none,linear,cnot,global,12,8,8,88,88,11,22,1,3,3,RY,1,118,layer_003_wire_003_RY,-0.01465999395304134,0.01465999395304134,False
random_bp,expectation_value,same_entangling_gate_count,pm_12q_bp_sweep,hea,RX_RY_RZ_CNOT,none,linear,cnot,global,12,8,8,88,88,11,22,1,3,3,RZ,2,119,layer_003_wire_003_RZ,0.01605433460872898,0.01605433460872898,False
random_bp,expectation_value,same_entangling_gate_count,pm_12q_bp_sweep,hea,RX_RY_RZ_CNOT,none,linear,cnot,global,12,8,8,88,88,11,22,1,3,4,RX,0,120,layer_003_wire_004_RX,-0.019081436465333237,0.019081436465333237,False
random_bp,expectation_value,same_entangling_gate_count,pm_12q_bp_sweep,hea,RX_RY_RZ_CNOT,none,linear,cnot,global,12,8,8,88,88,11,22,1,3,4,RY,1,121,layer_003_wire_004_RY,0.0007810905232322005,0.0007810905232322005,False
random_bp,expectation_value,same_entangling_gate_count,pm_12q_bp_sweep,hea,RX_RY_RZ_CNOT,none,linear,cnot,global,12,8,8,88,88,11,22,1,3,4,RZ,2,122,layer_003_wire_004_RZ,0.01784425242024423,0.01784425242024423,False
random_bp,expectation_value,same_entangling_gate_count,pm_12q_bp_sweep,hea,RX_RY_RZ_CNOT,none,linear,cnot,global,12,8,8,88,88,11,22,1,3,5,RX,0,123,layer_003_wire_005_RX,-0.0023090802851248385,0.0023090802851248385,False
random_bp,expectation_value,same_entangling_gate_count,pm_12q_bp_sweep,hea,RX_RY_RZ_CNOT,none,linear,cnot,global,12,8,8,88,88,11,22,1,3,5,RY,1,124,layer_003_wire_005_RY,0.0035297041860907095,0.0035297041860907095,False
random_bp,expectation_value,same_entangling_gate_count,pm_12q_bp_sweep,hea,RX_RY_RZ_CNOT,none,linear,cnot,global,12,8,8,88,88,11,22,1,3,5,RZ,2,125,layer_003_wire_005_RZ,-0.003730684129830667,0.003730684129830667,False
random_bp,expectation_value,same_entangling_gate_count,pm_12q_bp_sweep,hea,RX_RY_RZ_CNOT,none,linear,cnot,global,12,8,8,88,88,11,22,1,3,6,RX,0,126,layer_003_wire_006_RX,0.004008353718055316,0.004008353718055316,False
random_bp,expectation_value,same_entangling_gate_count,pm_12q_bp_sweep,hea,RX_RY_RZ_CNOT,none,linear,cnot,global,12,8,8,88,88,11,22,1,3,6,RY,1,127,layer_003_wire_006_RY,0.008757220604870764,0.008757220604870764,False
random_bp,expectation_value,same_entangling_gate_count,pm_12q_bp_sweep,hea,RX_RY_RZ_CNOT,none,linear,cnot,global,12,8,8,88,88,11,22,1,3,6,RZ,2,128,layer_003_wire_006_RZ,0.004723477015730705,0.004723477015730705,False
random_bp,expectation_value,same_entangling_gate_count,pm_12q_bp_sweep,hea,RX_RY_RZ_CNOT,none,linear,cnot,global,12,8,8,88,88,11,22,1,3,7,RX,0,129,layer_003_wire_007_RX,-0.005721535359350584,0.005721535359350584,False
random_bp,expectation_value,same_entangling_gate_count,pm_12q_bp_sweep,hea,RX_RY_RZ_CNOT,none,linear,cnot,global,12,8,8,88,88,11,22,1,3,7,RY,1,130,layer_003_wire_007_RY,-0.0030530156758453567,0.0030530156758453567,False
random_bp,expectation_value,same_entangling_gate_count,pm_12q_bp_sweep,hea,RX_RY_RZ_CNOT,none,linear,cnot,global,12,8,8,88,88,11,22,1,3,7,RZ,2,131,layer_003_wire_007_RZ,-0.005489395325030612,0.005489395325030612,False
random_bp,expectation_value,same_entangling_gate_count,pm_12q_bp_sweep,hea,RX_RY_RZ_CNOT,none,linear,cnot,global,12,8,8,88,88,11,22,1,3,8,RX,0,132,layer_003_wire_008_RX,-0.007616252844874979,0.007616252844874979,False
random_bp,expectation_value,same_entangling_gate_count,pm_12q_bp_sweep,hea,RX_RY_RZ_CNOT,none,linear,cnot,global,12,8,8,88,88,11,22,1,3,8,RY,1,133,layer_003_wire_008_RY,-0.001742728438688992,0.001742728438688992,False
random_bp,expectation_value,same_entangling_gate_count,pm_12q_bp_sweep,hea,RX_RY_RZ_CNOT,none,linear,cnot,global,12,8,8,88,88,11,22,1,3,8,RZ,2,134,layer_003_wire_008_RZ,0.007102946631766421,0.007102946631766421,False
random_bp,expectation_value,same_entangling_gate_count,pm_12q_bp_sweep,hea,RX_RY_RZ_CNOT,none,linear,cnot,global,12,8,8,88,88,11,22,1,3,9,RX,0,135,layer_003_wire_009_RX,0.001961633283423073,0.001961633283423073,False
random_bp,expectation_value,same_entangling_gate_count,pm_12q_bp_sweep,hea,RX_RY_RZ_CNOT,none,linear,cnot,global,12,8,8,88,88,11,22,1,3,9,RY,1,136,layer_003_wire_009_RY,-0.008281119833140317,0.008281119833140317,False
random_bp,expectation_value,same_entangling_gate_count,pm_12q_bp_sweep,hea,RX_RY_RZ_CNOT,none,linear,cnot,global,12,8,8,88,88,11,22,1,3,9,RZ,2,137,layer_003_wire_009_RZ,0.015177783392079099,0.015177783392079099,False
random_bp,expectation_value,same_entangling_gate_count,pm_12q_bp_sweep,hea,RX_RY_RZ_CNOT,none,linear,cnot,global,12,8,8,88,88,11,22,1,3,10,RX,0,138,layer_003_wire_010_RX,0.024552433345396543,0.024552433345396543,False
random_bp,expectation_value,same_entangling_gate_count,pm_12q_bp_sweep,hea,RX_RY_RZ_CNOT,none,linear,cnot,global,12,8,8,88,88,11,22,1,3,10,RY,1,139,layer_003_wire_010_RY,0.0013909610365633685,0.0013909610365633685,False
random_bp,expectation_value,same_entangling_gate_count,pm_12q_bp_sweep,hea,RX_RY_RZ_CNOT,none,linear,cnot,global,12,8,8,88,88,11,22,1,3,10,RZ,2,140,layer_003_wire_010_RZ,0.020430726665502406,0.020430726665502406,False
random_bp,expectation_value,same_entangling_gate_count,pm_12q_bp_sweep,hea,RX_RY_RZ_CNOT,none,linear,cnot,global,12,8,8,88,88,11,22,1,3,11,RX,0,141,layer_003_wire_011_RX,-0.0002691005229195086,0.0002691005229195086,False
random_bp,expectation_value,same_entangling_gate_count,pm_12q_bp_sweep,hea,RX_RY_RZ_CNOT,none,linear,cnot,global,12,8,8,88,88,11,22,1,3,11,RY,1,142,layer_003_wire_011_RY,-0.015868526404973434,0.015868526404973434,False
random_bp,expectation_value,same_entangling_gate_count,pm_12q_bp_sweep,hea,RX_RY_RZ_CNOT,none,linear,cnot,global,12,8,8,88,88,11,22,1,3,11,RZ,2,143,layer_003_wire_011_RZ,5.022192351238037e-05,5.022192351238037e-05,False
random_bp,expectation_value,same_entangling_gate_count,pm_12q_bp_sweep,hea,RX_RY_RZ_CNOT,none,linear,cnot,global,12,8,8,88,88,11,22,1,4,0,RX,0,144,layer_004_wire_000_RX,0.011606373898767997,0.011606373898767997,False
random_bp,expectation_value,same_entangling_gate_count,pm_12q_bp_sweep,hea,RX_RY_RZ_CNOT,none,linear,cnot,global,12,8,8,88,88,11,22,1,4,0,RY,1,145,layer_004_wire_000_RY,-0.01883859645087265,0.01883859645087265,False
random_bp,expectation_value,same_entangling_gate_count,pm_12q_bp_sweep,hea,RX_RY_RZ_CNOT,none,linear,cnot,global,12,8,8,88,88,11,22,1,4,0,RZ,2,146,layer_004_wire_000_RZ,-0.012654533327793902,0.012654533327793902,False
random_bp,expectation_value,same_entangling_gate_count,pm_12q_bp_sweep,hea,RX_RY_RZ_CNOT,none,linear,cnot,global,12,8,8,88,88,11,22,1,4,1,RX,0,147,layer_004_wire_001_RX,-0.01696260929835182,0.01696260929835182,False
random_bp,expectation_value,same_entangling_gate_count,pm_12q_bp_sweep,hea,RX_RY_RZ_CNOT,none,linear,cnot,global,12,8,8,88,88,11,22,1,4,1,RY,1,148,layer_004_wire_001_RY,-0.012503923819189876,0.012503923819189876,False
random_bp,expectation_value,same_entangling_gate_count,pm_12q_bp_sweep,hea,RX_RY_RZ_CNOT,none,linear,cnot,global,12,8,8,88,88,11,22,1,4,1,RZ,2,149,layer_004_wire_001_RZ,0.0025860246049474516,0.0025860246049474516,False
random_bp,expectation_value,same_entangling_gate_count,pm_12q_bp_sweep,hea,RX_RY_RZ_CNOT,none,linear,cnot,global,12,8,8,88,88,11,22,1,4,2,RX,0,150,layer_004_wire_002_RX,0.008006770091160163,0.008006770091160163,False
random_bp,expectation_value,same_entangling_gate_count,pm_12q_bp_sweep,hea,RX_RY_RZ_CNOT,none,linear,cnot,global,12,8,8,88,88,11,22,1,4,2,RY,1,151,layer_004_wire_002_RY,-0.0006303660652378792,0.0006303660652378792,False
random_bp,expectation_value,same_entangling_gate_count,pm_12q_bp_sweep,hea,RX_RY_RZ_CNOT,none,linear,cnot,global,12,8,8,88,88,11,22,1,4,2,RZ,2,152,layer_004_wire_002_RZ,0.009311856239599306,0.009311856239599306,False
random_bp,expectation_value,same_entangling_gate_count,pm_12q_bp_sweep,hea,RX_RY_RZ_CNOT,none,linear,cnot,global,12,8,8,88,88,11,22,1,4,3,RX,0,153,layer_004_wire_003_RX,-0.002103691009172903,0.002103691009172903,False
random_bp,expectation_value,same_entangling_gate_count,pm_12q_bp_sweep,hea,RX_RY_RZ_CNOT,none,linear,cnot,global,12,8,8,88,88,11,22,1,4,3,RY,1,154,layer_004_wire_003_RY,0.0015192621681291954,0.0015192621681291954,False
random_bp,expectation_value,same_entangling_gate_count,pm_12q_bp_sweep,hea,RX_RY_RZ_CNOT,none,linear,cnot,global,12,8,8,88,88,11,22,1,4,3,RZ,2,155,layer_004_wire_003_RZ,-0.0008530681024209524,0.0008530681024209524,False
random_bp,expectation_value,same_entangling_gate_count,pm_12q_bp_sweep,hea,RX_RY_RZ_CNOT,none,linear,cnot,global,12,8,8,88,88,11,22,1,4,4,RX,0,156,layer_004_wire_004_RX,0.00794016176674437,0.00794016176674437,False
random_bp,expectation_value,same_entangling_gate_count,pm_12q_bp_sweep,hea,RX_RY_RZ_CNOT,none,linear,cnot,global,12,8,8,88,88,11,22,1,4,4,RY,1,157,layer_004_wire_004_RY,-0.012333491156481309,0.012333491156481309,False
random_bp,expectation_value,same_entangling_gate_count,pm_12q_bp_sweep,hea,RX_RY_RZ_CNOT,none,linear,cnot,global,12,8,8,88,88,11,22,1,4,4,RZ,2,158,layer_004_wire_004_RZ,0.011537982354076392,0.011537982354076392,False
random_bp,expectation_value,same_entangling_gate_count,pm_12q_bp_sweep,hea,RX_RY_RZ_CNOT,none,linear,cnot,global,12,8,8,88,88,11,22,1,4,5,RX,0,159,layer_004_wire_005_RX,0.005168258709218538,0.005168258709218538,False
random_bp,expectation_value,same_entangling_gate_count,pm_12q_bp_sweep,hea,RX_RY_RZ_CNOT,none,linear,cnot,global,12,8,8,88,88,11,22,1,4,5,RY,1,160,layer_004_wire_005_RY,-0.006875933492313974,0.006875933492313974,False
random_bp,expectation_value,same_entangling_gate_count,pm_12q_bp_sweep,hea,RX_RY_RZ_CNOT,none,linear,cnot,global,12,8,8,88,88,11,22,1,4,5,RZ,2,161,layer_004_wire_005_RZ,-0.0010714215758304618,0.0010714215758304618,False
random_bp,expectation_value,same_entangling_gate_count,pm_12q_bp_sweep,hea,RX_RY_RZ_CNOT,none,linear,cnot,global,12,8,8,88,88,11,22,1,4,6,RX,0,162,layer_004_wire_006_RX,0.010029614219139456,0.010029614219139456,False
random_bp,expectation_value,same_entangling_gate_count,pm_12q_bp_sweep,hea,RX_RY_RZ_CNOT,none,linear,cnot,global,12,8,8,88,88,11,22,1,4,6,RY,1,163,layer_004_wire_006_RY,0.005242856744892821,0.005242856744892821,False
random_bp,expectation_value,same_entangling_gate_count,pm_12q_bp_sweep,hea,RX_RY_RZ_CNOT,none,linear,cnot,global,12,8,8,88,88,11,22,1,4,6,RZ,2,164,layer_004_wire_006_RZ,-0.01181130198605886,0.01181130198605886,False
random_bp,expectation_value,same_entangling_gate_count,pm_12q_bp_sweep,hea,RX_RY_RZ_CNOT,none,linear,cnot,global,12,8,8,88,88,11,22,1,4,7,RX,0,165,layer_004_wire_007_RX,0.02192794090855797,0.02192794090855797,False
random_bp,expectation_value,same_entangling_gate_count,pm_12q_bp_sweep,hea,RX_RY_RZ_CNOT,none,linear,cnot,global,12,8,8,88,88,11,22,1,4,7,RY,1,166,layer_004_wire_007_RY,-0.008274166805028738,0.008274166805028738,False
random_bp,expectation_value,same_entangling_gate_count,pm_12q_bp_sweep,hea,RX_RY_RZ_CNOT,none,linear,cnot,global,12,8,8,88,88,11,22,1,4,7,RZ,2,167,layer_004_wire_007_RZ,0.019730754586358347,0.019730754586358347,False
random_bp,expectation_value,same_entangling_gate_count,pm_12q_bp_sweep,hea,RX_RY_RZ_CNOT,none,linear,cnot,global,12,8,8,88,88,11,22,1,4,8,RX,0,168,layer_004_wire_008_RX,-0.004110580975873136,0.004110580975873136,False
random_bp,expectation_value,same_entangling_gate_count,pm_12q_bp_sweep,hea,RX_RY_RZ_CNOT,none,linear,cnot,global,12,8,8,88,88,11,22,1,4,8,RY,1,169,layer_004_wire_008_RY,0.01874414191734713,0.01874414191734713,False
random_bp,expectation_value,same_entangling_gate_count,pm_12q_bp_sweep,hea,RX_RY_RZ_CNOT,none,linear,cnot,global,12,8,8,88,88,11,22,1,4,8,RZ,2,170,layer_004_wire_008_RZ,-0.0018673025760102932,0.0018673025760102932,False
random_bp,expectation_value,same_entangling_gate_count,pm_12q_bp_sweep,hea,RX_RY_RZ_CNOT,none,linear,cnot,global,12,8,8,88,88,11,22,1,4,9,RX,0,171,layer_004_wire_009_RX,-0.008517212716437154,0.008517212716437154,False
random_bp,expectation_value,same_entangling_gate_count,pm_12q_bp_sweep,hea,RX_RY_RZ_CNOT,none,linear,cnot,global,12,8,8,88,88,11,22,1,4,9,RY,1,172,layer_004_wire_009_RY,-0.0022951106087124983,0.0022951106087124983,False
random_bp,expectation_value,same_entangling_gate_count,pm_12q_bp_sweep,hea,RX_RY_RZ_CNOT,none,linear,cnot,global,12,8,8,88,88,11,22,1,4,9,RZ,2,173,layer_004_wire_009_RZ,0.0043835372270592315,0.0043835372270592315,False
random_bp,expectation_value,same_entangling_gate_count,pm_12q_bp_sweep,hea,RX_RY_RZ_CNOT,none,linear,cnot,global,12,8,8,88,88,11,22,1,4,10,RX,0,174,layer_004_wire_010_RX,-0.01046104154800025,0.01046104154800025,False
random_bp,expectation_value,same_entangling_gate_count,pm_12q_bp_sweep,hea,RX_RY_RZ_CNOT,none,linear,cnot,global,12,8,8,88,88,11,22,1,4,10,RY,1,175,layer_004_wire_010_RY,-0.005370792671840701,0.005370792671840701,False
random_bp,expectation_value,same_entangling_gate_count,pm_12q_bp_sweep,hea,RX_RY_RZ_CNOT,none,linear,cnot,global,12,8,8,88,88,11,22,1,4,10,RZ,2,176,layer_004_wire_010_RZ,-0.013681183001519015,0.013681183001519015,False
random_bp,expectation_value,same_entangling_gate_count,pm_12q_bp_sweep,hea,RX_RY_RZ_CNOT,none,linear,cnot,global,12,8,8,88,88,11,22,1,4,11,RX,0,177,layer_004_wire_011_RX,-0.012673438509911747,0.012673438509911747,False
random_bp,expectation_value,same_entangling_gate_count,pm_12q_bp_sweep,hea,RX_RY_RZ_CNOT,none,linear,cnot,global,12,8,8,88,88,11,22,1,4,11,RY,1,178,layer_004_wire_011_RY,0.0027653033826856716,0.0027653033826856716,False
random_bp,expectation_value,same_entangling_gate_count,pm_12q_bp_sweep,hea,RX_RY_RZ_CNOT,none,linear,cnot,global,12,8,8,88,88,11,22,1,4,11,RZ,2,179,layer_004_wire_011_RZ,0.00888241801357596,0.00888241801357596,False
random_bp,expectation_value,same_entangling_gate_count,pm_12q_bp_sweep,hea,RX_RY_RZ_CNOT,none,linear,cnot,global,12,8,8,88,88,11,22,1,5,0,RX,0,180,layer_005_wire_000_RX,0.0033482490189228175,0.0033482490189228175,False
random_bp,expectation_value,same_entangling_gate_count,pm_12q_bp_sweep,hea,RX_RY_RZ_CNOT,none,linear,cnot,global,12,8,8,88,88,11,22,1,5,0,RY,1,181,layer_005_wire_000_RY,0.01271652611364959,0.01271652611364959,False
random_bp,expectation_value,same_entangling_gate_count,pm_12q_bp_sweep,hea,RX_RY_RZ_CNOT,none,linear,cnot,global,12,8,8,88,88,11,22,1,5,0,RZ,2,182,layer_005_wire_000_RZ,0.0062940285336979315,0.0062940285336979315,False
random_bp,expectation_value,same_entangling_gate_count,pm_12q_bp_sweep,hea,RX_RY_RZ_CNOT,none,linear,cnot,global,12,8,8,88,88,11,22,1,5,1,RX,0,183,layer_005_wire_001_RX,0.019647405258635006,0.019647405258635006,False
random_bp,expectation_value,same_entangling_gate_count,pm_12q_bp_sweep,hea,RX_RY_RZ_CNOT,none,linear,cnot,global,12,8,8,88,88,11,22,1,5,1,RY,1,184,layer_005_wire_001_RY,-0.023289757279994387,0.023289757279994387,False
random_bp,expectation_value,same_entangling_gate_count,pm_12q_bp_sweep,hea,RX_RY_RZ_CNOT,none,linear,cnot,global,12,8,8,88,88,11,22,1,5,1,RZ,2,185,layer_005_wire_001_RZ,0.0029157480913387457,0.0029157480913387457,False
random_bp,expectation_value,same_entangling_gate_count,pm_12q_bp_sweep,hea,RX_RY_RZ_CNOT,none,linear,cnot,global,12,8,8,88,88,11,22,1,5,2,RX,0,186,layer_005_wire_002_RX,0.013031524226949191,0.013031524226949191,False
random_bp,expectation_value,same_entangling_gate_count,pm_12q_bp_sweep,hea,RX_RY_RZ_CNOT,none,linear,cnot,global,12,8,8,88,88,11,22,1,5,2,RY,1,187,layer_005_wire_002_RY,-0.004915037296239912,0.004915037296239912,False
random_bp,expectation_value,same_entangling_gate_count,pm_12q_bp_sweep,hea,RX_RY_RZ_CNOT,none,linear,cnot,global,12,8,8,88,88,11,22,1,5,2,RZ,2,188,layer_005_wire_002_RZ,0.01292068651272434,0.01292068651272434,False
random_bp,expectation_value,same_entangling_gate_count,pm_12q_bp_sweep,hea,RX_RY_RZ_CNOT,none,linear,cnot,global,12,8,8,88,88,11,22,1,5,3,RX,0,189,layer_005_wire_003_RX,0.014785699462250088,0.014785699462250088,False
random_bp,expectation_value,same_entangling_gate_count,pm_12q_bp_sweep,hea,RX_RY_RZ_CNOT,none,linear,cnot,global,12,8,8,88,88,11,22,1,5,3,RY,1,190,layer_005_wire_003_RY,0.009895124763480895,0.009895124763480895,False
random_bp,expectation_value,same_entangling_gate_count,pm_12q_bp_sweep,hea,RX_RY_RZ_CNOT,none,linear,cnot,global,12,8,8,88,88,11,22,1,5,3,RZ,2,191,layer_005_wire_003_RZ,-0.014477197819230854,0.014477197819230854,False
random_bp,expectation_value,same_entangling_gate_count,pm_12q_bp_sweep,hea,RX_RY_RZ_CNOT,none,linear,cnot,global,12,8,8,88,88,11,22,1,5,4,RX,0,192,layer_005_wire_004_RX,-0.008157805660480459,0.008157805660480459,False
random_bp,expectation_value,same_entangling_gate_count,pm_12q_bp_sweep,hea,RX_RY_RZ_CNOT,none,linear,cnot,global,12,8,8,88,88,11,22,1,5,4,RY,1,193,layer_005_wire_004_RY,-0.02107475642583974,0.02107475642583974,False
random_bp,expectation_value,same_entangling_gate_count,pm_12q_bp_sweep,hea,RX_RY_RZ_CNOT,none,linear,cnot,global,12,8,8,88,88,11,22,1,5,4,RZ,2,194,layer_005_wire_004_RZ,0.007212185188918642,0.007212185188918642,False
random_bp,expectation_value,same_entangling_gate_count,pm_12q_bp_sweep,hea,RX_RY_RZ_CNOT,none,linear,cnot,global,12,8,8,88,88,11,22,1,5,5,RX,0,195,layer_005_wire_005_RX,0.003290801634592197,0.003290801634592197,False
random_bp,expectation_value,same_entangling_gate_count,pm_12q_bp_sweep,hea,RX_RY_RZ_CNOT,none,linear,cnot,global,12,8,8,88,88,11,22,1,5,5,RY,1,196,layer_005_wire_005_RY,0.011417087209300066,0.011417087209300066,False
random_bp,expectation_value,same_entangling_gate_count,pm_12q_bp_sweep,hea,RX_RY_RZ_CNOT,none,linear,cnot,global,12,8,8,88,88,11,22,1,5,5,RZ,2,197,layer_005_wire_005_RZ,0.014796595191191298,0.014796595191191298,False
random_bp,expectation_value,same_entangling_gate_count,pm_12q_bp_sweep,hea,RX_RY_RZ_CNOT,none,linear,cnot,global,12,8,8,88,88,11,22,1,5,6,RX,0,198,layer_005_wire_006_RX,-0.002808975432640121,0.002808975432640121,False
random_bp,expectation_value,same_entangling_gate_count,pm_12q_bp_sweep,hea,RX_RY_RZ_CNOT,none,linear,cnot,global,12,8,8,88,88,11,22,1,5,6,RY,1,199,layer_005_wire_006_RY,0.018254502083811568,0.018254502083811568,False
random_bp,expectation_value,same_entangling_gate_count,pm_12q_bp_sweep,hea,RX_RY_RZ_CNOT,none,linear,cnot,global,12,8,8,88,88,11,22,1,5,6,RZ,2,200,layer_005_wire_006_RZ,-0.004570080611505237,0.004570080611505237,False
random_bp,expectation_value,same_entangling_gate_count,pm_12q_bp_sweep,hea,RX_RY_RZ_CNOT,none,linear,cnot,global,12,8,8,88,88,11,22,1,5,7,RX,0,201,layer_005_wire_007_RX,-0.010091087762738857,0.010091087762738857,False
random_bp,expectation_value,same_entangling_gate_count,pm_12q_bp_sweep,hea,RX_RY_RZ_CNOT,none,linear,cnot,global,12,8,8,88,88,11,22,1,5,7,RY,1,202,layer_005_wire_007_RY,-0.0007430482975027608,0.0007430482975027608,False
random_bp,expectation_value,same_entangling_gate_count,pm_12q_bp_sweep,hea,RX_RY_RZ_CNOT,none,linear,cnot,global,12,8,8,88,88,11,22,1,5,7,RZ,2,203,layer_005_wire_007_RZ,0.012233464247673985,0.012233464247673985,False
random_bp,expectation_value,same_entangling_gate_count,pm_12q_bp_sweep,hea,RX_RY_RZ_CNOT,none,linear,cnot,global,12,8,8,88,88,11,22,1,5,8,RX,0,204,layer_005_wire_008_RX,-0.013682711184782963,0.013682711184782963,False
random_bp,expectation_value,same_entangling_gate_count,pm_12q_bp_sweep,hea,RX_RY_RZ_CNOT,none,linear,cnot,global,12,8,8,88,88,11,22,1,5,8,RY,1,205,layer_005_wire_008_RY,-0.0015000077914343428,0.0015000077914343428,False
random_bp,expectation_value,same_entangling_gate_count,pm_12q_bp_sweep,hea,RX_RY_RZ_CNOT,none,linear,cnot,global,12,8,8,88,88,11,22,1,5,8,RZ,2,206,layer_005_wire_008_RZ,0.01201600454448528,0.01201600454448528,False
random_bp,expectation_value,same_entangling_gate_count,pm_12q_bp_sweep,hea,RX_RY_RZ_CNOT,none,linear,cnot,global,12,8,8,88,88,11,22,1,5,9,RX,0,207,layer_005_wire_009_RX,-0.0013603664448830688,0.0013603664448830688,False
random_bp,expectation_value,same_entangling_gate_count,pm_12q_bp_sweep,hea,RX_RY_RZ_CNOT,none,linear,cnot,global,12,8,8,88,88,11,22,1,5,9,RY,1,208,layer_005_wire_009_RY,0.006187788279603453,0.006187788279603453,False
random_bp,expectation_value,same_entangling_gate_count,pm_12q_bp_sweep,hea,RX_RY_RZ_CNOT,none,linear,cnot,global,12,8,8,88,88,11,22,1,5,9,RZ,2,209,layer_005_wire_009_RZ,0.0035720512555047607,0.0035720512555047607,False
random_bp,expectation_value,same_entangling_gate_count,pm_12q_bp_sweep,hea,RX_RY_RZ_CNOT,none,linear,cnot,global,12,8,8,88,88,11,22,1,5,10,RX,0,210,layer_005_wire_010_RX,-0.0034693846231527103,0.0034693846231527103,False
random_bp,expectation_value,same_entangling_gate_count,pm_12q_bp_sweep,hea,RX_RY_RZ_CNOT,none,linear,cnot,global,12,8,8,88,88,11,22,1,5,10,RY,1,211,layer_005_wire_010_RY,0.017794825171385337,0.017794825171385337,False
random_bp,expectation_value,same_entangling_gate_count,pm_12q_bp_sweep,hea,RX_RY_RZ_CNOT,none,linear,cnot,global,12,8,8,88,88,11,22,1,5,10,RZ,2,212,layer_005_wire_010_RZ,0.013014440903840723,0.013014440903840723,False
random_bp,expectation_value,same_entangling_gate_count,pm_12q_bp_sweep,hea,RX_RY_RZ_CNOT,none,linear,cnot,global,12,8,8,88,88,11,22,1,5,11,RX,0,213,layer_005_wire_011_RX,0.005188829811789031,0.005188829811789031,False
random_bp,expectation_value,same_entangling_gate_count,pm_12q_bp_sweep,hea,RX_RY_RZ_CNOT,none,linear,cnot,global,12,8,8,88,88,11,22,1,5,11,RY,1,214,layer_005_wire_011_RY,0.02407993031862414,0.02407993031862414,False
random_bp,expectation_value,same_entangling_gate_count,pm_12q_bp_sweep,hea,RX_RY_RZ_CNOT,none,linear,cnot,global,12,8,8,88,88,11,22,1,5,11,RZ,2,215,layer_005_wire_011_RZ,-0.006022351979310355,0.006022351979310355,False
random_bp,expectation_value,same_entangling_gate_count,pm_12q_bp_sweep,hea,RX_RY_RZ_CNOT,none,linear,cnot,global,12,8,8,88,88,11,22,1,6,0,RX,0,216,layer_006_wire_000_RX,-0.005339455707551807,0.005339455707551807,False
random_bp,expectation_value,same_entangling_gate_count,pm_12q_bp_sweep,hea,RX_RY_RZ_CNOT,none,linear,cnot,global,12,8,8,88,88,11,22,1,6,0,RY,1,217,layer_006_wire_000_RY,-0.02909407753479915,0.02909407753479915,False
random_bp,expectation_value,same_entangling_gate_count,pm_12q_bp_sweep,hea,RX_RY_RZ_CNOT,none,linear,cnot,global,12,8,8,88,88,11,22,1,6,0,RZ,2,218,layer_006_wire_000_RZ,3.574808169629019e-18,3.574808169629019e-18,True
random_bp,expectation_value,same_entangling_gate_count,pm_12q_bp_sweep,hea,RX_RY_RZ_CNOT,none,linear,cnot,global,12,8,8,88,88,11,22,1,6,1,RX,0,219,layer_006_wire_001_RX,0.020675578808296336,0.020675578808296336,False
random_bp,expectation_value,same_entangling_gate_count,pm_12q_bp_sweep,hea,RX_RY_RZ_CNOT,none,linear,cnot,global,12,8,8,88,88,11,22,1,6,1,RY,1,220,layer_006_wire_001_RY,-0.001750635658139035,0.001750635658139035,False
random_bp,expectation_value,same_entangling_gate_count,pm_12q_bp_sweep,hea,RX_RY_RZ_CNOT,none,linear,cnot,global,12,8,8,88,88,11,22,1,6,1,RZ,2,221,layer_006_wire_001_RZ,0.012304378288118869,0.012304378288118869,False
random_bp,expectation_value,same_entangling_gate_count,pm_12q_bp_sweep,hea,RX_RY_RZ_CNOT,none,linear,cnot,global,12,8,8,88,88,11,22,1,6,2,RX,0,222,layer_006_wire_002_RX,-0.004452265108223708,0.004452265108223708,False
random_bp,expectation_value,same_entangling_gate_count,pm_12q_bp_sweep,hea,RX_RY_RZ_CNOT,none,linear,cnot,global,12,8,8,88,88,11,22,1,6,2,RY,1,223,layer_006_wire_002_RY,-0.005726704015951274,0.005726704015951274,False
random_bp,expectation_value,same_entangling_gate_count,pm_12q_bp_sweep,hea,RX_RY_RZ_CNOT,none,linear,cnot,global,12,8,8,88,88,11,22,1,6,2,RZ,2,224,layer_006_wire_002_RZ,-0.005143409717920736,0.005143409717920736,False
random_bp,expectation_value,same_entangling_gate_count,pm_12q_bp_sweep,hea,RX_RY_RZ_CNOT,none,linear,cnot,global,12,8,8,88,88,11,22,1,6,3,RX,0,225,layer_006_wire_003_RX,0.005626216260302784,0.005626216260302784,False
random_bp,expectation_value,same_entangling_gate_count,pm_12q_bp_sweep,hea,RX_RY_RZ_CNOT,none,linear,cnot,global,12,8,8,88,88,11,22,1,6,3,RY,1,226,layer_006_wire_003_RY,0.018851460039855623,0.018851460039855623,False
random_bp,expectation_value,same_entangling_gate_count,pm_12q_bp_sweep,hea,RX_RY_RZ_CNOT,none,linear,cnot,global,12,8,8,88,88,11,22,1,6,3,RZ,2,227,layer_006_wire_003_RZ,0.005060945566305212,0.005060945566305212,False
random_bp,expectation_value,same_entangling_gate_count,pm_12q_bp_sweep,hea,RX_RY_RZ_CNOT,none,linear,cnot,global,12,8,8,88,88,11,22,1,6,4,RX,0,228,layer_006_wire_004_RX,0.010635572758033108,0.010635572758033108,False
random_bp,expectation_value,same_entangling_gate_count,pm_12q_bp_sweep,hea,RX_RY_RZ_CNOT,none,linear,cnot,global,12,8,8,88,88,11,22,1,6,4,RY,1,229,layer_006_wire_004_RY,-0.01378137527760488,0.01378137527760488,False
random_bp,expectation_value,same_entangling_gate_count,pm_12q_bp_sweep,hea,RX_RY_RZ_CNOT,none,linear,cnot,global,12,8,8,88,88,11,22,1,6,4,RZ,2,230,layer_006_wire_004_RZ,-0.004323602084359845,0.004323602084359845,False
random_bp,expectation_value,same_entangling_gate_count,pm_12q_bp_sweep,hea,RX_RY_RZ_CNOT,none,linear,cnot,global,12,8,8,88,88,11,22,1,6,5,RX,0,231,layer_006_wire_005_RX,-0.004206235382510035,0.004206235382510035,False
random_bp,expectation_value,same_entangling_gate_count,pm_12q_bp_sweep,hea,RX_RY_RZ_CNOT,none,linear,cnot,global,12,8,8,88,88,11,22,1,6,5,RY,1,232,layer_006_wire_005_RY,0.011058968564305533,0.011058968564305533,False
random_bp,expectation_value,same_entangling_gate_count,pm_12q_bp_sweep,hea,RX_RY_RZ_CNOT,none,linear,cnot,global,12,8,8,88,88,11,22,1,6,5,RZ,2,233,layer_006_wire_005_RZ,-0.021419359937589342,0.021419359937589342,False
random_bp,expectation_value,same_entangling_gate_count,pm_12q_bp_sweep,hea,RX_RY_RZ_CNOT,none,linear,cnot,global,12,8,8,88,88,11,22,1,6,6,RX,0,234,layer_006_wire_006_RX,-0.009717411535081613,0.009717411535081613,False
random_bp,expectation_value,same_entangling_gate_count,pm_12q_bp_sweep,hea,RX_RY_RZ_CNOT,none,linear,cnot,global,12,8,8,88,88,11,22,1,6,6,RY,1,235,layer_006_wire_006_RY,0.011821543367293134,0.011821543367293134,False
random_bp,expectation_value,same_entangling_gate_count,pm_12q_bp_sweep,hea,RX_RY_RZ_CNOT,none,linear,cnot,global,12,8,8,88,88,11,22,1,6,6,RZ,2,236,layer_006_wire_006_RZ,0.005631718398173591,0.005631718398173591,False
random_bp,expectation_value,same_entangling_gate_count,pm_12q_bp_sweep,hea,RX_RY_RZ_CNOT,none,linear,cnot,global,12,8,8,88,88,11,22,1,6,7,RX,0,237,layer_006_wire_007_RX,0.0019441800664207068,0.0019441800664207068,False
random_bp,expectation_value,same_entangling_gate_count,pm_12q_bp_sweep,hea,RX_RY_RZ_CNOT,none,linear,cnot,global,12,8,8,88,88,11,22,1,6,7,RY,1,238,layer_006_wire_007_RY,0.002725900783477374,0.002725900783477374,False
random_bp,expectation_value,same_entangling_gate_count,pm_12q_bp_sweep,hea,RX_RY_RZ_CNOT,none,linear,cnot,global,12,8,8,88,88,11,22,1,6,7,RZ,2,239,layer_006_wire_007_RZ,-0.0004735468249916205,0.0004735468249916205,False
random_bp,expectation_value,same_entangling_gate_count,pm_12q_bp_sweep,hea,RX_RY_RZ_CNOT,none,linear,cnot,global,12,8,8,88,88,11,22,1,6,8,RX,0,240,layer_006_wire_008_RX,-0.004328209493530881,0.004328209493530881,False
random_bp,expectation_value,same_entangling_gate_count,pm_12q_bp_sweep,hea,RX_RY_RZ_CNOT,none,linear,cnot,global,12,8,8,88,88,11,22,1,6,8,RY,1,241,layer_006_wire_008_RY,0.0027895866767264394,0.0027895866767264394,False
random_bp,expectation_value,same_entangling_gate_count,pm_12q_bp_sweep,hea,RX_RY_RZ_CNOT,none,linear,cnot,global,12,8,8,88,88,11,22,1,6,8,RZ,2,242,layer_006_wire_008_RZ,-0.006379342964329963,0.006379342964329963,False
random_bp,expectation_value,same_entangling_gate_count,pm_12q_bp_sweep,hea,RX_RY_RZ_CNOT,none,linear,cnot,global,12,8,8,88,88,11,22,1,6,9,RX,0,243,layer_006_wire_009_RX,-0.004227073042379041,0.004227073042379041,False
random_bp,expectation_value,same_entangling_gate_count,pm_12q_bp_sweep,hea,RX_RY_RZ_CNOT,none,linear,cnot,global,12,8,8,88,88,11,22,1,6,9,RY,1,244,layer_006_wire_009_RY,-0.010564642417734218,0.010564642417734218,False
random_bp,expectation_value,same_entangling_gate_count,pm_12q_bp_sweep,hea,RX_RY_RZ_CNOT,none,linear,cnot,global,12,8,8,88,88,11,22,1,6,9,RZ,2,245,layer_006_wire_009_RZ,-0.0032853498888759896,0.0032853498888759896,False
random_bp,expectation_value,same_entangling_gate_count,pm_12q_bp_sweep,hea,RX_RY_RZ_CNOT,none,linear,cnot,global,12,8,8,88,88,11,22,1,6,10,RX,0,246,layer_006_wire_010_RX,0.0018713451807187828,0.0018713451807187828,False
random_bp,expectation_value,same_entangling_gate_count,pm_12q_bp_sweep,hea,RX_RY_RZ_CNOT,none,linear,cnot,global,12,8,8,88,88,11,22,1,6,10,RY,1,247,layer_006_wire_010_RY,0.0002361061412495362,0.0002361061412495362,False
random_bp,expectation_value,same_entangling_gate_count,pm_12q_bp_sweep,hea,RX_RY_RZ_CNOT,none,linear,cnot,global,12,8,8,88,88,11,22,1,6,10,RZ,2,248,layer_006_wire_010_RZ,0.012022983013260588,0.012022983013260588,False
random_bp,expectation_value,same_entangling_gate_count,pm_12q_bp_sweep,hea,RX_RY_RZ_CNOT,none,linear,cnot,global,12,8,8,88,88,11,22,1,6,11,RX,0,249,layer_006_wire_011_RX,-0.012354305498514627,0.012354305498514627,False
random_bp,expectation_value,same_entangling_gate_count,pm_12q_bp_sweep,hea,RX_RY_RZ_CNOT,none,linear,cnot,global,12,8,8,88,88,11,22,1,6,11,RY,1,250,layer_006_wire_011_RY,-0.016727820572428432,0.016727820572428432,False
random_bp,expectation_value,same_entangling_gate_count,pm_12q_bp_sweep,hea,RX_RY_RZ_CNOT,none,linear,cnot,global,12,8,8,88,88,11,22,1,6,11,RZ,2,251,layer_006_wire_011_RZ,0.013274985315795792,0.013274985315795792,False
random_bp,expectation_value,same_entangling_gate_count,pm_12q_bp_sweep,hea,RX_RY_RZ_CNOT,none,linear,cnot,global,12,8,8,88,88,11,22,1,7,0,RX,0,252,layer_007_wire_000_RX,1.0408340855860843e-17,1.0408340855860843e-17,True
random_bp,expectation_value,same_entangling_gate_count,pm_12q_bp_sweep,hea,RX_RY_RZ_CNOT,none,linear,cnot,global,12,8,8,88,88,11,22,1,7,0,RY,1,253,layer_007_wire_000_RY,-1.734723475976807e-18,1.734723475976807e-18,True
random_bp,expectation_value,same_entangling_gate_count,pm_12q_bp_sweep,hea,RX_RY_RZ_CNOT,none,linear,cnot,global,12,8,8,88,88,11,22,1,7,0,RZ,2,254,layer_007_wire_000_RZ,-8.054184768773955e-18,8.054184768773955e-18,True
random_bp,expectation_value,same_entangling_gate_count,pm_12q_bp_sweep,hea,RX_RY_RZ_CNOT,none,linear,cnot,global,12,8,8,88,88,11,22,1,7,1,RX,0,255,layer_007_wire_001_RX,0.02051956458916859,0.02051956458916859,False
random_bp,expectation_value,same_entangling_gate_count,pm_12q_bp_sweep,hea,RX_RY_RZ_CNOT,none,linear,cnot,global,12,8,8,88,88,11,22,1,7,1,RY,1,256,layer_007_wire_001_RY,-0.00021539158897048924,0.00021539158897048924,False
random_bp,expectation_value,same_entangling_gate_count,pm_12q_bp_sweep,hea,RX_RY_RZ_CNOT,none,linear,cnot,global,12,8,8,88,88,11,22,1,7,1,RZ,2,257,layer_007_wire_001_RZ,5.104305283334489e-18,5.104305283334489e-18,True
random_bp,expectation_value,same_entangling_gate_count,pm_12q_bp_sweep,hea,RX_RY_RZ_CNOT,none,linear,cnot,global,12,8,8,88,88,11,22,1,7,2,RX,0,258,layer_007_wire_002_RX,8.673617379884035e-19,8.673617379884035e-19,True
random_bp,expectation_value,same_entangling_gate_count,pm_12q_bp_sweep,hea,RX_RY_RZ_CNOT,none,linear,cnot,global,12,8,8,88,88,11,22,1,7,2,RY,1,259,layer_007_wire_002_RY,-4.336808689942018e-19,4.336808689942018e-19,True
random_bp,expectation_value,same_entangling_gate_count,pm_12q_bp_sweep,hea,RX_RY_RZ_CNOT,none,linear,cnot,global,12,8,8,88,88,11,22,1,7,2,RZ,2,260,layer_007_wire_002_RZ,-1.0804919020538196e-18,1.0804919020538196e-18,True
random_bp,expectation_value,same_entangling_gate_count,pm_12q_bp_sweep,hea,RX_RY_RZ_CNOT,none,linear,cnot,global,12,8,8,88,88,11,22,1,7,3,RX,0,261,layer_007_wire_003_RX,-0.009640147905806598,0.009640147905806598,False
random_bp,expectation_value,same_entangling_gate_count,pm_12q_bp_sweep,hea,RX_RY_RZ_CNOT,none,linear,cnot,global,12,8,8,88,88,11,22,1,7,3,RY,1,262,layer_007_wire_003_RY,-0.016775141613719152,0.016775141613719152,False
random_bp,expectation_value,same_entangling_gate_count,pm_12q_bp_sweep,hea,RX_RY_RZ_CNOT,none,linear,cnot,global,12,8,8,88,88,11,22,1,7,3,RZ,2,263,layer_007_wire_003_RZ,-7.076255692683166e-18,7.076255692683166e-18,True
random_bp,expectation_value,same_entangling_gate_count,pm_12q_bp_sweep,hea,RX_RY_RZ_CNOT,none,linear,cnot,global,12,8,8,88,88,11,22,1,7,4,RX,0,264,layer_007_wire_004_RX,-1.5612511283791264e-17,1.5612511283791264e-17,True
random_bp,expectation_value,same_entangling_gate_count,pm_12q_bp_sweep,hea,RX_RY_RZ_CNOT,none,linear,cnot,global,12,8,8,88,88,11,22,1,7,4,RY,1,265,layer_007_wire_004_RY,8.673617379884035e-18,8.673617379884035e-18,True
random_bp,expectation_value,same_entangling_gate_count,pm_12q_bp_sweep,hea,RX_RY_RZ_CNOT,none,linear,cnot,global,12,8,8,88,88,11,22,1,7,4,RZ,2,266,layer_007_wire_004_RZ,2.9689748247883446e-18,2.9689748247883446e-18,True
random_bp,expectation_value,same_entangling_gate_count,pm_12q_bp_sweep,hea,RX_RY_RZ_CNOT,none,linear,cnot,global,12,8,8,88,88,11,22,1,7,5,RX,0,267,layer_007_wire_005_RX,-9.425961601679266e-05,9.425961601679266e-05,False
random_bp,expectation_value,same_entangling_gate_count,pm_12q_bp_sweep,hea,RX_RY_RZ_CNOT,none,linear,cnot,global,12,8,8,88,88,11,22,1,7,5,RY,1,268,layer_007_wire_005_RY,-0.02262878941454645,0.02262878941454645,False
random_bp,expectation_value,same_entangling_gate_count,pm_12q_bp_sweep,hea,RX_RY_RZ_CNOT,none,linear,cnot,global,12,8,8,88,88,11,22,1,7,5,RZ,2,269,layer_007_wire_005_RZ,-1.1894305686092977e-18,1.1894305686092977e-18,True
random_bp,expectation_value,same_entangling_gate_count,pm_12q_bp_sweep,hea,RX_RY_RZ_CNOT,none,linear,cnot,global,12,8,8,88,88,11,22,1,7,6,RX,0,270,layer_007_wire_006_RX,4.336808689942018e-18,4.336808689942018e-18,True
random_bp,expectation_value,same_entangling_gate_count,pm_12q_bp_sweep,hea,RX_RY_RZ_CNOT,none,linear,cnot,global,12,8,8,88,88,11,22,1,7,6,RY,1,271,layer_007_wire_006_RY,0.0,0.0,True
random_bp,expectation_value,same_entangling_gate_count,pm_12q_bp_sweep,hea,RX_RY_RZ_CNOT,none,linear,cnot,global,12,8,8,88,88,11,22,1,7,6,RZ,2,272,layer_007_wire_006_RZ,9.428594546914457e-18,9.428594546914457e-18,True
random_bp,expectation_value,same_entangling_gate_count,pm_12q_bp_sweep,hea,RX_RY_RZ_CNOT,none,linear,cnot,global,12,8,8,88,88,11,22,1,7,7,RX,0,273,layer_007_wire_007_RX,-0.019285870473929108,0.019285870473929108,False
random_bp,expectation_value,same_entangling_gate_count,pm_12q_bp_sweep,hea,RX_RY_RZ_CNOT,none,linear,cnot,global,12,8,8,88,88,11,22,1,7,7,RY,1,274,layer_007_wire_007_RY,-0.011759636230929042,0.011759636230929042,False
random_bp,expectation_value,same_entangling_gate_count,pm_12q_bp_sweep,hea,RX_RY_RZ_CNOT,none,linear,cnot,global,12,8,8,88,88,11,22,1,7,7,RZ,2,275,layer_007_wire_007_RZ,3.7280897384003545e-18,3.7280897384003545e-18,True
random_bp,expectation_value,same_entangling_gate_count,pm_12q_bp_sweep,hea,RX_RY_RZ_CNOT,none,linear,cnot,global,12,8,8,88,88,11,22,1,7,8,RX,0,276,layer_007_wire_008_RX,6.5052130349130266e-18,6.5052130349130266e-18,True
random_bp,expectation_value,same_entangling_gate_count,pm_12q_bp_sweep,hea,RX_RY_RZ_CNOT,none,linear,cnot,global,12,8,8,88,88,11,22,1,7,8,RY,1,277,layer_007_wire_008_RY,7.37257477290143e-18,7.37257477290143e-18,True
random_bp,expectation_value,same_entangling_gate_count,pm_12q_bp_sweep,hea,RX_RY_RZ_CNOT,none,linear,cnot,global,12,8,8,88,88,11,22,1,7,8,RZ,2,278,layer_007_wire_008_RZ,1.2061691302538364e-19,1.2061691302538364e-19,True
random_bp,expectation_value,same_entangling_gate_count,pm_12q_bp_sweep,hea,RX_RY_RZ_CNOT,none,linear,cnot,global,12,8,8,88,88,11,22,1,7,9,RX,0,279,layer_007_wire_009_RX,0.01645927281210855,0.01645927281210855,False
random_bp,expectation_value,same_entangling_gate_count,pm_12q_bp_sweep,hea,RX_RY_RZ_CNOT,none,linear,cnot,global,12,8,8,88,88,11,22,1,7,9,RY,1,280,layer_007_wire_009_RY,0.008564412188591821,0.008564412188591821,False
random_bp,expectation_value,same_entangling_gate_count,pm_12q_bp_sweep,hea,RX_RY_RZ_CNOT,none,linear,cnot,global,12,8,8,88,88,11,22,1,7,9,RZ,2,281,layer_007_wire_009_RZ,-1.6889026880514512e-18,1.6889026880514512e-18,True
random_bp,expectation_value,same_entangling_gate_count,pm_12q_bp_sweep,hea,RX_RY_RZ_CNOT,none,linear,cnot,global,12,8,8,88,88,11,22,1,7,10,RX,0,282,layer_007_wire_010_RX,6.938893903907228e-18,6.938893903907228e-18,True
random_bp,expectation_value,same_entangling_gate_count,pm_12q_bp_sweep,hea,RX_RY_RZ_CNOT,none,linear,cnot,global,12,8,8,88,88,11,22,1,7,10,RY,1,283,layer_007_wire_010_RY,-1.431146867680866e-17,1.431146867680866e-17,True
random_bp,expectation_value,same_entangling_gate_count,pm_12q_bp_sweep,hea,RX_RY_RZ_CNOT,none,linear,cnot,global,12,8,8,88,88,11,22,1,7,10,RZ,2,284,layer_007_wire_010_RZ,6.779931994653324e-19,6.779931994653324e-19,True
random_bp,expectation_value,same_entangling_gate_count,pm_12q_bp_sweep,hea,RX_RY_RZ_CNOT,none,linear,cnot,global,12,8,8,88,88,11,22,1,7,11,RX,0,285,layer_007_wire_011_RX,0.0015808719143940008,0.0015808719143940008,False
random_bp,expectation_value,same_entangling_gate_count,pm_12q_bp_sweep,hea,RX_RY_RZ_CNOT,none,linear,cnot,global,12,8,8,88,88,11,22,1,7,11,RY,1,286,layer_007_wire_011_RY,-0.006027890566852834,0.006027890566852834,False
random_bp,expectation_value,same_entangling_gate_count,pm_12q_bp_sweep,hea,RX_RY_RZ_CNOT,none,linear,cnot,global,12,8,8,88,88,11,22,1,7,11,RZ,2,287,layer_007_wire_011_RZ,5.132176260688971e-18,5.132176260688971e-18,True
random_bp,expectation_value,same_entangling_gate_count,pm_12q_bp_sweep,hea,RX_RY_RZ_CNOT,none,linear,cnot,global,12,8,8,88,88,11,23,2,0,0,RX,0,0,layer_000_wire_000_RX,-0.005756617182766671,0.005756617182766671,False
random_bp,expectation_value,same_entangling_gate_count,pm_12q_bp_sweep,hea,RX_RY_RZ_CNOT,none,linear,cnot,global,12,8,8,88,88,11,23,2,0,0,RY,1,1,layer_000_wire_000_RY,0.00045795892712936564,0.00045795892712936564,False
random_bp,expectation_value,same_entangling_gate_count,pm_12q_bp_sweep,hea,RX_RY_RZ_CNOT,none,linear,cnot,global,12,8,8,88,88,11,23,2,0,0,RZ,2,2,layer_000_wire_000_RZ,-0.007371085630400847,0.007371085630400847,False
random_bp,expectation_value,same_entangling_gate_count,pm_12q_bp_sweep,hea,RX_RY_RZ_CNOT,none,linear,cnot,global,12,8,8,88,88,11,23,2,0,1,RX,0,3,layer_000_wire_001_RX,-0.012350939311705856,0.012350939311705856,False
random_bp,expectation_value,same_entangling_gate_count,pm_12q_bp_sweep,hea,RX_RY_RZ_CNOT,none,linear,cnot,global,12,8,8,88,88,11,23,2,0,1,RY,1,4,layer_000_wire_001_RY,-0.006572309055835762,0.006572309055835762,False
random_bp,expectation_value,same_entangling_gate_count,pm_12q_bp_sweep,hea,RX_RY_RZ_CNOT,none,linear,cnot,global,12,8,8,88,88,11,23,2,0,1,RZ,2,5,layer_000_wire_001_RZ,0.0038027769846791185,0.0038027769846791185,False
random_bp,expectation_value,same_entangling_gate_count,pm_12q_bp_sweep,hea,RX_RY_RZ_CNOT,none,linear,cnot,global,12,8,8,88,88,11,23,2,0,2,RX,0,6,layer_000_wire_002_RX,-0.007170937728314376,0.007170937728314376,False
random_bp,expectation_value,same_entangling_gate_count,pm_12q_bp_sweep,hea,RX_RY_RZ_CNOT,none,linear,cnot,global,12,8,8,88,88,11,23,2,0,2,RY,1,7,layer_000_wire_002_RY,-0.001937029383118477,0.001937029383118477,False
random_bp,expectation_value,same_entangling_gate_count,pm_12q_bp_sweep,hea,RX_RY_RZ_CNOT,none,linear,cnot,global,12,8,8,88,88,11,23,2,0,2,RZ,2,8,layer_000_wire_002_RZ,0.0019947355422113783,0.0019947355422113783,False
random_bp,expectation_value,same_entangling_gate_count,pm_12q_bp_sweep,hea,RX_RY_RZ_CNOT,none,linear,cnot,global,12,8,8,88,88,11,23,2,0,3,RX,0,9,layer_000_wire_003_RX,-0.0009763758070347536,0.0009763758070347536,False
random_bp,expectation_value,same_entangling_gate_count,pm_12q_bp_sweep,hea,RX_RY_RZ_CNOT,none,linear,cnot,global,12,8,8,88,88,11,23,2,0,3,RY,1,10,layer_000_wire_003_RY,0.005374347171832784,0.005374347171832784,False
random_bp,expectation_value,same_entangling_gate_count,pm_12q_bp_sweep,hea,RX_RY_RZ_CNOT,none,linear,cnot,global,12,8,8,88,88,11,23,2,0,3,RZ,2,11,layer_000_wire_003_RZ,0.007928853084359581,0.007928853084359581,False
random_bp,expectation_value,same_entangling_gate_count,pm_12q_bp_sweep,hea,RX_RY_RZ_CNOT,none,linear,cnot,global,12,8,8,88,88,11,23,2,0,4,RX,0,12,layer_000_wire_004_RX,0.012731860097956122,0.012731860097956122,False
random_bp,expectation_value,same_entangling_gate_count,pm_12q_bp_sweep,hea,RX_RY_RZ_CNOT,none,linear,cnot,global,12,8,8,88,88,11,23,2,0,4,RY,1,13,layer_000_wire_004_RY,-0.0016246131898171505,0.0016246131898171505,False
random_bp,expectation_value,same_entangling_gate_count,pm_12q_bp_sweep,hea,RX_RY_RZ_CNOT,none,linear,cnot,global,12,8,8,88,88,11,23,2,0,4,RZ,2,14,layer_000_wire_004_RZ,-0.010774383705150395,0.010774383705150395,False
random_bp,expectation_value,same_entangling_gate_count,pm_12q_bp_sweep,hea,RX_RY_RZ_CNOT,none,linear,cnot,global,12,8,8,88,88,11,23,2,0,5,RX,0,15,layer_000_wire_005_RX,-0.012187752350754383,0.012187752350754383,False
random_bp,expectation_value,same_entangling_gate_count,pm_12q_bp_sweep,hea,RX_RY_RZ_CNOT,none,linear,cnot,global,12,8,8,88,88,11,23,2,0,5,RY,1,16,layer_000_wire_005_RY,0.007421615627869562,0.007421615627869562,False
random_bp,expectation_value,same_entangling_gate_count,pm_12q_bp_sweep,hea,RX_RY_RZ_CNOT,none,linear,cnot,global,12,8,8,88,88,11,23,2,0,5,RZ,2,17,layer_000_wire_005_RZ,-0.005579113177600523,0.005579113177600523,False
random_bp,expectation_value,same_entangling_gate_count,pm_12q_bp_sweep,hea,RX_RY_RZ_CNOT,none,linear,cnot,global,12,8,8,88,88,11,23,2,0,6,RX,0,18,layer_000_wire_006_RX,0.0014012199093979376,0.0014012199093979376,False
random_bp,expectation_value,same_entangling_gate_count,pm_12q_bp_sweep,hea,RX_RY_RZ_CNOT,none,linear,cnot,global,12,8,8,88,88,11,23,2,0,6,RY,1,19,layer_000_wire_006_RY,-0.023119662601142822,0.023119662601142822,False
random_bp,expectation_value,same_entangling_gate_count,pm_12q_bp_sweep,hea,RX_RY_RZ_CNOT,none,linear,cnot,global,12,8,8,88,88,11,23,2,0,6,RZ,2,20,layer_000_wire_006_RZ,-0.005901598258395979,0.005901598258395979,False
random_bp,expectation_value,same_entangling_gate_count,pm_12q_bp_sweep,hea,RX_RY_RZ_CNOT,none,linear,cnot,global,12,8,8,88,88,11,23,2,0,7,RX,0,21,layer_000_wire_007_RX,0.009820221194101114,0.009820221194101114,False
random_bp,expectation_value,same_entangling_gate_count,pm_12q_bp_sweep,hea,RX_RY_RZ_CNOT,none,linear,cnot,global,12,8,8,88,88,11,23,2,0,7,RY,1,22,layer_000_wire_007_RY,0.0032091520288083475,0.0032091520288083475,False
random_bp,expectation_value,same_entangling_gate_count,pm_12q_bp_sweep,hea,RX_RY_RZ_CNOT,none,linear,cnot,global,12,8,8,88,88,11,23,2,0,7,RZ,2,23,layer_000_wire_007_RZ,-0.006375246631509235,0.006375246631509235,False
random_bp,expectation_value,same_entangling_gate_count,pm_12q_bp_sweep,hea,RX_RY_RZ_CNOT,none,linear,cnot,global,12,8,8,88,88,11,23,2,0,8,RX,0,24,layer_000_wire_008_RX,-0.011266933170218346,0.011266933170218346,False
random_bp,expectation_value,same_entangling_gate_count,pm_12q_bp_sweep,hea,RX_RY_RZ_CNOT,none,linear,cnot,global,12,8,8,88,88,11,23,2,0,8,RY,1,25,layer_000_wire_008_RY,0.0008645691715930546,0.0008645691715930546,False
random_bp,expectation_value,same_entangling_gate_count,pm_12q_bp_sweep,hea,RX_RY_RZ_CNOT,none,linear,cnot,global,12,8,8,88,88,11,23,2,0,8,RZ,2,26,layer_000_wire_008_RZ,0.006847952486178727,0.006847952486178727,False
random_bp,expectation_value,same_entangling_gate_count,pm_12q_bp_sweep,hea,RX_RY_RZ_CNOT,none,linear,cnot,global,12,8,8,88,88,11,23,2,0,9,RX,0,27,layer_000_wire_009_RX,-0.014783501881070159,0.014783501881070159,False
random_bp,expectation_value,same_entangling_gate_count,pm_12q_bp_sweep,hea,RX_RY_RZ_CNOT,none,linear,cnot,global,12,8,8,88,88,11,23,2,0,9,RY,1,28,layer_000_wire_009_RY,8.462791011485575e-05,8.462791011485575e-05,False
random_bp,expectation_value,same_entangling_gate_count,pm_12q_bp_sweep,hea,RX_RY_RZ_CNOT,none,linear,cnot,global,12,8,8,88,88,11,23,2,0,9,RZ,2,29,layer_000_wire_009_RZ,-0.009401362695941561,0.009401362695941561,False
random_bp,expectation_value,same_entangling_gate_count,pm_12q_bp_sweep,hea,RX_RY_RZ_CNOT,none,linear,cnot,global,12,8,8,88,88,11,23,2,0,10,RX,0,30,layer_000_wire_010_RX,0.006196746413781704,0.006196746413781704,False
random_bp,expectation_value,same_entangling_gate_count,pm_12q_bp_sweep,hea,RX_RY_RZ_CNOT,none,linear,cnot,global,12,8,8,88,88,11,23,2,0,10,RY,1,31,layer_000_wire_010_RY,-0.002311867522909643,0.002311867522909643,False
random_bp,expectation_value,same_entangling_gate_count,pm_12q_bp_sweep,hea,RX_RY_RZ_CNOT,none,linear,cnot,global,12,8,8,88,88,11,23,2,0,10,RZ,2,32,layer_000_wire_010_RZ,0.0014321608273144474,0.0014321608273144474,False
random_bp,expectation_value,same_entangling_gate_count,pm_12q_bp_sweep,hea,RX_RY_RZ_CNOT,none,linear,cnot,global,12,8,8,88,88,11,23,2,0,11,RX,0,33,layer_000_wire_011_RX,0.007520371397485725,0.007520371397485725,False
random_bp,expectation_value,same_entangling_gate_count,pm_12q_bp_sweep,hea,RX_RY_RZ_CNOT,none,linear,cnot,global,12,8,8,88,88,11,23,2,0,11,RY,1,34,layer_000_wire_011_RY,0.001981806640279816,0.001981806640279816,False
random_bp,expectation_value,same_entangling_gate_count,pm_12q_bp_sweep,hea,RX_RY_RZ_CNOT,none,linear,cnot,global,12,8,8,88,88,11,23,2,0,11,RZ,2,35,layer_000_wire_011_RZ,-0.007622419407163675,0.007622419407163675,False
random_bp,expectation_value,same_entangling_gate_count,pm_12q_bp_sweep,hea,RX_RY_RZ_CNOT,none,linear,cnot,global,12,8,8,88,88,11,23,2,1,0,RX,0,36,layer_001_wire_000_RX,-0.006143352360015141,0.006143352360015141,False
random_bp,expectation_value,same_entangling_gate_count,pm_12q_bp_sweep,hea,RX_RY_RZ_CNOT,none,linear,cnot,global,12,8,8,88,88,11,23,2,1,0,RY,1,37,layer_001_wire_000_RY,0.002437240608900735,0.002437240608900735,False
random_bp,expectation_value,same_entangling_gate_count,pm_12q_bp_sweep,hea,RX_RY_RZ_CNOT,none,linear,cnot,global,12,8,8,88,88,11,23,2,1,0,RZ,2,38,layer_001_wire_000_RZ,-0.002554804362713532,0.002554804362713532,False
random_bp,expectation_value,same_entangling_gate_count,pm_12q_bp_sweep,hea,RX_RY_RZ_CNOT,none,linear,cnot,global,12,8,8,88,88,11,23,2,1,1,RX,0,39,layer_001_wire_001_RX,0.0033006897975346376,0.0033006897975346376,False
random_bp,expectation_value,same_entangling_gate_count,pm_12q_bp_sweep,hea,RX_RY_RZ_CNOT,none,linear,cnot,global,12,8,8,88,88,11,23,2,1,1,RY,1,40,layer_001_wire_001_RY,-0.0031369883820253214,0.0031369883820253214,False
random_bp,expectation_value,same_entangling_gate_count,pm_12q_bp_sweep,hea,RX_RY_RZ_CNOT,none,linear,cnot,global,12,8,8,88,88,11,23,2,1,1,RZ,2,41,layer_001_wire_001_RZ,-0.010376482418598001,0.010376482418598001,False
random_bp,expectation_value,same_entangling_gate_count,pm_12q_bp_sweep,hea,RX_RY_RZ_CNOT,none,linear,cnot,global,12,8,8,88,88,11,23,2,1,2,RX,0,42,layer_001_wire_002_RX,0.0020622673743079896,0.0020622673743079896,False
random_bp,expectation_value,same_entangling_gate_count,pm_12q_bp_sweep,hea,RX_RY_RZ_CNOT,none,linear,cnot,global,12,8,8,88,88,11,23,2,1,2,RY,1,43,layer_001_wire_002_RY,-0.014501107564386101,0.014501107564386101,False
random_bp,expectation_value,same_entangling_gate_count,pm_12q_bp_sweep,hea,RX_RY_RZ_CNOT,none,linear,cnot,global,12,8,8,88,88,11,23,2,1,2,RZ,2,44,layer_001_wire_002_RZ,-0.0004246623599524476,0.0004246623599524476,False
random_bp,expectation_value,same_entangling_gate_count,pm_12q_bp_sweep,hea,RX_RY_RZ_CNOT,none,linear,cnot,global,12,8,8,88,88,11,23,2,1,3,RX,0,45,layer_001_wire_003_RX,-0.004144814373840162,0.004144814373840162,False
random_bp,expectation_value,same_entangling_gate_count,pm_12q_bp_sweep,hea,RX_RY_RZ_CNOT,none,linear,cnot,global,12,8,8,88,88,11,23,2,1,3,RY,1,46,layer_001_wire_003_RY,0.00621380651259473,0.00621380651259473,False
random_bp,expectation_value,same_entangling_gate_count,pm_12q_bp_sweep,hea,RX_RY_RZ_CNOT,none,linear,cnot,global,12,8,8,88,88,11,23,2,1,3,RZ,2,47,layer_001_wire_003_RZ,0.0008005897653326454,0.0008005897653326454,False
random_bp,expectation_value,same_entangling_gate_count,pm_12q_bp_sweep,hea,RX_RY_RZ_CNOT,none,linear,cnot,global,12,8,8,88,88,11,23,2,1,4,RX,0,48,layer_001_wire_004_RX,0.0020317229186515803,0.0020317229186515803,False
random_bp,expectation_value,same_entangling_gate_count,pm_12q_bp_sweep,hea,RX_RY_RZ_CNOT,none,linear,cnot,global,12,8,8,88,88,11,23,2,1,4,RY,1,49,layer_001_wire_004_RY,-0.009777698031051983,0.009777698031051983,False
random_bp,expectation_value,same_entangling_gate_count,pm_12q_bp_sweep,hea,RX_RY_RZ_CNOT,none,linear,cnot,global,12,8,8,88,88,11,23,2,1,4,RZ,2,50,layer_001_wire_004_RZ,0.005740530754009869,0.005740530754009869,False
random_bp,expectation_value,same_entangling_gate_count,pm_12q_bp_sweep,hea,RX_RY_RZ_CNOT,none,linear,cnot,global,12,8,8,88,88,11,23,2,1,5,RX,0,51,layer_001_wire_005_RX,-0.03149331540181147,0.03149331540181147,False
random_bp,expectation_value,same_entangling_gate_count,pm_12q_bp_sweep,hea,RX_RY_RZ_CNOT,none,linear,cnot,global,12,8,8,88,88,11,23,2,1,5,RY,1,52,layer_001_wire_005_RY,0.00034044626170741474,0.00034044626170741474,False
random_bp,expectation_value,same_entangling_gate_count,pm_12q_bp_sweep,hea,RX_RY_RZ_CNOT,none,linear,cnot,global,12,8,8,88,88,11,23,2,1,5,RZ,2,53,layer_001_wire_005_RZ,0.025338843451376738,0.025338843451376738,False
random_bp,expectation_value,same_entangling_gate_count,pm_12q_bp_sweep,hea,RX_RY_RZ_CNOT,none,linear,cnot,global,12,8,8,88,88,11,23,2,1,6,RX,0,54,layer_001_wire_006_RX,0.003014465388397789,0.003014465388397789,False
random_bp,expectation_value,same_entangling_gate_count,pm_12q_bp_sweep,hea,RX_RY_RZ_CNOT,none,linear,cnot,global,12,8,8,88,88,11,23,2,1,6,RY,1,55,layer_001_wire_006_RY,0.022862022813981673,0.022862022813981673,False
random_bp,expectation_value,same_entangling_gate_count,pm_12q_bp_sweep,hea,RX_RY_RZ_CNOT,none,linear,cnot,global,12,8,8,88,88,11,23,2,1,6,RZ,2,56,layer_001_wire_006_RZ,-0.0005084616757537476,0.0005084616757537476,False
random_bp,expectation_value,same_entangling_gate_count,pm_12q_bp_sweep,hea,RX_RY_RZ_CNOT,none,linear,cnot,global,12,8,8,88,88,11,23,2,1,7,RX,0,57,layer_001_wire_007_RX,0.002994783222954685,0.002994783222954685,False
random_bp,expectation_value,same_entangling_gate_count,pm_12q_bp_sweep,hea,RX_RY_RZ_CNOT,none,linear,cnot,global,12,8,8,88,88,11,23,2,1,7,RY,1,58,layer_001_wire_007_RY,0.013390375972697582,0.013390375972697582,False
random_bp,expectation_value,same_entangling_gate_count,pm_12q_bp_sweep,hea,RX_RY_RZ_CNOT,none,linear,cnot,global,12,8,8,88,88,11,23,2,1,7,RZ,2,59,layer_001_wire_007_RZ,-0.0016021362541468408,0.0016021362541468408,False
random_bp,expectation_value,same_entangling_gate_count,pm_12q_bp_sweep,hea,RX_RY_RZ_CNOT,none,linear,cnot,global,12,8,8,88,88,11,23,2,1,8,RX,0,60,layer_001_wire_008_RX,-0.0030425583488100172,0.0030425583488100172,False
random_bp,expectation_value,same_entangling_gate_count,pm_12q_bp_sweep,hea,RX_RY_RZ_CNOT,none,linear,cnot,global,12,8,8,88,88,11,23,2,1,8,RY,1,61,layer_001_wire_008_RY,-0.0013691381121058775,0.0013691381121058775,False
random_bp,expectation_value,same_entangling_gate_count,pm_12q_bp_sweep,hea,RX_RY_RZ_CNOT,none,linear,cnot,global,12,8,8,88,88,11,23,2,1,8,RZ,2,62,layer_001_wire_008_RZ,-0.0026375238772941073,0.0026375238772941073,False
random_bp,expectation_value,same_entangling_gate_count,pm_12q_bp_sweep,hea,RX_RY_RZ_CNOT,none,linear,cnot,global,12,8,8,88,88,11,23,2,1,9,RX,0,63,layer_001_wire_009_RX,0.01400578792938403,0.01400578792938403,False
random_bp,expectation_value,same_entangling_gate_count,pm_12q_bp_sweep,hea,RX_RY_RZ_CNOT,none,linear,cnot,global,12,8,8,88,88,11,23,2,1,9,RY,1,64,layer_001_wire_009_RY,-0.019980408843851633,0.019980408843851633,False
random_bp,expectation_value,same_entangling_gate_count,pm_12q_bp_sweep,hea,RX_RY_RZ_CNOT,none,linear,cnot,global,12,8,8,88,88,11,23,2,1,9,RZ,2,65,layer_001_wire_009_RZ,-0.00966639536444377,0.00966639536444377,False
random_bp,expectation_value,same_entangling_gate_count,pm_12q_bp_sweep,hea,RX_RY_RZ_CNOT,none,linear,cnot,global,12,8,8,88,88,11,23,2,1,10,RX,0,66,layer_001_wire_010_RX,0.004466382211069123,0.004466382211069123,False
random_bp,expectation_value,same_entangling_gate_count,pm_12q_bp_sweep,hea,RX_RY_RZ_CNOT,none,linear,cnot,global,12,8,8,88,88,11,23,2,1,10,RY,1,67,layer_001_wire_010_RY,-0.022161000102104714,0.022161000102104714,False
random_bp,expectation_value,same_entangling_gate_count,pm_12q_bp_sweep,hea,RX_RY_RZ_CNOT,none,linear,cnot,global,12,8,8,88,88,11,23,2,1,10,RZ,2,68,layer_001_wire_010_RZ,0.0023077041964074015,0.0023077041964074015,False
random_bp,expectation_value,same_entangling_gate_count,pm_12q_bp_sweep,hea,RX_RY_RZ_CNOT,none,linear,cnot,global,12,8,8,88,88,11,23,2,1,11,RX,0,69,layer_001_wire_011_RX,0.0031451652981422276,0.0031451652981422276,False
random_bp,expectation_value,same_entangling_gate_count,pm_12q_bp_sweep,hea,RX_RY_RZ_CNOT,none,linear,cnot,global,12,8,8,88,88,11,23,2,1,11,RY,1,70,layer_001_wire_011_RY,-0.011197251267430583,0.011197251267430583,False
random_bp,expectation_value,same_entangling_gate_count,pm_12q_bp_sweep,hea,RX_RY_RZ_CNOT,none,linear,cnot,global,12,8,8,88,88,11,23,2,1,11,RZ,2,71,layer_001_wire_011_RZ,-0.003477344176122519,0.003477344176122519,False
random_bp,expectation_value,same_entangling_gate_count,pm_12q_bp_sweep,hea,RX_RY_RZ_CNOT,none,linear,cnot,global,12,8,8,88,88,11,23,2,2,0,RX,0,72,layer_002_wire_000_RX,-0.0066478212603104615,0.0066478212603104615,False
random_bp,expectation_value,same_entangling_gate_count,pm_12q_bp_sweep,hea,RX_RY_RZ_CNOT,none,linear,cnot,global,12,8,8,88,88,11,23,2,2,0,RY,1,73,layer_002_wire_000_RY,0.002535066662334386,0.002535066662334386,False
random_bp,expectation_value,same_entangling_gate_count,pm_12q_bp_sweep,hea,RX_RY_RZ_CNOT,none,linear,cnot,global,12,8,8,88,88,11,23,2,2,0,RZ,2,74,layer_002_wire_000_RZ,0.010070518579717571,0.010070518579717571,False
random_bp,expectation_value,same_entangling_gate_count,pm_12q_bp_sweep,hea,RX_RY_RZ_CNOT,none,linear,cnot,global,12,8,8,88,88,11,23,2,2,1,RX,0,75,layer_002_wire_001_RX,0.002615864820892154,0.002615864820892154,False
random_bp,expectation_value,same_entangling_gate_count,pm_12q_bp_sweep,hea,RX_RY_RZ_CNOT,none,linear,cnot,global,12,8,8,88,88,11,23,2,2,1,RY,1,76,layer_002_wire_001_RY,-0.006253716922466611,0.006253716922466611,False
random_bp,expectation_value,same_entangling_gate_count,pm_12q_bp_sweep,hea,RX_RY_RZ_CNOT,none,linear,cnot,global,12,8,8,88,88,11,23,2,2,1,RZ,2,77,layer_002_wire_001_RZ,0.009634002583149915,0.009634002583149915,False
random_bp,expectation_value,same_entangling_gate_count,pm_12q_bp_sweep,hea,RX_RY_RZ_CNOT,none,linear,cnot,global,12,8,8,88,88,11,23,2,2,2,RX,0,78,layer_002_wire_002_RX,-0.0016023386656580534,0.0016023386656580534,False
random_bp,expectation_value,same_entangling_gate_count,pm_12q_bp_sweep,hea,RX_RY_RZ_CNOT,none,linear,cnot,global,12,8,8,88,88,11,23,2,2,2,RY,1,79,layer_002_wire_002_RY,0.009770505495004628,0.009770505495004628,False
random_bp,expectation_value,same_entangling_gate_count,pm_12q_bp_sweep,hea,RX_RY_RZ_CNOT,none,linear,cnot,global,12,8,8,88,88,11,23,2,2,2,RZ,2,80,layer_002_wire_002_RZ,0.001068482923141104,0.001068482923141104,False
random_bp,expectation_value,same_entangling_gate_count,pm_12q_bp_sweep,hea,RX_RY_RZ_CNOT,none,linear,cnot,global,12,8,8,88,88,11,23,2,2,3,RX,0,81,layer_002_wire_003_RX,0.0016995625630328165,0.0016995625630328165,False
random_bp,expectation_value,same_entangling_gate_count,pm_12q_bp_sweep,hea,RX_RY_RZ_CNOT,none,linear,cnot,global,12,8,8,88,88,11,23,2,2,3,RY,1,82,layer_002_wire_003_RY,-0.014945566810610326,0.014945566810610326,False
random_bp,expectation_value,same_entangling_gate_count,pm_12q_bp_sweep,hea,RX_RY_RZ_CNOT,none,linear,cnot,global,12,8,8,88,88,11,23,2,2,3,RZ,2,83,layer_002_wire_003_RZ,0.0005887730719005716,0.0005887730719005716,False
random_bp,expectation_value,same_entangling_gate_count,pm_12q_bp_sweep,hea,RX_RY_RZ_CNOT,none,linear,cnot,global,12,8,8,88,88,11,23,2,2,4,RX,0,84,layer_002_wire_004_RX,-0.005240604036343256,0.005240604036343256,False
random_bp,expectation_value,same_entangling_gate_count,pm_12q_bp_sweep,hea,RX_RY_RZ_CNOT,none,linear,cnot,global,12,8,8,88,88,11,23,2,2,4,RY,1,85,layer_002_wire_004_RY,0.0012871960958037113,0.0012871960958037113,False
random_bp,expectation_value,same_entangling_gate_count,pm_12q_bp_sweep,hea,RX_RY_RZ_CNOT,none,linear,cnot,global,12,8,8,88,88,11,23,2,2,4,RZ,2,86,layer_002_wire_004_RZ,-0.005553531421620526,0.005553531421620526,False
random_bp,expectation_value,same_entangling_gate_count,pm_12q_bp_sweep,hea,RX_RY_RZ_CNOT,none,linear,cnot,global,12,8,8,88,88,11,23,2,2,5,RX,0,87,layer_002_wire_005_RX,0.001092806926793785,0.001092806926793785,False
random_bp,expectation_value,same_entangling_gate_count,pm_12q_bp_sweep,hea,RX_RY_RZ_CNOT,none,linear,cnot,global,12,8,8,88,88,11,23,2,2,5,RY,1,88,layer_002_wire_005_RY,0.004249566353891723,0.004249566353891723,False
random_bp,expectation_value,same_entangling_gate_count,pm_12q_bp_sweep,hea,RX_RY_RZ_CNOT,none,linear,cnot,global,12,8,8,88,88,11,23,2,2,5,RZ,2,89,layer_002_wire_005_RZ,-0.009921050193081541,0.009921050193081541,False
random_bp,expectation_value,same_entangling_gate_count,pm_12q_bp_sweep,hea,RX_RY_RZ_CNOT,none,linear,cnot,global,12,8,8,88,88,11,23,2,2,6,RX,0,90,layer_002_wire_006_RX,-0.017087967445442255,0.017087967445442255,False
random_bp,expectation_value,same_entangling_gate_count,pm_12q_bp_sweep,hea,RX_RY_RZ_CNOT,none,linear,cnot,global,12,8,8,88,88,11,23,2,2,6,RY,1,91,layer_002_wire_006_RY,0.0005455291467789767,0.0005455291467789767,False
random_bp,expectation_value,same_entangling_gate_count,pm_12q_bp_sweep,hea,RX_RY_RZ_CNOT,none,linear,cnot,global,12,8,8,88,88,11,23,2,2,6,RZ,2,92,layer_002_wire_006_RZ,0.0041064261325557145,0.0041064261325557145,False
random_bp,expectation_value,same_entangling_gate_count,pm_12q_bp_sweep,hea,RX_RY_RZ_CNOT,none,linear,cnot,global,12,8,8,88,88,11,23,2,2,7,RX,0,93,layer_002_wire_007_RX,0.012287491122109029,0.012287491122109029,False
random_bp,expectation_value,same_entangling_gate_count,pm_12q_bp_sweep,hea,RX_RY_RZ_CNOT,none,linear,cnot,global,12,8,8,88,88,11,23,2,2,7,RY,1,94,layer_002_wire_007_RY,-0.00792175263060111,0.00792175263060111,False
random_bp,expectation_value,same_entangling_gate_count,pm_12q_bp_sweep,hea,RX_RY_RZ_CNOT,none,linear,cnot,global,12,8,8,88,88,11,23,2,2,7,RZ,2,95,layer_002_wire_007_RZ,0.014134261101312749,0.014134261101312749,False
random_bp,expectation_value,same_entangling_gate_count,pm_12q_bp_sweep,hea,RX_RY_RZ_CNOT,none,linear,cnot,global,12,8,8,88,88,11,23,2,2,8,RX,0,96,layer_002_wire_008_RX,0.004259717536089995,0.004259717536089995,False
random_bp,expectation_value,same_entangling_gate_count,pm_12q_bp_sweep,hea,RX_RY_RZ_CNOT,none,linear,cnot,global,12,8,8,88,88,11,23,2,2,8,RY,1,97,layer_002_wire_008_RY,0.01179694051611702,0.01179694051611702,False
random_bp,expectation_value,same_entangling_gate_count,pm_12q_bp_sweep,hea,RX_RY_RZ_CNOT,none,linear,cnot,global,12,8,8,88,88,11,23,2,2,8,RZ,2,98,layer_002_wire_008_RZ,-0.0024275455826848757,0.0024275455826848757,False
random_bp,expectation_value,same_entangling_gate_count,pm_12q_bp_sweep,hea,RX_RY_RZ_CNOT,none,linear,cnot,global,12,8,8,88,88,11,23,2,2,9,RX,0,99,layer_002_wire_009_RX,0.021883272227616647,0.021883272227616647,False
random_bp,expectation_value,same_entangling_gate_count,pm_12q_bp_sweep,hea,RX_RY_RZ_CNOT,none,linear,cnot,global,12,8,8,88,88,11,23,2,2,9,RY,1,100,layer_002_wire_009_RY,-0.006915384000202137,0.006915384000202137,False
random_bp,expectation_value,same_entangling_gate_count,pm_12q_bp_sweep,hea,RX_RY_RZ_CNOT,none,linear,cnot,global,12,8,8,88,88,11,23,2,2,9,RZ,2,101,layer_002_wire_009_RZ,0.0027411016970643816,0.0027411016970643816,False
random_bp,expectation_value,same_entangling_gate_count,pm_12q_bp_sweep,hea,RX_RY_RZ_CNOT,none,linear,cnot,global,12,8,8,88,88,11,23,2,2,10,RX,0,102,layer_002_wire_010_RX,0.0013131549946662413,0.0013131549946662413,False
random_bp,expectation_value,same_entangling_gate_count,pm_12q_bp_sweep,hea,RX_RY_RZ_CNOT,none,linear,cnot,global,12,8,8,88,88,11,23,2,2,10,RY,1,103,layer_002_wire_010_RY,0.015241254596185787,0.015241254596185787,False
random_bp,expectation_value,same_entangling_gate_count,pm_12q_bp_sweep,hea,RX_RY_RZ_CNOT,none,linear,cnot,global,12,8,8,88,88,11,23,2,2,10,RZ,2,104,layer_002_wire_010_RZ,-0.001105038357527804,0.001105038357527804,False
random_bp,expectation_value,same_entangling_gate_count,pm_12q_bp_sweep,hea,RX_RY_RZ_CNOT,none,linear,cnot,global,12,8,8,88,88,11,23,2,2,11,RX,0,105,layer_002_wire_011_RX,0.0014707245370155682,0.0014707245370155682,False
random_bp,expectation_value,same_entangling_gate_count,pm_12q_bp_sweep,hea,RX_RY_RZ_CNOT,none,linear,cnot,global,12,8,8,88,88,11,23,2,2,11,RY,1,106,layer_002_wire_011_RY,0.011665854437746877,0.011665854437746877,False
random_bp,expectation_value,same_entangling_gate_count,pm_12q_bp_sweep,hea,RX_RY_RZ_CNOT,none,linear,cnot,global,12,8,8,88,88,11,23,2,2,11,RZ,2,107,layer_002_wire_011_RZ,-0.007155821531234466,0.007155821531234466,False
random_bp,expectation_value,same_entangling_gate_count,pm_12q_bp_sweep,hea,RX_RY_RZ_CNOT,none,linear,cnot,global,12,8,8,88,88,11,23,2,3,0,RX,0,108,layer_003_wire_000_RX,0.01331649452737177,0.01331649452737177,False
random_bp,expectation_value,same_entangling_gate_count,pm_12q_bp_sweep,hea,RX_RY_RZ_CNOT,none,linear,cnot,global,12,8,8,88,88,11,23,2,3,0,RY,1,109,layer_003_wire_000_RY,-0.009590639023192762,0.009590639023192762,False
random_bp,expectation_value,same_entangling_gate_count,pm_12q_bp_sweep,hea,RX_RY_RZ_CNOT,none,linear,cnot,global,12,8,8,88,88,11,23,2,3,0,RZ,2,110,layer_003_wire_000_RZ,-0.014098368972146112,0.014098368972146112,False
random_bp,expectation_value,same_entangling_gate_count,pm_12q_bp_sweep,hea,RX_RY_RZ_CNOT,none,linear,cnot,global,12,8,8,88,88,11,23,2,3,1,RX,0,111,layer_003_wire_001_RX,0.0033075549110348898,0.0033075549110348898,False
random_bp,expectation_value,same_entangling_gate_count,pm_12q_bp_sweep,hea,RX_RY_RZ_CNOT,none,linear,cnot,global,12,8,8,88,88,11,23,2,3,1,RY,1,112,layer_003_wire_001_RY,-0.0004596694305542975,0.0004596694305542975,False
random_bp,expectation_value,same_entangling_gate_count,pm_12q_bp_sweep,hea,RX_RY_RZ_CNOT,none,linear,cnot,global,12,8,8,88,88,11,23,2,3,1,RZ,2,113,layer_003_wire_001_RZ,-0.007265270350992045,0.007265270350992045,False
random_bp,expectation_value,same_entangling_gate_count,pm_12q_bp_sweep,hea,RX_RY_RZ_CNOT,none,linear,cnot,global,12,8,8,88,88,11,23,2,3,2,RX,0,114,layer_003_wire_002_RX,-0.006880731978493121,0.006880731978493121,False
random_bp,expectation_value,same_entangling_gate_count,pm_12q_bp_sweep,hea,RX_RY_RZ_CNOT,none,linear,cnot,global,12,8,8,88,88,11,23,2,3,2,RY,1,115,layer_003_wire_002_RY,0.0019846767754872043,0.0019846767754872043,False
random_bp,expectation_value,same_entangling_gate_count,pm_12q_bp_sweep,hea,RX_RY_RZ_CNOT,none,linear,cnot,global,12,8,8,88,88,11,23,2,3,2,RZ,2,116,layer_003_wire_002_RZ,0.009924561624917332,0.009924561624917332,False
random_bp,expectation_value,same_entangling_gate_count,pm_12q_bp_sweep,hea,RX_RY_RZ_CNOT,none,linear,cnot,global,12,8,8,88,88,11,23,2,3,3,RX,0,117,layer_003_wire_003_RX,0.0008599013338958085,0.0008599013338958085,False
random_bp,expectation_value,same_entangling_gate_count,pm_12q_bp_sweep,hea,RX_RY_RZ_CNOT,none,linear,cnot,global,12,8,8,88,88,11,23,2,3,3,RY,1,118,layer_003_wire_003_RY,-0.0016014517740474878,0.0016014517740474878,False
random_bp,expectation_value,same_entangling_gate_count,pm_12q_bp_sweep,hea,RX_RY_RZ_CNOT,none,linear,cnot,global,12,8,8,88,88,11,23,2,3,3,RZ,2,119,layer_003_wire_003_RZ,0.007113209646833887,0.007113209646833887,False
random_bp,expectation_value,same_entangling_gate_count,pm_12q_bp_sweep,hea,RX_RY_RZ_CNOT,none,linear,cnot,global,12,8,8,88,88,11,23,2,3,4,RX,0,120,layer_003_wire_004_RX,0.009452831530900676,0.009452831530900676,False
random_bp,expectation_value,same_entangling_gate_count,pm_12q_bp_sweep,hea,RX_RY_RZ_CNOT,none,linear,cnot,global,12,8,8,88,88,11,23,2,3,4,RY,1,121,layer_003_wire_004_RY,-0.008239302774580804,0.008239302774580804,False
random_bp,expectation_value,same_entangling_gate_count,pm_12q_bp_sweep,hea,RX_RY_RZ_CNOT,none,linear,cnot,global,12,8,8,88,88,11,23,2,3,4,RZ,2,122,layer_003_wire_004_RZ,0.009328825116970247,0.009328825116970247,False
random_bp,expectation_value,same_entangling_gate_count,pm_12q_bp_sweep,hea,RX_RY_RZ_CNOT,none,linear,cnot,global,12,8,8,88,88,11,23,2,3,5,RX,0,123,layer_003_wire_005_RX,-0.002628965359626162,0.002628965359626162,False
random_bp,expectation_value,same_entangling_gate_count,pm_12q_bp_sweep,hea,RX_RY_RZ_CNOT,none,linear,cnot,global,12,8,8,88,88,11,23,2,3,5,RY,1,124,layer_003_wire_005_RY,-0.004576891712140436,0.004576891712140436,False
random_bp,expectation_value,same_entangling_gate_count,pm_12q_bp_sweep,hea,RX_RY_RZ_CNOT,none,linear,cnot,global,12,8,8,88,88,11,23,2,3,5,RZ,2,125,layer_003_wire_005_RZ,-0.0033336535454393385,0.0033336535454393385,False
random_bp,expectation_value,same_entangling_gate_count,pm_12q_bp_sweep,hea,RX_RY_RZ_CNOT,none,linear,cnot,global,12,8,8,88,88,11,23,2,3,6,RX,0,126,layer_003_wire_006_RX,0.006010810079778221,0.006010810079778221,False
random_bp,expectation_value,same_entangling_gate_count,pm_12q_bp_sweep,hea,RX_RY_RZ_CNOT,none,linear,cnot,global,12,8,8,88,88,11,23,2,3,6,RY,1,127,layer_003_wire_006_RY,0.006040076165689228,0.006040076165689228,False
random_bp,expectation_value,same_entangling_gate_count,pm_12q_bp_sweep,hea,RX_RY_RZ_CNOT,none,linear,cnot,global,12,8,8,88,88,11,23,2,3,6,RZ,2,128,layer_003_wire_006_RZ,-0.012091822131170627,0.012091822131170627,False
random_bp,expectation_value,same_entangling_gate_count,pm_12q_bp_sweep,hea,RX_RY_RZ_CNOT,none,linear,cnot,global,12,8,8,88,88,11,23,2,3,7,RX,0,129,layer_003_wire_007_RX,0.00011368819025703455,0.00011368819025703455,False
random_bp,expectation_value,same_entangling_gate_count,pm_12q_bp_sweep,hea,RX_RY_RZ_CNOT,none,linear,cnot,global,12,8,8,88,88,11,23,2,3,7,RY,1,130,layer_003_wire_007_RY,-0.015272585373669195,0.015272585373669195,False
random_bp,expectation_value,same_entangling_gate_count,pm_12q_bp_sweep,hea,RX_RY_RZ_CNOT,none,linear,cnot,global,12,8,8,88,88,11,23,2,3,7,RZ,2,131,layer_003_wire_007_RZ,0.006201665695301982,0.006201665695301982,False
random_bp,expectation_value,same_entangling_gate_count,pm_12q_bp_sweep,hea,RX_RY_RZ_CNOT,none,linear,cnot,global,12,8,8,88,88,11,23,2,3,8,RX,0,132,layer_003_wire_008_RX,-0.011344078090359935,0.011344078090359935,False
random_bp,expectation_value,same_entangling_gate_count,pm_12q_bp_sweep,hea,RX_RY_RZ_CNOT,none,linear,cnot,global,12,8,8,88,88,11,23,2,3,8,RY,1,133,layer_003_wire_008_RY,0.00017353943146608764,0.00017353943146608764,False
random_bp,expectation_value,same_entangling_gate_count,pm_12q_bp_sweep,hea,RX_RY_RZ_CNOT,none,linear,cnot,global,12,8,8,88,88,11,23,2,3,8,RZ,2,134,layer_003_wire_008_RZ,0.025343894109371858,0.025343894109371858,False
random_bp,expectation_value,same_entangling_gate_count,pm_12q_bp_sweep,hea,RX_RY_RZ_CNOT,none,linear,cnot,global,12,8,8,88,88,11,23,2,3,9,RX,0,135,layer_003_wire_009_RX,0.00010771987475101695,0.00010771987475101695,False
random_bp,expectation_value,same_entangling_gate_count,pm_12q_bp_sweep,hea,RX_RY_RZ_CNOT,none,linear,cnot,global,12,8,8,88,88,11,23,2,3,9,RY,1,136,layer_003_wire_009_RY,-0.004626838641084265,0.004626838641084265,False
random_bp,expectation_value,same_entangling_gate_count,pm_12q_bp_sweep,hea,RX_RY_RZ_CNOT,none,linear,cnot,global,12,8,8,88,88,11,23,2,3,9,RZ,2,137,layer_003_wire_009_RZ,-8.03798716812127e-05,8.03798716812127e-05,False
random_bp,expectation_value,same_entangling_gate_count,pm_12q_bp_sweep,hea,RX_RY_RZ_CNOT,none,linear,cnot,global,12,8,8,88,88,11,23,2,3,10,RX,0,138,layer_003_wire_010_RX,-0.019464740596839416,0.019464740596839416,False
random_bp,expectation_value,same_entangling_gate_count,pm_12q_bp_sweep,hea,RX_RY_RZ_CNOT,none,linear,cnot,global,12,8,8,88,88,11,23,2,3,10,RY,1,139,layer_003_wire_010_RY,0.013366239607347959,0.013366239607347959,False
random_bp,expectation_value,same_entangling_gate_count,pm_12q_bp_sweep,hea,RX_RY_RZ_CNOT,none,linear,cnot,global,12,8,8,88,88,11,23,2,3,10,RZ,2,140,layer_003_wire_010_RZ,-0.01890192268393047,0.01890192268393047,False
random_bp,expectation_value,same_entangling_gate_count,pm_12q_bp_sweep,hea,RX_RY_RZ_CNOT,none,linear,cnot,global,12,8,8,88,88,11,23,2,3,11,RX,0,141,layer_003_wire_011_RX,0.012397192746771053,0.012397192746771053,False
random_bp,expectation_value,same_entangling_gate_count,pm_12q_bp_sweep,hea,RX_RY_RZ_CNOT,none,linear,cnot,global,12,8,8,88,88,11,23,2,3,11,RY,1,142,layer_003_wire_011_RY,-0.019353584291692705,0.019353584291692705,False
random_bp,expectation_value,same_entangling_gate_count,pm_12q_bp_sweep,hea,RX_RY_RZ_CNOT,none,linear,cnot,global,12,8,8,88,88,11,23,2,3,11,RZ,2,143,layer_003_wire_011_RZ,-0.009410243992134575,0.009410243992134575,False
random_bp,expectation_value,same_entangling_gate_count,pm_12q_bp_sweep,hea,RX_RY_RZ_CNOT,none,linear,cnot,global,12,8,8,88,88,11,23,2,4,0,RX,0,144,layer_004_wire_000_RX,0.004632553906945915,0.004632553906945915,False
random_bp,expectation_value,same_entangling_gate_count,pm_12q_bp_sweep,hea,RX_RY_RZ_CNOT,none,linear,cnot,global,12,8,8,88,88,11,23,2,4,0,RY,1,145,layer_004_wire_000_RY,-0.012417761023876872,0.012417761023876872,False
random_bp,expectation_value,same_entangling_gate_count,pm_12q_bp_sweep,hea,RX_RY_RZ_CNOT,none,linear,cnot,global,12,8,8,88,88,11,23,2,4,0,RZ,2,146,layer_004_wire_000_RZ,0.00500965899077528,0.00500965899077528,False
random_bp,expectation_value,same_entangling_gate_count,pm_12q_bp_sweep,hea,RX_RY_RZ_CNOT,none,linear,cnot,global,12,8,8,88,88,11,23,2,4,1,RX,0,147,layer_004_wire_001_RX,-0.0009330554071405579,0.0009330554071405579,False
random_bp,expectation_value,same_entangling_gate_count,pm_12q_bp_sweep,hea,RX_RY_RZ_CNOT,none,linear,cnot,global,12,8,8,88,88,11,23,2,4,1,RY,1,148,layer_004_wire_001_RY,-0.017053084545748467,0.017053084545748467,False
random_bp,expectation_value,same_entangling_gate_count,pm_12q_bp_sweep,hea,RX_RY_RZ_CNOT,none,linear,cnot,global,12,8,8,88,88,11,23,2,4,1,RZ,2,149,layer_004_wire_001_RZ,-0.0019534562094441306,0.0019534562094441306,False
random_bp,expectation_value,same_entangling_gate_count,pm_12q_bp_sweep,hea,RX_RY_RZ_CNOT,none,linear,cnot,global,12,8,8,88,88,11,23,2,4,2,RX,0,150,layer_004_wire_002_RX,-0.009835884663438864,0.009835884663438864,False
random_bp,expectation_value,same_entangling_gate_count,pm_12q_bp_sweep,hea,RX_RY_RZ_CNOT,none,linear,cnot,global,12,8,8,88,88,11,23,2,4,2,RY,1,151,layer_004_wire_002_RY,0.003603042747364467,0.003603042747364467,False
random_bp,expectation_value,same_entangling_gate_count,pm_12q_bp_sweep,hea,RX_RY_RZ_CNOT,none,linear,cnot,global,12,8,8,88,88,11,23,2,4,2,RZ,2,152,layer_004_wire_002_RZ,-0.009817555301348355,0.009817555301348355,False
random_bp,expectation_value,same_entangling_gate_count,pm_12q_bp_sweep,hea,RX_RY_RZ_CNOT,none,linear,cnot,global,12,8,8,88,88,11,23,2,4,3,RX,0,153,layer_004_wire_003_RX,-0.011535648643785194,0.011535648643785194,False
random_bp,expectation_value,same_entangling_gate_count,pm_12q_bp_sweep,hea,RX_RY_RZ_CNOT,none,linear,cnot,global,12,8,8,88,88,11,23,2,4,3,RY,1,154,layer_004_wire_003_RY,0.008186031995776697,0.008186031995776697,False
random_bp,expectation_value,same_entangling_gate_count,pm_12q_bp_sweep,hea,RX_RY_RZ_CNOT,none,linear,cnot,global,12,8,8,88,88,11,23,2,4,3,RZ,2,155,layer_004_wire_003_RZ,0.009682207385050073,0.009682207385050073,False
random_bp,expectation_value,same_entangling_gate_count,pm_12q_bp_sweep,hea,RX_RY_RZ_CNOT,none,linear,cnot,global,12,8,8,88,88,11,23,2,4,4,RX,0,156,layer_004_wire_004_RX,-0.0012303946826684787,0.0012303946826684787,False
random_bp,expectation_value,same_entangling_gate_count,pm_12q_bp_sweep,hea,RX_RY_RZ_CNOT,none,linear,cnot,global,12,8,8,88,88,11,23,2,4,4,RY,1,157,layer_004_wire_004_RY,0.005241287281789277,0.005241287281789277,False
random_bp,expectation_value,same_entangling_gate_count,pm_12q_bp_sweep,hea,RX_RY_RZ_CNOT,none,linear,cnot,global,12,8,8,88,88,11,23,2,4,4,RZ,2,158,layer_004_wire_004_RZ,-0.006885244581733912,0.006885244581733912,False
random_bp,expectation_value,same_entangling_gate_count,pm_12q_bp_sweep,hea,RX_RY_RZ_CNOT,none,linear,cnot,global,12,8,8,88,88,11,23,2,4,5,RX,0,159,layer_004_wire_005_RX,-0.005591579281637948,0.005591579281637948,False
random_bp,expectation_value,same_entangling_gate_count,pm_12q_bp_sweep,hea,RX_RY_RZ_CNOT,none,linear,cnot,global,12,8,8,88,88,11,23,2,4,5,RY,1,160,layer_004_wire_005_RY,-0.0007642995150690078,0.0007642995150690078,False
random_bp,expectation_value,same_entangling_gate_count,pm_12q_bp_sweep,hea,RX_RY_RZ_CNOT,none,linear,cnot,global,12,8,8,88,88,11,23,2,4,5,RZ,2,161,layer_004_wire_005_RZ,0.012724477311074414,0.012724477311074414,False
random_bp,expectation_value,same_entangling_gate_count,pm_12q_bp_sweep,hea,RX_RY_RZ_CNOT,none,linear,cnot,global,12,8,8,88,88,11,23,2,4,6,RX,0,162,layer_004_wire_006_RX,-0.012137631734982932,0.012137631734982932,False
random_bp,expectation_value,same_entangling_gate_count,pm_12q_bp_sweep,hea,RX_RY_RZ_CNOT,none,linear,cnot,global,12,8,8,88,88,11,23,2,4,6,RY,1,163,layer_004_wire_006_RY,-0.000454987880723425,0.000454987880723425,False
random_bp,expectation_value,same_entangling_gate_count,pm_12q_bp_sweep,hea,RX_RY_RZ_CNOT,none,linear,cnot,global,12,8,8,88,88,11,23,2,4,6,RZ,2,164,layer_004_wire_006_RZ,-0.012554907831389382,0.012554907831389382,False
random_bp,expectation_value,same_entangling_gate_count,pm_12q_bp_sweep,hea,RX_RY_RZ_CNOT,none,linear,cnot,global,12,8,8,88,88,11,23,2,4,7,RX,0,165,layer_004_wire_007_RX,-0.0007571976015250119,0.0007571976015250119,False
random_bp,expectation_value,same_entangling_gate_count,pm_12q_bp_sweep,hea,RX_RY_RZ_CNOT,none,linear,cnot,global,12,8,8,88,88,11,23,2,4,7,RY,1,166,layer_004_wire_007_RY,-0.00014560827680230827,0.00014560827680230827,False
random_bp,expectation_value,same_entangling_gate_count,pm_12q_bp_sweep,hea,RX_RY_RZ_CNOT,none,linear,cnot,global,12,8,8,88,88,11,23,2,4,7,RZ,2,167,layer_004_wire_007_RZ,0.002724299125071751,0.002724299125071751,False
random_bp,expectation_value,same_entangling_gate_count,pm_12q_bp_sweep,hea,RX_RY_RZ_CNOT,none,linear,cnot,global,12,8,8,88,88,11,23,2,4,8,RX,0,168,layer_004_wire_008_RX,-0.000834520726713921,0.000834520726713921,False
random_bp,expectation_value,same_entangling_gate_count,pm_12q_bp_sweep,hea,RX_RY_RZ_CNOT,none,linear,cnot,global,12,8,8,88,88,11,23,2,4,8,RY,1,169,layer_004_wire_008_RY,-0.02629139949287497,0.02629139949287497,False
random_bp,expectation_value,same_entangling_gate_count,pm_12q_bp_sweep,hea,RX_RY_RZ_CNOT,none,linear,cnot,global,12,8,8,88,88,11,23,2,4,8,RZ,2,170,layer_004_wire_008_RZ,0.00016950387014956025,0.00016950387014956025,False
random_bp,expectation_value,same_entangling_gate_count,pm_12q_bp_sweep,hea,RX_RY_RZ_CNOT,none,linear,cnot,global,12,8,8,88,88,11,23,2,4,9,RX,0,171,layer_004_wire_009_RX,0.007996694929537747,0.007996694929537747,False
random_bp,expectation_value,same_entangling_gate_count,pm_12q_bp_sweep,hea,RX_RY_RZ_CNOT,none,linear,cnot,global,12,8,8,88,88,11,23,2,4,9,RY,1,172,layer_004_wire_009_RY,-0.012185281920975247,0.012185281920975247,False
random_bp,expectation_value,same_entangling_gate_count,pm_12q_bp_sweep,hea,RX_RY_RZ_CNOT,none,linear,cnot,global,12,8,8,88,88,11,23,2,4,9,RZ,2,173,layer_004_wire_009_RZ,0.013199552865342766,0.013199552865342766,False
random_bp,expectation_value,same_entangling_gate_count,pm_12q_bp_sweep,hea,RX_RY_RZ_CNOT,none,linear,cnot,global,12,8,8,88,88,11,23,2,4,10,RX,0,174,layer_004_wire_010_RX,0.012886248255747815,0.012886248255747815,False
random_bp,expectation_value,same_entangling_gate_count,pm_12q_bp_sweep,hea,RX_RY_RZ_CNOT,none,linear,cnot,global,12,8,8,88,88,11,23,2,4,10,RY,1,175,layer_004_wire_010_RY,-7.753369955993794e-05,7.753369955993794e-05,False
random_bp,expectation_value,same_entangling_gate_count,pm_12q_bp_sweep,hea,RX_RY_RZ_CNOT,none,linear,cnot,global,12,8,8,88,88,11,23,2,4,10,RZ,2,176,layer_004_wire_010_RZ,0.019187525470014732,0.019187525470014732,False
random_bp,expectation_value,same_entangling_gate_count,pm_12q_bp_sweep,hea,RX_RY_RZ_CNOT,none,linear,cnot,global,12,8,8,88,88,11,23,2,4,11,RX,0,177,layer_004_wire_011_RX,0.012895091928758241,0.012895091928758241,False
random_bp,expectation_value,same_entangling_gate_count,pm_12q_bp_sweep,hea,RX_RY_RZ_CNOT,none,linear,cnot,global,12,8,8,88,88,11,23,2,4,11,RY,1,178,layer_004_wire_011_RY,-0.0011766413073265411,0.0011766413073265411,False
random_bp,expectation_value,same_entangling_gate_count,pm_12q_bp_sweep,hea,RX_RY_RZ_CNOT,none,linear,cnot,global,12,8,8,88,88,11,23,2,4,11,RZ,2,179,layer_004_wire_011_RZ,-0.010778596018592976,0.010778596018592976,False
random_bp,expectation_value,same_entangling_gate_count,pm_12q_bp_sweep,hea,RX_RY_RZ_CNOT,none,linear,cnot,global,12,8,8,88,88,11,23,2,5,0,RX,0,180,layer_005_wire_000_RX,-0.002450721944331061,0.002450721944331061,False
random_bp,expectation_value,same_entangling_gate_count,pm_12q_bp_sweep,hea,RX_RY_RZ_CNOT,none,linear,cnot,global,12,8,8,88,88,11,23,2,5,0,RY,1,181,layer_005_wire_000_RY,-0.004545708587597457,0.004545708587597457,False
random_bp,expectation_value,same_entangling_gate_count,pm_12q_bp_sweep,hea,RX_RY_RZ_CNOT,none,linear,cnot,global,12,8,8,88,88,11,23,2,5,0,RZ,2,182,layer_005_wire_000_RZ,-0.002650554305157005,0.002650554305157005,False
random_bp,expectation_value,same_entangling_gate_count,pm_12q_bp_sweep,hea,RX_RY_RZ_CNOT,none,linear,cnot,global,12,8,8,88,88,11,23,2,5,1,RX,0,183,layer_005_wire_001_RX,-0.0025945716614841465,0.0025945716614841465,False
random_bp,expectation_value,same_entangling_gate_count,pm_12q_bp_sweep,hea,RX_RY_RZ_CNOT,none,linear,cnot,global,12,8,8,88,88,11,23,2,5,1,RY,1,184,layer_005_wire_001_RY,0.002540334886503088,0.002540334886503088,False
random_bp,expectation_value,same_entangling_gate_count,pm_12q_bp_sweep,hea,RX_RY_RZ_CNOT,none,linear,cnot,global,12,8,8,88,88,11,23,2,5,1,RZ,2,185,layer_005_wire_001_RZ,-0.002053758614220849,0.002053758614220849,False
random_bp,expectation_value,same_entangling_gate_count,pm_12q_bp_sweep,hea,RX_RY_RZ_CNOT,none,linear,cnot,global,12,8,8,88,88,11,23,2,5,2,RX,0,186,layer_005_wire_002_RX,-0.013756260583110828,0.013756260583110828,False
random_bp,expectation_value,same_entangling_gate_count,pm_12q_bp_sweep,hea,RX_RY_RZ_CNOT,none,linear,cnot,global,12,8,8,88,88,11,23,2,5,2,RY,1,187,layer_005_wire_002_RY,-0.0022616651056521745,0.0022616651056521745,False
random_bp,expectation_value,same_entangling_gate_count,pm_12q_bp_sweep,hea,RX_RY_RZ_CNOT,none,linear,cnot,global,12,8,8,88,88,11,23,2,5,2,RZ,2,188,layer_005_wire_002_RZ,-0.003077206016195202,0.003077206016195202,False
random_bp,expectation_value,same_entangling_gate_count,pm_12q_bp_sweep,hea,RX_RY_RZ_CNOT,none,linear,cnot,global,12,8,8,88,88,11,23,2,5,3,RX,0,189,layer_005_wire_003_RX,-0.004000428360884058,0.004000428360884058,False
random_bp,expectation_value,same_entangling_gate_count,pm_12q_bp_sweep,hea,RX_RY_RZ_CNOT,none,linear,cnot,global,12,8,8,88,88,11,23,2,5,3,RY,1,190,layer_005_wire_003_RY,-0.019835559581435153,0.019835559581435153,False
random_bp,expectation_value,same_entangling_gate_count,pm_12q_bp_sweep,hea,RX_RY_RZ_CNOT,none,linear,cnot,global,12,8,8,88,88,11,23,2,5,3,RZ,2,191,layer_005_wire_003_RZ,0.0045694842821091194,0.0045694842821091194,False
random_bp,expectation_value,same_entangling_gate_count,pm_12q_bp_sweep,hea,RX_RY_RZ_CNOT,none,linear,cnot,global,12,8,8,88,88,11,23,2,5,4,RX,0,192,layer_005_wire_004_RX,0.0004940005430411307,0.0004940005430411307,False
random_bp,expectation_value,same_entangling_gate_count,pm_12q_bp_sweep,hea,RX_RY_RZ_CNOT,none,linear,cnot,global,12,8,8,88,88,11,23,2,5,4,RY,1,193,layer_005_wire_004_RY,-0.004221148859140709,0.004221148859140709,False
random_bp,expectation_value,same_entangling_gate_count,pm_12q_bp_sweep,hea,RX_RY_RZ_CNOT,none,linear,cnot,global,12,8,8,88,88,11,23,2,5,4,RZ,2,194,layer_005_wire_004_RZ,0.00040123549745201405,0.00040123549745201405,False
random_bp,expectation_value,same_entangling_gate_count,pm_12q_bp_sweep,hea,RX_RY_RZ_CNOT,none,linear,cnot,global,12,8,8,88,88,11,23,2,5,5,RX,0,195,layer_005_wire_005_RX,-0.019399845730355192,0.019399845730355192,False
random_bp,expectation_value,same_entangling_gate_count,pm_12q_bp_sweep,hea,RX_RY_RZ_CNOT,none,linear,cnot,global,12,8,8,88,88,11,23,2,5,5,RY,1,196,layer_005_wire_005_RY,0.003569721877644495,0.003569721877644495,False
random_bp,expectation_value,same_entangling_gate_count,pm_12q_bp_sweep,hea,RX_RY_RZ_CNOT,none,linear,cnot,global,12,8,8,88,88,11,23,2,5,5,RZ,2,197,layer_005_wire_005_RZ,-0.003438607852066136,0.003438607852066136,False
random_bp,expectation_value,same_entangling_gate_count,pm_12q_bp_sweep,hea,RX_RY_RZ_CNOT,none,linear,cnot,global,12,8,8,88,88,11,23,2,5,6,RX,0,198,layer_005_wire_006_RX,-0.011182318584724868,0.011182318584724868,False
random_bp,expectation_value,same_entangling_gate_count,pm_12q_bp_sweep,hea,RX_RY_RZ_CNOT,none,linear,cnot,global,12,8,8,88,88,11,23,2,5,6,RY,1,199,layer_005_wire_006_RY,0.0037436898837987127,0.0037436898837987127,False
random_bp,expectation_value,same_entangling_gate_count,pm_12q_bp_sweep,hea,RX_RY_RZ_CNOT,none,linear,cnot,global,12,8,8,88,88,11,23,2,5,6,RZ,2,200,layer_005_wire_006_RZ,0.0006620114228768174,0.0006620114228768174,False
random_bp,expectation_value,same_entangling_gate_count,pm_12q_bp_sweep,hea,RX_RY_RZ_CNOT,none,linear,cnot,global,12,8,8,88,88,11,23,2,5,7,RX,0,201,layer_005_wire_007_RX,-0.00063390849740398,0.00063390849740398,False
random_bp,expectation_value,same_entangling_gate_count,pm_12q_bp_sweep,hea,RX_RY_RZ_CNOT,none,linear,cnot,global,12,8,8,88,88,11,23,2,5,7,RY,1,202,layer_005_wire_007_RY,0.0005510401620107454,0.0005510401620107454,False
random_bp,expectation_value,same_entangling_gate_count,pm_12q_bp_sweep,hea,RX_RY_RZ_CNOT,none,linear,cnot,global,12,8,8,88,88,11,23,2,5,7,RZ,2,203,layer_005_wire_007_RZ,0.022989110728855608,0.022989110728855608,False
random_bp,expectation_value,same_entangling_gate_count,pm_12q_bp_sweep,hea,RX_RY_RZ_CNOT,none,linear,cnot,global,12,8,8,88,88,11,23,2,5,8,RX,0,204,layer_005_wire_008_RX,0.011061381114052608,0.011061381114052608,False
random_bp,expectation_value,same_entangling_gate_count,pm_12q_bp_sweep,hea,RX_RY_RZ_CNOT,none,linear,cnot,global,12,8,8,88,88,11,23,2,5,8,RY,1,205,layer_005_wire_008_RY,-0.007666667443983384,0.007666667443983384,False
random_bp,expectation_value,same_entangling_gate_count,pm_12q_bp_sweep,hea,RX_RY_RZ_CNOT,none,linear,cnot,global,12,8,8,88,88,11,23,2,5,8,RZ,2,206,layer_005_wire_008_RZ,0.004903537395876695,0.004903537395876695,False
random_bp,expectation_value,same_entangling_gate_count,pm_12q_bp_sweep,hea,RX_RY_RZ_CNOT,none,linear,cnot,global,12,8,8,88,88,11,23,2,5,9,RX,0,207,layer_005_wire_009_RX,0.0011796957077082532,0.0011796957077082532,False
random_bp,expectation_value,same_entangling_gate_count,pm_12q_bp_sweep,hea,RX_RY_RZ_CNOT,none,linear,cnot,global,12,8,8,88,88,11,23,2,5,9,RY,1,208,layer_005_wire_009_RY,0.008958537353869797,0.008958537353869797,False
random_bp,expectation_value,same_entangling_gate_count,pm_12q_bp_sweep,hea,RX_RY_RZ_CNOT,none,linear,cnot,global,12,8,8,88,88,11,23,2,5,9,RZ,2,209,layer_005_wire_009_RZ,0.020186221937272826,0.020186221937272826,False
random_bp,expectation_value,same_entangling_gate_count,pm_12q_bp_sweep,hea,RX_RY_RZ_CNOT,none,linear,cnot,global,12,8,8,88,88,11,23,2,5,10,RX,0,210,layer_005_wire_010_RX,0.0021688900391736324,0.0021688900391736324,False
random_bp,expectation_value,same_entangling_gate_count,pm_12q_bp_sweep,hea,RX_RY_RZ_CNOT,none,linear,cnot,global,12,8,8,88,88,11,23,2,5,10,RY,1,211,layer_005_wire_010_RY,-0.006261422236006009,0.006261422236006009,False
random_bp,expectation_value,same_entangling_gate_count,pm_12q_bp_sweep,hea,RX_RY_RZ_CNOT,none,linear,cnot,global,12,8,8,88,88,11,23,2,5,10,RZ,2,212,layer_005_wire_010_RZ,0.009059044522696215,0.009059044522696215,False
random_bp,expectation_value,same_entangling_gate_count,pm_12q_bp_sweep,hea,RX_RY_RZ_CNOT,none,linear,cnot,global,12,8,8,88,88,11,23,2,5,11,RX,0,213,layer_005_wire_011_RX,-0.01084648409921184,0.01084648409921184,False
random_bp,expectation_value,same_entangling_gate_count,pm_12q_bp_sweep,hea,RX_RY_RZ_CNOT,none,linear,cnot,global,12,8,8,88,88,11,23,2,5,11,RY,1,214,layer_005_wire_011_RY,0.0015005102062711725,0.0015005102062711725,False
random_bp,expectation_value,same_entangling_gate_count,pm_12q_bp_sweep,hea,RX_RY_RZ_CNOT,none,linear,cnot,global,12,8,8,88,88,11,23,2,5,11,RZ,2,215,layer_005_wire_011_RZ,-0.011198925165339484,0.011198925165339484,False
random_bp,expectation_value,same_entangling_gate_count,pm_12q_bp_sweep,hea,RX_RY_RZ_CNOT,none,linear,cnot,global,12,8,8,88,88,11,23,2,6,0,RX,0,216,layer_006_wire_000_RX,-0.006825343489216334,0.006825343489216334,False
random_bp,expectation_value,same_entangling_gate_count,pm_12q_bp_sweep,hea,RX_RY_RZ_CNOT,none,linear,cnot,global,12,8,8,88,88,11,23,2,6,0,RY,1,217,layer_006_wire_000_RY,0.001846418387597739,0.001846418387597739,False
random_bp,expectation_value,same_entangling_gate_count,pm_12q_bp_sweep,hea,RX_RY_RZ_CNOT,none,linear,cnot,global,12,8,8,88,88,11,23,2,6,0,RZ,2,218,layer_006_wire_000_RZ,-1.2558689108650714e-17,1.2558689108650714e-17,True
random_bp,expectation_value,same_entangling_gate_count,pm_12q_bp_sweep,hea,RX_RY_RZ_CNOT,none,linear,cnot,global,12,8,8,88,88,11,23,2,6,1,RX,0,219,layer_006_wire_001_RX,-0.014417013560434809,0.014417013560434809,False
random_bp,expectation_value,same_entangling_gate_count,pm_12q_bp_sweep,hea,RX_RY_RZ_CNOT,none,linear,cnot,global,12,8,8,88,88,11,23,2,6,1,RY,1,220,layer_006_wire_001_RY,0.015391941703071076,0.015391941703071076,False
random_bp,expectation_value,same_entangling_gate_count,pm_12q_bp_sweep,hea,RX_RY_RZ_CNOT,none,linear,cnot,global,12,8,8,88,88,11,23,2,6,1,RZ,2,221,layer_006_wire_001_RZ,-0.009689579126983879,0.009689579126983879,False
random_bp,expectation_value,same_entangling_gate_count,pm_12q_bp_sweep,hea,RX_RY_RZ_CNOT,none,linear,cnot,global,12,8,8,88,88,11,23,2,6,2,RX,0,222,layer_006_wire_002_RX,0.0036064289329674625,0.0036064289329674625,False
random_bp,expectation_value,same_entangling_gate_count,pm_12q_bp_sweep,hea,RX_RY_RZ_CNOT,none,linear,cnot,global,12,8,8,88,88,11,23,2,6,2,RY,1,223,layer_006_wire_002_RY,0.004965241877195406,0.004965241877195406,False
random_bp,expectation_value,same_entangling_gate_count,pm_12q_bp_sweep,hea,RX_RY_RZ_CNOT,none,linear,cnot,global,12,8,8,88,88,11,23,2,6,2,RZ,2,224,layer_006_wire_002_RZ,0.005237620248736769,0.005237620248736769,False
random_bp,expectation_value,same_entangling_gate_count,pm_12q_bp_sweep,hea,RX_RY_RZ_CNOT,none,linear,cnot,global,12,8,8,88,88,11,23,2,6,3,RX,0,225,layer_006_wire_003_RX,0.015758145399287937,0.015758145399287937,False
random_bp,expectation_value,same_entangling_gate_count,pm_12q_bp_sweep,hea,RX_RY_RZ_CNOT,none,linear,cnot,global,12,8,8,88,88,11,23,2,6,3,RY,1,226,layer_006_wire_003_RY,0.004475878852256409,0.004475878852256409,False
random_bp,expectation_value,same_entangling_gate_count,pm_12q_bp_sweep,hea,RX_RY_RZ_CNOT,none,linear,cnot,global,12,8,8,88,88,11,23,2,6,3,RZ,2,227,layer_006_wire_003_RZ,-0.019717831832994796,0.019717831832994796,False
random_bp,expectation_value,same_entangling_gate_count,pm_12q_bp_sweep,hea,RX_RY_RZ_CNOT,none,linear,cnot,global,12,8,8,88,88,11,23,2,6,4,RX,0,228,layer_006_wire_004_RX,0.0017976506116900934,0.0017976506116900934,False
random_bp,expectation_value,same_entangling_gate_count,pm_12q_bp_sweep,hea,RX_RY_RZ_CNOT,none,linear,cnot,global,12,8,8,88,88,11,23,2,6,4,RY,1,229,layer_006_wire_004_RY,-0.009118461387149661,0.009118461387149661,False
random_bp,expectation_value,same_entangling_gate_count,pm_12q_bp_sweep,hea,RX_RY_RZ_CNOT,none,linear,cnot,global,12,8,8,88,88,11,23,2,6,4,RZ,2,230,layer_006_wire_004_RZ,0.0244093952607564,0.0244093952607564,False
random_bp,expectation_value,same_entangling_gate_count,pm_12q_bp_sweep,hea,RX_RY_RZ_CNOT,none,linear,cnot,global,12,8,8,88,88,11,23,2,6,5,RX,0,231,layer_006_wire_005_RX,0.007205454143684889,0.007205454143684889,False
random_bp,expectation_value,same_entangling_gate_count,pm_12q_bp_sweep,hea,RX_RY_RZ_CNOT,none,linear,cnot,global,12,8,8,88,88,11,23,2,6,5,RY,1,232,layer_006_wire_005_RY,-0.0007407314553696053,0.0007407314553696053,False
random_bp,expectation_value,same_entangling_gate_count,pm_12q_bp_sweep,hea,RX_RY_RZ_CNOT,none,linear,cnot,global,12,8,8,88,88,11,23,2,6,5,RZ,2,233,layer_006_wire_005_RZ,0.014042771933152669,0.014042771933152669,False
random_bp,expectation_value,same_entangling_gate_count,pm_12q_bp_sweep,hea,RX_RY_RZ_CNOT,none,linear,cnot,global,12,8,8,88,88,11,23,2,6,6,RX,0,234,layer_006_wire_006_RX,-0.003414376166844993,0.003414376166844993,False
random_bp,expectation_value,same_entangling_gate_count,pm_12q_bp_sweep,hea,RX_RY_RZ_CNOT,none,linear,cnot,global,12,8,8,88,88,11,23,2,6,6,RY,1,235,layer_006_wire_006_RY,0.01284811676289105,0.01284811676289105,False
random_bp,expectation_value,same_entangling_gate_count,pm_12q_bp_sweep,hea,RX_RY_RZ_CNOT,none,linear,cnot,global,12,8,8,88,88,11,23,2,6,6,RZ,2,236,layer_006_wire_006_RZ,0.012396726251679662,0.012396726251679662,False
random_bp,expectation_value,same_entangling_gate_count,pm_12q_bp_sweep,hea,RX_RY_RZ_CNOT,none,linear,cnot,global,12,8,8,88,88,11,23,2,6,7,RX,0,237,layer_006_wire_007_RX,0.017428102168000392,0.017428102168000392,False
random_bp,expectation_value,same_entangling_gate_count,pm_12q_bp_sweep,hea,RX_RY_RZ_CNOT,none,linear,cnot,global,12,8,8,88,88,11,23,2,6,7,RY,1,238,layer_006_wire_007_RY,-0.013027331864907666,0.013027331864907666,False
random_bp,expectation_value,same_entangling_gate_count,pm_12q_bp_sweep,hea,RX_RY_RZ_CNOT,none,linear,cnot,global,12,8,8,88,88,11,23,2,6,7,RZ,2,239,layer_006_wire_007_RZ,-0.00309857407235635,0.00309857407235635,False
random_bp,expectation_value,same_entangling_gate_count,pm_12q_bp_sweep,hea,RX_RY_RZ_CNOT,none,linear,cnot,global,12,8,8,88,88,11,23,2,6,8,RX,0,240,layer_006_wire_008_RX,-0.012152815215282936,0.012152815215282936,False
random_bp,expectation_value,same_entangling_gate_count,pm_12q_bp_sweep,hea,RX_RY_RZ_CNOT,none,linear,cnot,global,12,8,8,88,88,11,23,2,6,8,RY,1,241,layer_006_wire_008_RY,0.01085022423378981,0.01085022423378981,False
random_bp,expectation_value,same_entangling_gate_count,pm_12q_bp_sweep,hea,RX_RY_RZ_CNOT,none,linear,cnot,global,12,8,8,88,88,11,23,2,6,8,RZ,2,242,layer_006_wire_008_RZ,0.0007458408381414869,0.0007458408381414869,False
random_bp,expectation_value,same_entangling_gate_count,pm_12q_bp_sweep,hea,RX_RY_RZ_CNOT,none,linear,cnot,global,12,8,8,88,88,11,23,2,6,9,RX,0,243,layer_006_wire_009_RX,-0.01596220742264695,0.01596220742264695,False
random_bp,expectation_value,same_entangling_gate_count,pm_12q_bp_sweep,hea,RX_RY_RZ_CNOT,none,linear,cnot,global,12,8,8,88,88,11,23,2,6,9,RY,1,244,layer_006_wire_009_RY,0.004038831748767638,0.004038831748767638,False
random_bp,expectation_value,same_entangling_gate_count,pm_12q_bp_sweep,hea,RX_RY_RZ_CNOT,none,linear,cnot,global,12,8,8,88,88,11,23,2,6,9,RZ,2,245,layer_006_wire_009_RZ,-0.015729012699124988,0.015729012699124988,False
random_bp,expectation_value,same_entangling_gate_count,pm_12q_bp_sweep,hea,RX_RY_RZ_CNOT,none,linear,cnot,global,12,8,8,88,88,11,23,2,6,10,RX,0,246,layer_006_wire_010_RX,0.018994883206154597,0.018994883206154597,False
random_bp,expectation_value,same_entangling_gate_count,pm_12q_bp_sweep,hea,RX_RY_RZ_CNOT,none,linear,cnot,global,12,8,8,88,88,11,23,2,6,10,RY,1,247,layer_006_wire_010_RY,0.007136484505506021,0.007136484505506021,False
random_bp,expectation_value,same_entangling_gate_count,pm_12q_bp_sweep,hea,RX_RY_RZ_CNOT,none,linear,cnot,global,12,8,8,88,88,11,23,2,6,10,RZ,2,248,layer_006_wire_010_RZ,0.025248462336903955,0.025248462336903955,False
random_bp,expectation_value,same_entangling_gate_count,pm_12q_bp_sweep,hea,RX_RY_RZ_CNOT,none,linear,cnot,global,12,8,8,88,88,11,23,2,6,11,RX,0,249,layer_006_wire_011_RX,-0.0030340124244176247,0.0030340124244176247,False
random_bp,expectation_value,same_entangling_gate_count,pm_12q_bp_sweep,hea,RX_RY_RZ_CNOT,none,linear,cnot,global,12,8,8,88,88,11,23,2,6,11,RY,1,250,layer_006_wire_011_RY,0.005315397749883738,0.005315397749883738,False
random_bp,expectation_value,same_entangling_gate_count,pm_12q_bp_sweep,hea,RX_RY_RZ_CNOT,none,linear,cnot,global,12,8,8,88,88,11,23,2,6,11,RZ,2,251,layer_006_wire_011_RZ,-0.005365736917332531,0.005365736917332531,False
random_bp,expectation_value,same_entangling_gate_count,pm_12q_bp_sweep,hea,RX_RY_RZ_CNOT,none,linear,cnot,global,12,8,8,88,88,11,23,2,7,0,RX,0,252,layer_007_wire_000_RX,1.8431436932253575e-18,1.8431436932253575e-18,True
random_bp,expectation_value,same_entangling_gate_count,pm_12q_bp_sweep,hea,RX_RY_RZ_CNOT,none,linear,cnot,global,12,8,8,88,88,11,23,2,7,0,RY,1,253,layer_007_wire_000_RY,-2.1738253558334364e-17,2.1738253558334364e-17,True
random_bp,expectation_value,same_entangling_gate_count,pm_12q_bp_sweep,hea,RX_RY_RZ_CNOT,none,linear,cnot,global,12,8,8,88,88,11,23,2,7,0,RZ,2,254,layer_007_wire_000_RZ,1.419899282197982e-17,1.419899282197982e-17,True
random_bp,expectation_value,same_entangling_gate_count,pm_12q_bp_sweep,hea,RX_RY_RZ_CNOT,none,linear,cnot,global,12,8,8,88,88,11,23,2,7,1,RX,0,255,layer_007_wire_001_RX,-0.00045306491366446585,0.00045306491366446585,False
random_bp,expectation_value,same_entangling_gate_count,pm_12q_bp_sweep,hea,RX_RY_RZ_CNOT,none,linear,cnot,global,12,8,8,88,88,11,23,2,7,1,RY,1,256,layer_007_wire_001_RY,-0.002290553614895438,0.002290553614895438,False
random_bp,expectation_value,same_entangling_gate_count,pm_12q_bp_sweep,hea,RX_RY_RZ_CNOT,none,linear,cnot,global,12,8,8,88,88,11,23,2,7,1,RZ,2,257,layer_007_wire_001_RZ,-1.448825468406347e-17,1.448825468406347e-17,True
random_bp,expectation_value,same_entangling_gate_count,pm_12q_bp_sweep,hea,RX_RY_RZ_CNOT,none,linear,cnot,global,12,8,8,88,88,11,23,2,7,2,RX,0,258,layer_007_wire_002_RX,-3.144186300207963e-18,3.144186300207963e-18,True
random_bp,expectation_value,same_entangling_gate_count,pm_12q_bp_sweep,hea,RX_RY_RZ_CNOT,none,linear,cnot,global,12,8,8,88,88,11,23,2,7,2,RY,1,259,layer_007_wire_002_RY,-3.3610267347050637e-18,3.3610267347050637e-18,True
random_bp,expectation_value,same_entangling_gate_count,pm_12q_bp_sweep,hea,RX_RY_RZ_CNOT,none,linear,cnot,global,12,8,8,88,88,11,23,2,7,2,RZ,2,260,layer_007_wire_002_RZ,4.919421377745693e-18,4.919421377745693e-18,True
random_bp,expectation_value,same_entangling_gate_count,pm_12q_bp_sweep,hea,RX_RY_RZ_CNOT,none,linear,cnot,global,12,8,8,88,88,11,23,2,7,3,RX,0,261,layer_007_wire_003_RX,0.0016307494564235716,0.0016307494564235716,False
random_bp,expectation_value,same_entangling_gate_count,pm_12q_bp_sweep,hea,RX_RY_RZ_CNOT,none,linear,cnot,global,12,8,8,88,88,11,23,2,7,3,RY,1,262,layer_007_wire_003_RY,0.00212709481381512,0.00212709481381512,False
random_bp,expectation_value,same_entangling_gate_count,pm_12q_bp_sweep,hea,RX_RY_RZ_CNOT,none,linear,cnot,global,12,8,8,88,88,11,23,2,7,3,RZ,2,263,layer_007_wire_003_RZ,6.698219368866784e-18,6.698219368866784e-18,True
random_bp,expectation_value,same_entangling_gate_count,pm_12q_bp_sweep,hea,RX_RY_RZ_CNOT,none,linear,cnot,global,12,8,8,88,88,11,23,2,7,4,RX,0,264,layer_007_wire_004_RX,-1.22514845490862e-17,1.22514845490862e-17,True
random_bp,expectation_value,same_entangling_gate_count,pm_12q_bp_sweep,hea,RX_RY_RZ_CNOT,none,linear,cnot,global,12,8,8,88,88,11,23,2,7,4,RY,1,265,layer_007_wire_004_RY,-8.673617379884035e-19,8.673617379884035e-19,True
random_bp,expectation_value,same_entangling_gate_count,pm_12q_bp_sweep,hea,RX_RY_RZ_CNOT,none,linear,cnot,global,12,8,8,88,88,11,23,2,7,4,RZ,2,266,layer_007_wire_004_RZ,-7.461921752376767e-18,7.461921752376767e-18,True
random_bp,expectation_value,same_entangling_gate_count,pm_12q_bp_sweep,hea,RX_RY_RZ_CNOT,none,linear,cnot,global,12,8,8,88,88,11,23,2,7,5,RX,0,267,layer_007_wire_005_RX,-0.006573374911409993,0.006573374911409993,False
random_bp,expectation_value,same_entangling_gate_count,pm_12q_bp_sweep,hea,RX_RY_RZ_CNOT,none,linear,cnot,global,12,8,8,88,88,11,23,2,7,5,RY,1,268,layer_007_wire_005_RY,0.01512034790408504,0.01512034790408504,False
random_bp,expectation_value,same_entangling_gate_count,pm_12q_bp_sweep,hea,RX_RY_RZ_CNOT,none,linear,cnot,global,12,8,8,88,88,11,23,2,7,5,RZ,2,269,layer_007_wire_005_RZ,-4.0277402421314127e-19,4.0277402421314127e-19,True
random_bp,expectation_value,same_entangling_gate_count,pm_12q_bp_sweep,hea,RX_RY_RZ_CNOT,none,linear,cnot,global,12,8,8,88,88,11,23,2,7,6,RX,0,270,layer_007_wire_006_RX,-3.130633773051894e-18,3.130633773051894e-18,True
random_bp,expectation_value,same_entangling_gate_count,pm_12q_bp_sweep,hea,RX_RY_RZ_CNOT,none,linear,cnot,global,12,8,8,88,88,11,23,2,7,6,RY,1,271,layer_007_wire_006_RY,2.8189256484623115e-18,2.8189256484623115e-18,True
random_bp,expectation_value,same_entangling_gate_count,pm_12q_bp_sweep,hea,RX_RY_RZ_CNOT,none,linear,cnot,global,12,8,8,88,88,11,23,2,7,6,RZ,2,272,layer_007_wire_006_RZ,-7.361006430733592e-18,7.361006430733592e-18,True
random_bp,expectation_value,same_entangling_gate_count,pm_12q_bp_sweep,hea,RX_RY_RZ_CNOT,none,linear,cnot,global,12,8,8,88,88,11,23,2,7,7,RX,0,273,layer_007_wire_007_RX,0.0035927922581831216,0.0035927922581831216,False
random_bp,expectation_value,same_entangling_gate_count,pm_12q_bp_sweep,hea,RX_RY_RZ_CNOT,none,linear,cnot,global,12,8,8,88,88,11,23,2,7,7,RY,1,274,layer_007_wire_007_RY,0.01281092531186623,0.01281092531186623,False
random_bp,expectation_value,same_entangling_gate_count,pm_12q_bp_sweep,hea,RX_RY_RZ_CNOT,none,linear,cnot,global,12,8,8,88,88,11,23,2,7,7,RZ,2,275,layer_007_wire_007_RZ,2.297627425976478e-18,2.297627425976478e-18,True
random_bp,expectation_value,same_entangling_gate_count,pm_12q_bp_sweep,hea,RX_RY_RZ_CNOT,none,linear,cnot,global,12,8,8,88,88,11,23,2,7,8,RX,0,276,layer_007_wire_008_RX,3.876022766635678e-18,3.876022766635678e-18,True
random_bp,expectation_value,same_entangling_gate_count,pm_12q_bp_sweep,hea,RX_RY_RZ_CNOT,none,linear,cnot,global,12,8,8,88,88,11,23,2,7,8,RY,1,277,layer_007_wire_008_RY,-5.353248226647178e-18,5.353248226647178e-18,True
random_bp,expectation_value,same_entangling_gate_count,pm_12q_bp_sweep,hea,RX_RY_RZ_CNOT,none,linear,cnot,global,12,8,8,88,88,11,23,2,7,8,RZ,2,278,layer_007_wire_008_RZ,-7.237952562347775e-18,7.237952562347775e-18,True
random_bp,expectation_value,same_entangling_gate_count,pm_12q_bp_sweep,hea,RX_RY_RZ_CNOT,none,linear,cnot,global,12,8,8,88,88,11,23,2,7,9,RX,0,279,layer_007_wire_009_RX,-0.002424599462867463,0.002424599462867463,False
random_bp,expectation_value,same_entangling_gate_count,pm_12q_bp_sweep,hea,RX_RY_RZ_CNOT,none,linear,cnot,global,12,8,8,88,88,11,23,2,7,9,RY,1,280,layer_007_wire_009_RY,0.006672070708663252,0.006672070708663252,False
random_bp,expectation_value,same_entangling_gate_count,pm_12q_bp_sweep,hea,RX_RY_RZ_CNOT,none,linear,cnot,global,12,8,8,88,88,11,23,2,7,9,RZ,2,281,layer_007_wire_009_RZ,-4.552333839284473e-18,4.552333839284473e-18,True
random_bp,expectation_value,same_entangling_gate_count,pm_12q_bp_sweep,hea,RX_RY_RZ_CNOT,none,linear,cnot,global,12,8,8,88,88,11,23,2,7,10,RX,0,282,layer_007_wire_010_RX,1.22514845490862e-17,1.22514845490862e-17,True
random_bp,expectation_value,same_entangling_gate_count,pm_12q_bp_sweep,hea,RX_RY_RZ_CNOT,none,linear,cnot,global,12,8,8,88,88,11,23,2,7,10,RY,1,283,layer_007_wire_010_RY,-1.5504091066542713e-17,1.5504091066542713e-17,True
random_bp,expectation_value,same_entangling_gate_count,pm_12q_bp_sweep,hea,RX_RY_RZ_CNOT,none,linear,cnot,global,12,8,8,88,88,11,23,2,7,10,RZ,2,284,layer_007_wire_010_RZ,3.594903772882097e-18,3.594903772882097e-18,True
random_bp,expectation_value,same_entangling_gate_count,pm_12q_bp_sweep,hea,RX_RY_RZ_CNOT,none,linear,cnot,global,12,8,8,88,88,11,23,2,7,11,RX,0,285,layer_007_wire_011_RX,0.0035135182644292734,0.0035135182644292734,False
random_bp,expectation_value,same_entangling_gate_count,pm_12q_bp_sweep,hea,RX_RY_RZ_CNOT,none,linear,cnot,global,12,8,8,88,88,11,23,2,7,11,RY,1,286,layer_007_wire_011_RY,0.009226901045482022,0.009226901045482022,False
random_bp,expectation_value,same_entangling_gate_count,pm_12q_bp_sweep,hea,RX_RY_RZ_CNOT,none,linear,cnot,global,12,8,8,88,88,11,23,2,7,11,RZ,2,287,layer_007_wire_011_RZ,-2.049113666703113e-17,2.049113666703113e-17,True
