benchmark_mode,objective_type,budget_normalization,experiment_group,ansatz_type,gate_set,encoding_type,entanglement_topology,entangler_type,cost_type,n_qubits,reference_depth,depth,target_entangling_budget,actual_entangling_budget,gates_per_layer,run_id,seed,layer_id,qubit_id,gate_type,axis_id,param_index,param_id,grad_value,abs_grad,is_near_zero
random_bp,expectation_value,same_entangling_gate_count,smoke_random_parameter_bp,hea,RX_RY_RZ_CNOT,none,linear,cnot,local,4,1,1,3,3,3,0,0,0,0,RX,0,0,layer_000_wire_000_RX,-0.03380376115128847,0.03380376115128847,False
random_bp,expectation_value,same_entangling_gate_count,smoke_random_parameter_bp,hea,RX_RY_RZ_CNOT,none,linear,cnot,local,4,1,1,3,3,3,0,0,0,0,RY,1,1,layer_000_wire_000_RY,0.23261495870900079,0.23261495870900079,False
random_bp,expectation_value,same_entangling_gate_count,smoke_random_parameter_bp,hea,RX_RY_RZ_CNOT,none,linear,cnot,local,4,1,1,3,3,3,0,0,0,0,RZ,2,2,layer_000_wire_000_RZ,-7.827205718412872e-18,7.827205718412872e-18,True
random_bp,expectation_value,same_entangling_gate_count,smoke_random_parameter_bp,hea,RX_RY_RZ_CNOT,none,linear,cnot,local,4,1,1,3,3,3,0,0,0,1,RX,0,3,layer_000_wire_001_RX,-0.0009230200650194913,0.0009230200650194913,False
random_bp,expectation_value,same_entangling_gate_count,smoke_random_parameter_bp,hea,RX_RY_RZ_CNOT,none,linear,cnot,local,4,1,1,3,3,3,0,0,0,1,RY,1,4,layer_000_wire_001_RY,0.021091859548406706,0.021091859548406706,False
random_bp,expectation_value,same_entangling_gate_count,smoke_random_parameter_bp,hea,RX_RY_RZ_CNOT,none,linear,cnot,local,4,1,1,3,3,3,0,0,0,1,RZ,2,5,layer_000_wire_001_RZ,3.409154159869513e-17,3.409154159869513e-17,True
random_bp,expectation_value,same_entangling_gate_count,smoke_random_parameter_bp,hea,RX_RY_RZ_CNOT,none,linear,cnot,local,4,1,1,3,3,3,0,0,0,2,RX,0,6,layer_000_wire_002_RX,-0.0008501284217710785,0.0008501284217710785,False
random_bp,expectation_value,same_entangling_gate_count,smoke_random_parameter_bp,hea,RX_RY_RZ_CNOT,none,linear,cnot,local,4,1,1,3,3,3,0,0,0,2,RY,1,7,layer_000_wire_002_RY,-0.008283053987113665,0.008283053987113665,False
random_bp,expectation_value,same_entangling_gate_count,smoke_random_parameter_bp,hea,RX_RY_RZ_CNOT,none,linear,cnot,local,4,1,1,3,3,3,0,0,0,2,RZ,2,8,layer_000_wire_002_RZ,2.2069662712229347e-17,2.2069662712229347e-17,True
random_bp,expectation_value,same_entangling_gate_count,smoke_random_parameter_bp,hea,RX_RY_RZ_CNOT,none,linear,cnot,local,4,1,1,3,3,3,0,0,0,3,RX,0,9,layer_000_wire_003_RX,0.00012501850572799351,0.00012501850572799351,False
random_bp,expectation_value,same_entangling_gate_count,smoke_random_parameter_bp,hea,RX_RY_RZ_CNOT,none,linear,cnot,local,4,1,1,3,3,3,0,0,0,3,RY,1,10,layer_000_wire_003_RY,0.0006587293388125668,0.0006587293388125668,False
random_bp,expectation_value,same_entangling_gate_count,smoke_random_parameter_bp,hea,RX_RY_RZ_CNOT,none,linear,cnot,local,4,1,1,3,3,3,0,0,0,3,RZ,2,11,layer_000_wire_003_RZ,-3.489610878506536e-18,3.489610878506536e-18,True
random_bp,expectation_value,same_entangling_gate_count,smoke_random_parameter_bp,hea,RX_RY_RZ_CNOT,none,linear,cnot,local,4,1,1,3,3,3,1,1,0,0,RX,0,0,layer_000_wire_000_RX,0.013875313748325388,0.013875313748325388,False
random_bp,expectation_value,same_entangling_gate_count,smoke_random_parameter_bp,hea,RX_RY_RZ_CNOT,none,linear,cnot,local,4,1,1,3,3,3,1,1,0,0,RY,1,1,layer_000_wire_000_RY,-0.059984543466271585,0.059984543466271585,False
random_bp,expectation_value,same_entangling_gate_count,smoke_random_parameter_bp,hea,RX_RY_RZ_CNOT,none,linear,cnot,local,4,1,1,3,3,3,1,1,0,0,RZ,2,2,layer_000_wire_000_RZ,-3.370035443990506e-17,3.370035443990506e-17,True
random_bp,expectation_value,same_entangling_gate_count,smoke_random_parameter_bp,hea,RX_RY_RZ_CNOT,none,linear,cnot,local,4,1,1,3,3,3,1,1,0,1,RX,0,3,layer_000_wire_001_RX,0.017007852249596205,0.017007852249596205,False
random_bp,expectation_value,same_entangling_gate_count,smoke_random_parameter_bp,hea,RX_RY_RZ_CNOT,none,linear,cnot,local,4,1,1,3,3,3,1,1,0,1,RY,1,4,layer_000_wire_001_RY,0.12428960852217913,0.12428960852217913,False
random_bp,expectation_value,same_entangling_gate_count,smoke_random_parameter_bp,hea,RX_RY_RZ_CNOT,none,linear,cnot,local,4,1,1,3,3,3,1,1,0,1,RZ,2,5,layer_000_wire_001_RZ,2.2568935560161122e-17,2.2568935560161122e-17,True
random_bp,expectation_value,same_entangling_gate_count,smoke_random_parameter_bp,hea,RX_RY_RZ_CNOT,none,linear,cnot,local,4,1,1,3,3,3,1,1,0,2,RX,0,6,layer_000_wire_002_RX,-0.06475279532394498,0.06475279532394498,False
random_bp,expectation_value,same_entangling_gate_count,smoke_random_parameter_bp,hea,RX_RY_RZ_CNOT,none,linear,cnot,local,4,1,1,3,3,3,1,1,0,2,RY,1,7,layer_000_wire_002_RY,-0.02206836683535384,0.02206836683535384,False
random_bp,expectation_value,same_entangling_gate_count,smoke_random_parameter_bp,hea,RX_RY_RZ_CNOT,none,linear,cnot,local,4,1,1,3,3,3,1,1,0,2,RZ,2,8,layer_000_wire_002_RZ,-1.0986134682751284e-17,1.0986134682751284e-17,True
random_bp,expectation_value,same_entangling_gate_count,smoke_random_parameter_bp,hea,RX_RY_RZ_CNOT,none,linear,cnot,local,4,1,1,3,3,3,1,1,0,3,RX,0,9,layer_000_wire_003_RX,0.00012799868318773278,0.00012799868318773278,False
random_bp,expectation_value,same_entangling_gate_count,smoke_random_parameter_bp,hea,RX_RY_RZ_CNOT,none,linear,cnot,local,4,1,1,3,3,3,1,1,0,3,RY,1,10,layer_000_wire_003_RY,-0.03314722194493261,0.03314722194493261,False
random_bp,expectation_value,same_entangling_gate_count,smoke_random_parameter_bp,hea,RX_RY_RZ_CNOT,none,linear,cnot,local,4,1,1,3,3,3,1,1,0,3,RZ,2,11,layer_000_wire_003_RZ,-5.007544339288725e-18,5.007544339288725e-18,True
random_bp,expectation_value,same_entangling_gate_count,smoke_random_parameter_bp,hea,RX_RY_RZ_CNOT,none,linear,cnot,local,4,1,1,3,3,3,2,2,0,0,RX,0,0,layer_000_wire_000_RX,-0.0032135401159002113,0.0032135401159002113,False
random_bp,expectation_value,same_entangling_gate_count,smoke_random_parameter_bp,hea,RX_RY_RZ_CNOT,none,linear,cnot,local,4,1,1,3,3,3,2,2,0,0,RY,1,1,layer_000_wire_000_RY,-0.0007469089064141574,0.0007469089064141574,False
random_bp,expectation_value,same_entangling_gate_count,smoke_random_parameter_bp,hea,RX_RY_RZ_CNOT,none,linear,cnot,local,4,1,1,3,3,3,2,2,0,0,RZ,2,2,layer_000_wire_000_RZ,-6.084390379449361e-17,6.084390379449361e-17,True
random_bp,expectation_value,same_entangling_gate_count,smoke_random_parameter_bp,hea,RX_RY_RZ_CNOT,none,linear,cnot,local,4,1,1,3,3,3,2,2,0,1,RX,0,3,layer_000_wire_001_RX,0.003715551420172363,0.003715551420172363,False
random_bp,expectation_value,same_entangling_gate_count,smoke_random_parameter_bp,hea,RX_RY_RZ_CNOT,none,linear,cnot,local,4,1,1,3,3,3,2,2,0,1,RY,1,4,layer_000_wire_001_RY,0.0041481605598262085,0.0041481605598262085,False
random_bp,expectation_value,same_entangling_gate_count,smoke_random_parameter_bp,hea,RX_RY_RZ_CNOT,none,linear,cnot,local,4,1,1,3,3,3,2,2,0,1,RZ,2,5,layer_000_wire_001_RZ,5.872778306857103e-17,5.872778306857103e-17,True
random_bp,expectation_value,same_entangling_gate_count,smoke_random_parameter_bp,hea,RX_RY_RZ_CNOT,none,linear,cnot,local,4,1,1,3,3,3,2,2,0,2,RX,0,6,layer_000_wire_002_RX,0.004858203106378846,0.004858203106378846,False
random_bp,expectation_value,same_entangling_gate_count,smoke_random_parameter_bp,hea,RX_RY_RZ_CNOT,none,linear,cnot,local,4,1,1,3,3,3,2,2,0,2,RY,1,7,layer_000_wire_002_RY,0.0007214061687165879,0.0007214061687165879,False
random_bp,expectation_value,same_entangling_gate_count,smoke_random_parameter_bp,hea,RX_RY_RZ_CNOT,none,linear,cnot,local,4,1,1,3,3,3,2,2,0,2,RZ,2,8,layer_000_wire_002_RZ,-1.266450935109733e-17,1.266450935109733e-17,True
random_bp,expectation_value,same_entangling_gate_count,smoke_random_parameter_bp,hea,RX_RY_RZ_CNOT,none,linear,cnot,local,4,1,1,3,3,3,2,2,0,3,RX,0,9,layer_000_wire_003_RX,0.0010235284701098591,0.0010235284701098591,False
random_bp,expectation_value,same_entangling_gate_count,smoke_random_parameter_bp,hea,RX_RY_RZ_CNOT,none,linear,cnot,local,4,1,1,3,3,3,2,2,0,3,RY,1,10,layer_000_wire_003_RY,0.0002775846208943334,0.0002775846208943334,False
random_bp,expectation_value,same_entangling_gate_count,smoke_random_parameter_bp,hea,RX_RY_RZ_CNOT,none,linear,cnot,local,4,1,1,3,3,3,2,2,0,3,RZ,2,11,layer_000_wire_003_RZ,9.12431750435585e-18,9.12431750435585e-18,True
random_bp,expectation_value,same_entangling_gate_count,smoke_random_parameter_bp,hea,RX_RY_RZ_CNOT,none,circular,cnot,local,4,1,1,3,4,4,3,0,0,0,RX,0,0,layer_000_wire_000_RX,-0.010298729745270107,0.010298729745270107,False
random_bp,expectation_value,same_entangling_gate_count,smoke_random_parameter_bp,hea,RX_RY_RZ_CNOT,none,circular,cnot,local,4,1,1,3,4,4,3,0,0,0,RY,1,1,layer_000_wire_000_RY,0.07086899542715108,0.07086899542715108,False
random_bp,expectation_value,same_entangling_gate_count,smoke_random_parameter_bp,hea,RX_RY_RZ_CNOT,none,circular,cnot,local,4,1,1,3,4,4,3,0,0,0,RZ,2,2,layer_000_wire_000_RZ,1.8720152371139703e-17,1.8720152371139703e-17,True
random_bp,expectation_value,same_entangling_gate_count,smoke_random_parameter_bp,hea,RX_RY_RZ_CNOT,none,circular,cnot,local,4,1,1,3,4,4,3,0,0,1,RX,0,3,layer_000_wire_001_RX,-0.0012958872187288127,0.0012958872187288127,False
random_bp,expectation_value,same_entangling_gate_count,smoke_random_parameter_bp,hea,RX_RY_RZ_CNOT,none,circular,cnot,local,4,1,1,3,4,4,3,0,0,1,RY,1,4,layer_000_wire_001_RY,0.02961221780961719,0.02961221780961719,False
random_bp,expectation_value,same_entangling_gate_count,smoke_random_parameter_bp,hea,RX_RY_RZ_CNOT,none,circular,cnot,local,4,1,1,3,4,4,3,0,0,1,RZ,2,5,layer_000_wire_001_RZ,7.775392555878307e-18,7.775392555878307e-18,True
random_bp,expectation_value,same_entangling_gate_count,smoke_random_parameter_bp,hea,RX_RY_RZ_CNOT,none,circular,cnot,local,4,1,1,3,4,4,3,0,0,2,RX,0,6,layer_000_wire_002_RX,-0.0036846122887657213,0.0036846122887657213,False
random_bp,expectation_value,same_entangling_gate_count,smoke_random_parameter_bp,hea,RX_RY_RZ_CNOT,none,circular,cnot,local,4,1,1,3,4,4,3,0,0,2,RY,1,7,layer_000_wire_002_RY,-0.0359002730973829,0.0359002730973829,False
random_bp,expectation_value,same_entangling_gate_count,smoke_random_parameter_bp,hea,RX_RY_RZ_CNOT,none,circular,cnot,local,4,1,1,3,4,4,3,0,0,2,RZ,2,8,layer_000_wire_002_RZ,1.78219124999848e-17,1.78219124999848e-17,True
random_bp,expectation_value,same_entangling_gate_count,smoke_random_parameter_bp,hea,RX_RY_RZ_CNOT,none,circular,cnot,local,4,1,1,3,4,4,3,0,0,3,RX,0,9,layer_000_wire_003_RX,0.0016712755125361473,0.0016712755125361473,False
random_bp,expectation_value,same_entangling_gate_count,smoke_random_parameter_bp,hea,RX_RY_RZ_CNOT,none,circular,cnot,local,4,1,1,3,4,4,3,0,0,3,RY,1,10,layer_000_wire_003_RY,0.008806042009027931,0.008806042009027931,False
random_bp,expectation_value,same_entangling_gate_count,smoke_random_parameter_bp,hea,RX_RY_RZ_CNOT,none,circular,cnot,local,4,1,1,3,4,4,3,0,0,3,RZ,2,11,layer_000_wire_003_RZ,6.386390007424288e-19,6.386390007424288e-19,True
random_bp,expectation_value,same_entangling_gate_count,smoke_random_parameter_bp,hea,RX_RY_RZ_CNOT,none,circular,cnot,local,4,1,1,3,4,4,4,1,0,0,RX,0,0,layer_000_wire_000_RX,-0.0037855947850611747,0.0037855947850611747,False
random_bp,expectation_value,same_entangling_gate_count,smoke_random_parameter_bp,hea,RX_RY_RZ_CNOT,none,circular,cnot,local,4,1,1,3,4,4,4,1,0,0,RY,1,1,layer_000_wire_000_RY,0.016365552451568822,0.016365552451568822,False
random_bp,expectation_value,same_entangling_gate_count,smoke_random_parameter_bp,hea,RX_RY_RZ_CNOT,none,circular,cnot,local,4,1,1,3,4,4,4,1,0,0,RZ,2,2,layer_000_wire_000_RZ,-9.525303958234441e-18,9.525303958234441e-18,True
random_bp,expectation_value,same_entangling_gate_count,smoke_random_parameter_bp,hea,RX_RY_RZ_CNOT,none,circular,cnot,local,4,1,1,3,4,4,4,1,0,1,RX,0,3,layer_000_wire_001_RX,0.017265570371036924,0.017265570371036924,False
random_bp,expectation_value,same_entangling_gate_count,smoke_random_parameter_bp,hea,RX_RY_RZ_CNOT,none,circular,cnot,local,4,1,1,3,4,4,4,1,0,1,RY,1,4,layer_000_wire_001_RY,0.12617295534062895,0.12617295534062895,False
random_bp,expectation_value,same_entangling_gate_count,smoke_random_parameter_bp,hea,RX_RY_RZ_CNOT,none,circular,cnot,local,4,1,1,3,4,4,4,1,0,1,RZ,2,5,layer_000_wire_001_RZ,9.492439656413974e-18,9.492439656413974e-18,True
random_bp,expectation_value,same_entangling_gate_count,smoke_random_parameter_bp,hea,RX_RY_RZ_CNOT,none,circular,cnot,local,4,1,1,3,4,4,4,1,0,2,RX,0,6,layer_000_wire_002_RX,-0.06330137373437243,0.06330137373437243,False
random_bp,expectation_value,same_entangling_gate_count,smoke_random_parameter_bp,hea,RX_RY_RZ_CNOT,none,circular,cnot,local,4,1,1,3,4,4,4,1,0,2,RY,1,7,layer_000_wire_002_RY,-0.021573708590698973,0.021573708590698973,False
random_bp,expectation_value,same_entangling_gate_count,smoke_random_parameter_bp,hea,RX_RY_RZ_CNOT,none,circular,cnot,local,4,1,1,3,4,4,4,1,0,2,RZ,2,8,layer_000_wire_002_RZ,5.4129040704763035e-18,5.4129040704763035e-18,True
random_bp,expectation_value,same_entangling_gate_count,smoke_random_parameter_bp,hea,RX_RY_RZ_CNOT,none,circular,cnot,local,4,1,1,3,4,4,4,1,0,3,RX,0,9,layer_000_wire_003_RX,-6.832151459789174e-06,6.832151459789174e-06,False
random_bp,expectation_value,same_entangling_gate_count,smoke_random_parameter_bp,hea,RX_RY_RZ_CNOT,none,circular,cnot,local,4,1,1,3,4,4,4,1,0,3,RY,1,10,layer_000_wire_003_RY,0.0017692903954872677,0.0017692903954872677,False
random_bp,expectation_value,same_entangling_gate_count,smoke_random_parameter_bp,hea,RX_RY_RZ_CNOT,none,circular,cnot,local,4,1,1,3,4,4,4,1,0,3,RZ,2,11,layer_000_wire_003_RZ,3.8106511895261167e-19,3.8106511895261167e-19,True
random_bp,expectation_value,same_entangling_gate_count,smoke_random_parameter_bp,hea,RX_RY_RZ_CNOT,none,circular,cnot,local,4,1,1,3,4,4,5,2,0,0,RX,0,0,layer_000_wire_000_RX,-0.0780107178613119,0.0780107178613119,False
random_bp,expectation_value,same_entangling_gate_count,smoke_random_parameter_bp,hea,RX_RY_RZ_CNOT,none,circular,cnot,local,4,1,1,3,4,4,5,2,0,0,RY,1,1,layer_000_wire_000_RY,-0.01813168588687588,0.01813168588687588,False
random_bp,expectation_value,same_entangling_gate_count,smoke_random_parameter_bp,hea,RX_RY_RZ_CNOT,none,circular,cnot,local,4,1,1,3,4,4,5,2,0,0,RZ,2,2,layer_000_wire_000_RZ,-2.814633365172379e-17,2.814633365172379e-17,True
random_bp,expectation_value,same_entangling_gate_count,smoke_random_parameter_bp,hea,RX_RY_RZ_CNOT,none,circular,cnot,local,4,1,1,3,4,4,5,2,0,1,RX,0,3,layer_000_wire_001_RX,0.02376854318822836,0.02376854318822836,False
random_bp,expectation_value,same_entangling_gate_count,smoke_random_parameter_bp,hea,RX_RY_RZ_CNOT,none,circular,cnot,local,4,1,1,3,4,4,5,2,0,1,RY,1,4,layer_000_wire_001_RY,0.026535962571434007,0.026535962571434007,False
random_bp,expectation_value,same_entangling_gate_count,smoke_random_parameter_bp,hea,RX_RY_RZ_CNOT,none,circular,cnot,local,4,1,1,3,4,4,5,2,0,1,RZ,2,5,layer_000_wire_001_RZ,-2.8871159485473738e-18,2.8871159485473738e-18,True
random_bp,expectation_value,same_entangling_gate_count,smoke_random_parameter_bp,hea,RX_RY_RZ_CNOT,none,circular,cnot,local,4,1,1,3,4,4,5,2,0,2,RX,0,6,layer_000_wire_002_RX,0.0796842362461001,0.0796842362461001,False
random_bp,expectation_value,same_entangling_gate_count,smoke_random_parameter_bp,hea,RX_RY_RZ_CNOT,none,circular,cnot,local,4,1,1,3,4,4,5,2,0,2,RY,1,7,layer_000_wire_002_RY,0.011832502330322722,0.011832502330322722,False
random_bp,expectation_value,same_entangling_gate_count,smoke_random_parameter_bp,hea,RX_RY_RZ_CNOT,none,circular,cnot,local,4,1,1,3,4,4,5,2,0,2,RZ,2,8,layer_000_wire_002_RZ,-3.31643815510751e-17,3.31643815510751e-17,True
random_bp,expectation_value,same_entangling_gate_count,smoke_random_parameter_bp,hea,RX_RY_RZ_CNOT,none,circular,cnot,local,4,1,1,3,4,4,5,2,0,3,RX,0,9,layer_000_wire_003_RX,0.04782841727625799,0.04782841727625799,False
random_bp,expectation_value,same_entangling_gate_count,smoke_random_parameter_bp,hea,RX_RY_RZ_CNOT,none,circular,cnot,local,4,1,1,3,4,4,5,2,0,3,RY,1,10,layer_000_wire_003_RY,0.012971239653139408,0.012971239653139408,False
random_bp,expectation_value,same_entangling_gate_count,smoke_random_parameter_bp,hea,RX_RY_RZ_CNOT,none,circular,cnot,local,4,1,1,3,4,4,5,2,0,3,RZ,2,11,layer_000_wire_003_RZ,3.228463174224084e-17,3.228463174224084e-17,True
random_bp,expectation_value,same_entangling_gate_count,smoke_random_parameter_bp,hea,RX_RY_RZ_CNOT,none,linear,cnot,global,4,1,1,3,3,3,6,0,0,0,RX,0,0,layer_000_wire_000_RX,2.0816681711721685e-17,2.0816681711721685e-17,True
random_bp,expectation_value,same_entangling_gate_count,smoke_random_parameter_bp,hea,RX_RY_RZ_CNOT,none,linear,cnot,global,4,1,1,3,3,3,6,0,0,0,RY,1,1,layer_000_wire_000_RY,2.7755575615628914e-17,2.7755575615628914e-17,True
random_bp,expectation_value,same_entangling_gate_count,smoke_random_parameter_bp,hea,RX_RY_RZ_CNOT,none,linear,cnot,global,4,1,1,3,3,3,6,0,0,0,RZ,2,2,layer_000_wire_000_RZ,3.6762008432097086e-17,3.6762008432097086e-17,True
random_bp,expectation_value,same_entangling_gate_count,smoke_random_parameter_bp,hea,RX_RY_RZ_CNOT,none,linear,cnot,global,4,1,1,3,3,3,6,0,0,1,RX,0,3,layer_000_wire_001_RX,-0.014811412332380591,0.014811412332380591,False
random_bp,expectation_value,same_entangling_gate_count,smoke_random_parameter_bp,hea,RX_RY_RZ_CNOT,none,linear,cnot,global,4,1,1,3,3,3,6,0,0,1,RY,1,4,layer_000_wire_001_RY,0.33845442853024077,0.33845442853024077,False
random_bp,expectation_value,same_entangling_gate_count,smoke_random_parameter_bp,hea,RX_RY_RZ_CNOT,none,linear,cnot,global,4,1,1,3,3,3,6,0,0,1,RZ,2,5,layer_000_wire_001_RZ,-3.738696906825374e-17,3.738696906825374e-17,True
random_bp,expectation_value,same_entangling_gate_count,smoke_random_parameter_bp,hea,RX_RY_RZ_CNOT,none,linear,cnot,global,4,1,1,3,3,3,6,0,0,2,RX,0,6,layer_000_wire_002_RX,-2.0816681711721685e-17,2.0816681711721685e-17,True
random_bp,expectation_value,same_entangling_gate_count,smoke_random_parameter_bp,hea,RX_RY_RZ_CNOT,none,linear,cnot,global,4,1,1,3,3,3,6,0,0,2,RY,1,7,layer_000_wire_002_RY,2.7755575615628914e-17,2.7755575615628914e-17,True
random_bp,expectation_value,same_entangling_gate_count,smoke_random_parameter_bp,hea,RX_RY_RZ_CNOT,none,linear,cnot,global,4,1,1,3,3,3,6,0,0,2,RZ,2,8,layer_000_wire_002_RZ,1.9199273258534745e-17,1.9199273258534745e-17,True
random_bp,expectation_value,same_entangling_gate_count,smoke_random_parameter_bp,hea,RX_RY_RZ_CNOT,none,linear,cnot,global,4,1,1,3,3,3,6,0,0,3,RX,0,9,layer_000_wire_003_RX,0.06142201014981563,0.06142201014981563,False
random_bp,expectation_value,same_entangling_gate_count,smoke_random_parameter_bp,hea,RX_RY_RZ_CNOT,none,linear,cnot,global,4,1,1,3,3,3,6,0,0,3,RY,1,10,layer_000_wire_003_RY,0.3236359281285869,0.3236359281285869,False
random_bp,expectation_value,same_entangling_gate_count,smoke_random_parameter_bp,hea,RX_RY_RZ_CNOT,none,linear,cnot,global,4,1,1,3,3,3,6,0,0,3,RZ,2,11,layer_000_wire_003_RZ,2.0448601169521252e-18,2.0448601169521252e-18,True
random_bp,expectation_value,same_entangling_gate_count,smoke_random_parameter_bp,hea,RX_RY_RZ_CNOT,none,linear,cnot,global,4,1,1,3,3,3,7,1,0,0,RX,0,0,layer_000_wire_000_RX,5.312590645178972e-18,5.312590645178972e-18,True
random_bp,expectation_value,same_entangling_gate_count,smoke_random_parameter_bp,hea,RX_RY_RZ_CNOT,none,linear,cnot,global,4,1,1,3,3,3,7,1,0,0,RY,1,1,layer_000_wire_000_RY,-8.673617379884035e-18,8.673617379884035e-18,True
random_bp,expectation_value,same_entangling_gate_count,smoke_random_parameter_bp,hea,RX_RY_RZ_CNOT,none,linear,cnot,global,4,1,1,3,3,3,7,1,0,0,RZ,2,2,layer_000_wire_000_RZ,-9.718279817214752e-18,9.718279817214752e-18,True
random_bp,expectation_value,same_entangling_gate_count,smoke_random_parameter_bp,hea,RX_RY_RZ_CNOT,none,linear,cnot,global,4,1,1,3,3,3,7,1,0,1,RX,0,3,layer_000_wire_001_RX,-0.002611350520481852,0.002611350520481852,False
random_bp,expectation_value,same_entangling_gate_count,smoke_random_parameter_bp,hea,RX_RY_RZ_CNOT,none,linear,cnot,global,4,1,1,3,3,3,7,1,0,1,RY,1,4,layer_000_wire_001_RY,-0.01908316988775501,0.01908316988775501,False
random_bp,expectation_value,same_entangling_gate_count,smoke_random_parameter_bp,hea,RX_RY_RZ_CNOT,none,linear,cnot,global,4,1,1,3,3,3,7,1,0,1,RZ,2,5,layer_000_wire_001_RZ,1.173557170411484e-17,1.173557170411484e-17,True
random_bp,expectation_value,same_entangling_gate_count,smoke_random_parameter_bp,hea,RX_RY_RZ_CNOT,none,linear,cnot,global,4,1,1,3,3,3,7,1,0,2,RX,0,6,layer_000_wire_002_RX,1.3444106938820255e-17,1.3444106938820255e-17,True
random_bp,expectation_value,same_entangling_gate_count,smoke_random_parameter_bp,hea,RX_RY_RZ_CNOT,none,linear,cnot,global,4,1,1,3,3,3,7,1,0,2,RY,1,7,layer_000_wire_002_RY,-1.214306433183765e-17,1.214306433183765e-17,True
random_bp,expectation_value,same_entangling_gate_count,smoke_random_parameter_bp,hea,RX_RY_RZ_CNOT,none,linear,cnot,global,4,1,1,3,3,3,7,1,0,2,RZ,2,8,layer_000_wire_002_RZ,8.580087725166084e-18,8.580087725166084e-18,True
random_bp,expectation_value,same_entangling_gate_count,smoke_random_parameter_bp,hea,RX_RY_RZ_CNOT,none,linear,cnot,global,4,1,1,3,3,3,7,1,0,3,RX,0,9,layer_000_wire_003_RX,0.0013661847613410136,0.0013661847613410136,False
random_bp,expectation_value,same_entangling_gate_count,smoke_random_parameter_bp,hea,RX_RY_RZ_CNOT,none,linear,cnot,global,4,1,1,3,3,3,7,1,0,3,RY,1,10,layer_000_wire_003_RY,-0.35379449517884465,0.35379449517884465,False
random_bp,expectation_value,same_entangling_gate_count,smoke_random_parameter_bp,hea,RX_RY_RZ_CNOT,none,linear,cnot,global,4,1,1,3,3,3,7,1,0,3,RZ,2,11,layer_000_wire_003_RZ,3.651826788085742e-18,3.651826788085742e-18,True
random_bp,expectation_value,same_entangling_gate_count,smoke_random_parameter_bp,hea,RX_RY_RZ_CNOT,none,linear,cnot,global,4,1,1,3,3,3,8,2,0,0,RX,0,0,layer_000_wire_000_RX,-1.1102230246251565e-16,1.1102230246251565e-16,True
random_bp,expectation_value,same_entangling_gate_count,smoke_random_parameter_bp,hea,RX_RY_RZ_CNOT,none,linear,cnot,global,4,1,1,3,3,3,8,2,0,0,RY,1,1,layer_000_wire_000_RY,-1.1102230246251565e-16,1.1102230246251565e-16,True
random_bp,expectation_value,same_entangling_gate_count,smoke_random_parameter_bp,hea,RX_RY_RZ_CNOT,none,linear,cnot,global,4,1,1,3,3,3,8,2,0,0,RZ,2,2,layer_000_wire_000_RZ,-4.998063254664459e-17,4.998063254664459e-17,True
random_bp,expectation_value,same_entangling_gate_count,smoke_random_parameter_bp,hea,RX_RY_RZ_CNOT,none,linear,cnot,global,4,1,1,3,3,3,8,2,0,1,RX,0,3,layer_000_wire_001_RX,0.22421301234204277,0.22421301234204277,False
random_bp,expectation_value,same_entangling_gate_count,smoke_random_parameter_bp,hea,RX_RY_RZ_CNOT,none,linear,cnot,global,4,1,1,3,3,3,8,2,0,1,RY,1,4,layer_000_wire_001_RY,0.25031858521659744,0.25031858521659744,False
random_bp,expectation_value,same_entangling_gate_count,smoke_random_parameter_bp,hea,RX_RY_RZ_CNOT,none,linear,cnot,global,4,1,1,3,3,3,8,2,0,1,RZ,2,5,layer_000_wire_001_RZ,7.7302200068873e-17,7.7302200068873e-17,True
random_bp,expectation_value,same_entangling_gate_count,smoke_random_parameter_bp,hea,RX_RY_RZ_CNOT,none,linear,cnot,global,4,1,1,3,3,3,8,2,0,2,RX,0,6,layer_000_wire_002_RX,-8.326672684688674e-17,8.326672684688674e-17,True
random_bp,expectation_value,same_entangling_gate_count,smoke_random_parameter_bp,hea,RX_RY_RZ_CNOT,none,linear,cnot,global,4,1,1,3,3,3,8,2,0,2,RY,1,7,layer_000_wire_002_RY,-3.469446951953614e-17,3.469446951953614e-17,True
random_bp,expectation_value,same_entangling_gate_count,smoke_random_parameter_bp,hea,RX_RY_RZ_CNOT,none,linear,cnot,global,4,1,1,3,3,3,8,2,0,2,RZ,2,8,layer_000_wire_002_RZ,-5.888060985358242e-17,5.888060985358242e-17,True
random_bp,expectation_value,same_entangling_gate_count,smoke_random_parameter_bp,hea,RX_RY_RZ_CNOT,none,linear,cnot,global,4,1,1,3,3,3,8,2,0,3,RX,0,9,layer_000_wire_003_RX,0.5233266553411755,0.5233266553411755,False
random_bp,expectation_value,same_entangling_gate_count,smoke_random_parameter_bp,hea,RX_RY_RZ_CNOT,none,linear,cnot,global,4,1,1,3,3,3,8,2,0,3,RY,1,10,layer_000_wire_003_RY,0.1419280806240673,0.1419280806240673,False
random_bp,expectation_value,same_entangling_gate_count,smoke_random_parameter_bp,hea,RX_RY_RZ_CNOT,none,linear,cnot,global,4,1,1,3,3,3,8,2,0,3,RZ,2,11,layer_000_wire_003_RZ,1.0238499299807855e-18,1.0238499299807855e-18,True
random_bp,expectation_value,same_entangling_gate_count,smoke_random_parameter_bp,hea,RX_RY_RZ_CNOT,none,circular,cnot,global,4,1,1,3,4,4,9,0,0,0,RX,0,0,layer_000_wire_000_RX,-0.009467568884353277,0.009467568884353277,False
random_bp,expectation_value,same_entangling_gate_count,smoke_random_parameter_bp,hea,RX_RY_RZ_CNOT,none,circular,cnot,global,4,1,1,3,4,4,9,0,0,0,RY,1,1,layer_000_wire_000_RY,0.0651495002361451,0.0651495002361451,False
random_bp,expectation_value,same_entangling_gate_count,smoke_random_parameter_bp,hea,RX_RY_RZ_CNOT,none,circular,cnot,global,4,1,1,3,4,4,9,0,0,0,RZ,2,2,layer_000_wire_000_RZ,7.446257238587093e-18,7.446257238587093e-18,True
random_bp,expectation_value,same_entangling_gate_count,smoke_random_parameter_bp,hea,RX_RY_RZ_CNOT,none,circular,cnot,global,4,1,1,3,4,4,9,0,0,1,RX,0,3,layer_000_wire_001_RX,2.3744027577432547e-17,2.3744027577432547e-17,True
random_bp,expectation_value,same_entangling_gate_count,smoke_random_parameter_bp,hea,RX_RY_RZ_CNOT,none,circular,cnot,global,4,1,1,3,4,4,9,0,0,1,RY,1,4,layer_000_wire_001_RY,-2.6020852139652106e-17,2.6020852139652106e-17,True
random_bp,expectation_value,same_entangling_gate_count,smoke_random_parameter_bp,hea,RX_RY_RZ_CNOT,none,circular,cnot,global,4,1,1,3,4,4,9,0,0,1,RZ,2,5,layer_000_wire_001_RZ,-2.8956931715713087e-17,2.8956931715713087e-17,True
random_bp,expectation_value,same_entangling_gate_count,smoke_random_parameter_bp,hea,RX_RY_RZ_CNOT,none,circular,cnot,global,4,1,1,3,4,4,9,0,0,2,RX,0,6,layer_000_wire_002_RX,-0.006450387658373727,0.006450387658373727,False
random_bp,expectation_value,same_entangling_gate_count,smoke_random_parameter_bp,hea,RX_RY_RZ_CNOT,none,circular,cnot,global,4,1,1,3,4,4,9,0,0,2,RY,1,7,layer_000_wire_002_RY,-0.06284804488810306,0.06284804488810306,False
random_bp,expectation_value,same_entangling_gate_count,smoke_random_parameter_bp,hea,RX_RY_RZ_CNOT,none,circular,cnot,global,4,1,1,3,4,4,9,0,0,2,RZ,2,8,layer_000_wire_002_RZ,5.708981315500604e-17,5.708981315500604e-17,True
random_bp,expectation_value,same_entangling_gate_count,smoke_random_parameter_bp,hea,RX_RY_RZ_CNOT,none,circular,cnot,global,4,1,1,3,4,4,9,0,0,3,RX,0,9,layer_000_wire_003_RX,-1.7780915628762273e-17,1.7780915628762273e-17,True
random_bp,expectation_value,same_entangling_gate_count,smoke_random_parameter_bp,hea,RX_RY_RZ_CNOT,none,circular,cnot,global,4,1,1,3,4,4,9,0,0,3,RY,1,10,layer_000_wire_003_RY,-1.6479873021779667e-17,1.6479873021779667e-17,True
random_bp,expectation_value,same_entangling_gate_count,smoke_random_parameter_bp,hea,RX_RY_RZ_CNOT,none,circular,cnot,global,4,1,1,3,4,4,9,0,0,3,RZ,2,11,layer_000_wire_003_RZ,-3.134796447808662e-18,3.134796447808662e-18,True
random_bp,expectation_value,same_entangling_gate_count,smoke_random_parameter_bp,hea,RX_RY_RZ_CNOT,none,circular,cnot,global,4,1,1,3,4,4,10,1,0,0,RX,0,0,layer_000_wire_000_RX,-0.027887707204140473,0.027887707204140473,False
random_bp,expectation_value,same_entangling_gate_count,smoke_random_parameter_bp,hea,RX_RY_RZ_CNOT,none,circular,cnot,global,4,1,1,3,4,4,10,1,0,0,RY,1,1,layer_000_wire_000_RY,0.12056169794094299,0.12056169794094299,False
random_bp,expectation_value,same_entangling_gate_count,smoke_random_parameter_bp,hea,RX_RY_RZ_CNOT,none,circular,cnot,global,4,1,1,3,4,4,10,1,0,0,RZ,2,2,layer_000_wire_000_RZ,5.997236650981378e-17,5.997236650981378e-17,True
random_bp,expectation_value,same_entangling_gate_count,smoke_random_parameter_bp,hea,RX_RY_RZ_CNOT,none,circular,cnot,global,4,1,1,3,4,4,10,1,0,1,RX,0,3,layer_000_wire_001_RX,-9.020562075079397e-17,9.020562075079397e-17,True
random_bp,expectation_value,same_entangling_gate_count,smoke_random_parameter_bp,hea,RX_RY_RZ_CNOT,none,circular,cnot,global,4,1,1,3,4,4,10,1,0,1,RY,1,4,layer_000_wire_001_RY,-1.1102230246251565e-16,1.1102230246251565e-16,True
random_bp,expectation_value,same_entangling_gate_count,smoke_random_parameter_bp,hea,RX_RY_RZ_CNOT,none,circular,cnot,global,4,1,1,3,4,4,10,1,0,1,RZ,2,5,layer_000_wire_001_RZ,-7.741215951899552e-17,7.741215951899552e-17,True
random_bp,expectation_value,same_entangling_gate_count,smoke_random_parameter_bp,hea,RX_RY_RZ_CNOT,none,circular,cnot,global,4,1,1,3,4,4,10,1,0,2,RX,0,6,layer_000_wire_002_RX,0.7056295856494703,0.7056295856494703,False
random_bp,expectation_value,same_entangling_gate_count,smoke_random_parameter_bp,hea,RX_RY_RZ_CNOT,none,circular,cnot,global,4,1,1,3,4,4,10,1,0,2,RY,1,7,layer_000_wire_002_RY,0.24048525578065402,0.24048525578065402,False
random_bp,expectation_value,same_entangling_gate_count,smoke_random_parameter_bp,hea,RX_RY_RZ_CNOT,none,circular,cnot,global,4,1,1,3,4,4,10,1,0,2,RZ,2,8,layer_000_wire_002_RZ,3.409515158524642e-17,3.409515158524642e-17,True
random_bp,expectation_value,same_entangling_gate_count,smoke_random_parameter_bp,hea,RX_RY_RZ_CNOT,none,circular,cnot,global,4,1,1,3,4,4,10,1,0,3,RX,0,9,layer_000_wire_003_RX,-4.163336342344337e-17,4.163336342344337e-17,True
random_bp,expectation_value,same_entangling_gate_count,smoke_random_parameter_bp,hea,RX_RY_RZ_CNOT,none,circular,cnot,global,4,1,1,3,4,4,10,1,0,3,RY,1,10,layer_000_wire_003_RY,-8.326672684688674e-17,8.326672684688674e-17,True
random_bp,expectation_value,same_entangling_gate_count,smoke_random_parameter_bp,hea,RX_RY_RZ_CNOT,none,circular,cnot,global,4,1,1,3,4,4,10,1,0,3,RZ,2,11,layer_000_wire_003_RZ,1.6820289030139458e-17,1.6820289030139458e-17,True
random_bp,expectation_value,same_entangling_gate_count,smoke_random_parameter_bp,hea,RX_RY_RZ_CNOT,none,circular,cnot,global,4,1,1,3,4,4,11,2,0,0,RX,0,0,layer_000_wire_000_RX,0.10703444364339831,0.10703444364339831,False
random_bp,expectation_value,same_entangling_gate_count,smoke_random_parameter_bp,hea,RX_RY_RZ_CNOT,none,circular,cnot,global,4,1,1,3,4,4,11,2,0,0,RY,1,1,layer_000_wire_000_RY,0.024877542015045218,0.024877542015045218,False
random_bp,expectation_value,same_entangling_gate_count,smoke_random_parameter_bp,hea,RX_RY_RZ_CNOT,none,circular,cnot,global,4,1,1,3,4,4,11,2,0,0,RZ,2,2,layer_000_wire_000_RZ,5.893076443967385e-17,5.893076443967385e-17,True
random_bp,expectation_value,same_entangling_gate_count,smoke_random_parameter_bp,hea,RX_RY_RZ_CNOT,none,circular,cnot,global,4,1,1,3,4,4,11,2,0,1,RX,0,3,layer_000_wire_001_RX,-3.8163916471489756e-17,3.8163916471489756e-17,True
random_bp,expectation_value,same_entangling_gate_count,smoke_random_parameter_bp,hea,RX_RY_RZ_CNOT,none,circular,cnot,global,4,1,1,3,4,4,11,2,0,1,RY,1,4,layer_000_wire_001_RY,3.252606517456513e-17,3.252606517456513e-17,True
random_bp,expectation_value,same_entangling_gate_count,smoke_random_parameter_bp,hea,RX_RY_RZ_CNOT,none,circular,cnot,global,4,1,1,3,4,4,11,2,0,1,RZ,2,5,layer_000_wire_001_RZ,-3.4779370249269074e-17,3.4779370249269074e-17,True
random_bp,expectation_value,same_entangling_gate_count,smoke_random_parameter_bp,hea,RX_RY_RZ_CNOT,none,circular,cnot,global,4,1,1,3,4,4,11,2,0,2,RX,0,6,layer_000_wire_002_RX,-0.019022434791629607,0.019022434791629607,False
random_bp,expectation_value,same_entangling_gate_count,smoke_random_parameter_bp,hea,RX_RY_RZ_CNOT,none,circular,cnot,global,4,1,1,3,4,4,11,2,0,2,RY,1,7,layer_000_wire_002_RY,-0.002824686721037377,0.002824686721037377,False
random_bp,expectation_value,same_entangling_gate_count,smoke_random_parameter_bp,hea,RX_RY_RZ_CNOT,none,circular,cnot,global,4,1,1,3,4,4,11,2,0,2,RZ,2,8,layer_000_wire_002_RZ,3.530634315186067e-17,3.530634315186067e-17,True
random_bp,expectation_value,same_entangling_gate_count,smoke_random_parameter_bp,hea,RX_RY_RZ_CNOT,none,circular,cnot,global,4,1,1,3,4,4,11,2,0,3,RX,0,9,layer_000_wire_003_RX,1.0148132334464322e-16,1.0148132334464322e-16,True
random_bp,expectation_value,same_entangling_gate_count,smoke_random_parameter_bp,hea,RX_RY_RZ_CNOT,none,circular,cnot,global,4,1,1,3,4,4,11,2,0,3,RY,1,10,layer_000_wire_003_RY,1.3444106938820255e-17,1.3444106938820255e-17,True
random_bp,expectation_value,same_entangling_gate_count,smoke_random_parameter_bp,hea,RX_RY_RZ_CNOT,none,circular,cnot,global,4,1,1,3,4,4,11,2,0,3,RZ,2,11,layer_000_wire_003_RZ,-2.0492408865832606e-17,2.0492408865832606e-17,True
random_bp,expectation_value,same_entangling_gate_count,smoke_random_parameter_bp,hea,RX_RY_RZ_CNOT,none,linear,cnot,hamiltonian_local,4,1,1,3,3,3,12,0,0,0,RX,0,0,layer_000_wire_000_RX,4.163336342344337e-17,4.163336342344337e-17,True
random_bp,expectation_value,same_entangling_gate_count,smoke_random_parameter_bp,hea,RX_RY_RZ_CNOT,none,linear,cnot,hamiltonian_local,4,1,1,3,3,3,12,0,0,0,RY,1,1,layer_000_wire_000_RY,2.7755575615628914e-17,2.7755575615628914e-17,True
random_bp,expectation_value,same_entangling_gate_count,smoke_random_parameter_bp,hea,RX_RY_RZ_CNOT,none,linear,cnot,hamiltonian_local,4,1,1,3,3,3,12,0,0,0,RZ,2,2,layer_000_wire_000_RZ,2.6493257252581822e-17,2.6493257252581822e-17,True
random_bp,expectation_value,same_entangling_gate_count,smoke_random_parameter_bp,hea,RX_RY_RZ_CNOT,none,linear,cnot,hamiltonian_local,4,1,1,3,3,3,12,0,0,1,RX,0,3,layer_000_wire_001_RX,-0.013377281351286196,0.013377281351286196,False
random_bp,expectation_value,same_entangling_gate_count,smoke_random_parameter_bp,hea,RX_RY_RZ_CNOT,none,linear,cnot,hamiltonian_local,4,1,1,3,3,3,12,0,0,1,RY,1,4,layer_000_wire_001_RY,0.305683213284097,0.305683213284097,False
random_bp,expectation_value,same_entangling_gate_count,smoke_random_parameter_bp,hea,RX_RY_RZ_CNOT,none,linear,cnot,hamiltonian_local,4,1,1,3,3,3,12,0,0,1,RZ,2,5,layer_000_wire_001_RZ,-4.5953955443707434e-17,4.5953955443707434e-17,True
random_bp,expectation_value,same_entangling_gate_count,smoke_random_parameter_bp,hea,RX_RY_RZ_CNOT,none,linear,cnot,hamiltonian_local,4,1,1,3,3,3,12,0,0,2,RX,0,6,layer_000_wire_002_RX,-0.026593281944700578,0.026593281944700578,False
random_bp,expectation_value,same_entangling_gate_count,smoke_random_parameter_bp,hea,RX_RY_RZ_CNOT,none,linear,cnot,hamiltonian_local,4,1,1,3,3,3,12,0,0,2,RY,1,7,layer_000_wire_002_RY,-0.2591062531277252,0.2591062531277252,False
random_bp,expectation_value,same_entangling_gate_count,smoke_random_parameter_bp,hea,RX_RY_RZ_CNOT,none,linear,cnot,hamiltonian_local,4,1,1,3,3,3,12,0,0,2,RZ,2,8,layer_000_wire_002_RZ,-2.9947054137267046e-17,2.9947054137267046e-17,True
random_bp,expectation_value,same_entangling_gate_count,smoke_random_parameter_bp,hea,RX_RY_RZ_CNOT,none,linear,cnot,hamiltonian_local,4,1,1,3,3,3,12,0,0,3,RX,0,9,layer_000_wire_003_RX,0.05317032795488468,0.05317032795488468,False
random_bp,expectation_value,same_entangling_gate_count,smoke_random_parameter_bp,hea,RX_RY_RZ_CNOT,none,linear,cnot,hamiltonian_local,4,1,1,3,3,3,12,0,0,3,RY,1,10,layer_000_wire_003_RY,0.28015736369761424,0.28015736369761424,False
random_bp,expectation_value,same_entangling_gate_count,smoke_random_parameter_bp,hea,RX_RY_RZ_CNOT,none,linear,cnot,hamiltonian_local,4,1,1,3,3,3,12,0,0,3,RZ,2,11,layer_000_wire_003_RZ,7.211740422880042e-18,7.211740422880042e-18,True
random_bp,expectation_value,same_entangling_gate_count,smoke_random_parameter_bp,hea,RX_RY_RZ_CNOT,none,linear,cnot,hamiltonian_local,4,1,1,3,3,3,13,1,0,0,RX,0,0,layer_000_wire_000_RX,-8.673617379884035e-18,8.673617379884035e-18,True
random_bp,expectation_value,same_entangling_gate_count,smoke_random_parameter_bp,hea,RX_RY_RZ_CNOT,none,linear,cnot,hamiltonian_local,4,1,1,3,3,3,13,1,0,0,RY,1,1,layer_000_wire_000_RY,2.7755575615628914e-17,2.7755575615628914e-17,True
random_bp,expectation_value,same_entangling_gate_count,smoke_random_parameter_bp,hea,RX_RY_RZ_CNOT,none,linear,cnot,hamiltonian_local,4,1,1,3,3,3,13,1,0,0,RZ,2,2,layer_000_wire_000_RZ,-1.9438449300130842e-17,1.9438449300130842e-17,True
random_bp,expectation_value,same_entangling_gate_count,smoke_random_parameter_bp,hea,RX_RY_RZ_CNOT,none,linear,cnot,hamiltonian_local,4,1,1,3,3,3,13,1,0,1,RX,0,3,layer_000_wire_001_RX,-0.040036074070187964,0.040036074070187964,False
random_bp,expectation_value,same_entangling_gate_count,smoke_random_parameter_bp,hea,RX_RY_RZ_CNOT,none,linear,cnot,hamiltonian_local,4,1,1,3,3,3,13,1,0,1,RY,1,4,layer_000_wire_001_RY,-0.29257474135611555,0.29257474135611555,False
random_bp,expectation_value,same_entangling_gate_count,smoke_random_parameter_bp,hea,RX_RY_RZ_CNOT,none,linear,cnot,hamiltonian_local,4,1,1,3,3,3,13,1,0,1,RZ,2,5,layer_000_wire_001_RZ,1.6925268955337104e-17,1.6925268955337104e-17,True
random_bp,expectation_value,same_entangling_gate_count,smoke_random_parameter_bp,hea,RX_RY_RZ_CNOT,none,linear,cnot,hamiltonian_local,4,1,1,3,3,3,13,1,0,2,RX,0,6,layer_000_wire_002_RX,-0.2477645957382325,0.2477645957382325,False
random_bp,expectation_value,same_entangling_gate_count,smoke_random_parameter_bp,hea,RX_RY_RZ_CNOT,none,linear,cnot,hamiltonian_local,4,1,1,3,3,3,13,1,0,2,RY,1,7,layer_000_wire_002_RY,-0.08444052430802991,0.08444052430802991,False
random_bp,expectation_value,same_entangling_gate_count,smoke_random_parameter_bp,hea,RX_RY_RZ_CNOT,none,linear,cnot,hamiltonian_local,4,1,1,3,3,3,13,1,0,2,RZ,2,8,layer_000_wire_002_RZ,-1.2273170285712531e-17,1.2273170285712531e-17,True
random_bp,expectation_value,same_entangling_gate_count,smoke_random_parameter_bp,hea,RX_RY_RZ_CNOT,none,linear,cnot,hamiltonian_local,4,1,1,3,3,3,13,1,0,3,RX,0,9,layer_000_wire_003_RX,-0.001267615517219746,0.001267615517219746,False
random_bp,expectation_value,same_entangling_gate_count,smoke_random_parameter_bp,hea,RX_RY_RZ_CNOT,none,linear,cnot,hamiltonian_local,4,1,1,3,3,3,13,1,0,3,RY,1,10,layer_000_wire_003_RY,0.32826847779755597,0.32826847779755597,False
random_bp,expectation_value,same_entangling_gate_count,smoke_random_parameter_bp,hea,RX_RY_RZ_CNOT,none,linear,cnot,hamiltonian_local,4,1,1,3,3,3,13,1,0,3,RZ,2,11,layer_000_wire_003_RZ,-1.9955513705379693e-17,1.9955513705379693e-17,True
random_bp,expectation_value,same_entangling_gate_count,smoke_random_parameter_bp,hea,RX_RY_RZ_CNOT,none,linear,cnot,hamiltonian_local,4,1,1,3,3,3,14,2,0,0,RX,0,0,layer_000_wire_000_RX,5.551115123125783e-17,5.551115123125783e-17,True
random_bp,expectation_value,same_entangling_gate_count,smoke_random_parameter_bp,hea,RX_RY_RZ_CNOT,none,linear,cnot,hamiltonian_local,4,1,1,3,3,3,14,2,0,0,RY,1,1,layer_000_wire_000_RY,-3.469446951953614e-18,3.469446951953614e-18,True
random_bp,expectation_value,same_entangling_gate_count,smoke_random_parameter_bp,hea,RX_RY_RZ_CNOT,none,linear,cnot,hamiltonian_local,4,1,1,3,3,3,14,2,0,0,RZ,2,2,layer_000_wire_000_RZ,4.1566221301452854e-17,4.1566221301452854e-17,True
random_bp,expectation_value,same_entangling_gate_count,smoke_random_parameter_bp,hea,RX_RY_RZ_CNOT,none,linear,cnot,hamiltonian_local,4,1,1,3,3,3,14,2,0,1,RX,0,3,layer_000_wire_001_RX,0.14716053707584528,0.14716053707584528,False
random_bp,expectation_value,same_entangling_gate_count,smoke_random_parameter_bp,hea,RX_RY_RZ_CNOT,none,linear,cnot,hamiltonian_local,4,1,1,3,3,3,14,2,0,1,RY,1,4,layer_000_wire_001_RY,0.16429473497436625,0.16429473497436625,False
random_bp,expectation_value,same_entangling_gate_count,smoke_random_parameter_bp,hea,RX_RY_RZ_CNOT,none,linear,cnot,hamiltonian_local,4,1,1,3,3,3,14,2,0,1,RZ,2,5,layer_000_wire_001_RZ,-3.825856501669367e-17,3.825856501669367e-17,True
random_bp,expectation_value,same_entangling_gate_count,smoke_random_parameter_bp,hea,RX_RY_RZ_CNOT,none,linear,cnot,hamiltonian_local,4,1,1,3,3,3,14,2,0,2,RX,0,6,layer_000_wire_002_RX,-0.2899586972078052,0.2899586972078052,False
random_bp,expectation_value,same_entangling_gate_count,smoke_random_parameter_bp,hea,RX_RY_RZ_CNOT,none,linear,cnot,hamiltonian_local,4,1,1,3,3,3,14,2,0,2,RY,1,7,layer_000_wire_002_RY,-0.043056658657208556,0.043056658657208556,False
random_bp,expectation_value,same_entangling_gate_count,smoke_random_parameter_bp,hea,RX_RY_RZ_CNOT,none,linear,cnot,hamiltonian_local,4,1,1,3,3,3,14,2,0,2,RZ,2,8,layer_000_wire_002_RZ,1.3175526952654568e-17,1.3175526952654568e-17,True
random_bp,expectation_value,same_entangling_gate_count,smoke_random_parameter_bp,hea,RX_RY_RZ_CNOT,none,linear,cnot,hamiltonian_local,4,1,1,3,3,3,14,2,0,3,RX,0,9,layer_000_wire_003_RX,-0.2574805789691727,0.2574805789691727,False
random_bp,expectation_value,same_entangling_gate_count,smoke_random_parameter_bp,hea,RX_RY_RZ_CNOT,none,linear,cnot,hamiltonian_local,4,1,1,3,3,3,14,2,0,3,RY,1,10,layer_000_wire_003_RY,-0.06982966374461493,0.06982966374461493,False
random_bp,expectation_value,same_entangling_gate_count,smoke_random_parameter_bp,hea,RX_RY_RZ_CNOT,none,linear,cnot,hamiltonian_local,4,1,1,3,3,3,14,2,0,3,RZ,2,11,layer_000_wire_003_RZ,-1.972367493174375e-18,1.972367493174375e-18,True
random_bp,expectation_value,same_entangling_gate_count,smoke_random_parameter_bp,hea,RX_RY_RZ_CNOT,none,circular,cnot,hamiltonian_local,4,1,1,3,4,4,15,0,0,0,RX,0,0,layer_000_wire_000_RX,-0.001164728159041492,0.001164728159041492,False
random_bp,expectation_value,same_entangling_gate_count,smoke_random_parameter_bp,hea,RX_RY_RZ_CNOT,none,circular,cnot,hamiltonian_local,4,1,1,3,4,4,15,0,0,0,RY,1,1,layer_000_wire_000_RY,0.008014883060204175,0.008014883060204175,False
random_bp,expectation_value,same_entangling_gate_count,smoke_random_parameter_bp,hea,RX_RY_RZ_CNOT,none,circular,cnot,hamiltonian_local,4,1,1,3,4,4,15,0,0,0,RZ,2,2,layer_000_wire_000_RZ,7.443240466138896e-18,7.443240466138896e-18,True
random_bp,expectation_value,same_entangling_gate_count,smoke_random_parameter_bp,hea,RX_RY_RZ_CNOT,none,circular,cnot,hamiltonian_local,4,1,1,3,4,4,15,0,0,1,RX,0,3,layer_000_wire_001_RX,-3.2959746043559335e-17,3.2959746043559335e-17,True
random_bp,expectation_value,same_entangling_gate_count,smoke_random_parameter_bp,hea,RX_RY_RZ_CNOT,none,circular,cnot,hamiltonian_local,4,1,1,3,4,4,15,0,0,1,RY,1,4,layer_000_wire_001_RY,0.0,0.0,True
random_bp,expectation_value,same_entangling_gate_count,smoke_random_parameter_bp,hea,RX_RY_RZ_CNOT,none,circular,cnot,hamiltonian_local,4,1,1,3,4,4,15,0,0,1,RZ,2,5,layer_000_wire_001_RZ,1.9598065936468334e-17,1.9598065936468334e-17,True
random_bp,expectation_value,same_entangling_gate_count,smoke_random_parameter_bp,hea,RX_RY_RZ_CNOT,none,circular,cnot,hamiltonian_local,4,1,1,3,4,4,15,0,0,2,RX,0,6,layer_000_wire_002_RX,-0.027386827598734124,0.027386827598734124,False
random_bp,expectation_value,same_entangling_gate_count,smoke_random_parameter_bp,hea,RX_RY_RZ_CNOT,none,circular,cnot,hamiltonian_local,4,1,1,3,4,4,15,0,0,2,RY,1,7,layer_000_wire_002_RY,-0.2668380043846771,0.2668380043846771,False
random_bp,expectation_value,same_entangling_gate_count,smoke_random_parameter_bp,hea,RX_RY_RZ_CNOT,none,circular,cnot,hamiltonian_local,4,1,1,3,4,4,15,0,0,2,RZ,2,8,layer_000_wire_002_RZ,-1.547946242699213e-17,1.547946242699213e-17,True
random_bp,expectation_value,same_entangling_gate_count,smoke_random_parameter_bp,hea,RX_RY_RZ_CNOT,none,circular,cnot,hamiltonian_local,4,1,1,3,4,4,15,0,0,3,RX,0,9,layer_000_wire_003_RX,0.053603220003436855,0.053603220003436855,False
random_bp,expectation_value,same_entangling_gate_count,smoke_random_parameter_bp,hea,RX_RY_RZ_CNOT,none,circular,cnot,hamiltonian_local,4,1,1,3,4,4,15,0,0,3,RY,1,10,layer_000_wire_003_RY,0.2824382955585377,0.2824382955585377,False
random_bp,expectation_value,same_entangling_gate_count,smoke_random_parameter_bp,hea,RX_RY_RZ_CNOT,none,circular,cnot,hamiltonian_local,4,1,1,3,4,4,15,0,0,3,RZ,2,11,layer_000_wire_003_RZ,1.313160900366225e-17,1.313160900366225e-17,True
random_bp,expectation_value,same_entangling_gate_count,smoke_random_parameter_bp,hea,RX_RY_RZ_CNOT,none,circular,cnot,hamiltonian_local,4,1,1,3,4,4,16,1,0,0,RX,0,0,layer_000_wire_000_RX,-0.0002021082247944308,0.0002021082247944308,False
random_bp,expectation_value,same_entangling_gate_count,smoke_random_parameter_bp,hea,RX_RY_RZ_CNOT,none,circular,cnot,hamiltonian_local,4,1,1,3,4,4,16,1,0,0,RY,1,1,layer_000_wire_000_RY,0.0008737366098504236,0.0008737366098504236,False
random_bp,expectation_value,same_entangling_gate_count,smoke_random_parameter_bp,hea,RX_RY_RZ_CNOT,none,circular,cnot,hamiltonian_local,4,1,1,3,4,4,16,1,0,0,RZ,2,2,layer_000_wire_000_RZ,-3.0529109397713697e-17,3.0529109397713697e-17,True
random_bp,expectation_value,same_entangling_gate_count,smoke_random_parameter_bp,hea,RX_RY_RZ_CNOT,none,circular,cnot,hamiltonian_local,4,1,1,3,4,4,16,1,0,1,RX,0,3,layer_000_wire_001_RX,3.8163916471489756e-17,3.8163916471489756e-17,True
random_bp,expectation_value,same_entangling_gate_count,smoke_random_parameter_bp,hea,RX_RY_RZ_CNOT,none,circular,cnot,hamiltonian_local,4,1,1,3,4,4,16,1,0,1,RY,1,4,layer_000_wire_001_RY,2.0816681711721685e-17,2.0816681711721685e-17,True
random_bp,expectation_value,same_entangling_gate_count,smoke_random_parameter_bp,hea,RX_RY_RZ_CNOT,none,circular,cnot,hamiltonian_local,4,1,1,3,4,4,16,1,0,1,RZ,2,5,layer_000_wire_001_RZ,2.322587732219964e-17,2.322587732219964e-17,True
random_bp,expectation_value,same_entangling_gate_count,smoke_random_parameter_bp,hea,RX_RY_RZ_CNOT,none,circular,cnot,hamiltonian_local,4,1,1,3,4,4,16,1,0,2,RX,0,6,layer_000_wire_002_RX,-0.24265074604545905,0.24265074604545905,False
random_bp,expectation_value,same_entangling_gate_count,smoke_random_parameter_bp,hea,RX_RY_RZ_CNOT,none,circular,cnot,hamiltonian_local,4,1,1,3,4,4,16,1,0,2,RY,1,7,layer_000_wire_002_RY,-0.08269767582718215,0.08269767582718215,False
random_bp,expectation_value,same_entangling_gate_count,smoke_random_parameter_bp,hea,RX_RY_RZ_CNOT,none,circular,cnot,hamiltonian_local,4,1,1,3,4,4,16,1,0,2,RZ,2,8,layer_000_wire_002_RZ,-2.1621319237425247e-17,2.1621319237425247e-17,True
random_bp,expectation_value,same_entangling_gate_count,smoke_random_parameter_bp,hea,RX_RY_RZ_CNOT,none,circular,cnot,hamiltonian_local,4,1,1,3,4,4,16,1,0,3,RX,0,9,layer_000_wire_003_RX,-0.0017426701996718814,0.0017426701996718814,False
random_bp,expectation_value,same_entangling_gate_count,smoke_random_parameter_bp,hea,RX_RY_RZ_CNOT,none,circular,cnot,hamiltonian_local,4,1,1,3,4,4,16,1,0,3,RY,1,10,layer_000_wire_003_RY,0.45129117305549427,0.45129117305549427,False
random_bp,expectation_value,same_entangling_gate_count,smoke_random_parameter_bp,hea,RX_RY_RZ_CNOT,none,circular,cnot,hamiltonian_local,4,1,1,3,4,4,16,1,0,3,RZ,2,11,layer_000_wire_003_RZ,-5.521783476930999e-18,5.521783476930999e-18,True
random_bp,expectation_value,same_entangling_gate_count,smoke_random_parameter_bp,hea,RX_RY_RZ_CNOT,none,circular,cnot,hamiltonian_local,4,1,1,3,4,4,17,2,0,0,RX,0,0,layer_000_wire_000_RX,0.018119678844541465,0.018119678844541465,False
random_bp,expectation_value,same_entangling_gate_count,smoke_random_parameter_bp,hea,RX_RY_RZ_CNOT,none,circular,cnot,hamiltonian_local,4,1,1,3,4,4,17,2,0,0,RY,1,1,layer_000_wire_000_RY,0.00421147675841646,0.00421147675841646,False
random_bp,expectation_value,same_entangling_gate_count,smoke_random_parameter_bp,hea,RX_RY_RZ_CNOT,none,circular,cnot,hamiltonian_local,4,1,1,3,4,4,17,2,0,0,RZ,2,2,layer_000_wire_000_RZ,2.5822786470196597e-17,2.5822786470196597e-17,True
random_bp,expectation_value,same_entangling_gate_count,smoke_random_parameter_bp,hea,RX_RY_RZ_CNOT,none,circular,cnot,hamiltonian_local,4,1,1,3,4,4,17,2,0,1,RX,0,3,layer_000_wire_001_RX,1.3877787807814457e-17,1.3877787807814457e-17,True
random_bp,expectation_value,same_entangling_gate_count,smoke_random_parameter_bp,hea,RX_RY_RZ_CNOT,none,circular,cnot,hamiltonian_local,4,1,1,3,4,4,17,2,0,1,RY,1,4,layer_000_wire_001_RY,-1.3877787807814457e-17,1.3877787807814457e-17,True
random_bp,expectation_value,same_entangling_gate_count,smoke_random_parameter_bp,hea,RX_RY_RZ_CNOT,none,circular,cnot,hamiltonian_local,4,1,1,3,4,4,17,2,0,1,RZ,2,5,layer_000_wire_001_RZ,-1.698640752509565e-17,1.698640752509565e-17,True
random_bp,expectation_value,same_entangling_gate_count,smoke_random_parameter_bp,hea,RX_RY_RZ_CNOT,none,circular,cnot,hamiltonian_local,4,1,1,3,4,4,17,2,0,2,RX,0,6,layer_000_wire_002_RX,-0.2931789728268752,0.2931789728268752,False
random_bp,expectation_value,same_entangling_gate_count,smoke_random_parameter_bp,hea,RX_RY_RZ_CNOT,none,circular,cnot,hamiltonian_local,4,1,1,3,4,4,17,2,0,2,RY,1,7,layer_000_wire_002_RY,-0.0435348450659889,0.0435348450659889,False
random_bp,expectation_value,same_entangling_gate_count,smoke_random_parameter_bp,hea,RX_RY_RZ_CNOT,none,circular,cnot,hamiltonian_local,4,1,1,3,4,4,17,2,0,2,RZ,2,8,layer_000_wire_002_RZ,2.730303842486099e-17,2.730303842486099e-17,True
random_bp,expectation_value,same_entangling_gate_count,smoke_random_parameter_bp,hea,RX_RY_RZ_CNOT,none,circular,cnot,hamiltonian_local,4,1,1,3,4,4,17,2,0,3,RX,0,9,layer_000_wire_003_RX,-0.2594949132316116,0.2594949132316116,False
random_bp,expectation_value,same_entangling_gate_count,smoke_random_parameter_bp,hea,RX_RY_RZ_CNOT,none,circular,cnot,hamiltonian_local,4,1,1,3,4,4,17,2,0,3,RY,1,10,layer_000_wire_003_RY,-0.0703759584779051,0.0703759584779051,False
random_bp,expectation_value,same_entangling_gate_count,smoke_random_parameter_bp,hea,RX_RY_RZ_CNOT,none,circular,cnot,hamiltonian_local,4,1,1,3,4,4,17,2,0,3,RZ,2,11,layer_000_wire_003_RZ,-2.650320231774565e-17,2.650320231774565e-17,True
random_bp,expectation_value,same_entangling_gate_count,smoke_random_parameter_bp,hea,RX_RY_RZ_CNOT,none,linear,cnot,local,4,2,2,6,6,3,18,0,0,0,RX,0,0,layer_000_wire_000_RX,-0.06556161011759325,0.06556161011759325,False
random_bp,expectation_value,same_entangling_gate_count,smoke_random_parameter_bp,hea,RX_RY_RZ_CNOT,none,linear,cnot,local,4,2,2,6,6,3,18,0,0,0,RY,1,1,layer_000_wire_000_RY,0.04583460644805489,0.04583460644805489,False
random_bp,expectation_value,same_entangling_gate_count,smoke_random_parameter_bp,hea,RX_RY_RZ_CNOT,none,linear,cnot,local,4,2,2,6,6,3,18,0,0,0,RZ,2,2,layer_000_wire_000_RZ,-0.058446283939986035,0.058446283939986035,False
random_bp,expectation_value,same_entangling_gate_count,smoke_random_parameter_bp,hea,RX_RY_RZ_CNOT,none,linear,cnot,local,4,2,2,6,6,3,18,0,0,1,RX,0,3,layer_000_wire_001_RX,0.0608695629281905,0.0608695629281905,False
random_bp,expectation_value,same_entangling_gate_count,smoke_random_parameter_bp,hea,RX_RY_RZ_CNOT,none,linear,cnot,local,4,2,2,6,6,3,18,0,0,1,RY,1,4,layer_000_wire_001_RY,0.15200230401203027,0.15200230401203027,False
random_bp,expectation_value,same_entangling_gate_count,smoke_random_parameter_bp,hea,RX_RY_RZ_CNOT,none,linear,cnot,local,4,2,2,6,6,3,18,0,0,1,RZ,2,5,layer_000_wire_001_RZ,-0.06225592693224096,0.06225592693224096,False
random_bp,expectation_value,same_entangling_gate_count,smoke_random_parameter_bp,hea,RX_RY_RZ_CNOT,none,linear,cnot,local,4,2,2,6,6,3,18,0,0,2,RX,0,6,layer_000_wire_002_RX,-0.02149804926433099,0.02149804926433099,False
random_bp,expectation_value,same_entangling_gate_count,smoke_random_parameter_bp,hea,RX_RY_RZ_CNOT,none,linear,cnot,local,4,2,2,6,6,3,18,0,0,2,RY,1,7,layer_000_wire_002_RY,0.005124563428329321,0.005124563428329321,False
random_bp,expectation_value,same_entangling_gate_count,smoke_random_parameter_bp,hea,RX_RY_RZ_CNOT,none,linear,cnot,local,4,2,2,6,6,3,18,0,0,2,RZ,2,8,layer_000_wire_002_RZ,0.021841500400273293,0.021841500400273293,False
random_bp,expectation_value,same_entangling_gate_count,smoke_random_parameter_bp,hea,RX_RY_RZ_CNOT,none,linear,cnot,local,4,2,2,6,6,3,18,0,0,3,RX,0,9,layer_000_wire_003_RX,-0.021774762488279167,0.021774762488279167,False
random_bp,expectation_value,same_entangling_gate_count,smoke_random_parameter_bp,hea,RX_RY_RZ_CNOT,none,linear,cnot,local,4,2,2,6,6,3,18,0,0,3,RY,1,10,layer_000_wire_003_RY,-0.051126772742580255,0.051126772742580255,False
random_bp,expectation_value,same_entangling_gate_count,smoke_random_parameter_bp,hea,RX_RY_RZ_CNOT,none,linear,cnot,local,4,2,2,6,6,3,18,0,0,3,RZ,2,11,layer_000_wire_003_RZ,0.011052847463320806,0.011052847463320806,False
random_bp,expectation_value,same_entangling_gate_count,smoke_random_parameter_bp,hea,RX_RY_RZ_CNOT,none,linear,cnot,local,4,2,2,6,6,3,18,0,1,0,RX,0,12,layer_001_wire_000_RX,-0.03507335748621929,0.03507335748621929,False
random_bp,expectation_value,same_entangling_gate_count,smoke_random_parameter_bp,hea,RX_RY_RZ_CNOT,none,linear,cnot,local,4,2,2,6,6,3,18,0,1,0,RY,1,13,layer_001_wire_000_RY,0.08086553899786982,0.08086553899786982,False
random_bp,expectation_value,same_entangling_gate_count,smoke_random_parameter_bp,hea,RX_RY_RZ_CNOT,none,linear,cnot,local,4,2,2,6,6,3,18,0,1,0,RZ,2,14,layer_001_wire_000_RZ,-1.810770412685059e-17,1.810770412685059e-17,True
random_bp,expectation_value,same_entangling_gate_count,smoke_random_parameter_bp,hea,RX_RY_RZ_CNOT,none,linear,cnot,local,4,2,2,6,6,3,18,0,1,1,RX,0,15,layer_001_wire_001_RX,-0.07924928635589235,0.07924928635589235,False
random_bp,expectation_value,same_entangling_gate_count,smoke_random_parameter_bp,hea,RX_RY_RZ_CNOT,none,linear,cnot,local,4,2,2,6,6,3,18,0,1,1,RY,1,16,layer_001_wire_001_RY,-0.0535496477513678,0.0535496477513678,False
random_bp,expectation_value,same_entangling_gate_count,smoke_random_parameter_bp,hea,RX_RY_RZ_CNOT,none,linear,cnot,local,4,2,2,6,6,3,18,0,1,1,RZ,2,17,layer_001_wire_001_RZ,-1.9128000792801257e-18,1.9128000792801257e-18,True
random_bp,expectation_value,same_entangling_gate_count,smoke_random_parameter_bp,hea,RX_RY_RZ_CNOT,none,linear,cnot,local,4,2,2,6,6,3,18,0,1,2,RX,0,18,layer_001_wire_002_RX,-0.01769879555908508,0.01769879555908508,False
random_bp,expectation_value,same_entangling_gate_count,smoke_random_parameter_bp,hea,RX_RY_RZ_CNOT,none,linear,cnot,local,4,2,2,6,6,3,18,0,1,2,RY,1,19,layer_001_wire_002_RY,0.0028189946166875214,0.0028189946166875214,False
random_bp,expectation_value,same_entangling_gate_count,smoke_random_parameter_bp,hea,RX_RY_RZ_CNOT,none,linear,cnot,local,4,2,2,6,6,3,18,0,1,2,RZ,2,20,layer_001_wire_002_RZ,4.5347062609321976e-18,4.5347062609321976e-18,True
random_bp,expectation_value,same_entangling_gate_count,smoke_random_parameter_bp,hea,RX_RY_RZ_CNOT,none,linear,cnot,local,4,2,2,6,6,3,18,0,1,3,RX,0,21,layer_001_wire_003_RX,-0.02986241778415709,0.02986241778415709,False
random_bp,expectation_value,same_entangling_gate_count,smoke_random_parameter_bp,hea,RX_RY_RZ_CNOT,none,linear,cnot,local,4,2,2,6,6,3,18,0,1,3,RY,1,22,layer_001_wire_003_RY,-0.010119546548647485,0.010119546548647485,False
random_bp,expectation_value,same_entangling_gate_count,smoke_random_parameter_bp,hea,RX_RY_RZ_CNOT,none,linear,cnot,local,4,2,2,6,6,3,18,0,1,3,RZ,2,23,layer_001_wire_003_RZ,-7.558001641558768e-19,7.558001641558768e-19,True
random_bp,expectation_value,same_entangling_gate_count,smoke_random_parameter_bp,hea,RX_RY_RZ_CNOT,none,linear,cnot,local,4,2,2,6,6,3,19,1,0,0,RX,0,0,layer_000_wire_000_RX,0.10021394363052995,0.10021394363052995,False
random_bp,expectation_value,same_entangling_gate_count,smoke_random_parameter_bp,hea,RX_RY_RZ_CNOT,none,linear,cnot,local,4,2,2,6,6,3,19,1,0,0,RY,1,1,layer_000_wire_000_RY,0.01218780374577558,0.01218780374577558,False
random_bp,expectation_value,same_entangling_gate_count,smoke_random_parameter_bp,hea,RX_RY_RZ_CNOT,none,linear,cnot,local,4,2,2,6,6,3,19,1,0,0,RZ,2,2,layer_000_wire_000_RZ,-0.03155336976417289,0.03155336976417289,False
random_bp,expectation_value,same_entangling_gate_count,smoke_random_parameter_bp,hea,RX_RY_RZ_CNOT,none,linear,cnot,local,4,2,2,6,6,3,19,1,0,1,RX,0,3,layer_000_wire_001_RX,0.04632662831280042,0.04632662831280042,False
random_bp,expectation_value,same_entangling_gate_count,smoke_random_parameter_bp,hea,RX_RY_RZ_CNOT,none,linear,cnot,local,4,2,2,6,6,3,19,1,0,1,RY,1,4,layer_000_wire_001_RY,-0.01294650049521195,0.01294650049521195,False
random_bp,expectation_value,same_entangling_gate_count,smoke_random_parameter_bp,hea,RX_RY_RZ_CNOT,none,linear,cnot,local,4,2,2,6,6,3,19,1,0,1,RZ,2,5,layer_000_wire_001_RZ,0.04451389970815458,0.04451389970815458,False
random_bp,expectation_value,same_entangling_gate_count,smoke_random_parameter_bp,hea,RX_RY_RZ_CNOT,none,linear,cnot,local,4,2,2,6,6,3,19,1,0,2,RX,0,6,layer_000_wire_002_RX,0.02317261529880105,0.02317261529880105,False
random_bp,expectation_value,same_entangling_gate_count,smoke_random_parameter_bp,hea,RX_RY_RZ_CNOT,none,linear,cnot,local,4,2,2,6,6,3,19,1,0,2,RY,1,7,layer_000_wire_002_RY,-0.029457329698323407,0.029457329698323407,False
random_bp,expectation_value,same_entangling_gate_count,smoke_random_parameter_bp,hea,RX_RY_RZ_CNOT,none,linear,cnot,local,4,2,2,6,6,3,19,1,0,2,RZ,2,8,layer_000_wire_002_RZ,0.05919478184215786,0.05919478184215786,False
random_bp,expectation_value,same_entangling_gate_count,smoke_random_parameter_bp,hea,RX_RY_RZ_CNOT,none,linear,cnot,local,4,2,2,6,6,3,19,1,0,3,RX,0,9,layer_000_wire_003_RX,-0.008906420944757966,0.008906420944757966,False
random_bp,expectation_value,same_entangling_gate_count,smoke_random_parameter_bp,hea,RX_RY_RZ_CNOT,none,linear,cnot,local,4,2,2,6,6,3,19,1,0,3,RY,1,10,layer_000_wire_003_RY,-0.03446541884517938,0.03446541884517938,False
random_bp,expectation_value,same_entangling_gate_count,smoke_random_parameter_bp,hea,RX_RY_RZ_CNOT,none,linear,cnot,local,4,2,2,6,6,3,19,1,0,3,RZ,2,11,layer_000_wire_003_RZ,0.009037307756709084,0.009037307756709084,False
random_bp,expectation_value,same_entangling_gate_count,smoke_random_parameter_bp,hea,RX_RY_RZ_CNOT,none,linear,cnot,local,4,2,2,6,6,3,19,1,1,0,RX,0,12,layer_001_wire_000_RX,0.03522720618766624,0.03522720618766624,False
random_bp,expectation_value,same_entangling_gate_count,smoke_random_parameter_bp,hea,RX_RY_RZ_CNOT,none,linear,cnot,local,4,2,2,6,6,3,19,1,1,0,RY,1,13,layer_001_wire_000_RY,0.042354412779886566,0.042354412779886566,False
random_bp,expectation_value,same_entangling_gate_count,smoke_random_parameter_bp,hea,RX_RY_RZ_CNOT,none,linear,cnot,local,4,2,2,6,6,3,19,1,1,0,RZ,2,14,layer_001_wire_000_RZ,-2.0046613347460375e-17,2.0046613347460375e-17,True
random_bp,expectation_value,same_entangling_gate_count,smoke_random_parameter_bp,hea,RX_RY_RZ_CNOT,none,linear,cnot,local,4,2,2,6,6,3,19,1,1,1,RX,0,15,layer_001_wire_001_RX,-0.0070142172040197045,0.0070142172040197045,False
random_bp,expectation_value,same_entangling_gate_count,smoke_random_parameter_bp,hea,RX_RY_RZ_CNOT,none,linear,cnot,local,4,2,2,6,6,3,19,1,1,1,RY,1,16,layer_001_wire_001_RY,0.0001781517376071174,0.0001781517376071174,False
random_bp,expectation_value,same_entangling_gate_count,smoke_random_parameter_bp,hea,RX_RY_RZ_CNOT,none,linear,cnot,local,4,2,2,6,6,3,19,1,1,1,RZ,2,17,layer_001_wire_001_RZ,1.166080857654393e-17,1.166080857654393e-17,True
random_bp,expectation_value,same_entangling_gate_count,smoke_random_parameter_bp,hea,RX_RY_RZ_CNOT,none,linear,cnot,local,4,2,2,6,6,3,19,1,1,2,RX,0,18,layer_001_wire_002_RX,0.0009048944548474512,0.0009048944548474512,False
random_bp,expectation_value,same_entangling_gate_count,smoke_random_parameter_bp,hea,RX_RY_RZ_CNOT,none,linear,cnot,local,4,2,2,6,6,3,19,1,1,2,RY,1,19,layer_001_wire_002_RY,0.030653571461462116,0.030653571461462116,False
random_bp,expectation_value,same_entangling_gate_count,smoke_random_parameter_bp,hea,RX_RY_RZ_CNOT,none,linear,cnot,local,4,2,2,6,6,3,19,1,1,2,RZ,2,20,layer_001_wire_002_RZ,-1.149290371063457e-17,1.149290371063457e-17,True
random_bp,expectation_value,same_entangling_gate_count,smoke_random_parameter_bp,hea,RX_RY_RZ_CNOT,none,linear,cnot,local,4,2,2,6,6,3,19,1,1,3,RX,0,21,layer_001_wire_003_RX,0.0025175063528304325,0.0025175063528304325,False
random_bp,expectation_value,same_entangling_gate_count,smoke_random_parameter_bp,hea,RX_RY_RZ_CNOT,none,linear,cnot,local,4,2,2,6,6,3,19,1,1,3,RY,1,22,layer_001_wire_003_RY,-0.03006047961856671,0.03006047961856671,False
random_bp,expectation_value,same_entangling_gate_count,smoke_random_parameter_bp,hea,RX_RY_RZ_CNOT,none,linear,cnot,local,4,2,2,6,6,3,19,1,1,3,RZ,2,23,layer_001_wire_003_RZ,7.7309503292440515e-19,7.7309503292440515e-19,True
random_bp,expectation_value,same_entangling_gate_count,smoke_random_parameter_bp,hea,RX_RY_RZ_CNOT,none,linear,cnot,local,4,2,2,6,6,3,20,2,0,0,RX,0,0,layer_000_wire_000_RX,0.04496876964048373,0.04496876964048373,False
random_bp,expectation_value,same_entangling_gate_count,smoke_random_parameter_bp,hea,RX_RY_RZ_CNOT,none,linear,cnot,local,4,2,2,6,6,3,20,2,0,0,RY,1,1,layer_000_wire_000_RY,0.008393342228357914,0.008393342228357914,False
random_bp,expectation_value,same_entangling_gate_count,smoke_random_parameter_bp,hea,RX_RY_RZ_CNOT,none,linear,cnot,local,4,2,2,6,6,3,20,2,0,0,RZ,2,2,layer_000_wire_000_RZ,0.008448897933631178,0.008448897933631178,False
random_bp,expectation_value,same_entangling_gate_count,smoke_random_parameter_bp,hea,RX_RY_RZ_CNOT,none,linear,cnot,local,4,2,2,6,6,3,20,2,0,1,RX,0,3,layer_000_wire_001_RX,-0.16892459055385897,0.16892459055385897,False
random_bp,expectation_value,same_entangling_gate_count,smoke_random_parameter_bp,hea,RX_RY_RZ_CNOT,none,linear,cnot,local,4,2,2,6,6,3,20,2,0,1,RY,1,4,layer_000_wire_001_RY,-0.023813617688697976,0.023813617688697976,False
random_bp,expectation_value,same_entangling_gate_count,smoke_random_parameter_bp,hea,RX_RY_RZ_CNOT,none,linear,cnot,local,4,2,2,6,6,3,20,2,0,1,RZ,2,5,layer_000_wire_001_RZ,0.08682926156951462,0.08682926156951462,False
random_bp,expectation_value,same_entangling_gate_count,smoke_random_parameter_bp,hea,RX_RY_RZ_CNOT,none,linear,cnot,local,4,2,2,6,6,3,20,2,0,2,RX,0,6,layer_000_wire_002_RX,0.06980757726379319,0.06980757726379319,False
random_bp,expectation_value,same_entangling_gate_count,smoke_random_parameter_bp,hea,RX_RY_RZ_CNOT,none,linear,cnot,local,4,2,2,6,6,3,20,2,0,2,RY,1,7,layer_000_wire_002_RY,-0.01678952814712576,0.01678952814712576,False
random_bp,expectation_value,same_entangling_gate_count,smoke_random_parameter_bp,hea,RX_RY_RZ_CNOT,none,linear,cnot,local,4,2,2,6,6,3,20,2,0,2,RZ,2,8,layer_000_wire_002_RZ,0.06210490901359414,0.06210490901359414,False
random_bp,expectation_value,same_entangling_gate_count,smoke_random_parameter_bp,hea,RX_RY_RZ_CNOT,none,linear,cnot,local,4,2,2,6,6,3,20,2,0,3,RX,0,9,layer_000_wire_003_RX,-0.00222361506199735,0.00222361506199735,False
random_bp,expectation_value,same_entangling_gate_count,smoke_random_parameter_bp,hea,RX_RY_RZ_CNOT,none,linear,cnot,local,4,2,2,6,6,3,20,2,0,3,RY,1,10,layer_000_wire_003_RY,-0.03666861404089035,0.03666861404089035,False
random_bp,expectation_value,same_entangling_gate_count,smoke_random_parameter_bp,hea,RX_RY_RZ_CNOT,none,linear,cnot,local,4,2,2,6,6,3,20,2,0,3,RZ,2,11,layer_000_wire_003_RZ,-0.050709566636783825,0.050709566636783825,False
random_bp,expectation_value,same_entangling_gate_count,smoke_random_parameter_bp,hea,RX_RY_RZ_CNOT,none,linear,cnot,local,4,2,2,6,6,3,20,2,1,0,RX,0,12,layer_001_wire_000_RX,0.012537008869570855,0.012537008869570855,False
random_bp,expectation_value,same_entangling_gate_count,smoke_random_parameter_bp,hea,RX_RY_RZ_CNOT,none,linear,cnot,local,4,2,2,6,6,3,20,2,1,0,RY,1,13,layer_001_wire_000_RY,-0.02952390616991976,0.02952390616991976,False
random_bp,expectation_value,same_entangling_gate_count,smoke_random_parameter_bp,hea,RX_RY_RZ_CNOT,none,linear,cnot,local,4,2,2,6,6,3,20,2,1,0,RZ,2,14,layer_001_wire_000_RZ,9.148132722126511e-18,9.148132722126511e-18,True
random_bp,expectation_value,same_entangling_gate_count,smoke_random_parameter_bp,hea,RX_RY_RZ_CNOT,none,linear,cnot,local,4,2,2,6,6,3,20,2,1,1,RX,0,15,layer_001_wire_001_RX,-0.0025070970993444144,0.0025070970993444144,False
random_bp,expectation_value,same_entangling_gate_count,smoke_random_parameter_bp,hea,RX_RY_RZ_CNOT,none,linear,cnot,local,4,2,2,6,6,3,20,2,1,1,RY,1,16,layer_001_wire_001_RY,-0.07499032976462854,0.07499032976462854,False
random_bp,expectation_value,same_entangling_gate_count,smoke_random_parameter_bp,hea,RX_RY_RZ_CNOT,none,linear,cnot,local,4,2,2,6,6,3,20,2,1,1,RZ,2,17,layer_001_wire_001_RZ,4.138244290525746e-18,4.138244290525746e-18,True
random_bp,expectation_value,same_entangling_gate_count,smoke_random_parameter_bp,hea,RX_RY_RZ_CNOT,none,linear,cnot,local,4,2,2,6,6,3,20,2,1,2,RX,0,18,layer_001_wire_002_RX,0.025328351848673887,0.025328351848673887,False
random_bp,expectation_value,same_entangling_gate_count,smoke_random_parameter_bp,hea,RX_RY_RZ_CNOT,none,linear,cnot,local,4,2,2,6,6,3,20,2,1,2,RY,1,19,layer_001_wire_002_RY,0.05278358432082837,0.05278358432082837,False
random_bp,expectation_value,same_entangling_gate_count,smoke_random_parameter_bp,hea,RX_RY_RZ_CNOT,none,linear,cnot,local,4,2,2,6,6,3,20,2,1,2,RZ,2,20,layer_001_wire_002_RZ,1.530581023409668e-19,1.530581023409668e-19,True
random_bp,expectation_value,same_entangling_gate_count,smoke_random_parameter_bp,hea,RX_RY_RZ_CNOT,none,linear,cnot,local,4,2,2,6,6,3,20,2,1,3,RX,0,21,layer_001_wire_003_RX,-0.01597270583883003,0.01597270583883003,False
random_bp,expectation_value,same_entangling_gate_count,smoke_random_parameter_bp,hea,RX_RY_RZ_CNOT,none,linear,cnot,local,4,2,2,6,6,3,20,2,1,3,RY,1,22,layer_001_wire_003_RY,0.0652507599490793,0.0652507599490793,False
random_bp,expectation_value,same_entangling_gate_count,smoke_random_parameter_bp,hea,RX_RY_RZ_CNOT,none,linear,cnot,local,4,2,2,6,6,3,20,2,1,3,RZ,2,23,layer_001_wire_003_RZ,-1.4224032037745892e-17,1.4224032037745892e-17,True
random_bp,expectation_value,same_entangling_gate_count,smoke_random_parameter_bp,hea,RX_RY_RZ_CNOT,none,circular,cnot,local,4,2,2,6,8,4,21,0,0,0,RX,0,0,layer_000_wire_000_RX,-0.03488673443666913,0.03488673443666913,False
random_bp,expectation_value,same_entangling_gate_count,smoke_random_parameter_bp,hea,RX_RY_RZ_CNOT,none,circular,cnot,local,4,2,2,6,8,4,21,0,0,0,RY,1,1,layer_000_wire_000_RY,-0.0005423570320035112,0.0005423570320035112,False
random_bp,expectation_value,same_entangling_gate_count,smoke_random_parameter_bp,hea,RX_RY_RZ_CNOT,none,circular,cnot,local,4,2,2,6,8,4,21,0,0,0,RZ,2,2,layer_000_wire_000_RZ,-0.034695678020036744,0.034695678020036744,False
random_bp,expectation_value,same_entangling_gate_count,smoke_random_parameter_bp,hea,RX_RY_RZ_CNOT,none,circular,cnot,local,4,2,2,6,8,4,21,0,0,1,RX,0,3,layer_000_wire_001_RX,0.009452137224015387,0.009452137224015387,False
random_bp,expectation_value,same_entangling_gate_count,smoke_random_parameter_bp,hea,RX_RY_RZ_CNOT,none,circular,cnot,local,4,2,2,6,8,4,21,0,0,1,RY,1,4,layer_000_wire_001_RY,-0.06155530634508785,0.06155530634508785,False
random_bp,expectation_value,same_entangling_gate_count,smoke_random_parameter_bp,hea,RX_RY_RZ_CNOT,none,circular,cnot,local,4,2,2,6,8,4,21,0,0,1,RZ,2,5,layer_000_wire_001_RZ,-0.006231320278733655,0.006231320278733655,False
random_bp,expectation_value,same_entangling_gate_count,smoke_random_parameter_bp,hea,RX_RY_RZ_CNOT,none,circular,cnot,local,4,2,2,6,8,4,21,0,0,2,RX,0,6,layer_000_wire_002_RX,0.03823404559162388,0.03823404559162388,False
random_bp,expectation_value,same_entangling_gate_count,smoke_random_parameter_bp,hea,RX_RY_RZ_CNOT,none,circular,cnot,local,4,2,2,6,8,4,21,0,0,2,RY,1,7,layer_000_wire_002_RY,0.07054331448718074,0.07054331448718074,False
random_bp,expectation_value,same_entangling_gate_count,smoke_random_parameter_bp,hea,RX_RY_RZ_CNOT,none,circular,cnot,local,4,2,2,6,8,4,21,0,0,2,RZ,2,8,layer_000_wire_002_RZ,-0.030737019285416597,0.030737019285416597,False
random_bp,expectation_value,same_entangling_gate_count,smoke_random_parameter_bp,hea,RX_RY_RZ_CNOT,none,circular,cnot,local,4,2,2,6,8,4,21,0,0,3,RX,0,9,layer_000_wire_003_RX,0.1767543039151662,0.1767543039151662,False
random_bp,expectation_value,same_entangling_gate_count,smoke_random_parameter_bp,hea,RX_RY_RZ_CNOT,none,circular,cnot,local,4,2,2,6,8,4,21,0,0,3,RY,1,10,layer_000_wire_003_RY,-0.02856655474524263,0.02856655474524263,False
random_bp,expectation_value,same_entangling_gate_count,smoke_random_parameter_bp,hea,RX_RY_RZ_CNOT,none,circular,cnot,local,4,2,2,6,8,4,21,0,0,3,RZ,2,11,layer_000_wire_003_RZ,-0.166802329542017,0.166802329542017,False
random_bp,expectation_value,same_entangling_gate_count,smoke_random_parameter_bp,hea,RX_RY_RZ_CNOT,none,circular,cnot,local,4,2,2,6,8,4,21,0,1,0,RX,0,12,layer_001_wire_000_RX,0.03906910483167135,0.03906910483167135,False
random_bp,expectation_value,same_entangling_gate_count,smoke_random_parameter_bp,hea,RX_RY_RZ_CNOT,none,circular,cnot,local,4,2,2,6,8,4,21,0,1,0,RY,1,13,layer_001_wire_000_RY,0.08302104398802569,0.08302104398802569,False
random_bp,expectation_value,same_entangling_gate_count,smoke_random_parameter_bp,hea,RX_RY_RZ_CNOT,none,circular,cnot,local,4,2,2,6,8,4,21,0,1,0,RZ,2,14,layer_001_wire_000_RZ,-2.9275093369665087e-17,2.9275093369665087e-17,True
random_bp,expectation_value,same_entangling_gate_count,smoke_random_parameter_bp,hea,RX_RY_RZ_CNOT,none,circular,cnot,local,4,2,2,6,8,4,21,0,1,1,RX,0,15,layer_001_wire_001_RX,0.06357251775242907,0.06357251775242907,False
random_bp,expectation_value,same_entangling_gate_count,smoke_random_parameter_bp,hea,RX_RY_RZ_CNOT,none,circular,cnot,local,4,2,2,6,8,4,21,0,1,1,RY,1,16,layer_001_wire_001_RY,-0.014316419000084544,0.014316419000084544,False
random_bp,expectation_value,same_entangling_gate_count,smoke_random_parameter_bp,hea,RX_RY_RZ_CNOT,none,circular,cnot,local,4,2,2,6,8,4,21,0,1,1,RZ,2,17,layer_001_wire_001_RZ,2.503603752102129e-17,2.503603752102129e-17,True
random_bp,expectation_value,same_entangling_gate_count,smoke_random_parameter_bp,hea,RX_RY_RZ_CNOT,none,circular,cnot,local,4,2,2,6,8,4,21,0,1,2,RX,0,18,layer_001_wire_002_RX,0.048968050362080476,0.048968050362080476,False
random_bp,expectation_value,same_entangling_gate_count,smoke_random_parameter_bp,hea,RX_RY_RZ_CNOT,none,circular,cnot,local,4,2,2,6,8,4,21,0,1,2,RY,1,19,layer_001_wire_002_RY,-0.09216258244224246,0.09216258244224246,False
random_bp,expectation_value,same_entangling_gate_count,smoke_random_parameter_bp,hea,RX_RY_RZ_CNOT,none,circular,cnot,local,4,2,2,6,8,4,21,0,1,2,RZ,2,20,layer_001_wire_002_RZ,-3.440732287173809e-17,3.440732287173809e-17,True
random_bp,expectation_value,same_entangling_gate_count,smoke_random_parameter_bp,hea,RX_RY_RZ_CNOT,none,circular,cnot,local,4,2,2,6,8,4,21,0,1,3,RX,0,21,layer_001_wire_003_RX,0.05884034441636819,0.05884034441636819,False
random_bp,expectation_value,same_entangling_gate_count,smoke_random_parameter_bp,hea,RX_RY_RZ_CNOT,none,circular,cnot,local,4,2,2,6,8,4,21,0,1,3,RY,1,22,layer_001_wire_003_RY,-0.037608852746937815,0.037608852746937815,False
random_bp,expectation_value,same_entangling_gate_count,smoke_random_parameter_bp,hea,RX_RY_RZ_CNOT,none,circular,cnot,local,4,2,2,6,8,4,21,0,1,3,RZ,2,23,layer_001_wire_003_RZ,8.195125832123213e-18,8.195125832123213e-18,True
random_bp,expectation_value,same_entangling_gate_count,smoke_random_parameter_bp,hea,RX_RY_RZ_CNOT,none,circular,cnot,local,4,2,2,6,8,4,22,1,0,0,RX,0,0,layer_000_wire_000_RX,-0.04395276007738596,0.04395276007738596,False
random_bp,expectation_value,same_entangling_gate_count,smoke_random_parameter_bp,hea,RX_RY_RZ_CNOT,none,circular,cnot,local,4,2,2,6,8,4,22,1,0,0,RY,1,1,layer_000_wire_000_RY,0.08595776721733507,0.08595776721733507,False
random_bp,expectation_value,same_entangling_gate_count,smoke_random_parameter_bp,hea,RX_RY_RZ_CNOT,none,circular,cnot,local,4,2,2,6,8,4,22,1,0,0,RZ,2,2,layer_000_wire_000_RZ,0.007371145209023548,0.007371145209023548,False
random_bp,expectation_value,same_entangling_gate_count,smoke_random_parameter_bp,hea,RX_RY_RZ_CNOT,none,circular,cnot,local,4,2,2,6,8,4,22,1,0,1,RX,0,3,layer_000_wire_001_RX,-0.008114778975718483,0.008114778975718483,False
random_bp,expectation_value,same_entangling_gate_count,smoke_random_parameter_bp,hea,RX_RY_RZ_CNOT,none,circular,cnot,local,4,2,2,6,8,4,22,1,0,1,RY,1,4,layer_000_wire_001_RY,0.05004472281962219,0.05004472281962219,False
random_bp,expectation_value,same_entangling_gate_count,smoke_random_parameter_bp,hea,RX_RY_RZ_CNOT,none,circular,cnot,local,4,2,2,6,8,4,22,1,0,1,RZ,2,5,layer_000_wire_001_RZ,-0.013847870066415465,0.013847870066415465,False
random_bp,expectation_value,same_entangling_gate_count,smoke_random_parameter_bp,hea,RX_RY_RZ_CNOT,none,circular,cnot,local,4,2,2,6,8,4,22,1,0,2,RX,0,6,layer_000_wire_002_RX,0.013853972945692652,0.013853972945692652,False
random_bp,expectation_value,same_entangling_gate_count,smoke_random_parameter_bp,hea,RX_RY_RZ_CNOT,none,circular,cnot,local,4,2,2,6,8,4,22,1,0,2,RY,1,7,layer_000_wire_002_RY,-0.029648966886929508,0.029648966886929508,False
random_bp,expectation_value,same_entangling_gate_count,smoke_random_parameter_bp,hea,RX_RY_RZ_CNOT,none,circular,cnot,local,4,2,2,6,8,4,22,1,0,2,RZ,2,8,layer_000_wire_002_RZ,0.05446575604796898,0.05446575604796898,False
random_bp,expectation_value,same_entangling_gate_count,smoke_random_parameter_bp,hea,RX_RY_RZ_CNOT,none,circular,cnot,local,4,2,2,6,8,4,22,1,0,3,RX,0,9,layer_000_wire_003_RX,-0.032709551250008566,0.032709551250008566,False
random_bp,expectation_value,same_entangling_gate_count,smoke_random_parameter_bp,hea,RX_RY_RZ_CNOT,none,circular,cnot,local,4,2,2,6,8,4,22,1,0,3,RY,1,10,layer_000_wire_003_RY,0.12930595804504444,0.12930595804504444,False
random_bp,expectation_value,same_entangling_gate_count,smoke_random_parameter_bp,hea,RX_RY_RZ_CNOT,none,circular,cnot,local,4,2,2,6,8,4,22,1,0,3,RZ,2,11,layer_000_wire_003_RZ,0.032202386880353054,0.032202386880353054,False
random_bp,expectation_value,same_entangling_gate_count,smoke_random_parameter_bp,hea,RX_RY_RZ_CNOT,none,circular,cnot,local,4,2,2,6,8,4,22,1,1,0,RX,0,12,layer_001_wire_000_RX,-0.0020261180971987078,0.0020261180971987078,False
random_bp,expectation_value,same_entangling_gate_count,smoke_random_parameter_bp,hea,RX_RY_RZ_CNOT,none,circular,cnot,local,4,2,2,6,8,4,22,1,1,0,RY,1,13,layer_001_wire_000_RY,-0.10771993513858003,0.10771993513858003,False
random_bp,expectation_value,same_entangling_gate_count,smoke_random_parameter_bp,hea,RX_RY_RZ_CNOT,none,circular,cnot,local,4,2,2,6,8,4,22,1,1,0,RZ,2,14,layer_001_wire_000_RZ,5.422540580702966e-18,5.422540580702966e-18,True
random_bp,expectation_value,same_entangling_gate_count,smoke_random_parameter_bp,hea,RX_RY_RZ_CNOT,none,circular,cnot,local,4,2,2,6,8,4,22,1,1,1,RX,0,15,layer_001_wire_001_RX,0.025607967246143885,0.025607967246143885,False
random_bp,expectation_value,same_entangling_gate_count,smoke_random_parameter_bp,hea,RX_RY_RZ_CNOT,none,circular,cnot,local,4,2,2,6,8,4,22,1,1,1,RY,1,16,layer_001_wire_001_RY,-0.06026926700562234,0.06026926700562234,False
random_bp,expectation_value,same_entangling_gate_count,smoke_random_parameter_bp,hea,RX_RY_RZ_CNOT,none,circular,cnot,local,4,2,2,6,8,4,22,1,1,1,RZ,2,17,layer_001_wire_001_RZ,-8.453900788130558e-18,8.453900788130558e-18,True
random_bp,expectation_value,same_entangling_gate_count,smoke_random_parameter_bp,hea,RX_RY_RZ_CNOT,none,circular,cnot,local,4,2,2,6,8,4,22,1,1,2,RX,0,18,layer_001_wire_002_RX,0.0037688623068610136,0.0037688623068610136,False
random_bp,expectation_value,same_entangling_gate_count,smoke_random_parameter_bp,hea,RX_RY_RZ_CNOT,none,circular,cnot,local,4,2,2,6,8,4,22,1,1,2,RY,1,19,layer_001_wire_002_RY,0.054882299225829274,0.054882299225829274,False
random_bp,expectation_value,same_entangling_gate_count,smoke_random_parameter_bp,hea,RX_RY_RZ_CNOT,none,circular,cnot,local,4,2,2,6,8,4,22,1,1,2,RZ,2,20,layer_001_wire_002_RZ,-7.729179113787577e-18,7.729179113787577e-18,True
random_bp,expectation_value,same_entangling_gate_count,smoke_random_parameter_bp,hea,RX_RY_RZ_CNOT,none,circular,cnot,local,4,2,2,6,8,4,22,1,1,3,RX,0,21,layer_001_wire_003_RX,0.01154879937402549,0.01154879937402549,False
random_bp,expectation_value,same_entangling_gate_count,smoke_random_parameter_bp,hea,RX_RY_RZ_CNOT,none,circular,cnot,local,4,2,2,6,8,4,22,1,1,3,RY,1,22,layer_001_wire_003_RY,0.14082835853200174,0.14082835853200174,False
random_bp,expectation_value,same_entangling_gate_count,smoke_random_parameter_bp,hea,RX_RY_RZ_CNOT,none,circular,cnot,local,4,2,2,6,8,4,22,1,1,3,RZ,2,23,layer_001_wire_003_RZ,-2.868928087857668e-18,2.868928087857668e-18,True
random_bp,expectation_value,same_entangling_gate_count,smoke_random_parameter_bp,hea,RX_RY_RZ_CNOT,none,circular,cnot,local,4,2,2,6,8,4,23,2,0,0,RX,0,0,layer_000_wire_000_RX,0.06636805060895783,0.06636805060895783,False
random_bp,expectation_value,same_entangling_gate_count,smoke_random_parameter_bp,hea,RX_RY_RZ_CNOT,none,circular,cnot,local,4,2,2,6,8,4,23,2,0,0,RY,1,1,layer_000_wire_000_RY,0.00543744034704539,0.00543744034704539,False
random_bp,expectation_value,same_entangling_gate_count,smoke_random_parameter_bp,hea,RX_RY_RZ_CNOT,none,circular,cnot,local,4,2,2,6,8,4,23,2,0,0,RZ,2,2,layer_000_wire_000_RZ,0.040994495772244496,0.040994495772244496,False
random_bp,expectation_value,same_entangling_gate_count,smoke_random_parameter_bp,hea,RX_RY_RZ_CNOT,none,circular,cnot,local,4,2,2,6,8,4,23,2,0,1,RX,0,3,layer_000_wire_001_RX,-0.027312807871302948,0.027312807871302948,False
random_bp,expectation_value,same_entangling_gate_count,smoke_random_parameter_bp,hea,RX_RY_RZ_CNOT,none,circular,cnot,local,4,2,2,6,8,4,23,2,0,1,RY,1,4,layer_000_wire_001_RY,-0.035985290641775795,0.035985290641775795,False
random_bp,expectation_value,same_entangling_gate_count,smoke_random_parameter_bp,hea,RX_RY_RZ_CNOT,none,circular,cnot,local,4,2,2,6,8,4,23,2,0,1,RZ,2,5,layer_000_wire_001_RZ,-0.0028941808800918,0.0028941808800918,False
random_bp,expectation_value,same_entangling_gate_count,smoke_random_parameter_bp,hea,RX_RY_RZ_CNOT,none,circular,cnot,local,4,2,2,6,8,4,23,2,0,2,RX,0,6,layer_000_wire_002_RX,0.03979169803871725,0.03979169803871725,False
random_bp,expectation_value,same_entangling_gate_count,smoke_random_parameter_bp,hea,RX_RY_RZ_CNOT,none,circular,cnot,local,4,2,2,6,8,4,23,2,0,2,RY,1,7,layer_000_wire_002_RY,0.019190927514927927,0.019190927514927927,False
random_bp,expectation_value,same_entangling_gate_count,smoke_random_parameter_bp,hea,RX_RY_RZ_CNOT,none,circular,cnot,local,4,2,2,6,8,4,23,2,0,2,RZ,2,8,layer_000_wire_002_RZ,-0.030376532229959053,0.030376532229959053,False
random_bp,expectation_value,same_entangling_gate_count,smoke_random_parameter_bp,hea,RX_RY_RZ_CNOT,none,circular,cnot,local,4,2,2,6,8,4,23,2,0,3,RX,0,9,layer_000_wire_003_RX,0.03551295956713305,0.03551295956713305,False
random_bp,expectation_value,same_entangling_gate_count,smoke_random_parameter_bp,hea,RX_RY_RZ_CNOT,none,circular,cnot,local,4,2,2,6,8,4,23,2,0,3,RY,1,10,layer_000_wire_003_RY,0.017486603845843374,0.017486603845843374,False
random_bp,expectation_value,same_entangling_gate_count,smoke_random_parameter_bp,hea,RX_RY_RZ_CNOT,none,circular,cnot,local,4,2,2,6,8,4,23,2,0,3,RZ,2,11,layer_000_wire_003_RZ,0.011044939447948366,0.011044939447948366,False
random_bp,expectation_value,same_entangling_gate_count,smoke_random_parameter_bp,hea,RX_RY_RZ_CNOT,none,circular,cnot,local,4,2,2,6,8,4,23,2,1,0,RX,0,12,layer_001_wire_000_RX,0.04161708806913423,0.04161708806913423,False
random_bp,expectation_value,same_entangling_gate_count,smoke_random_parameter_bp,hea,RX_RY_RZ_CNOT,none,circular,cnot,local,4,2,2,6,8,4,23,2,1,0,RY,1,13,layer_001_wire_000_RY,-0.03692766733037387,0.03692766733037387,False
random_bp,expectation_value,same_entangling_gate_count,smoke_random_parameter_bp,hea,RX_RY_RZ_CNOT,none,circular,cnot,local,4,2,2,6,8,4,23,2,1,0,RZ,2,14,layer_001_wire_000_RZ,2.4451913280866123e-17,2.4451913280866123e-17,True
random_bp,expectation_value,same_entangling_gate_count,smoke_random_parameter_bp,hea,RX_RY_RZ_CNOT,none,circular,cnot,local,4,2,2,6,8,4,23,2,1,1,RX,0,15,layer_001_wire_001_RX,0.03618702840548067,0.03618702840548067,False
random_bp,expectation_value,same_entangling_gate_count,smoke_random_parameter_bp,hea,RX_RY_RZ_CNOT,none,circular,cnot,local,4,2,2,6,8,4,23,2,1,1,RY,1,16,layer_001_wire_001_RY,0.10076600412260871,0.10076600412260871,False
random_bp,expectation_value,same_entangling_gate_count,smoke_random_parameter_bp,hea,RX_RY_RZ_CNOT,none,circular,cnot,local,4,2,2,6,8,4,23,2,1,1,RZ,2,17,layer_001_wire_001_RZ,2.5080431281602592e-18,2.5080431281602592e-18,True
random_bp,expectation_value,same_entangling_gate_count,smoke_random_parameter_bp,hea,RX_RY_RZ_CNOT,none,circular,cnot,local,4,2,2,6,8,4,23,2,1,2,RX,0,18,layer_001_wire_002_RX,-0.009415914437974056,0.009415914437974056,False
random_bp,expectation_value,same_entangling_gate_count,smoke_random_parameter_bp,hea,RX_RY_RZ_CNOT,none,circular,cnot,local,4,2,2,6,8,4,23,2,1,2,RY,1,19,layer_001_wire_002_RY,0.09311296913825912,0.09311296913825912,False
random_bp,expectation_value,same_entangling_gate_count,smoke_random_parameter_bp,hea,RX_RY_RZ_CNOT,none,circular,cnot,local,4,2,2,6,8,4,23,2,1,2,RZ,2,20,layer_001_wire_002_RZ,-4.54776128192891e-18,4.54776128192891e-18,True
random_bp,expectation_value,same_entangling_gate_count,smoke_random_parameter_bp,hea,RX_RY_RZ_CNOT,none,circular,cnot,local,4,2,2,6,8,4,23,2,1,3,RX,0,21,layer_001_wire_003_RX,-0.041503885865872996,0.041503885865872996,False
random_bp,expectation_value,same_entangling_gate_count,smoke_random_parameter_bp,hea,RX_RY_RZ_CNOT,none,circular,cnot,local,4,2,2,6,8,4,23,2,1,3,RY,1,22,layer_001_wire_003_RY,0.036075446711307836,0.036075446711307836,False
random_bp,expectation_value,same_entangling_gate_count,smoke_random_parameter_bp,hea,RX_RY_RZ_CNOT,none,circular,cnot,local,4,2,2,6,8,4,23,2,1,3,RZ,2,23,layer_001_wire_003_RZ,-4.310767127682458e-18,4.310767127682458e-18,True
random_bp,expectation_value,same_entangling_gate_count,smoke_random_parameter_bp,hea,RX_RY_RZ_CNOT,none,linear,cnot,global,4,2,2,6,6,3,24,0,0,0,RX,0,0,layer_000_wire_000_RX,-0.00890401861955506,0.00890401861955506,False
random_bp,expectation_value,same_entangling_gate_count,smoke_random_parameter_bp,hea,RX_RY_RZ_CNOT,none,linear,cnot,global,4,2,2,6,6,3,24,0,0,0,RY,1,1,layer_000_wire_000_RY,0.061271522842156645,0.061271522842156645,False
random_bp,expectation_value,same_entangling_gate_count,smoke_random_parameter_bp,hea,RX_RY_RZ_CNOT,none,linear,cnot,global,4,2,2,6,6,3,24,0,0,0,RZ,2,2,layer_000_wire_000_RZ,8.380396064985996e-18,8.380396064985996e-18,True
random_bp,expectation_value,same_entangling_gate_count,smoke_random_parameter_bp,hea,RX_RY_RZ_CNOT,none,linear,cnot,global,4,2,2,6,6,3,24,0,0,1,RX,0,3,layer_000_wire_001_RX,-0.31965033154442507,0.31965033154442507,False
random_bp,expectation_value,same_entangling_gate_count,smoke_random_parameter_bp,hea,RX_RY_RZ_CNOT,none,linear,cnot,global,4,2,2,6,6,3,24,0,0,1,RY,1,4,layer_000_wire_001_RY,-0.20763230332541635,0.20763230332541635,False
random_bp,expectation_value,same_entangling_gate_count,smoke_random_parameter_bp,hea,RX_RY_RZ_CNOT,none,linear,cnot,global,4,2,2,6,6,3,24,0,0,1,RZ,2,5,layer_000_wire_001_RZ,0.3031007446010831,0.3031007446010831,False
random_bp,expectation_value,same_entangling_gate_count,smoke_random_parameter_bp,hea,RX_RY_RZ_CNOT,none,linear,cnot,global,4,2,2,6,6,3,24,0,0,2,RX,0,6,layer_000_wire_002_RX,-0.060317340942141806,0.060317340942141806,False
random_bp,expectation_value,same_entangling_gate_count,smoke_random_parameter_bp,hea,RX_RY_RZ_CNOT,none,linear,cnot,global,4,2,2,6,6,3,24,0,0,2,RY,1,7,layer_000_wire_002_RY,0.0985339446053761,0.0985339446053761,False
random_bp,expectation_value,same_entangling_gate_count,smoke_random_parameter_bp,hea,RX_RY_RZ_CNOT,none,linear,cnot,global,4,2,2,6,6,3,24,0,0,2,RZ,2,8,layer_000_wire_002_RZ,0.06984670255993605,0.06984670255993605,False
random_bp,expectation_value,same_entangling_gate_count,smoke_random_parameter_bp,hea,RX_RY_RZ_CNOT,none,linear,cnot,global,4,2,2,6,6,3,24,0,0,3,RX,0,9,layer_000_wire_003_RX,0.1427726431713157,0.1427726431713157,False
random_bp,expectation_value,same_entangling_gate_count,smoke_random_parameter_bp,hea,RX_RY_RZ_CNOT,none,linear,cnot,global,4,2,2,6,6,3,24,0,0,3,RY,1,10,layer_000_wire_003_RY,-0.1344792023174591,0.1344792023174591,False
random_bp,expectation_value,same_entangling_gate_count,smoke_random_parameter_bp,hea,RX_RY_RZ_CNOT,none,linear,cnot,global,4,2,2,6,6,3,24,0,0,3,RZ,2,11,layer_000_wire_003_RZ,-0.1540929289605511,0.1540929289605511,False
random_bp,expectation_value,same_entangling_gate_count,smoke_random_parameter_bp,hea,RX_RY_RZ_CNOT,none,linear,cnot,global,4,2,2,6,6,3,24,0,1,0,RX,0,12,layer_001_wire_000_RX,2.7755575615628914e-17,2.7755575615628914e-17,True
random_bp,expectation_value,same_entangling_gate_count,smoke_random_parameter_bp,hea,RX_RY_RZ_CNOT,none,linear,cnot,global,4,2,2,6,6,3,24,0,1,0,RY,1,13,layer_001_wire_000_RY,3.469446951953614e-17,3.469446951953614e-17,True
random_bp,expectation_value,same_entangling_gate_count,smoke_random_parameter_bp,hea,RX_RY_RZ_CNOT,none,linear,cnot,global,4,2,2,6,6,3,24,0,1,0,RZ,2,14,layer_001_wire_000_RZ,1.1061697317027119e-17,1.1061697317027119e-17,True
random_bp,expectation_value,same_entangling_gate_count,smoke_random_parameter_bp,hea,RX_RY_RZ_CNOT,none,linear,cnot,global,4,2,2,6,6,3,24,0,1,1,RX,0,15,layer_001_wire_001_RX,0.05967814039421465,0.05967814039421465,False
random_bp,expectation_value,same_entangling_gate_count,smoke_random_parameter_bp,hea,RX_RY_RZ_CNOT,none,linear,cnot,global,4,2,2,6,6,3,24,0,1,1,RY,1,16,layer_001_wire_001_RY,-0.2616480405851801,0.2616480405851801,False
random_bp,expectation_value,same_entangling_gate_count,smoke_random_parameter_bp,hea,RX_RY_RZ_CNOT,none,linear,cnot,global,4,2,2,6,6,3,24,0,1,1,RZ,2,17,layer_001_wire_001_RZ,5.2086250803442016e-18,5.2086250803442016e-18,True
random_bp,expectation_value,same_entangling_gate_count,smoke_random_parameter_bp,hea,RX_RY_RZ_CNOT,none,linear,cnot,global,4,2,2,6,6,3,24,0,1,2,RX,0,18,layer_001_wire_002_RX,-5.551115123125783e-17,5.551115123125783e-17,True
random_bp,expectation_value,same_entangling_gate_count,smoke_random_parameter_bp,hea,RX_RY_RZ_CNOT,none,linear,cnot,global,4,2,2,6,6,3,24,0,1,2,RY,1,19,layer_001_wire_002_RY,1.3877787807814457e-17,1.3877787807814457e-17,True
random_bp,expectation_value,same_entangling_gate_count,smoke_random_parameter_bp,hea,RX_RY_RZ_CNOT,none,linear,cnot,global,4,2,2,6,6,3,24,0,1,2,RZ,2,20,layer_001_wire_002_RZ,-1.1375810176344702e-18,1.1375810176344702e-18,True
random_bp,expectation_value,same_entangling_gate_count,smoke_random_parameter_bp,hea,RX_RY_RZ_CNOT,none,linear,cnot,global,4,2,2,6,6,3,24,0,1,3,RX,0,21,layer_001_wire_003_RX,0.0018724285656750717,0.0018724285656750717,False
random_bp,expectation_value,same_entangling_gate_count,smoke_random_parameter_bp,hea,RX_RY_RZ_CNOT,none,linear,cnot,global,4,2,2,6,6,3,24,0,1,3,RY,1,22,layer_001_wire_003_RY,0.1489602818207885,0.1489602818207885,False
random_bp,expectation_value,same_entangling_gate_count,smoke_random_parameter_bp,hea,RX_RY_RZ_CNOT,none,linear,cnot,global,4,2,2,6,6,3,24,0,1,3,RZ,2,23,layer_001_wire_003_RZ,2.306437545174168e-17,2.306437545174168e-17,True
random_bp,expectation_value,same_entangling_gate_count,smoke_random_parameter_bp,hea,RX_RY_RZ_CNOT,none,linear,cnot,global,4,2,2,6,6,3,25,1,0,0,RX,0,0,layer_000_wire_000_RX,-0.002966419977892838,0.002966419977892838,False
random_bp,expectation_value,same_entangling_gate_count,smoke_random_parameter_bp,hea,RX_RY_RZ_CNOT,none,linear,cnot,global,4,2,2,6,6,3,25,1,0,0,RY,1,1,layer_000_wire_000_RY,0.012824167534561892,0.012824167534561892,False
random_bp,expectation_value,same_entangling_gate_count,smoke_random_parameter_bp,hea,RX_RY_RZ_CNOT,none,linear,cnot,global,4,2,2,6,6,3,25,1,0,0,RZ,2,2,layer_000_wire_000_RZ,-8.849421557593626e-17,8.849421557593626e-17,True
random_bp,expectation_value,same_entangling_gate_count,smoke_random_parameter_bp,hea,RX_RY_RZ_CNOT,none,linear,cnot,global,4,2,2,6,6,3,25,1,0,1,RX,0,3,layer_000_wire_001_RX,-0.04527773269831817,0.04527773269831817,False
random_bp,expectation_value,same_entangling_gate_count,smoke_random_parameter_bp,hea,RX_RY_RZ_CNOT,none,linear,cnot,global,4,2,2,6,6,3,25,1,0,1,RY,1,4,layer_000_wire_001_RY,0.05895684225510075,0.05895684225510075,False
random_bp,expectation_value,same_entangling_gate_count,smoke_random_parameter_bp,hea,RX_RY_RZ_CNOT,none,linear,cnot,global,4,2,2,6,6,3,25,1,0,1,RZ,2,5,layer_000_wire_001_RZ,-0.049370056375112575,0.049370056375112575,False
random_bp,expectation_value,same_entangling_gate_count,smoke_random_parameter_bp,hea,RX_RY_RZ_CNOT,none,linear,cnot,global,4,2,2,6,6,3,25,1,0,2,RX,0,6,layer_000_wire_002_RX,0.0005999831107611955,0.0005999831107611955,False
random_bp,expectation_value,same_entangling_gate_count,smoke_random_parameter_bp,hea,RX_RY_RZ_CNOT,none,linear,cnot,global,4,2,2,6,6,3,25,1,0,2,RY,1,7,layer_000_wire_002_RY,0.034960290177521315,0.034960290177521315,False
random_bp,expectation_value,same_entangling_gate_count,smoke_random_parameter_bp,hea,RX_RY_RZ_CNOT,none,linear,cnot,global,4,2,2,6,6,3,25,1,0,2,RZ,2,8,layer_000_wire_002_RZ,-0.05507629229728912,0.05507629229728912,False
random_bp,expectation_value,same_entangling_gate_count,smoke_random_parameter_bp,hea,RX_RY_RZ_CNOT,none,linear,cnot,global,4,2,2,6,6,3,25,1,0,3,RX,0,9,layer_000_wire_003_RX,-0.5188649293278178,0.5188649293278178,False
random_bp,expectation_value,same_entangling_gate_count,smoke_random_parameter_bp,hea,RX_RY_RZ_CNOT,none,linear,cnot,global,4,2,2,6,6,3,25,1,0,3,RY,1,10,layer_000_wire_003_RY,0.09637225970354604,0.09637225970354604,False
random_bp,expectation_value,same_entangling_gate_count,smoke_random_parameter_bp,hea,RX_RY_RZ_CNOT,none,linear,cnot,global,4,2,2,6,6,3,25,1,0,3,RZ,2,11,layer_000_wire_003_RZ,0.5183664757781428,0.5183664757781428,False
random_bp,expectation_value,same_entangling_gate_count,smoke_random_parameter_bp,hea,RX_RY_RZ_CNOT,none,linear,cnot,global,4,2,2,6,6,3,25,1,1,0,RX,0,12,layer_001_wire_000_RX,7.45931094670027e-17,7.45931094670027e-17,True
random_bp,expectation_value,same_entangling_gate_count,smoke_random_parameter_bp,hea,RX_RY_RZ_CNOT,none,linear,cnot,global,4,2,2,6,6,3,25,1,1,0,RY,1,13,layer_001_wire_000_RY,-1.3877787807814457e-17,1.3877787807814457e-17,True
random_bp,expectation_value,same_entangling_gate_count,smoke_random_parameter_bp,hea,RX_RY_RZ_CNOT,none,linear,cnot,global,4,2,2,6,6,3,25,1,1,0,RZ,2,14,layer_001_wire_000_RZ,-1.8120230411932627e-17,1.8120230411932627e-17,True
random_bp,expectation_value,same_entangling_gate_count,smoke_random_parameter_bp,hea,RX_RY_RZ_CNOT,none,linear,cnot,global,4,2,2,6,6,3,25,1,1,1,RX,0,15,layer_001_wire_001_RX,0.05221899194120101,0.05221899194120101,False
random_bp,expectation_value,same_entangling_gate_count,smoke_random_parameter_bp,hea,RX_RY_RZ_CNOT,none,linear,cnot,global,4,2,2,6,6,3,25,1,1,1,RY,1,16,layer_001_wire_001_RY,-0.025298001823252248,0.025298001823252248,False
random_bp,expectation_value,same_entangling_gate_count,smoke_random_parameter_bp,hea,RX_RY_RZ_CNOT,none,linear,cnot,global,4,2,2,6,6,3,25,1,1,1,RZ,2,17,layer_001_wire_001_RZ,8.865765357856726e-17,8.865765357856726e-17,True
random_bp,expectation_value,same_entangling_gate_count,smoke_random_parameter_bp,hea,RX_RY_RZ_CNOT,none,linear,cnot,global,4,2,2,6,6,3,25,1,1,2,RX,0,18,layer_001_wire_002_RX,2.6020852139652106e-17,2.6020852139652106e-17,True
random_bp,expectation_value,same_entangling_gate_count,smoke_random_parameter_bp,hea,RX_RY_RZ_CNOT,none,linear,cnot,global,4,2,2,6,6,3,25,1,1,2,RY,1,19,layer_001_wire_002_RY,5.724587470723463e-17,5.724587470723463e-17,True
random_bp,expectation_value,same_entangling_gate_count,smoke_random_parameter_bp,hea,RX_RY_RZ_CNOT,none,linear,cnot,global,4,2,2,6,6,3,25,1,1,2,RZ,2,20,layer_001_wire_002_RZ,-1.360955070087404e-17,1.360955070087404e-17,True
random_bp,expectation_value,same_entangling_gate_count,smoke_random_parameter_bp,hea,RX_RY_RZ_CNOT,none,linear,cnot,global,4,2,2,6,6,3,25,1,1,3,RX,0,21,layer_001_wire_003_RX,0.004619429410301643,0.004619429410301643,False
random_bp,expectation_value,same_entangling_gate_count,smoke_random_parameter_bp,hea,RX_RY_RZ_CNOT,none,linear,cnot,global,4,2,2,6,6,3,25,1,1,3,RY,1,22,layer_001_wire_003_RY,0.0904291080388693,0.0904291080388693,False
random_bp,expectation_value,same_entangling_gate_count,smoke_random_parameter_bp,hea,RX_RY_RZ_CNOT,none,linear,cnot,global,4,2,2,6,6,3,25,1,1,3,RZ,2,23,layer_001_wire_003_RZ,1.2804362016155213e-17,1.2804362016155213e-17,True
random_bp,expectation_value,same_entangling_gate_count,smoke_random_parameter_bp,hea,RX_RY_RZ_CNOT,none,linear,cnot,global,4,2,2,6,6,3,26,2,0,0,RX,0,0,layer_000_wire_000_RX,0.10983300916893202,0.10983300916893202,False
random_bp,expectation_value,same_entangling_gate_count,smoke_random_parameter_bp,hea,RX_RY_RZ_CNOT,none,linear,cnot,global,4,2,2,6,6,3,26,2,0,0,RY,1,1,layer_000_wire_000_RY,0.02552800021404586,0.02552800021404586,False
random_bp,expectation_value,same_entangling_gate_count,smoke_random_parameter_bp,hea,RX_RY_RZ_CNOT,none,linear,cnot,global,4,2,2,6,6,3,26,2,0,0,RZ,2,2,layer_000_wire_000_RZ,1.2582032936708211e-17,1.2582032936708211e-17,True
random_bp,expectation_value,same_entangling_gate_count,smoke_random_parameter_bp,hea,RX_RY_RZ_CNOT,none,linear,cnot,global,4,2,2,6,6,3,26,2,0,1,RX,0,3,layer_000_wire_001_RX,0.06496154322662141,0.06496154322662141,False
random_bp,expectation_value,same_entangling_gate_count,smoke_random_parameter_bp,hea,RX_RY_RZ_CNOT,none,linear,cnot,global,4,2,2,6,6,3,26,2,0,1,RY,1,4,layer_000_wire_001_RY,0.009736603720777323,0.009736603720777323,False
random_bp,expectation_value,same_entangling_gate_count,smoke_random_parameter_bp,hea,RX_RY_RZ_CNOT,none,linear,cnot,global,4,2,2,6,6,3,26,2,0,1,RZ,2,5,layer_000_wire_001_RZ,-0.03308598842183499,0.03308598842183499,False
random_bp,expectation_value,same_entangling_gate_count,smoke_random_parameter_bp,hea,RX_RY_RZ_CNOT,none,linear,cnot,global,4,2,2,6,6,3,26,2,0,2,RX,0,6,layer_000_wire_002_RX,-0.2791984858661044,0.2791984858661044,False
random_bp,expectation_value,same_entangling_gate_count,smoke_random_parameter_bp,hea,RX_RY_RZ_CNOT,none,linear,cnot,global,4,2,2,6,6,3,26,2,0,2,RY,1,7,layer_000_wire_002_RY,0.032630636128922794,0.032630636128922794,False
random_bp,expectation_value,same_entangling_gate_count,smoke_random_parameter_bp,hea,RX_RY_RZ_CNOT,none,linear,cnot,global,4,2,2,6,6,3,26,2,0,2,RZ,2,8,layer_000_wire_002_RZ,-0.16944390609817256,0.16944390609817256,False
random_bp,expectation_value,same_entangling_gate_count,smoke_random_parameter_bp,hea,RX_RY_RZ_CNOT,none,linear,cnot,global,4,2,2,6,6,3,26,2,0,3,RX,0,9,layer_000_wire_003_RX,-0.10732660090606758,0.10732660090606758,False
random_bp,expectation_value,same_entangling_gate_count,smoke_random_parameter_bp,hea,RX_RY_RZ_CNOT,none,linear,cnot,global,4,2,2,6,6,3,26,2,0,3,RY,1,10,layer_000_wire_003_RY,-0.017145872280649,0.017145872280649,False
random_bp,expectation_value,same_entangling_gate_count,smoke_random_parameter_bp,hea,RX_RY_RZ_CNOT,none,linear,cnot,global,4,2,2,6,6,3,26,2,0,3,RZ,2,11,layer_000_wire_003_RZ,0.016818314742377227,0.016818314742377227,False
random_bp,expectation_value,same_entangling_gate_count,smoke_random_parameter_bp,hea,RX_RY_RZ_CNOT,none,linear,cnot,global,4,2,2,6,6,3,26,2,1,0,RX,0,12,layer_001_wire_000_RX,2.0816681711721685e-17,2.0816681711721685e-17,True
random_bp,expectation_value,same_entangling_gate_count,smoke_random_parameter_bp,hea,RX_RY_RZ_CNOT,none,linear,cnot,global,4,2,2,6,6,3,26,2,1,0,RY,1,13,layer_001_wire_000_RY,-1.3877787807814457e-17,1.3877787807814457e-17,True
random_bp,expectation_value,same_entangling_gate_count,smoke_random_parameter_bp,hea,RX_RY_RZ_CNOT,none,linear,cnot,global,4,2,2,6,6,3,26,2,1,0,RZ,2,14,layer_001_wire_000_RZ,-5.838727735372212e-17,5.838727735372212e-17,True
random_bp,expectation_value,same_entangling_gate_count,smoke_random_parameter_bp,hea,RX_RY_RZ_CNOT,none,linear,cnot,global,4,2,2,6,6,3,26,2,1,1,RX,0,15,layer_001_wire_001_RX,-0.11206508129664873,0.11206508129664873,False
random_bp,expectation_value,same_entangling_gate_count,smoke_random_parameter_bp,hea,RX_RY_RZ_CNOT,none,linear,cnot,global,4,2,2,6,6,3,26,2,1,1,RY,1,16,layer_001_wire_001_RY,-0.25926216886501263,0.25926216886501263,False
random_bp,expectation_value,same_entangling_gate_count,smoke_random_parameter_bp,hea,RX_RY_RZ_CNOT,none,linear,cnot,global,4,2,2,6,6,3,26,2,1,1,RZ,2,17,layer_001_wire_001_RZ,-7.786388499513125e-17,7.786388499513125e-17,True
random_bp,expectation_value,same_entangling_gate_count,smoke_random_parameter_bp,hea,RX_RY_RZ_CNOT,none,linear,cnot,global,4,2,2,6,6,3,26,2,1,2,RX,0,18,layer_001_wire_002_RX,2.0816681711721685e-17,2.0816681711721685e-17,True
random_bp,expectation_value,same_entangling_gate_count,smoke_random_parameter_bp,hea,RX_RY_RZ_CNOT,none,linear,cnot,global,4,2,2,6,6,3,26,2,1,2,RY,1,19,layer_001_wire_002_RY,0.0,0.0,True
random_bp,expectation_value,same_entangling_gate_count,smoke_random_parameter_bp,hea,RX_RY_RZ_CNOT,none,linear,cnot,global,4,2,2,6,6,3,26,2,1,2,RZ,2,20,layer_001_wire_002_RZ,-2.031674722653837e-17,2.031674722653837e-17,True
random_bp,expectation_value,same_entangling_gate_count,smoke_random_parameter_bp,hea,RX_RY_RZ_CNOT,none,linear,cnot,global,4,2,2,6,6,3,26,2,1,3,RX,0,21,layer_001_wire_003_RX,0.05025367203080875,0.05025367203080875,False
random_bp,expectation_value,same_entangling_gate_count,smoke_random_parameter_bp,hea,RX_RY_RZ_CNOT,none,linear,cnot,global,4,2,2,6,6,3,26,2,1,3,RY,1,22,layer_001_wire_003_RY,-0.005322718266896988,0.005322718266896988,False
random_bp,expectation_value,same_entangling_gate_count,smoke_random_parameter_bp,hea,RX_RY_RZ_CNOT,none,linear,cnot,global,4,2,2,6,6,3,26,2,1,3,RZ,2,23,layer_001_wire_003_RZ,-2.3273964549953702e-17,2.3273964549953702e-17,True
random_bp,expectation_value,same_entangling_gate_count,smoke_random_parameter_bp,hea,RX_RY_RZ_CNOT,none,circular,cnot,global,4,2,2,6,8,4,27,0,0,0,RX,0,0,layer_000_wire_000_RX,0.00359033633405155,0.00359033633405155,False
random_bp,expectation_value,same_entangling_gate_count,smoke_random_parameter_bp,hea,RX_RY_RZ_CNOT,none,circular,cnot,global,4,2,2,6,8,4,27,0,0,0,RY,1,1,layer_000_wire_000_RY,-0.09565769684085865,0.09565769684085865,False
random_bp,expectation_value,same_entangling_gate_count,smoke_random_parameter_bp,hea,RX_RY_RZ_CNOT,none,circular,cnot,global,4,2,2,6,8,4,27,0,0,0,RZ,2,2,layer_000_wire_000_RZ,-0.01023112368668071,0.01023112368668071,False
random_bp,expectation_value,same_entangling_gate_count,smoke_random_parameter_bp,hea,RX_RY_RZ_CNOT,none,circular,cnot,global,4,2,2,6,8,4,27,0,0,1,RX,0,3,layer_000_wire_001_RX,-0.04577604867390374,0.04577604867390374,False
random_bp,expectation_value,same_entangling_gate_count,smoke_random_parameter_bp,hea,RX_RY_RZ_CNOT,none,circular,cnot,global,4,2,2,6,8,4,27,0,0,1,RY,1,4,layer_000_wire_001_RY,-0.03401471639484968,0.03401471639484968,False
random_bp,expectation_value,same_entangling_gate_count,smoke_random_parameter_bp,hea,RX_RY_RZ_CNOT,none,circular,cnot,global,4,2,2,6,8,4,27,0,0,1,RZ,2,5,layer_000_wire_001_RZ,0.043578748474631404,0.043578748474631404,False
random_bp,expectation_value,same_entangling_gate_count,smoke_random_parameter_bp,hea,RX_RY_RZ_CNOT,none,circular,cnot,global,4,2,2,6,8,4,27,0,0,2,RX,0,6,layer_000_wire_002_RX,0.07213525334519777,0.07213525334519777,False
random_bp,expectation_value,same_entangling_gate_count,smoke_random_parameter_bp,hea,RX_RY_RZ_CNOT,none,circular,cnot,global,4,2,2,6,8,4,27,0,0,2,RY,1,7,layer_000_wire_002_RY,-0.009159696593140726,0.009159696593140726,False
random_bp,expectation_value,same_entangling_gate_count,smoke_random_parameter_bp,hea,RX_RY_RZ_CNOT,none,circular,cnot,global,4,2,2,6,8,4,27,0,0,2,RZ,2,8,layer_000_wire_002_RZ,-0.07246980098815908,0.07246980098815908,False
random_bp,expectation_value,same_entangling_gate_count,smoke_random_parameter_bp,hea,RX_RY_RZ_CNOT,none,circular,cnot,global,4,2,2,6,8,4,27,0,0,3,RX,0,9,layer_000_wire_003_RX,-0.3817134579859189,0.3817134579859189,False
random_bp,expectation_value,same_entangling_gate_count,smoke_random_parameter_bp,hea,RX_RY_RZ_CNOT,none,circular,cnot,global,4,2,2,6,8,4,27,0,0,3,RY,1,10,layer_000_wire_003_RY,-0.1287424977940853,0.1287424977940853,False
random_bp,expectation_value,same_entangling_gate_count,smoke_random_parameter_bp,hea,RX_RY_RZ_CNOT,none,circular,cnot,global,4,2,2,6,8,4,27,0,0,3,RZ,2,11,layer_000_wire_003_RZ,0.32712946207894134,0.32712946207894134,False
random_bp,expectation_value,same_entangling_gate_count,smoke_random_parameter_bp,hea,RX_RY_RZ_CNOT,none,circular,cnot,global,4,2,2,6,8,4,27,0,1,0,RX,0,12,layer_001_wire_000_RX,-0.08929298880300258,0.08929298880300258,False
random_bp,expectation_value,same_entangling_gate_count,smoke_random_parameter_bp,hea,RX_RY_RZ_CNOT,none,circular,cnot,global,4,2,2,6,8,4,27,0,1,0,RY,1,13,layer_001_wire_000_RY,0.23103658182864,0.23103658182864,False
random_bp,expectation_value,same_entangling_gate_count,smoke_random_parameter_bp,hea,RX_RY_RZ_CNOT,none,circular,cnot,global,4,2,2,6,8,4,27,0,1,0,RZ,2,14,layer_001_wire_000_RZ,3.708604078980401e-18,3.708604078980401e-18,True
random_bp,expectation_value,same_entangling_gate_count,smoke_random_parameter_bp,hea,RX_RY_RZ_CNOT,none,circular,cnot,global,4,2,2,6,8,4,27,0,1,1,RX,0,15,layer_001_wire_001_RX,8.326672684688674e-17,8.326672684688674e-17,True
random_bp,expectation_value,same_entangling_gate_count,smoke_random_parameter_bp,hea,RX_RY_RZ_CNOT,none,circular,cnot,global,4,2,2,6,8,4,27,0,1,1,RY,1,16,layer_001_wire_001_RY,-1.3877787807814457e-17,1.3877787807814457e-17,True
random_bp,expectation_value,same_entangling_gate_count,smoke_random_parameter_bp,hea,RX_RY_RZ_CNOT,none,circular,cnot,global,4,2,2,6,8,4,27,0,1,1,RZ,2,17,layer_001_wire_001_RZ,-3.962395349436826e-17,3.962395349436826e-17,True
random_bp,expectation_value,same_entangling_gate_count,smoke_random_parameter_bp,hea,RX_RY_RZ_CNOT,none,circular,cnot,global,4,2,2,6,8,4,27,0,1,2,RX,0,18,layer_001_wire_002_RX,-0.1862180697555315,0.1862180697555315,False
random_bp,expectation_value,same_entangling_gate_count,smoke_random_parameter_bp,hea,RX_RY_RZ_CNOT,none,circular,cnot,global,4,2,2,6,8,4,27,0,1,2,RY,1,19,layer_001_wire_002_RY,-0.0357436193305797,0.0357436193305797,False
random_bp,expectation_value,same_entangling_gate_count,smoke_random_parameter_bp,hea,RX_RY_RZ_CNOT,none,circular,cnot,global,4,2,2,6,8,4,27,0,1,2,RZ,2,20,layer_001_wire_002_RZ,6.45520027123104e-17,6.45520027123104e-17,True
random_bp,expectation_value,same_entangling_gate_count,smoke_random_parameter_bp,hea,RX_RY_RZ_CNOT,none,circular,cnot,global,4,2,2,6,8,4,27,0,1,3,RX,0,21,layer_001_wire_003_RX,2.7755575615628914e-17,2.7755575615628914e-17,True
random_bp,expectation_value,same_entangling_gate_count,smoke_random_parameter_bp,hea,RX_RY_RZ_CNOT,none,circular,cnot,global,4,2,2,6,8,4,27,0,1,3,RY,1,22,layer_001_wire_003_RY,4.163336342344337e-17,4.163336342344337e-17,True
random_bp,expectation_value,same_entangling_gate_count,smoke_random_parameter_bp,hea,RX_RY_RZ_CNOT,none,circular,cnot,global,4,2,2,6,8,4,27,0,1,3,RZ,2,23,layer_001_wire_003_RZ,-4.331152475619044e-18,4.331152475619044e-18,True
random_bp,expectation_value,same_entangling_gate_count,smoke_random_parameter_bp,hea,RX_RY_RZ_CNOT,none,circular,cnot,global,4,2,2,6,8,4,28,1,0,0,RX,0,0,layer_000_wire_000_RX,-0.22573886825840034,0.22573886825840034,False
random_bp,expectation_value,same_entangling_gate_count,smoke_random_parameter_bp,hea,RX_RY_RZ_CNOT,none,circular,cnot,global,4,2,2,6,8,4,28,1,0,0,RY,1,1,layer_000_wire_000_RY,0.21095323129352064,0.21095323129352064,False
random_bp,expectation_value,same_entangling_gate_count,smoke_random_parameter_bp,hea,RX_RY_RZ_CNOT,none,circular,cnot,global,4,2,2,6,8,4,28,1,0,0,RZ,2,2,layer_000_wire_000_RZ,0.05418764580950776,0.05418764580950776,False
random_bp,expectation_value,same_entangling_gate_count,smoke_random_parameter_bp,hea,RX_RY_RZ_CNOT,none,circular,cnot,global,4,2,2,6,8,4,28,1,0,1,RX,0,3,layer_000_wire_001_RX,-0.0779433297882319,0.0779433297882319,False
random_bp,expectation_value,same_entangling_gate_count,smoke_random_parameter_bp,hea,RX_RY_RZ_CNOT,none,circular,cnot,global,4,2,2,6,8,4,28,1,0,1,RY,1,4,layer_000_wire_001_RY,0.03571454623686343,0.03571454623686343,False
random_bp,expectation_value,same_entangling_gate_count,smoke_random_parameter_bp,hea,RX_RY_RZ_CNOT,none,circular,cnot,global,4,2,2,6,8,4,28,1,0,1,RZ,2,5,layer_000_wire_001_RZ,-0.07665790267671681,0.07665790267671681,False
random_bp,expectation_value,same_entangling_gate_count,smoke_random_parameter_bp,hea,RX_RY_RZ_CNOT,none,circular,cnot,global,4,2,2,6,8,4,28,1,0,2,RX,0,6,layer_000_wire_002_RX,-0.03567640226524078,0.03567640226524078,False
random_bp,expectation_value,same_entangling_gate_count,smoke_random_parameter_bp,hea,RX_RY_RZ_CNOT,none,circular,cnot,global,4,2,2,6,8,4,28,1,0,2,RY,1,7,layer_000_wire_002_RY,0.05531721060888958,0.05531721060888958,False
random_bp,expectation_value,same_entangling_gate_count,smoke_random_parameter_bp,hea,RX_RY_RZ_CNOT,none,circular,cnot,global,4,2,2,6,8,4,28,1,0,2,RZ,2,8,layer_000_wire_002_RZ,-0.10692691545758287,0.10692691545758287,False
random_bp,expectation_value,same_entangling_gate_count,smoke_random_parameter_bp,hea,RX_RY_RZ_CNOT,none,circular,cnot,global,4,2,2,6,8,4,28,1,0,3,RX,0,9,layer_000_wire_003_RX,0.04957567478906494,0.04957567478906494,False
random_bp,expectation_value,same_entangling_gate_count,smoke_random_parameter_bp,hea,RX_RY_RZ_CNOT,none,circular,cnot,global,4,2,2,6,8,4,28,1,0,3,RY,1,10,layer_000_wire_003_RY,0.00024285191012121676,0.00024285191012121676,False
random_bp,expectation_value,same_entangling_gate_count,smoke_random_parameter_bp,hea,RX_RY_RZ_CNOT,none,circular,cnot,global,4,2,2,6,8,4,28,1,0,3,RZ,2,11,layer_000_wire_003_RZ,-0.04956453520357981,0.04956453520357981,False
random_bp,expectation_value,same_entangling_gate_count,smoke_random_parameter_bp,hea,RX_RY_RZ_CNOT,none,circular,cnot,global,4,2,2,6,8,4,28,1,1,0,RX,0,12,layer_001_wire_000_RX,-0.0023879693343713537,0.0023879693343713537,False
random_bp,expectation_value,same_entangling_gate_count,smoke_random_parameter_bp,hea,RX_RY_RZ_CNOT,none,circular,cnot,global,4,2,2,6,8,4,28,1,1,0,RY,1,13,layer_001_wire_000_RY,0.005402884721848418,0.005402884721848418,False
random_bp,expectation_value,same_entangling_gate_count,smoke_random_parameter_bp,hea,RX_RY_RZ_CNOT,none,circular,cnot,global,4,2,2,6,8,4,28,1,1,0,RZ,2,14,layer_001_wire_000_RZ,1.4057447220750252e-16,1.4057447220750252e-16,True
random_bp,expectation_value,same_entangling_gate_count,smoke_random_parameter_bp,hea,RX_RY_RZ_CNOT,none,circular,cnot,global,4,2,2,6,8,4,28,1,1,1,RX,0,15,layer_001_wire_001_RX,6.765421556309548e-17,6.765421556309548e-17,True
random_bp,expectation_value,same_entangling_gate_count,smoke_random_parameter_bp,hea,RX_RY_RZ_CNOT,none,circular,cnot,global,4,2,2,6,8,4,28,1,1,1,RY,1,16,layer_001_wire_001_RY,-4.163336342344337e-17,4.163336342344337e-17,True
random_bp,expectation_value,same_entangling_gate_count,smoke_random_parameter_bp,hea,RX_RY_RZ_CNOT,none,circular,cnot,global,4,2,2,6,8,4,28,1,1,1,RZ,2,17,layer_001_wire_001_RZ,2.0819776288086817e-17,2.0819776288086817e-17,True
random_bp,expectation_value,same_entangling_gate_count,smoke_random_parameter_bp,hea,RX_RY_RZ_CNOT,none,circular,cnot,global,4,2,2,6,8,4,28,1,1,2,RX,0,18,layer_001_wire_002_RX,-0.005800689042727548,0.005800689042727548,False
random_bp,expectation_value,same_entangling_gate_count,smoke_random_parameter_bp,hea,RX_RY_RZ_CNOT,none,circular,cnot,global,4,2,2,6,8,4,28,1,1,2,RY,1,19,layer_001_wire_002_RY,-0.07119060118903307,0.07119060118903307,False
random_bp,expectation_value,same_entangling_gate_count,smoke_random_parameter_bp,hea,RX_RY_RZ_CNOT,none,circular,cnot,global,4,2,2,6,8,4,28,1,1,2,RZ,2,20,layer_001_wire_002_RZ,-6.481569965725173e-17,6.481569965725173e-17,True
random_bp,expectation_value,same_entangling_gate_count,smoke_random_parameter_bp,hea,RX_RY_RZ_CNOT,none,circular,cnot,global,4,2,2,6,8,4,28,1,1,3,RX,0,21,layer_001_wire_003_RX,-2.0816681711721685e-17,2.0816681711721685e-17,True
random_bp,expectation_value,same_entangling_gate_count,smoke_random_parameter_bp,hea,RX_RY_RZ_CNOT,none,circular,cnot,global,4,2,2,6,8,4,28,1,1,3,RY,1,22,layer_001_wire_003_RY,-8.066464163292153e-17,8.066464163292153e-17,True
random_bp,expectation_value,same_entangling_gate_count,smoke_random_parameter_bp,hea,RX_RY_RZ_CNOT,none,circular,cnot,global,4,2,2,6,8,4,28,1,1,3,RZ,2,23,layer_001_wire_003_RZ,-7.912434134999409e-18,7.912434134999409e-18,True
random_bp,expectation_value,same_entangling_gate_count,smoke_random_parameter_bp,hea,RX_RY_RZ_CNOT,none,circular,cnot,global,4,2,2,6,8,4,29,2,0,0,RX,0,0,layer_000_wire_000_RX,-0.19749248042692463,0.19749248042692463,False
random_bp,expectation_value,same_entangling_gate_count,smoke_random_parameter_bp,hea,RX_RY_RZ_CNOT,none,circular,cnot,global,4,2,2,6,8,4,29,2,0,0,RY,1,1,layer_000_wire_000_RY,0.0013215012966862338,0.0013215012966862338,False
random_bp,expectation_value,same_entangling_gate_count,smoke_random_parameter_bp,hea,RX_RY_RZ_CNOT,none,circular,cnot,global,4,2,2,6,8,4,29,2,0,0,RZ,2,2,layer_000_wire_000_RZ,-0.19382046994286767,0.19382046994286767,False
random_bp,expectation_value,same_entangling_gate_count,smoke_random_parameter_bp,hea,RX_RY_RZ_CNOT,none,circular,cnot,global,4,2,2,6,8,4,29,2,0,1,RX,0,3,layer_000_wire_001_RX,0.4450435388788075,0.4450435388788075,False
random_bp,expectation_value,same_entangling_gate_count,smoke_random_parameter_bp,hea,RX_RY_RZ_CNOT,none,circular,cnot,global,4,2,2,6,8,4,29,2,0,1,RY,1,4,layer_000_wire_001_RY,0.019503291897479708,0.019503291897479708,False
random_bp,expectation_value,same_entangling_gate_count,smoke_random_parameter_bp,hea,RX_RY_RZ_CNOT,none,circular,cnot,global,4,2,2,6,8,4,29,2,0,1,RZ,2,5,layer_000_wire_001_RZ,-0.25154026636905863,0.25154026636905863,False
random_bp,expectation_value,same_entangling_gate_count,smoke_random_parameter_bp,hea,RX_RY_RZ_CNOT,none,circular,cnot,global,4,2,2,6,8,4,29,2,0,2,RX,0,6,layer_000_wire_002_RX,0.18478292249410377,0.18478292249410377,False
random_bp,expectation_value,same_entangling_gate_count,smoke_random_parameter_bp,hea,RX_RY_RZ_CNOT,none,circular,cnot,global,4,2,2,6,8,4,29,2,0,2,RY,1,7,layer_000_wire_002_RY,-0.002223441501087428,0.002223441501087428,False
random_bp,expectation_value,same_entangling_gate_count,smoke_random_parameter_bp,hea,RX_RY_RZ_CNOT,none,circular,cnot,global,4,2,2,6,8,4,29,2,0,2,RZ,2,8,layer_000_wire_002_RZ,0.06783817830340638,0.06783817830340638,False
random_bp,expectation_value,same_entangling_gate_count,smoke_random_parameter_bp,hea,RX_RY_RZ_CNOT,none,circular,cnot,global,4,2,2,6,8,4,29,2,0,3,RX,0,9,layer_000_wire_003_RX,0.09157337539086165,0.09157337539086165,False
random_bp,expectation_value,same_entangling_gate_count,smoke_random_parameter_bp,hea,RX_RY_RZ_CNOT,none,circular,cnot,global,4,2,2,6,8,4,29,2,0,3,RY,1,10,layer_000_wire_003_RY,0.12026646799850983,0.12026646799850983,False
random_bp,expectation_value,same_entangling_gate_count,smoke_random_parameter_bp,hea,RX_RY_RZ_CNOT,none,circular,cnot,global,4,2,2,6,8,4,29,2,0,3,RZ,2,11,layer_000_wire_003_RZ,0.1341802713898832,0.1341802713898832,False
random_bp,expectation_value,same_entangling_gate_count,smoke_random_parameter_bp,hea,RX_RY_RZ_CNOT,none,circular,cnot,global,4,2,2,6,8,4,29,2,1,0,RX,0,12,layer_001_wire_000_RX,-0.010166160585103237,0.010166160585103237,False
random_bp,expectation_value,same_entangling_gate_count,smoke_random_parameter_bp,hea,RX_RY_RZ_CNOT,none,circular,cnot,global,4,2,2,6,8,4,29,2,1,0,RY,1,13,layer_001_wire_000_RY,0.16084270466896716,0.16084270466896716,False
random_bp,expectation_value,same_entangling_gate_count,smoke_random_parameter_bp,hea,RX_RY_RZ_CNOT,none,circular,cnot,global,4,2,2,6,8,4,29,2,1,0,RZ,2,14,layer_001_wire_000_RZ,-1.3839520444083968e-17,1.3839520444083968e-17,True
random_bp,expectation_value,same_entangling_gate_count,smoke_random_parameter_bp,hea,RX_RY_RZ_CNOT,none,circular,cnot,global,4,2,2,6,8,4,29,2,1,1,RX,0,15,layer_001_wire_001_RX,2.7755575615628914e-17,2.7755575615628914e-17,True
random_bp,expectation_value,same_entangling_gate_count,smoke_random_parameter_bp,hea,RX_RY_RZ_CNOT,none,circular,cnot,global,4,2,2,6,8,4,29,2,1,1,RY,1,16,layer_001_wire_001_RY,1.1796119636642288e-16,1.1796119636642288e-16,True
random_bp,expectation_value,same_entangling_gate_count,smoke_random_parameter_bp,hea,RX_RY_RZ_CNOT,none,circular,cnot,global,4,2,2,6,8,4,29,2,1,1,RZ,2,17,layer_001_wire_001_RZ,-6.341462236746477e-17,6.341462236746477e-17,True
random_bp,expectation_value,same_entangling_gate_count,smoke_random_parameter_bp,hea,RX_RY_RZ_CNOT,none,circular,cnot,global,4,2,2,6,8,4,29,2,1,2,RX,0,18,layer_001_wire_002_RX,-0.003972254481120124,0.003972254481120124,False
random_bp,expectation_value,same_entangling_gate_count,smoke_random_parameter_bp,hea,RX_RY_RZ_CNOT,none,circular,cnot,global,4,2,2,6,8,4,29,2,1,2,RY,1,19,layer_001_wire_002_RY,0.1712657535260083,0.1712657535260083,False
random_bp,expectation_value,same_entangling_gate_count,smoke_random_parameter_bp,hea,RX_RY_RZ_CNOT,none,circular,cnot,global,4,2,2,6,8,4,29,2,1,2,RZ,2,20,layer_001_wire_002_RZ,-2.6714637478080255e-18,2.6714637478080255e-18,True
random_bp,expectation_value,same_entangling_gate_count,smoke_random_parameter_bp,hea,RX_RY_RZ_CNOT,none,circular,cnot,global,4,2,2,6,8,4,29,2,1,3,RX,0,21,layer_001_wire_003_RX,1.9081958235744878e-17,1.9081958235744878e-17,True
random_bp,expectation_value,same_entangling_gate_count,smoke_random_parameter_bp,hea,RX_RY_RZ_CNOT,none,circular,cnot,global,4,2,2,6,8,4,29,2,1,3,RY,1,22,layer_001_wire_003_RY,0.0,0.0,True
random_bp,expectation_value,same_entangling_gate_count,smoke_random_parameter_bp,hea,RX_RY_RZ_CNOT,none,circular,cnot,global,4,2,2,6,8,4,29,2,1,3,RZ,2,23,layer_001_wire_003_RZ,-1.2779969351202936e-17,1.2779969351202936e-17,True
random_bp,expectation_value,same_entangling_gate_count,smoke_random_parameter_bp,hea,RX_RY_RZ_CNOT,none,linear,cnot,hamiltonian_local,4,2,2,6,6,3,30,0,0,0,RX,0,0,layer_000_wire_000_RX,0.0026433817923954273,0.0026433817923954273,False
random_bp,expectation_value,same_entangling_gate_count,smoke_random_parameter_bp,hea,RX_RY_RZ_CNOT,none,linear,cnot,hamiltonian_local,4,2,2,6,6,3,30,0,0,0,RY,1,1,layer_000_wire_000_RY,-0.01818999204669125,0.01818999204669125,False
random_bp,expectation_value,same_entangling_gate_count,smoke_random_parameter_bp,hea,RX_RY_RZ_CNOT,none,linear,cnot,hamiltonian_local,4,2,2,6,6,3,30,0,0,0,RZ,2,2,layer_000_wire_000_RZ,-6.870440277011871e-18,6.870440277011871e-18,True
random_bp,expectation_value,same_entangling_gate_count,smoke_random_parameter_bp,hea,RX_RY_RZ_CNOT,none,linear,cnot,hamiltonian_local,4,2,2,6,6,3,30,0,0,1,RX,0,3,layer_000_wire_001_RX,0.1267189695100696,0.1267189695100696,False
random_bp,expectation_value,same_entangling_gate_count,smoke_random_parameter_bp,hea,RX_RY_RZ_CNOT,none,linear,cnot,hamiltonian_local,4,2,2,6,6,3,30,0,0,1,RY,1,4,layer_000_wire_001_RY,0.0929458370025957,0.0929458370025957,False
random_bp,expectation_value,same_entangling_gate_count,smoke_random_parameter_bp,hea,RX_RY_RZ_CNOT,none,linear,cnot,hamiltonian_local,4,2,2,6,6,3,30,0,0,1,RZ,2,5,layer_000_wire_001_RZ,-0.12058729774844307,0.12058729774844307,False
random_bp,expectation_value,same_entangling_gate_count,smoke_random_parameter_bp,hea,RX_RY_RZ_CNOT,none,linear,cnot,hamiltonian_local,4,2,2,6,6,3,30,0,0,2,RX,0,6,layer_000_wire_002_RX,0.03075654720599154,0.03075654720599154,False
random_bp,expectation_value,same_entangling_gate_count,smoke_random_parameter_bp,hea,RX_RY_RZ_CNOT,none,linear,cnot,hamiltonian_local,4,2,2,6,6,3,30,0,0,2,RY,1,7,layer_000_wire_002_RY,-0.006388205958943682,0.006388205958943682,False
random_bp,expectation_value,same_entangling_gate_count,smoke_random_parameter_bp,hea,RX_RY_RZ_CNOT,none,linear,cnot,hamiltonian_local,4,2,2,6,6,3,30,0,0,2,RZ,2,8,layer_000_wire_002_RZ,-0.03115189458906986,0.03115189458906986,False
random_bp,expectation_value,same_entangling_gate_count,smoke_random_parameter_bp,hea,RX_RY_RZ_CNOT,none,linear,cnot,hamiltonian_local,4,2,2,6,6,3,30,0,0,3,RX,0,9,layer_000_wire_003_RX,-0.055344593589146916,0.055344593589146916,False
random_bp,expectation_value,same_entangling_gate_count,smoke_random_parameter_bp,hea,RX_RY_RZ_CNOT,none,linear,cnot,hamiltonian_local,4,2,2,6,6,3,30,0,0,3,RY,1,10,layer_000_wire_003_RY,0.053848696576844796,0.053848696576844796,False
random_bp,expectation_value,same_entangling_gate_count,smoke_random_parameter_bp,hea,RX_RY_RZ_CNOT,none,linear,cnot,hamiltonian_local,4,2,2,6,6,3,30,0,0,3,RZ,2,11,layer_000_wire_003_RZ,0.06003151601098549,0.06003151601098549,False
random_bp,expectation_value,same_entangling_gate_count,smoke_random_parameter_bp,hea,RX_RY_RZ_CNOT,none,linear,cnot,hamiltonian_local,4,2,2,6,6,3,30,0,1,0,RX,0,12,layer_001_wire_000_RX,-2.7755575615628914e-17,2.7755575615628914e-17,True
random_bp,expectation_value,same_entangling_gate_count,smoke_random_parameter_bp,hea,RX_RY_RZ_CNOT,none,linear,cnot,hamiltonian_local,4,2,2,6,6,3,30,0,1,0,RY,1,13,layer_001_wire_000_RY,-1.734723475976807e-17,1.734723475976807e-17,True
random_bp,expectation_value,same_entangling_gate_count,smoke_random_parameter_bp,hea,RX_RY_RZ_CNOT,none,linear,cnot,hamiltonian_local,4,2,2,6,6,3,30,0,1,0,RZ,2,14,layer_001_wire_000_RZ,-1.9578522875246357e-18,1.9578522875246357e-18,True
random_bp,expectation_value,same_entangling_gate_count,smoke_random_parameter_bp,hea,RX_RY_RZ_CNOT,none,linear,cnot,hamiltonian_local,4,2,2,6,6,3,30,0,1,1,RX,0,15,layer_001_wire_001_RX,-0.010159073201754326,0.010159073201754326,False
random_bp,expectation_value,same_entangling_gate_count,smoke_random_parameter_bp,hea,RX_RY_RZ_CNOT,none,linear,cnot,hamiltonian_local,4,2,2,6,6,3,30,0,1,1,RY,1,16,layer_001_wire_001_RY,0.13935332776532555,0.13935332776532555,False
random_bp,expectation_value,same_entangling_gate_count,smoke_random_parameter_bp,hea,RX_RY_RZ_CNOT,none,linear,cnot,hamiltonian_local,4,2,2,6,6,3,30,0,1,1,RZ,2,17,layer_001_wire_001_RZ,2.843231620022482e-17,2.843231620022482e-17,True
random_bp,expectation_value,same_entangling_gate_count,smoke_random_parameter_bp,hea,RX_RY_RZ_CNOT,none,linear,cnot,hamiltonian_local,4,2,2,6,6,3,30,0,1,2,RX,0,18,layer_001_wire_002_RX,-3.123638520355354e-05,3.123638520355354e-05,False
random_bp,expectation_value,same_entangling_gate_count,smoke_random_parameter_bp,hea,RX_RY_RZ_CNOT,none,linear,cnot,hamiltonian_local,4,2,2,6,6,3,30,0,1,2,RY,1,19,layer_001_wire_002_RY,-0.2235179598662902,0.2235179598662902,False
random_bp,expectation_value,same_entangling_gate_count,smoke_random_parameter_bp,hea,RX_RY_RZ_CNOT,none,linear,cnot,hamiltonian_local,4,2,2,6,6,3,30,0,1,2,RZ,2,20,layer_001_wire_002_RZ,2.4241119733850073e-17,2.4241119733850073e-17,True
random_bp,expectation_value,same_entangling_gate_count,smoke_random_parameter_bp,hea,RX_RY_RZ_CNOT,none,linear,cnot,hamiltonian_local,4,2,2,6,6,3,30,0,1,3,RX,0,21,layer_001_wire_003_RX,-1.6108702531672514e-05,1.6108702531672514e-05,False
random_bp,expectation_value,same_entangling_gate_count,smoke_random_parameter_bp,hea,RX_RY_RZ_CNOT,none,linear,cnot,hamiltonian_local,4,2,2,6,6,3,30,0,1,3,RY,1,22,layer_001_wire_003_RY,-0.13238829334639934,0.13238829334639934,False
random_bp,expectation_value,same_entangling_gate_count,smoke_random_parameter_bp,hea,RX_RY_RZ_CNOT,none,linear,cnot,hamiltonian_local,4,2,2,6,6,3,30,0,1,3,RZ,2,23,layer_001_wire_003_RZ,-3.1535961246363048e-18,3.1535961246363048e-18,True
random_bp,expectation_value,same_entangling_gate_count,smoke_random_parameter_bp,hea,RX_RY_RZ_CNOT,none,linear,cnot,hamiltonian_local,4,2,2,6,6,3,31,1,0,0,RX,0,0,layer_000_wire_000_RX,0.00443673400393302,0.00443673400393302,False
random_bp,expectation_value,same_entangling_gate_count,smoke_random_parameter_bp,hea,RX_RY_RZ_CNOT,none,linear,cnot,hamiltonian_local,4,2,2,6,6,3,31,1,0,0,RY,1,1,layer_000_wire_000_RY,-0.019180500602325158,0.019180500602325158,False
random_bp,expectation_value,same_entangling_gate_count,smoke_random_parameter_bp,hea,RX_RY_RZ_CNOT,none,linear,cnot,hamiltonian_local,4,2,2,6,6,3,31,1,0,0,RZ,2,2,layer_000_wire_000_RZ,-1.285714569788177e-17,1.285714569788177e-17,True
random_bp,expectation_value,same_entangling_gate_count,smoke_random_parameter_bp,hea,RX_RY_RZ_CNOT,none,linear,cnot,hamiltonian_local,4,2,2,6,6,3,31,1,0,1,RX,0,3,layer_000_wire_001_RX,0.04008899147835579,0.04008899147835579,False
random_bp,expectation_value,same_entangling_gate_count,smoke_random_parameter_bp,hea,RX_RY_RZ_CNOT,none,linear,cnot,hamiltonian_local,4,2,2,6,6,3,31,1,0,1,RY,1,4,layer_000_wire_001_RY,-0.24356376749634556,0.24356376749634556,False
random_bp,expectation_value,same_entangling_gate_count,smoke_random_parameter_bp,hea,RX_RY_RZ_CNOT,none,linear,cnot,hamiltonian_local,4,2,2,6,6,3,31,1,0,1,RZ,2,5,layer_000_wire_001_RZ,0.06794715956678388,0.06794715956678388,False
random_bp,expectation_value,same_entangling_gate_count,smoke_random_parameter_bp,hea,RX_RY_RZ_CNOT,none,linear,cnot,hamiltonian_local,4,2,2,6,6,3,31,1,0,2,RX,0,6,layer_000_wire_002_RX,-0.04019326079570647,0.04019326079570647,False
random_bp,expectation_value,same_entangling_gate_count,smoke_random_parameter_bp,hea,RX_RY_RZ_CNOT,none,linear,cnot,hamiltonian_local,4,2,2,6,6,3,31,1,0,2,RY,1,7,layer_000_wire_002_RY,0.047568470807410876,0.047568470807410876,False
random_bp,expectation_value,same_entangling_gate_count,smoke_random_parameter_bp,hea,RX_RY_RZ_CNOT,none,linear,cnot,hamiltonian_local,4,2,2,6,6,3,31,1,0,2,RZ,2,8,layer_000_wire_002_RZ,-0.09708717759127689,0.09708717759127689,False
random_bp,expectation_value,same_entangling_gate_count,smoke_random_parameter_bp,hea,RX_RY_RZ_CNOT,none,linear,cnot,hamiltonian_local,4,2,2,6,6,3,31,1,0,3,RX,0,9,layer_000_wire_003_RX,0.030007540641787192,0.030007540641787192,False
random_bp,expectation_value,same_entangling_gate_count,smoke_random_parameter_bp,hea,RX_RY_RZ_CNOT,none,linear,cnot,hamiltonian_local,4,2,2,6,6,3,31,1,0,3,RY,1,10,layer_000_wire_003_RY,-0.0037476410506128016,0.0037476410506128016,False
random_bp,expectation_value,same_entangling_gate_count,smoke_random_parameter_bp,hea,RX_RY_RZ_CNOT,none,linear,cnot,hamiltonian_local,4,2,2,6,6,3,31,1,0,3,RZ,2,11,layer_000_wire_003_RZ,-0.02998576243403373,0.02998576243403373,False
random_bp,expectation_value,same_entangling_gate_count,smoke_random_parameter_bp,hea,RX_RY_RZ_CNOT,none,linear,cnot,hamiltonian_local,4,2,2,6,6,3,31,1,1,0,RX,0,12,layer_001_wire_000_RX,-2.7755575615628914e-17,2.7755575615628914e-17,True
random_bp,expectation_value,same_entangling_gate_count,smoke_random_parameter_bp,hea,RX_RY_RZ_CNOT,none,linear,cnot,hamiltonian_local,4,2,2,6,6,3,31,1,1,0,RY,1,13,layer_001_wire_000_RY,2.7755575615628914e-17,2.7755575615628914e-17,True
random_bp,expectation_value,same_entangling_gate_count,smoke_random_parameter_bp,hea,RX_RY_RZ_CNOT,none,linear,cnot,hamiltonian_local,4,2,2,6,6,3,31,1,1,0,RZ,2,14,layer_001_wire_000_RZ,4.727951099164209e-17,4.727951099164209e-17,True
random_bp,expectation_value,same_entangling_gate_count,smoke_random_parameter_bp,hea,RX_RY_RZ_CNOT,none,linear,cnot,hamiltonian_local,4,2,2,6,6,3,31,1,1,1,RX,0,15,layer_001_wire_001_RX,-0.09282530672966341,0.09282530672966341,False
random_bp,expectation_value,same_entangling_gate_count,smoke_random_parameter_bp,hea,RX_RY_RZ_CNOT,none,linear,cnot,hamiltonian_local,4,2,2,6,6,3,31,1,1,1,RY,1,16,layer_001_wire_001_RY,0.12896346089853403,0.12896346089853403,False
random_bp,expectation_value,same_entangling_gate_count,smoke_random_parameter_bp,hea,RX_RY_RZ_CNOT,none,linear,cnot,hamiltonian_local,4,2,2,6,6,3,31,1,1,1,RZ,2,17,layer_001_wire_001_RZ,-3.683569653071633e-17,3.683569653071633e-17,True
random_bp,expectation_value,same_entangling_gate_count,smoke_random_parameter_bp,hea,RX_RY_RZ_CNOT,none,linear,cnot,hamiltonian_local,4,2,2,6,6,3,31,1,1,2,RX,0,18,layer_001_wire_002_RX,-0.0052493517690544444,0.0052493517690544444,False
random_bp,expectation_value,same_entangling_gate_count,smoke_random_parameter_bp,hea,RX_RY_RZ_CNOT,none,linear,cnot,hamiltonian_local,4,2,2,6,6,3,31,1,1,2,RY,1,19,layer_001_wire_002_RY,-0.05654805964337776,0.05654805964337776,False
random_bp,expectation_value,same_entangling_gate_count,smoke_random_parameter_bp,hea,RX_RY_RZ_CNOT,none,linear,cnot,hamiltonian_local,4,2,2,6,6,3,31,1,1,2,RZ,2,20,layer_001_wire_002_RZ,2.742684769021472e-18,2.742684769021472e-18,True
random_bp,expectation_value,same_entangling_gate_count,smoke_random_parameter_bp,hea,RX_RY_RZ_CNOT,none,linear,cnot,hamiltonian_local,4,2,2,6,6,3,31,1,1,3,RX,0,21,layer_001_wire_003_RX,-0.0003904081111217733,0.0003904081111217733,False
random_bp,expectation_value,same_entangling_gate_count,smoke_random_parameter_bp,hea,RX_RY_RZ_CNOT,none,linear,cnot,hamiltonian_local,4,2,2,6,6,3,31,1,1,3,RY,1,22,layer_001_wire_003_RY,0.3307913475751809,0.3307913475751809,False
random_bp,expectation_value,same_entangling_gate_count,smoke_random_parameter_bp,hea,RX_RY_RZ_CNOT,none,linear,cnot,hamiltonian_local,4,2,2,6,6,3,31,1,1,3,RZ,2,23,layer_001_wire_003_RZ,-6.517376282505189e-18,6.517376282505189e-18,True
random_bp,expectation_value,same_entangling_gate_count,smoke_random_parameter_bp,hea,RX_RY_RZ_CNOT,none,linear,cnot,hamiltonian_local,4,2,2,6,6,3,32,2,0,0,RX,0,0,layer_000_wire_000_RX,0.08976290686204536,0.08976290686204536,False
random_bp,expectation_value,same_entangling_gate_count,smoke_random_parameter_bp,hea,RX_RY_RZ_CNOT,none,linear,cnot,hamiltonian_local,4,2,2,6,6,3,32,2,0,0,RY,1,1,layer_000_wire_000_RY,0.020863195162605458,0.020863195162605458,False
random_bp,expectation_value,same_entangling_gate_count,smoke_random_parameter_bp,hea,RX_RY_RZ_CNOT,none,linear,cnot,hamiltonian_local,4,2,2,6,6,3,32,2,0,0,RZ,2,2,layer_000_wire_000_RZ,1.8480651213732625e-17,1.8480651213732625e-17,True
random_bp,expectation_value,same_entangling_gate_count,smoke_random_parameter_bp,hea,RX_RY_RZ_CNOT,none,linear,cnot,hamiltonian_local,4,2,2,6,6,3,32,2,0,1,RX,0,3,layer_000_wire_001_RX,0.04470279690193884,0.04470279690193884,False
random_bp,expectation_value,same_entangling_gate_count,smoke_random_parameter_bp,hea,RX_RY_RZ_CNOT,none,linear,cnot,hamiltonian_local,4,2,2,6,6,3,32,2,0,1,RY,1,4,layer_000_wire_001_RY,0.005796658335589664,0.005796658335589664,False
random_bp,expectation_value,same_entangling_gate_count,smoke_random_parameter_bp,hea,RX_RY_RZ_CNOT,none,linear,cnot,hamiltonian_local,4,2,2,6,6,3,32,2,0,1,RZ,2,5,layer_000_wire_001_RZ,-0.023243973352491114,0.023243973352491114,False
random_bp,expectation_value,same_entangling_gate_count,smoke_random_parameter_bp,hea,RX_RY_RZ_CNOT,none,linear,cnot,hamiltonian_local,4,2,2,6,6,3,32,2,0,2,RX,0,6,layer_000_wire_002_RX,-0.06888051744754264,0.06888051744754264,False
random_bp,expectation_value,same_entangling_gate_count,smoke_random_parameter_bp,hea,RX_RY_RZ_CNOT,none,linear,cnot,hamiltonian_local,4,2,2,6,6,3,32,2,0,2,RY,1,7,layer_000_wire_002_RY,-0.012116984135322166,0.012116984135322166,False
random_bp,expectation_value,same_entangling_gate_count,smoke_random_parameter_bp,hea,RX_RY_RZ_CNOT,none,linear,cnot,hamiltonian_local,4,2,2,6,6,3,32,2,0,2,RZ,2,8,layer_000_wire_002_RZ,0.004319607271752736,0.004319607271752736,False
random_bp,expectation_value,same_entangling_gate_count,smoke_random_parameter_bp,hea,RX_RY_RZ_CNOT,none,linear,cnot,hamiltonian_local,4,2,2,6,6,3,32,2,0,3,RX,0,9,layer_000_wire_003_RX,-0.020770673743002767,0.020770673743002767,False
random_bp,expectation_value,same_entangling_gate_count,smoke_random_parameter_bp,hea,RX_RY_RZ_CNOT,none,linear,cnot,hamiltonian_local,4,2,2,6,6,3,32,2,0,3,RY,1,10,layer_000_wire_003_RY,-0.023241598302697213,0.023241598302697213,False
random_bp,expectation_value,same_entangling_gate_count,smoke_random_parameter_bp,hea,RX_RY_RZ_CNOT,none,linear,cnot,hamiltonian_local,4,2,2,6,6,3,32,2,0,3,RZ,2,11,layer_000_wire_003_RZ,-0.024758251401130128,0.024758251401130128,False
random_bp,expectation_value,same_entangling_gate_count,smoke_random_parameter_bp,hea,RX_RY_RZ_CNOT,none,linear,cnot,hamiltonian_local,4,2,2,6,6,3,32,2,1,0,RX,0,12,layer_001_wire_000_RX,-3.469446951953614e-17,3.469446951953614e-17,True
random_bp,expectation_value,same_entangling_gate_count,smoke_random_parameter_bp,hea,RX_RY_RZ_CNOT,none,linear,cnot,hamiltonian_local,4,2,2,6,6,3,32,2,1,0,RY,1,13,layer_001_wire_000_RY,-2.7755575615628914e-17,2.7755575615628914e-17,True
random_bp,expectation_value,same_entangling_gate_count,smoke_random_parameter_bp,hea,RX_RY_RZ_CNOT,none,linear,cnot,hamiltonian_local,4,2,2,6,6,3,32,2,1,0,RZ,2,14,layer_001_wire_000_RZ,1.4603936571542792e-17,1.4603936571542792e-17,True
random_bp,expectation_value,same_entangling_gate_count,smoke_random_parameter_bp,hea,RX_RY_RZ_CNOT,none,linear,cnot,hamiltonian_local,4,2,2,6,6,3,32,2,1,1,RX,0,15,layer_001_wire_001_RX,-0.0017376072505280145,0.0017376072505280145,False
random_bp,expectation_value,same_entangling_gate_count,smoke_random_parameter_bp,hea,RX_RY_RZ_CNOT,none,linear,cnot,hamiltonian_local,4,2,2,6,6,3,32,2,1,1,RY,1,16,layer_001_wire_001_RY,-0.18393386232829775,0.18393386232829775,False
random_bp,expectation_value,same_entangling_gate_count,smoke_random_parameter_bp,hea,RX_RY_RZ_CNOT,none,linear,cnot,hamiltonian_local,4,2,2,6,6,3,32,2,1,1,RZ,2,17,layer_001_wire_001_RZ,1.7185399999151205e-17,1.7185399999151205e-17,True
random_bp,expectation_value,same_entangling_gate_count,smoke_random_parameter_bp,hea,RX_RY_RZ_CNOT,none,linear,cnot,hamiltonian_local,4,2,2,6,6,3,32,2,1,2,RX,0,18,layer_001_wire_002_RX,0.00040729071556250447,0.00040729071556250447,False
random_bp,expectation_value,same_entangling_gate_count,smoke_random_parameter_bp,hea,RX_RY_RZ_CNOT,none,linear,cnot,hamiltonian_local,4,2,2,6,6,3,32,2,1,2,RY,1,19,layer_001_wire_002_RY,-0.09685419121011367,0.09685419121011367,False
random_bp,expectation_value,same_entangling_gate_count,smoke_random_parameter_bp,hea,RX_RY_RZ_CNOT,none,linear,cnot,hamiltonian_local,4,2,2,6,6,3,32,2,1,2,RZ,2,20,layer_001_wire_002_RZ,1.3762671865844547e-17,1.3762671865844547e-17,True
random_bp,expectation_value,same_entangling_gate_count,smoke_random_parameter_bp,hea,RX_RY_RZ_CNOT,none,linear,cnot,hamiltonian_local,4,2,2,6,6,3,32,2,1,3,RX,0,21,layer_001_wire_003_RX,0.0003907905543732236,0.0003907905543732236,False
random_bp,expectation_value,same_entangling_gate_count,smoke_random_parameter_bp,hea,RX_RY_RZ_CNOT,none,linear,cnot,hamiltonian_local,4,2,2,6,6,3,32,2,1,3,RY,1,22,layer_001_wire_003_RY,-0.20597334272521525,0.20597334272521525,False
random_bp,expectation_value,same_entangling_gate_count,smoke_random_parameter_bp,hea,RX_RY_RZ_CNOT,none,linear,cnot,hamiltonian_local,4,2,2,6,6,3,32,2,1,3,RZ,2,23,layer_001_wire_003_RZ,1.2917629911767286e-18,1.2917629911767286e-18,True
random_bp,expectation_value,same_entangling_gate_count,smoke_random_parameter_bp,hea,RX_RY_RZ_CNOT,none,circular,cnot,hamiltonian_local,4,2,2,6,8,4,33,0,0,0,RX,0,0,layer_000_wire_000_RX,0.16671892164845592,0.16671892164845592,False
random_bp,expectation_value,same_entangling_gate_count,smoke_random_parameter_bp,hea,RX_RY_RZ_CNOT,none,circular,cnot,hamiltonian_local,4,2,2,6,8,4,33,0,0,0,RY,1,1,layer_000_wire_000_RY,0.04863471393736342,0.04863471393736342,False
random_bp,expectation_value,same_entangling_gate_count,smoke_random_parameter_bp,hea,RX_RY_RZ_CNOT,none,circular,cnot,hamiltonian_local,4,2,2,6,8,4,33,0,0,0,RZ,2,2,layer_000_wire_000_RZ,0.172445226463122,0.172445226463122,False
random_bp,expectation_value,same_entangling_gate_count,smoke_random_parameter_bp,hea,RX_RY_RZ_CNOT,none,circular,cnot,hamiltonian_local,4,2,2,6,8,4,33,0,0,1,RX,0,3,layer_000_wire_001_RX,0.024238846690964683,0.024238846690964683,False
random_bp,expectation_value,same_entangling_gate_count,smoke_random_parameter_bp,hea,RX_RY_RZ_CNOT,none,circular,cnot,hamiltonian_local,4,2,2,6,8,4,33,0,0,1,RY,1,4,layer_000_wire_001_RY,-0.0415691979153969,0.0415691979153969,False
random_bp,expectation_value,same_entangling_gate_count,smoke_random_parameter_bp,hea,RX_RY_RZ_CNOT,none,circular,cnot,hamiltonian_local,4,2,2,6,8,4,33,0,0,1,RZ,2,5,layer_000_wire_001_RZ,-0.020671337116731293,0.020671337116731293,False
random_bp,expectation_value,same_entangling_gate_count,smoke_random_parameter_bp,hea,RX_RY_RZ_CNOT,none,circular,cnot,hamiltonian_local,4,2,2,6,8,4,33,0,0,2,RX,0,6,layer_000_wire_002_RX,-0.09485134273460907,0.09485134273460907,False
random_bp,expectation_value,same_entangling_gate_count,smoke_random_parameter_bp,hea,RX_RY_RZ_CNOT,none,circular,cnot,hamiltonian_local,4,2,2,6,8,4,33,0,0,2,RY,1,7,layer_000_wire_002_RY,0.044728101176253754,0.044728101176253754,False
random_bp,expectation_value,same_entangling_gate_count,smoke_random_parameter_bp,hea,RX_RY_RZ_CNOT,none,circular,cnot,hamiltonian_local,4,2,2,6,8,4,33,0,0,2,RZ,2,8,layer_000_wire_002_RZ,0.09861794860225828,0.09861794860225828,False
random_bp,expectation_value,same_entangling_gate_count,smoke_random_parameter_bp,hea,RX_RY_RZ_CNOT,none,circular,cnot,hamiltonian_local,4,2,2,6,8,4,33,0,0,3,RX,0,9,layer_000_wire_003_RX,0.009010876105312676,0.009010876105312676,False
random_bp,expectation_value,same_entangling_gate_count,smoke_random_parameter_bp,hea,RX_RY_RZ_CNOT,none,circular,cnot,hamiltonian_local,4,2,2,6,8,4,33,0,0,3,RY,1,10,layer_000_wire_003_RY,0.041882438313100984,0.041882438313100984,False
random_bp,expectation_value,same_entangling_gate_count,smoke_random_parameter_bp,hea,RX_RY_RZ_CNOT,none,circular,cnot,hamiltonian_local,4,2,2,6,8,4,33,0,0,3,RZ,2,11,layer_000_wire_003_RZ,-0.0009724879149230216,0.0009724879149230216,False
random_bp,expectation_value,same_entangling_gate_count,smoke_random_parameter_bp,hea,RX_RY_RZ_CNOT,none,circular,cnot,hamiltonian_local,4,2,2,6,8,4,33,0,1,0,RX,0,12,layer_001_wire_000_RX,0.03187234976930074,0.03187234976930074,False
random_bp,expectation_value,same_entangling_gate_count,smoke_random_parameter_bp,hea,RX_RY_RZ_CNOT,none,circular,cnot,hamiltonian_local,4,2,2,6,8,4,33,0,1,0,RY,1,13,layer_001_wire_000_RY,-0.1712019427810051,0.1712019427810051,False
random_bp,expectation_value,same_entangling_gate_count,smoke_random_parameter_bp,hea,RX_RY_RZ_CNOT,none,circular,cnot,hamiltonian_local,4,2,2,6,8,4,33,0,1,0,RZ,2,14,layer_001_wire_000_RZ,2.134745463321235e-17,2.134745463321235e-17,True
random_bp,expectation_value,same_entangling_gate_count,smoke_random_parameter_bp,hea,RX_RY_RZ_CNOT,none,circular,cnot,hamiltonian_local,4,2,2,6,8,4,33,0,1,1,RX,0,15,layer_001_wire_001_RX,-1.734723475976807e-17,1.734723475976807e-17,True
random_bp,expectation_value,same_entangling_gate_count,smoke_random_parameter_bp,hea,RX_RY_RZ_CNOT,none,circular,cnot,hamiltonian_local,4,2,2,6,8,4,33,0,1,1,RY,1,16,layer_001_wire_001_RY,1.734723475976807e-18,1.734723475976807e-18,True
random_bp,expectation_value,same_entangling_gate_count,smoke_random_parameter_bp,hea,RX_RY_RZ_CNOT,none,circular,cnot,hamiltonian_local,4,2,2,6,8,4,33,0,1,1,RZ,2,17,layer_001_wire_001_RZ,-1.4207223506904705e-17,1.4207223506904705e-17,True
random_bp,expectation_value,same_entangling_gate_count,smoke_random_parameter_bp,hea,RX_RY_RZ_CNOT,none,circular,cnot,hamiltonian_local,4,2,2,6,8,4,33,0,1,2,RX,0,18,layer_001_wire_002_RX,0.025999291560892607,0.025999291560892607,False
random_bp,expectation_value,same_entangling_gate_count,smoke_random_parameter_bp,hea,RX_RY_RZ_CNOT,none,circular,cnot,hamiltonian_local,4,2,2,6,8,4,33,0,1,2,RY,1,19,layer_001_wire_002_RY,-0.1460306359463238,0.1460306359463238,False
random_bp,expectation_value,same_entangling_gate_count,smoke_random_parameter_bp,hea,RX_RY_RZ_CNOT,none,circular,cnot,hamiltonian_local,4,2,2,6,8,4,33,0,1,2,RZ,2,20,layer_001_wire_002_RZ,2.382102942310346e-17,2.382102942310346e-17,True
random_bp,expectation_value,same_entangling_gate_count,smoke_random_parameter_bp,hea,RX_RY_RZ_CNOT,none,circular,cnot,hamiltonian_local,4,2,2,6,8,4,33,0,1,3,RX,0,21,layer_001_wire_003_RX,-0.04422356061753925,0.04422356061753925,False
random_bp,expectation_value,same_entangling_gate_count,smoke_random_parameter_bp,hea,RX_RY_RZ_CNOT,none,circular,cnot,hamiltonian_local,4,2,2,6,8,4,33,0,1,3,RY,1,22,layer_001_wire_003_RY,0.035286071466612896,0.035286071466612896,False
random_bp,expectation_value,same_entangling_gate_count,smoke_random_parameter_bp,hea,RX_RY_RZ_CNOT,none,circular,cnot,hamiltonian_local,4,2,2,6,8,4,33,0,1,3,RZ,2,23,layer_001_wire_003_RZ,1.108705355472959e-17,1.108705355472959e-17,True
random_bp,expectation_value,same_entangling_gate_count,smoke_random_parameter_bp,hea,RX_RY_RZ_CNOT,none,circular,cnot,hamiltonian_local,4,2,2,6,8,4,34,1,0,0,RX,0,0,layer_000_wire_000_RX,0.02154707508522813,0.02154707508522813,False
random_bp,expectation_value,same_entangling_gate_count,smoke_random_parameter_bp,hea,RX_RY_RZ_CNOT,none,circular,cnot,hamiltonian_local,4,2,2,6,8,4,34,1,0,0,RY,1,1,layer_000_wire_000_RY,-0.023184344479959727,0.023184344479959727,False
random_bp,expectation_value,same_entangling_gate_count,smoke_random_parameter_bp,hea,RX_RY_RZ_CNOT,none,circular,cnot,hamiltonian_local,4,2,2,6,8,4,34,1,0,0,RZ,2,2,layer_000_wire_000_RZ,-0.004956324734933109,0.004956324734933109,False
random_bp,expectation_value,same_entangling_gate_count,smoke_random_parameter_bp,hea,RX_RY_RZ_CNOT,none,circular,cnot,hamiltonian_local,4,2,2,6,8,4,34,1,0,1,RX,0,3,layer_000_wire_001_RX,-0.00031409913367562436,0.00031409913367562436,False
random_bp,expectation_value,same_entangling_gate_count,smoke_random_parameter_bp,hea,RX_RY_RZ_CNOT,none,circular,cnot,hamiltonian_local,4,2,2,6,8,4,34,1,0,1,RY,1,4,layer_000_wire_001_RY,-0.0241692786735421,0.0241692786735421,False
random_bp,expectation_value,same_entangling_gate_count,smoke_random_parameter_bp,hea,RX_RY_RZ_CNOT,none,circular,cnot,hamiltonian_local,4,2,2,6,8,4,34,1,0,1,RZ,2,5,layer_000_wire_001_RZ,0.002770177684100551,0.002770177684100551,False
random_bp,expectation_value,same_entangling_gate_count,smoke_random_parameter_bp,hea,RX_RY_RZ_CNOT,none,circular,cnot,hamiltonian_local,4,2,2,6,8,4,34,1,0,2,RX,0,6,layer_000_wire_002_RX,-0.12271625330401588,0.12271625330401588,False
random_bp,expectation_value,same_entangling_gate_count,smoke_random_parameter_bp,hea,RX_RY_RZ_CNOT,none,circular,cnot,hamiltonian_local,4,2,2,6,8,4,34,1,0,2,RY,1,7,layer_000_wire_002_RY,0.1634068468350846,0.1634068468350846,False
random_bp,expectation_value,same_entangling_gate_count,smoke_random_parameter_bp,hea,RX_RY_RZ_CNOT,none,circular,cnot,hamiltonian_local,4,2,2,6,8,4,34,1,0,2,RZ,2,8,layer_000_wire_002_RZ,-0.32522019811823993,0.32522019811823993,False
random_bp,expectation_value,same_entangling_gate_count,smoke_random_parameter_bp,hea,RX_RY_RZ_CNOT,none,circular,cnot,hamiltonian_local,4,2,2,6,8,4,34,1,0,3,RX,0,9,layer_000_wire_003_RX,-0.029506027951238946,0.029506027951238946,False
random_bp,expectation_value,same_entangling_gate_count,smoke_random_parameter_bp,hea,RX_RY_RZ_CNOT,none,circular,cnot,hamiltonian_local,4,2,2,6,8,4,34,1,0,3,RY,1,10,layer_000_wire_003_RY,-0.07295948124920232,0.07295948124920232,False
random_bp,expectation_value,same_entangling_gate_count,smoke_random_parameter_bp,hea,RX_RY_RZ_CNOT,none,circular,cnot,hamiltonian_local,4,2,2,6,8,4,34,1,0,3,RZ,2,11,layer_000_wire_003_RZ,0.029780505897674163,0.029780505897674163,False
random_bp,expectation_value,same_entangling_gate_count,smoke_random_parameter_bp,hea,RX_RY_RZ_CNOT,none,circular,cnot,hamiltonian_local,4,2,2,6,8,4,34,1,1,0,RX,0,12,layer_001_wire_000_RX,0.008002362035853361,0.008002362035853361,False
random_bp,expectation_value,same_entangling_gate_count,smoke_random_parameter_bp,hea,RX_RY_RZ_CNOT,none,circular,cnot,hamiltonian_local,4,2,2,6,8,4,34,1,1,0,RY,1,13,layer_001_wire_000_RY,-0.15497595707781667,0.15497595707781667,False
random_bp,expectation_value,same_entangling_gate_count,smoke_random_parameter_bp,hea,RX_RY_RZ_CNOT,none,circular,cnot,hamiltonian_local,4,2,2,6,8,4,34,1,1,0,RZ,2,14,layer_001_wire_000_RZ,8.131273599946325e-18,8.131273599946325e-18,True
random_bp,expectation_value,same_entangling_gate_count,smoke_random_parameter_bp,hea,RX_RY_RZ_CNOT,none,circular,cnot,hamiltonian_local,4,2,2,6,8,4,34,1,1,1,RX,0,15,layer_001_wire_001_RX,3.469446951953614e-17,3.469446951953614e-17,True
random_bp,expectation_value,same_entangling_gate_count,smoke_random_parameter_bp,hea,RX_RY_RZ_CNOT,none,circular,cnot,hamiltonian_local,4,2,2,6,8,4,34,1,1,1,RY,1,16,layer_001_wire_001_RY,2.7755575615628914e-17,2.7755575615628914e-17,True
random_bp,expectation_value,same_entangling_gate_count,smoke_random_parameter_bp,hea,RX_RY_RZ_CNOT,none,circular,cnot,hamiltonian_local,4,2,2,6,8,4,34,1,1,1,RZ,2,17,layer_001_wire_001_RZ,1.5029260759532504e-17,1.5029260759532504e-17,True
random_bp,expectation_value,same_entangling_gate_count,smoke_random_parameter_bp,hea,RX_RY_RZ_CNOT,none,circular,cnot,hamiltonian_local,4,2,2,6,8,4,34,1,1,2,RX,0,18,layer_001_wire_002_RX,-0.008209072701571132,0.008209072701571132,False
random_bp,expectation_value,same_entangling_gate_count,smoke_random_parameter_bp,hea,RX_RY_RZ_CNOT,none,circular,cnot,hamiltonian_local,4,2,2,6,8,4,34,1,1,2,RY,1,19,layer_001_wire_002_RY,-0.06325699046040825,0.06325699046040825,False
random_bp,expectation_value,same_entangling_gate_count,smoke_random_parameter_bp,hea,RX_RY_RZ_CNOT,none,circular,cnot,hamiltonian_local,4,2,2,6,8,4,34,1,1,2,RZ,2,20,layer_001_wire_002_RZ,-3.689780615470749e-17,3.689780615470749e-17,True
random_bp,expectation_value,same_entangling_gate_count,smoke_random_parameter_bp,hea,RX_RY_RZ_CNOT,none,circular,cnot,hamiltonian_local,4,2,2,6,8,4,34,1,1,3,RX,0,21,layer_001_wire_003_RX,-0.010988865316990531,0.010988865316990531,False
random_bp,expectation_value,same_entangling_gate_count,smoke_random_parameter_bp,hea,RX_RY_RZ_CNOT,none,circular,cnot,hamiltonian_local,4,2,2,6,8,4,34,1,1,3,RY,1,22,layer_001_wire_003_RY,0.11429954820552832,0.11429954820552832,False
random_bp,expectation_value,same_entangling_gate_count,smoke_random_parameter_bp,hea,RX_RY_RZ_CNOT,none,circular,cnot,hamiltonian_local,4,2,2,6,8,4,34,1,1,3,RZ,2,23,layer_001_wire_003_RZ,9.972786445623361e-18,9.972786445623361e-18,True
random_bp,expectation_value,same_entangling_gate_count,smoke_random_parameter_bp,hea,RX_RY_RZ_CNOT,none,circular,cnot,hamiltonian_local,4,2,2,6,8,4,35,2,0,0,RX,0,0,layer_000_wire_000_RX,-0.03638753797959829,0.03638753797959829,False
random_bp,expectation_value,same_entangling_gate_count,smoke_random_parameter_bp,hea,RX_RY_RZ_CNOT,none,circular,cnot,hamiltonian_local,4,2,2,6,8,4,35,2,0,0,RY,1,1,layer_000_wire_000_RY,0.009287159311080458,0.009287159311080458,False
random_bp,expectation_value,same_entangling_gate_count,smoke_random_parameter_bp,hea,RX_RY_RZ_CNOT,none,circular,cnot,hamiltonian_local,4,2,2,6,8,4,35,2,0,0,RZ,2,2,layer_000_wire_000_RZ,-0.07282890018595942,0.07282890018595942,False
random_bp,expectation_value,same_entangling_gate_count,smoke_random_parameter_bp,hea,RX_RY_RZ_CNOT,none,circular,cnot,hamiltonian_local,4,2,2,6,8,4,35,2,0,1,RX,0,3,layer_000_wire_001_RX,0.08961551791581085,0.08961551791581085,False
random_bp,expectation_value,same_entangling_gate_count,smoke_random_parameter_bp,hea,RX_RY_RZ_CNOT,none,circular,cnot,hamiltonian_local,4,2,2,6,8,4,35,2,0,1,RY,1,4,layer_000_wire_001_RY,0.012704874175889107,0.012704874175889107,False
random_bp,expectation_value,same_entangling_gate_count,smoke_random_parameter_bp,hea,RX_RY_RZ_CNOT,none,circular,cnot,hamiltonian_local,4,2,2,6,8,4,35,2,0,1,RZ,2,5,layer_000_wire_001_RZ,-0.04602571670806112,0.04602571670806112,False
random_bp,expectation_value,same_entangling_gate_count,smoke_random_parameter_bp,hea,RX_RY_RZ_CNOT,none,circular,cnot,hamiltonian_local,4,2,2,6,8,4,35,2,0,2,RX,0,6,layer_000_wire_002_RX,-0.0063537812896282434,0.0063537812896282434,False
random_bp,expectation_value,same_entangling_gate_count,smoke_random_parameter_bp,hea,RX_RY_RZ_CNOT,none,circular,cnot,hamiltonian_local,4,2,2,6,8,4,35,2,0,2,RY,1,7,layer_000_wire_002_RY,-0.0002864533200678111,0.0002864533200678111,False
random_bp,expectation_value,same_entangling_gate_count,smoke_random_parameter_bp,hea,RX_RY_RZ_CNOT,none,circular,cnot,hamiltonian_local,4,2,2,6,8,4,35,2,0,2,RZ,2,8,layer_000_wire_002_RZ,-0.0015026497482470468,0.0015026497482470468,False
random_bp,expectation_value,same_entangling_gate_count,smoke_random_parameter_bp,hea,RX_RY_RZ_CNOT,none,circular,cnot,hamiltonian_local,4,2,2,6,8,4,35,2,0,3,RX,0,9,layer_000_wire_003_RX,-0.003415526962829759,0.003415526962829759,False
random_bp,expectation_value,same_entangling_gate_count,smoke_random_parameter_bp,hea,RX_RY_RZ_CNOT,none,circular,cnot,hamiltonian_local,4,2,2,6,8,4,35,2,0,3,RY,1,10,layer_000_wire_003_RY,-0.052581303996060876,0.052581303996060876,False
random_bp,expectation_value,same_entangling_gate_count,smoke_random_parameter_bp,hea,RX_RY_RZ_CNOT,none,circular,cnot,hamiltonian_local,4,2,2,6,8,4,35,2,0,3,RZ,2,11,layer_000_wire_003_RZ,-0.0726289176139068,0.0726289176139068,False
random_bp,expectation_value,same_entangling_gate_count,smoke_random_parameter_bp,hea,RX_RY_RZ_CNOT,none,circular,cnot,hamiltonian_local,4,2,2,6,8,4,35,2,1,0,RX,0,12,layer_001_wire_000_RX,0.020640865945262488,0.020640865945262488,False
random_bp,expectation_value,same_entangling_gate_count,smoke_random_parameter_bp,hea,RX_RY_RZ_CNOT,none,circular,cnot,hamiltonian_local,4,2,2,6,8,4,35,2,1,0,RY,1,13,layer_001_wire_000_RY,0.12821116026631954,0.12821116026631954,False
random_bp,expectation_value,same_entangling_gate_count,smoke_random_parameter_bp,hea,RX_RY_RZ_CNOT,none,circular,cnot,hamiltonian_local,4,2,2,6,8,4,35,2,1,0,RZ,2,14,layer_001_wire_000_RZ,-9.946776523315331e-18,9.946776523315331e-18,True
random_bp,expectation_value,same_entangling_gate_count,smoke_random_parameter_bp,hea,RX_RY_RZ_CNOT,none,circular,cnot,hamiltonian_local,4,2,2,6,8,4,35,2,1,1,RX,0,15,layer_001_wire_001_RX,9.540979117872439e-18,9.540979117872439e-18,True
random_bp,expectation_value,same_entangling_gate_count,smoke_random_parameter_bp,hea,RX_RY_RZ_CNOT,none,circular,cnot,hamiltonian_local,4,2,2,6,8,4,35,2,1,1,RY,1,16,layer_001_wire_001_RY,-5.637851296924623e-18,5.637851296924623e-18,True
random_bp,expectation_value,same_entangling_gate_count,smoke_random_parameter_bp,hea,RX_RY_RZ_CNOT,none,circular,cnot,hamiltonian_local,4,2,2,6,8,4,35,2,1,1,RZ,2,17,layer_001_wire_001_RZ,-1.817308011671e-17,1.817308011671e-17,True
random_bp,expectation_value,same_entangling_gate_count,smoke_random_parameter_bp,hea,RX_RY_RZ_CNOT,none,circular,cnot,hamiltonian_local,4,2,2,6,8,4,35,2,1,2,RX,0,18,layer_001_wire_002_RX,-0.030901286372159255,0.030901286372159255,False
random_bp,expectation_value,same_entangling_gate_count,smoke_random_parameter_bp,hea,RX_RY_RZ_CNOT,none,circular,cnot,hamiltonian_local,4,2,2,6,8,4,35,2,1,2,RY,1,19,layer_001_wire_002_RY,0.03584184672877506,0.03584184672877506,False
random_bp,expectation_value,same_entangling_gate_count,smoke_random_parameter_bp,hea,RX_RY_RZ_CNOT,none,circular,cnot,hamiltonian_local,4,2,2,6,8,4,35,2,1,2,RZ,2,20,layer_001_wire_002_RZ,-3.6573000870812797e-19,3.6573000870812797e-19,True
random_bp,expectation_value,same_entangling_gate_count,smoke_random_parameter_bp,hea,RX_RY_RZ_CNOT,none,circular,cnot,hamiltonian_local,4,2,2,6,8,4,35,2,1,3,RX,0,21,layer_001_wire_003_RX,-0.06881710736645197,0.06881710736645197,False
random_bp,expectation_value,same_entangling_gate_count,smoke_random_parameter_bp,hea,RX_RY_RZ_CNOT,none,circular,cnot,hamiltonian_local,4,2,2,6,8,4,35,2,1,3,RY,1,22,layer_001_wire_003_RY,-0.32556085689028885,0.32556085689028885,False
random_bp,expectation_value,same_entangling_gate_count,smoke_random_parameter_bp,hea,RX_RY_RZ_CNOT,none,circular,cnot,hamiltonian_local,4,2,2,6,8,4,35,2,1,3,RZ,2,23,layer_001_wire_003_RZ,-1.0260209540316864e-17,1.0260209540316864e-17,True
