benchmark_mode,objective_type,experiment_group,ansatz_type,gate_set,encoding_type,entanglement_topology,entangler_type,cost_type,n_qubits,reference_depth,depth,budget_normalization,layer_id,qubit_id,gate_type,axis_id,param_index,param_id,n_seeds,param_grad_mean,param_grad_variance_across_seeds,param_mean_abs_grad,param_near_zero_ratio
random_bp,expectation_value,pm_12q_bp_sweep,hea,RX_RY_RZ_CNOT,none,linear,cnot,local,12,1,1,same_entangling_gate_count,0,0,RX,0,0,layer_000_wire_000_RX,3,-0.0027956272157478586,6.485366943877442e-05,0.005878503704481915,0.0
random_bp,expectation_value,pm_12q_bp_sweep,hea,RX_RY_RZ_CNOT,none,linear,cnot,local,12,1,1,same_entangling_gate_count,0,0,RY,1,1,layer_000_wire_000_RY,3,0.019264796958801927,0.002698453284954386,0.032848323707100724,0.0
random_bp,expectation_value,pm_12q_bp_sweep,hea,RX_RY_RZ_CNOT,none,linear,cnot,local,12,1,1,same_entangling_gate_count,0,0,RZ,2,2,layer_000_wire_000_RZ,3,9.074966399258765e-19,6.926791465602203e-34,1.838485921017828e-17,1.0
random_bp,expectation_value,pm_12q_bp_sweep,hea,RX_RY_RZ_CNOT,none,linear,cnot,local,12,1,1,same_entangling_gate_count,0,1,RX,0,3,layer_000_wire_001_RX,3,0.00220769819614684,9.631092138794978e-06,0.0024182957992452923,0.0
random_bp,expectation_value,pm_12q_bp_sweep,hea,RX_RY_RZ_CNOT,none,linear,cnot,local,12,1,1,same_entangling_gate_count,0,1,RY,1,4,layer_000_wire_001_RY,3,0.01669596860552532,0.00046821135930113063,0.016695968605525323,0.0
random_bp,expectation_value,pm_12q_bp_sweep,hea,RX_RY_RZ_CNOT,none,linear,cnot,local,12,1,1,same_entangling_gate_count,0,1,RZ,2,5,layer_000_wire_001_RZ,3,-1.0467913601165727e-18,1.2270409670328553e-34,7.822824218280563e-18,1.0
random_bp,expectation_value,pm_12q_bp_sweep,hea,RX_RY_RZ_CNOT,none,linear,cnot,local,12,1,1,same_entangling_gate_count,0,2,RX,0,6,layer_000_wire_002_RX,3,-0.006729208299299262,0.00016612911115591972,0.007877569383254594,0.0
random_bp,expectation_value,pm_12q_bp_sweep,hea,RX_RY_RZ_CNOT,none,linear,cnot,local,12,1,1,same_entangling_gate_count,0,2,RY,1,7,layer_000_wire_002_RY,3,-0.003487867641306491,1.4469775332656157e-05,0.0036583905181272872,0.0
random_bp,expectation_value,pm_12q_bp_sweep,hea,RX_RY_RZ_CNOT,none,linear,cnot,local,12,1,1,same_entangling_gate_count,0,2,RZ,2,8,layer_000_wire_002_RZ,3,-5.233070038901253e-18,1.2045730490273898e-34,6.670296830008725e-18,1.0
random_bp,expectation_value,pm_12q_bp_sweep,hea,RX_RY_RZ_CNOT,none,linear,cnot,local,12,1,1,same_entangling_gate_count,0,3,RX,0,9,layer_000_wire_003_RX,3,0.00017409175301719577,4.053470888490347e-08,0.00017409175301719574,0.0
random_bp,expectation_value,pm_12q_bp_sweep,hea,RX_RY_RZ_CNOT,none,linear,cnot,local,12,1,1,same_entangling_gate_count,0,3,RY,1,10,layer_000_wire_003_RY,3,-0.0033530052739874014,3.9066215019723226e-05,0.0036925245635573653,0.0
random_bp,expectation_value,pm_12q_bp_sweep,hea,RX_RY_RZ_CNOT,none,linear,cnot,local,12,1,1,same_entangling_gate_count,0,3,RZ,2,11,layer_000_wire_003_RZ,3,-3.592192766019896e-18,3.119267076621985e-35,5.453335292281348e-18,1.0
random_bp,expectation_value,pm_12q_bp_sweep,hea,RX_RY_RZ_CNOT,none,linear,cnot,local,12,1,1,same_entangling_gate_count,0,4,RX,0,12,layer_000_wire_004_RX,3,3.2959602251987505e-05,3.6024388082633613e-09,4.5699954897212555e-05,0.0
random_bp,expectation_value,pm_12q_bp_sweep,hea,RX_RY_RZ_CNOT,none,linear,cnot,local,12,1,1,same_entangling_gate_count,0,4,RY,1,13,layer_000_wire_004_RY,3,3.4185979396238195e-05,2.2339317380057803e-09,4.5453621097134024e-05,0.0
random_bp,expectation_value,pm_12q_bp_sweep,hea,RX_RY_RZ_CNOT,none,linear,cnot,local,12,1,1,same_entangling_gate_count,0,4,RZ,2,14,layer_000_wire_004_RZ,3,-6.958681669451802e-18,1.3135596441734944e-34,6.958681669451802e-18,1.0
random_bp,expectation_value,pm_12q_bp_sweep,hea,RX_RY_RZ_CNOT,none,linear,cnot,local,12,1,1,same_entangling_gate_count,0,5,RX,0,15,layer_000_wire_005_RX,3,-3.598481085621649e-05,8.464599257402857e-10,3.598481085621649e-05,0.0
random_bp,expectation_value,pm_12q_bp_sweep,hea,RX_RY_RZ_CNOT,none,linear,cnot,local,12,1,1,same_entangling_gate_count,0,5,RY,1,16,layer_000_wire_005_RY,3,1.8171740685569975e-05,3.382595848694648e-11,1.8171740685569975e-05,0.0
random_bp,expectation_value,pm_12q_bp_sweep,hea,RX_RY_RZ_CNOT,none,linear,cnot,local,12,1,1,same_entangling_gate_count,0,5,RZ,2,17,layer_000_wire_005_RZ,3,-1.882503956532447e-18,1.769287243577128e-35,3.3329520823018735e-18,1.0
random_bp,expectation_value,pm_12q_bp_sweep,hea,RX_RY_RZ_CNOT,none,linear,cnot,local,12,1,1,same_entangling_gate_count,0,6,RX,0,18,layer_000_wire_006_RX,3,3.242239781705913e-08,5.7953077548208565e-11,5.505402379583156e-06,0.0
random_bp,expectation_value,pm_12q_bp_sweep,hea,RX_RY_RZ_CNOT,none,linear,cnot,local,12,1,1,same_entangling_gate_count,0,6,RY,1,19,layer_000_wire_006_RY,3,9.059501351215269e-06,9.170730585040937e-11,9.05950135121527e-06,0.0
random_bp,expectation_value,pm_12q_bp_sweep,hea,RX_RY_RZ_CNOT,none,linear,cnot,local,12,1,1,same_entangling_gate_count,0,6,RZ,2,20,layer_000_wire_006_RZ,3,-1.0781614966943744e-18,7.075621876506892e-36,2.3932997321551674e-18,1.0
random_bp,expectation_value,pm_12q_bp_sweep,hea,RX_RY_RZ_CNOT,none,linear,cnot,local,12,1,1,same_entangling_gate_count,0,7,RX,0,21,layer_000_wire_007_RX,3,5.184533861938534e-07,1.964401026522527e-12,1.0385607686724932e-06,0.6666666666666666
random_bp,expectation_value,pm_12q_bp_sweep,hea,RX_RY_RZ_CNOT,none,linear,cnot,local,12,1,1,same_entangling_gate_count,0,7,RY,1,22,layer_000_wire_007_RY,3,4.2813312743280446e-06,2.1031387407056132e-11,4.281331274328044e-06,0.3333333333333333
random_bp,expectation_value,pm_12q_bp_sweep,hea,RX_RY_RZ_CNOT,none,linear,cnot,local,12,1,1,same_entangling_gate_count,0,7,RZ,2,23,layer_000_wire_007_RZ,3,-4.7746083154610255e-18,4.7995644136067756e-36,4.7746083154610255e-18,1.0
random_bp,expectation_value,pm_12q_bp_sweep,hea,RX_RY_RZ_CNOT,none,linear,cnot,local,12,1,1,same_entangling_gate_count,0,8,RX,0,24,layer_000_wire_008_RX,3,-2.675872006850026e-06,2.46139476831157e-11,2.926262137594248e-06,0.6666666666666666
random_bp,expectation_value,pm_12q_bp_sweep,hea,RX_RY_RZ_CNOT,none,linear,cnot,local,12,1,1,same_entangling_gate_count,0,8,RY,1,25,layer_000_wire_008_RY,3,-7.625236316145648e-07,1.1575630282330026e-12,8.091209805615658e-07,0.6666666666666666
random_bp,expectation_value,pm_12q_bp_sweep,hea,RX_RY_RZ_CNOT,none,linear,cnot,local,12,1,1,same_entangling_gate_count,0,8,RZ,2,26,layer_000_wire_008_RZ,3,-2.7877712887791083e-18,9.123707440418484e-36,3.067771297499813e-18,1.0
random_bp,expectation_value,pm_12q_bp_sweep,hea,RX_RY_RZ_CNOT,none,linear,cnot,local,12,1,1,same_entangling_gate_count,0,9,RX,0,27,layer_000_wire_009_RX,3,-1.5300991679881709e-06,7.295998170909564e-12,1.5691775090795972e-06,0.6666666666666666
random_bp,expectation_value,pm_12q_bp_sweep,hea,RX_RY_RZ_CNOT,none,linear,cnot,local,12,1,1,same_entangling_gate_count,0,9,RY,1,28,layer_000_wire_009_RY,3,-8.19418819912781e-07,5.22418185509485e-13,8.194188199127809e-07,0.3333333333333333
random_bp,expectation_value,pm_12q_bp_sweep,hea,RX_RY_RZ_CNOT,none,linear,cnot,local,12,1,1,same_entangling_gate_count,0,9,RZ,2,29,layer_000_wire_009_RZ,3,3.527399553147098e-18,2.615601895624725e-35,4.539219496171368e-18,1.0
random_bp,expectation_value,pm_12q_bp_sweep,hea,RX_RY_RZ_CNOT,none,linear,cnot,local,12,1,1,same_entangling_gate_count,0,10,RX,0,30,layer_000_wire_010_RX,3,-3.2566435943272976e-07,1.1868768092489477e-13,3.2570957276812024e-07,1.0
random_bp,expectation_value,pm_12q_bp_sweep,hea,RX_RY_RZ_CNOT,none,linear,cnot,local,12,1,1,same_entangling_gate_count,0,10,RY,1,31,layer_000_wire_010_RY,3,9.661496182512686e-08,8.966873172766769e-15,9.661496182512685e-08,1.0
random_bp,expectation_value,pm_12q_bp_sweep,hea,RX_RY_RZ_CNOT,none,linear,cnot,local,12,1,1,same_entangling_gate_count,0,10,RZ,2,32,layer_000_wire_010_RZ,3,-3.0010049747709436e-17,2.185364356748485e-34,3.001004974770943e-17,1.0
random_bp,expectation_value,pm_12q_bp_sweep,hea,RX_RY_RZ_CNOT,none,linear,cnot,local,12,1,1,same_entangling_gate_count,0,11,RX,0,33,layer_000_wire_011_RX,3,-8.807176439248456e-08,7.087814657635964e-15,8.845381974742988e-08,1.0
random_bp,expectation_value,pm_12q_bp_sweep,hea,RX_RY_RZ_CNOT,none,linear,cnot,local,12,1,1,same_entangling_gate_count,0,11,RY,1,34,layer_000_wire_011_RY,3,5.024954656023822e-08,8.025062442679583e-15,5.220275451506013e-08,1.0
random_bp,expectation_value,pm_12q_bp_sweep,hea,RX_RY_RZ_CNOT,none,linear,cnot,local,12,1,1,same_entangling_gate_count,0,11,RZ,2,35,layer_000_wire_011_RZ,3,1.2091298841860702e-17,2.2560925398769643e-35,1.2091298841860703e-17,1.0
random_bp,expectation_value,pm_12q_bp_sweep,hea,RX_RY_RZ_CNOT,none,linear,cnot,global,12,1,1,same_entangling_gate_count,0,0,RX,0,0,layer_000_wire_000_RX,3,2.9438453616625862e-18,2.464044964098507e-35,2.97998543407877e-18,1.0
random_bp,expectation_value,pm_12q_bp_sweep,hea,RX_RY_RZ_CNOT,none,linear,cnot,global,12,1,1,same_entangling_gate_count,0,0,RY,1,1,layer_000_wire_000_RY,3,-5.6842969368657336e-18,1.417612639034876e-34,8.14182186116621e-18,1.0
random_bp,expectation_value,pm_12q_bp_sweep,hea,RX_RY_RZ_CNOT,none,linear,cnot,global,12,1,1,same_entangling_gate_count,0,0,RZ,2,2,layer_000_wire_000_RZ,3,9.69497996326702e-19,6.0112950218150316e-36,1.5449505859049683e-18,1.0
random_bp,expectation_value,pm_12q_bp_sweep,hea,RX_RY_RZ_CNOT,none,linear,cnot,global,12,1,1,same_entangling_gate_count,0,1,RX,0,3,layer_000_wire_001_RX,3,0.003653829286507275,4.113799107288995e-05,0.0037216832526073616,0.0
random_bp,expectation_value,pm_12q_bp_sweep,hea,RX_RY_RZ_CNOT,none,linear,cnot,global,12,1,1,same_entangling_gate_count,0,1,RY,1,4,layer_000_wire_001_RY,3,0.004899752461629474,4.292283890060754e-05,0.004899752461629474,0.0
random_bp,expectation_value,pm_12q_bp_sweep,hea,RX_RY_RZ_CNOT,none,linear,cnot,global,12,1,1,same_entangling_gate_count,0,1,RZ,2,5,layer_000_wire_001_RZ,3,4.406119037336335e-18,1.071548085332167e-34,6.448560100054458e-18,1.0
random_bp,expectation_value,pm_12q_bp_sweep,hea,RX_RY_RZ_CNOT,none,linear,cnot,global,12,1,1,same_entangling_gate_count,0,2,RX,0,6,layer_000_wire_002_RX,3,-2.851395244773726e-18,6.605859491324973e-36,2.8513952447737265e-18,1.0
random_bp,expectation_value,pm_12q_bp_sweep,hea,RX_RY_RZ_CNOT,none,linear,cnot,global,12,1,1,same_entangling_gate_count,0,2,RY,1,7,layer_000_wire_002_RY,3,-3.81037771322347e-18,1.1700551837038725e-34,8.400166910078772e-18,1.0
random_bp,expectation_value,pm_12q_bp_sweep,hea,RX_RY_RZ_CNOT,none,linear,cnot,global,12,1,1,same_entangling_gate_count,0,2,RZ,2,8,layer_000_wire_002_RZ,3,-3.025373970174601e-18,5.880192160055938e-35,4.846282646586709e-18,1.0
random_bp,expectation_value,pm_12q_bp_sweep,hea,RX_RY_RZ_CNOT,none,linear,cnot,global,12,1,1,same_entangling_gate_count,0,3,RX,0,9,layer_000_wire_003_RX,3,0.008744741258762036,0.00021856489326260885,0.008745985182437958,0.0
random_bp,expectation_value,pm_12q_bp_sweep,hea,RX_RY_RZ_CNOT,none,linear,cnot,global,12,1,1,same_entangling_gate_count,0,3,RY,1,10,layer_000_wire_003_RY,3,0.003236003822693395,1.1388127213723774e-05,0.003236003822693395,0.0
random_bp,expectation_value,pm_12q_bp_sweep,hea,RX_RY_RZ_CNOT,none,linear,cnot,global,12,1,1,same_entangling_gate_count,0,3,RZ,2,11,layer_000_wire_003_RZ,3,-8.034092661325011e-18,1.103360880386749e-34,8.03409266132501e-18,1.0
random_bp,expectation_value,pm_12q_bp_sweep,hea,RX_RY_RZ_CNOT,none,linear,cnot,global,12,1,1,same_entangling_gate_count,0,4,RX,0,12,layer_000_wire_004_RX,3,-1.4797665588532627e-18,3.098428262592443e-35,4.660092931477409e-18,1.0
random_bp,expectation_value,pm_12q_bp_sweep,hea,RX_RY_RZ_CNOT,none,linear,cnot,global,12,1,1,same_entangling_gate_count,0,4,RY,1,13,layer_000_wire_004_RY,3,-2.2852948916921023e-18,2.238874493005272e-35,3.965808259044634e-18,1.0
random_bp,expectation_value,pm_12q_bp_sweep,hea,RX_RY_RZ_CNOT,none,linear,cnot,global,12,1,1,same_entangling_gate_count,0,4,RZ,2,14,layer_000_wire_004_RZ,3,-3.0859980883339577e-18,5.190705920550149e-35,5.907010608060724e-18,1.0
random_bp,expectation_value,pm_12q_bp_sweep,hea,RX_RY_RZ_CNOT,none,linear,cnot,global,12,1,1,same_entangling_gate_count,0,5,RX,0,15,layer_000_wire_005_RX,3,0.005626988374446206,0.00013136526775802646,0.006917879839389805,0.0
random_bp,expectation_value,pm_12q_bp_sweep,hea,RX_RY_RZ_CNOT,none,linear,cnot,global,12,1,1,same_entangling_gate_count,0,5,RY,1,16,layer_000_wire_005_RY,3,-0.00080008050369057,5.884286166006639e-06,0.0015558193232310155,0.0
random_bp,expectation_value,pm_12q_bp_sweep,hea,RX_RY_RZ_CNOT,none,linear,cnot,global,12,1,1,same_entangling_gate_count,0,5,RZ,2,17,layer_000_wire_005_RZ,3,3.469238103111465e-18,1.0140672506955085e-34,6.560146083957911e-18,1.0
random_bp,expectation_value,pm_12q_bp_sweep,hea,RX_RY_RZ_CNOT,none,linear,cnot,global,12,1,1,same_entangling_gate_count,0,6,RX,0,18,layer_000_wire_006_RX,3,1.5938336624168417e-18,2.7405084085423377e-35,3.942938369468768e-18,1.0
random_bp,expectation_value,pm_12q_bp_sweep,hea,RX_RY_RZ_CNOT,none,linear,cnot,global,12,1,1,same_entangling_gate_count,0,6,RY,1,19,layer_000_wire_006_RY,3,-5.542136573884887e-18,6.20488847202816e-35,6.7274180114094045e-18,1.0
random_bp,expectation_value,pm_12q_bp_sweep,hea,RX_RY_RZ_CNOT,none,linear,cnot,global,12,1,1,same_entangling_gate_count,0,6,RZ,2,20,layer_000_wire_006_RZ,3,1.1587008442868628e-18,1.0960986759033795e-35,2.7226795355972834e-18,1.0
random_bp,expectation_value,pm_12q_bp_sweep,hea,RX_RY_RZ_CNOT,none,linear,cnot,global,12,1,1,same_entangling_gate_count,0,7,RX,0,21,layer_000_wire_007_RX,3,8.976529677914239e-05,1.156313700904424e-06,0.0007349855301301379,0.0
random_bp,expectation_value,pm_12q_bp_sweep,hea,RX_RY_RZ_CNOT,none,linear,cnot,global,12,1,1,same_entangling_gate_count,0,7,RY,1,22,layer_000_wire_007_RY,3,-0.0052055908502268156,5.65218798861203e-05,0.005206254501013849,0.3333333333333333
random_bp,expectation_value,pm_12q_bp_sweep,hea,RX_RY_RZ_CNOT,none,linear,cnot,global,12,1,1,same_entangling_gate_count,0,7,RZ,2,23,layer_000_wire_007_RZ,3,5.8604709295865414e-18,3.804659714154031e-35,5.8604709295865414e-18,1.0
random_bp,expectation_value,pm_12q_bp_sweep,hea,RX_RY_RZ_CNOT,none,linear,cnot,global,12,1,1,same_entangling_gate_count,0,8,RX,0,24,layer_000_wire_008_RX,3,7.069195805626514e-18,6.764296295501042e-35,7.069195805626515e-18,1.0
random_bp,expectation_value,pm_12q_bp_sweep,hea,RX_RY_RZ_CNOT,none,linear,cnot,global,12,1,1,same_entangling_gate_count,0,8,RY,1,25,layer_000_wire_008_RY,3,-1.5235299277947347e-18,3.52535385851202e-35,4.1866015139622554e-18,1.0
random_bp,expectation_value,pm_12q_bp_sweep,hea,RX_RY_RZ_CNOT,none,linear,cnot,global,12,1,1,same_entangling_gate_count,0,8,RZ,2,26,layer_000_wire_008_RZ,3,5.36057297251001e-19,7.540341521938043e-36,1.889396324354822e-18,1.0
random_bp,expectation_value,pm_12q_bp_sweep,hea,RX_RY_RZ_CNOT,none,linear,cnot,global,12,1,1,same_entangling_gate_count,0,9,RX,0,27,layer_000_wire_009_RX,3,0.015397904727192041,0.0007029643888039362,0.01539790472719204,0.0
random_bp,expectation_value,pm_12q_bp_sweep,hea,RX_RY_RZ_CNOT,none,linear,cnot,global,12,1,1,same_entangling_gate_count,0,9,RY,1,28,layer_000_wire_009_RY,3,0.0037503818720086924,7.32454398967918e-05,0.005280364382697688,0.0
random_bp,expectation_value,pm_12q_bp_sweep,hea,RX_RY_RZ_CNOT,none,linear,cnot,global,12,1,1,same_entangling_gate_count,0,9,RZ,2,29,layer_000_wire_009_RZ,3,1.0280971876954107e-18,6.912300751370102e-35,5.594487193818167e-18,1.0
random_bp,expectation_value,pm_12q_bp_sweep,hea,RX_RY_RZ_CNOT,none,linear,cnot,global,12,1,1,same_entangling_gate_count,0,10,RX,0,30,layer_000_wire_010_RX,3,3.4434712749044824e-18,1.6537774412921124e-36,3.4434712749044824e-18,1.0
random_bp,expectation_value,pm_12q_bp_sweep,hea,RX_RY_RZ_CNOT,none,linear,cnot,global,12,1,1,same_entangling_gate_count,0,10,RY,1,31,layer_000_wire_010_RY,3,2.4281611154623533e-20,1.0244582595759468e-34,7.541416673720788e-18,1.0
random_bp,expectation_value,pm_12q_bp_sweep,hea,RX_RY_RZ_CNOT,none,linear,cnot,global,12,1,1,same_entangling_gate_count,0,10,RZ,2,32,layer_000_wire_010_RZ,3,-3.6908946104826635e-19,3.126313421812141e-35,3.802479723264705e-18,1.0
random_bp,expectation_value,pm_12q_bp_sweep,hea,RX_RY_RZ_CNOT,none,linear,cnot,global,12,1,1,same_entangling_gate_count,0,11,RX,0,33,layer_000_wire_011_RX,3,-0.009642478615862446,0.0001534990175428914,0.009684499482255011,0.0
random_bp,expectation_value,pm_12q_bp_sweep,hea,RX_RY_RZ_CNOT,none,linear,cnot,global,12,1,1,same_entangling_gate_count,0,11,RY,1,34,layer_000_wire_011_RY,3,0.007185013480621503,0.00015847915495515328,0.007295730248079664,0.0
random_bp,expectation_value,pm_12q_bp_sweep,hea,RX_RY_RZ_CNOT,none,linear,cnot,global,12,1,1,same_entangling_gate_count,0,11,RZ,2,35,layer_000_wire_011_RZ,3,-1.2289633210941175e-17,4.6456833554697815e-34,1.3665723682054358e-17,1.0
random_bp,expectation_value,pm_12q_bp_sweep,hea,RX_RY_RZ_CNOT,none,linear,cnot,local,12,2,2,same_entangling_gate_count,0,0,RX,0,0,layer_000_wire_000_RX,3,0.0107573438636342,0.0008725526047188661,0.01908081071159723,0.0
random_bp,expectation_value,pm_12q_bp_sweep,hea,RX_RY_RZ_CNOT,none,linear,cnot,local,12,2,2,same_entangling_gate_count,0,0,RY,1,1,layer_000_wire_000_RY,3,0.0001174116241998346,0.00013595346543026938,0.008950639531135009,0.0
random_bp,expectation_value,pm_12q_bp_sweep,hea,RX_RY_RZ_CNOT,none,linear,cnot,local,12,2,2,same_entangling_gate_count,0,0,RZ,2,2,layer_000_wire_000_RZ,3,-0.00019109496095272727,9.589628699023604e-05,0.006771868130654868,0.0
random_bp,expectation_value,pm_12q_bp_sweep,hea,RX_RY_RZ_CNOT,none,linear,cnot,local,12,2,2,same_entangling_gate_count,0,1,RX,0,3,layer_000_wire_001_RX,3,-0.05349428719568767,0.008187109001272726,0.06756617773039751,0.0
random_bp,expectation_value,pm_12q_bp_sweep,hea,RX_RY_RZ_CNOT,none,linear,cnot,local,12,2,2,same_entangling_gate_count,0,1,RY,1,4,layer_000_wire_001_RY,3,-0.022786645264681597,0.005014203042841892,0.05787034735558758,0.0
random_bp,expectation_value,pm_12q_bp_sweep,hea,RX_RY_RZ_CNOT,none,linear,cnot,local,12,2,2,same_entangling_gate_count,0,1,RZ,2,5,layer_000_wire_001_RZ,3,0.04452650148561061,0.0075620967078228185,0.06462654923926922,0.0
random_bp,expectation_value,pm_12q_bp_sweep,hea,RX_RY_RZ_CNOT,none,linear,cnot,local,12,2,2,same_entangling_gate_count,0,2,RX,0,6,layer_000_wire_002_RX,3,0.00483117947137368,0.00015597487878397367,0.010951728208012388,0.0
random_bp,expectation_value,pm_12q_bp_sweep,hea,RX_RY_RZ_CNOT,none,linear,cnot,local,12,2,2,same_entangling_gate_count,0,2,RY,1,7,layer_000_wire_002_RY,3,0.009961133609735173,4.319613621662483e-05,0.009961133609735174,0.0
random_bp,expectation_value,pm_12q_bp_sweep,hea,RX_RY_RZ_CNOT,none,linear,cnot,local,12,2,2,same_entangling_gate_count,0,2,RZ,2,8,layer_000_wire_002_RZ,3,-0.01363131751212691,0.00022943757494856722,0.013631317512126909,0.0
random_bp,expectation_value,pm_12q_bp_sweep,hea,RX_RY_RZ_CNOT,none,linear,cnot,local,12,2,2,same_entangling_gate_count,0,3,RX,0,9,layer_000_wire_003_RX,3,-0.043776210348369315,0.003946293015996976,0.043776210348369336,0.0
random_bp,expectation_value,pm_12q_bp_sweep,hea,RX_RY_RZ_CNOT,none,linear,cnot,local,12,2,2,same_entangling_gate_count,0,3,RY,1,10,layer_000_wire_003_RY,3,0.004283226015185315,2.0437914420830252e-05,0.004791826791913101,0.0
random_bp,expectation_value,pm_12q_bp_sweep,hea,RX_RY_RZ_CNOT,none,linear,cnot,local,12,2,2,same_entangling_gate_count,0,3,RZ,2,11,layer_000_wire_003_RZ,3,0.046041107934367,0.0036782009240339244,0.046041107934367,0.0
random_bp,expectation_value,pm_12q_bp_sweep,hea,RX_RY_RZ_CNOT,none,linear,cnot,local,12,2,2,same_entangling_gate_count,0,4,RX,0,12,layer_000_wire_004_RX,3,0.011259762021629042,3.936690528631626e-05,0.011259762021629044,0.0
random_bp,expectation_value,pm_12q_bp_sweep,hea,RX_RY_RZ_CNOT,none,linear,cnot,local,12,2,2,same_entangling_gate_count,0,4,RY,1,13,layer_000_wire_004_RY,3,-0.005379534131656761,3.769107144020036e-05,0.005379534131656761,0.0
random_bp,expectation_value,pm_12q_bp_sweep,hea,RX_RY_RZ_CNOT,none,linear,cnot,local,12,2,2,same_entangling_gate_count,0,4,RZ,2,14,layer_000_wire_004_RZ,3,-0.005759174147713353,8.51969535584896e-05,0.007429936097520425,0.0
random_bp,expectation_value,pm_12q_bp_sweep,hea,RX_RY_RZ_CNOT,none,linear,cnot,local,12,2,2,same_entangling_gate_count,0,5,RX,0,15,layer_000_wire_005_RX,3,0.005247298557349147,4.09531412228386e-05,0.006164307770870511,0.0
random_bp,expectation_value,pm_12q_bp_sweep,hea,RX_RY_RZ_CNOT,none,linear,cnot,local,12,2,2,same_entangling_gate_count,0,5,RY,1,16,layer_000_wire_005_RY,3,0.003000326947921206,3.868114592900262e-05,0.005770016948624094,0.0
random_bp,expectation_value,pm_12q_bp_sweep,hea,RX_RY_RZ_CNOT,none,linear,cnot,local,12,2,2,same_entangling_gate_count,0,5,RZ,2,17,layer_000_wire_005_RZ,3,-0.002524617535750888,0.00017605442939282818,0.009369150756292204,0.0
random_bp,expectation_value,pm_12q_bp_sweep,hea,RX_RY_RZ_CNOT,none,linear,cnot,local,12,2,2,same_entangling_gate_count,0,6,RX,0,18,layer_000_wire_006_RX,3,-0.0014609873483953616,9.172147648272687e-06,0.0018410960634552356,0.0
random_bp,expectation_value,pm_12q_bp_sweep,hea,RX_RY_RZ_CNOT,none,linear,cnot,local,12,2,2,same_entangling_gate_count,0,6,RY,1,19,layer_000_wire_006_RY,3,0.0020966672551807957,1.3682750261900943e-05,0.002564194626427167,0.0
random_bp,expectation_value,pm_12q_bp_sweep,hea,RX_RY_RZ_CNOT,none,linear,cnot,local,12,2,2,same_entangling_gate_count,0,6,RZ,2,20,layer_000_wire_006_RZ,3,-0.006339408668208252,0.00013080764588746654,0.006755746606154024,0.0
random_bp,expectation_value,pm_12q_bp_sweep,hea,RX_RY_RZ_CNOT,none,linear,cnot,local,12,2,2,same_entangling_gate_count,0,7,RX,0,21,layer_000_wire_007_RX,3,0.0027626091047562445,5.2028504103167955e-06,0.0027626091047562445,0.0
random_bp,expectation_value,pm_12q_bp_sweep,hea,RX_RY_RZ_CNOT,none,linear,cnot,local,12,2,2,same_entangling_gate_count,0,7,RY,1,22,layer_000_wire_007_RY,3,0.0017449218769382854,6.4594603743903824e-06,0.0017449218769382856,0.0
random_bp,expectation_value,pm_12q_bp_sweep,hea,RX_RY_RZ_CNOT,none,linear,cnot,local,12,2,2,same_entangling_gate_count,0,7,RZ,2,23,layer_000_wire_007_RZ,3,-0.0012030224478666919,9.705607030279548e-07,0.0012030224478666919,0.0
random_bp,expectation_value,pm_12q_bp_sweep,hea,RX_RY_RZ_CNOT,none,linear,cnot,local,12,2,2,same_entangling_gate_count,0,8,RX,0,24,layer_000_wire_008_RX,3,0.002744423578227028,2.850741516146966e-05,0.0037185260943649427,0.0
random_bp,expectation_value,pm_12q_bp_sweep,hea,RX_RY_RZ_CNOT,none,linear,cnot,local,12,2,2,same_entangling_gate_count,0,8,RY,1,25,layer_000_wire_008_RY,3,0.0021864085782631005,4.022460972298562e-05,0.0040785076436345895,0.0
random_bp,expectation_value,pm_12q_bp_sweep,hea,RX_RY_RZ_CNOT,none,linear,cnot,local,12,2,2,same_entangling_gate_count,0,8,RZ,2,26,layer_000_wire_008_RZ,3,0.004180696458700301,4.799935933819066e-05,0.004873632582047469,0.0
random_bp,expectation_value,pm_12q_bp_sweep,hea,RX_RY_RZ_CNOT,none,linear,cnot,local,12,2,2,same_entangling_gate_count,0,9,RX,0,27,layer_000_wire_009_RX,3,0.004383469526296344,5.670648110737927e-05,0.004532796299358459,0.0
random_bp,expectation_value,pm_12q_bp_sweep,hea,RX_RY_RZ_CNOT,none,linear,cnot,local,12,2,2,same_entangling_gate_count,0,9,RY,1,28,layer_000_wire_009_RY,3,0.0015240694172902892,4.323775302221746e-06,0.001540534041556866,0.0
random_bp,expectation_value,pm_12q_bp_sweep,hea,RX_RY_RZ_CNOT,none,linear,cnot,local,12,2,2,same_entangling_gate_count,0,9,RZ,2,29,layer_000_wire_009_RZ,3,-0.004555565371885688,4.4670851894622706e-05,0.004673988135956898,0.0
random_bp,expectation_value,pm_12q_bp_sweep,hea,RX_RY_RZ_CNOT,none,linear,cnot,local,12,2,2,same_entangling_gate_count,0,10,RX,0,30,layer_000_wire_010_RX,3,0.004376467752712245,6.736971039694494e-05,0.004855870986790443,0.0
random_bp,expectation_value,pm_12q_bp_sweep,hea,RX_RY_RZ_CNOT,none,linear,cnot,local,12,2,2,same_entangling_gate_count,0,10,RY,1,31,layer_000_wire_010_RY,3,0.0015579374584483406,7.6046586503241366e-06,0.0016635486260836337,0.0
random_bp,expectation_value,pm_12q_bp_sweep,hea,RX_RY_RZ_CNOT,none,linear,cnot,local,12,2,2,same_entangling_gate_count,0,10,RZ,2,32,layer_000_wire_010_RZ,3,0.006187741775956712,0.00010157617207458676,0.006226437062092719,0.0
random_bp,expectation_value,pm_12q_bp_sweep,hea,RX_RY_RZ_CNOT,none,linear,cnot,local,12,2,2,same_entangling_gate_count,0,11,RX,0,33,layer_000_wire_011_RX,3,0.0025070552231939392,1.8246742181077132e-05,0.0025195814950962625,0.0
random_bp,expectation_value,pm_12q_bp_sweep,hea,RX_RY_RZ_CNOT,none,linear,cnot,local,12,2,2,same_entangling_gate_count,0,11,RY,1,34,layer_000_wire_011_RY,3,-0.00021036185015545794,6.536048909193452e-08,0.00021036185015545794,0.3333333333333333
random_bp,expectation_value,pm_12q_bp_sweep,hea,RX_RY_RZ_CNOT,none,linear,cnot,local,12,2,2,same_entangling_gate_count,0,11,RZ,2,35,layer_000_wire_011_RZ,3,-0.0012763444330786558,5.0794215839666925e-06,0.0013094701842627165,0.0
random_bp,expectation_value,pm_12q_bp_sweep,hea,RX_RY_RZ_CNOT,none,linear,cnot,local,12,2,2,same_entangling_gate_count,1,0,RX,0,36,layer_001_wire_000_RX,3,-0.004317346757798986,4.348886544823653e-05,0.005912838044720179,0.0
random_bp,expectation_value,pm_12q_bp_sweep,hea,RX_RY_RZ_CNOT,none,linear,cnot,local,12,2,2,same_entangling_gate_count,1,0,RY,1,37,layer_001_wire_000_RY,3,-0.08366994043037437,0.006173365349341922,0.08368309906724636,0.0
random_bp,expectation_value,pm_12q_bp_sweep,hea,RX_RY_RZ_CNOT,none,linear,cnot,local,12,2,2,same_entangling_gate_count,1,0,RZ,2,38,layer_001_wire_000_RZ,3,-5.929366161314658e-18,5.423289046201058e-34,1.730713415329047e-17,1.0
random_bp,expectation_value,pm_12q_bp_sweep,hea,RX_RY_RZ_CNOT,none,linear,cnot,local,12,2,2,same_entangling_gate_count,1,1,RX,0,39,layer_001_wire_001_RX,3,0.0064678836579956205,0.0042716827427875595,0.04987569312347561,0.0
random_bp,expectation_value,pm_12q_bp_sweep,hea,RX_RY_RZ_CNOT,none,linear,cnot,local,12,2,2,same_entangling_gate_count,1,1,RY,1,40,layer_001_wire_001_RY,3,0.0622336307692297,0.0019863575963658393,0.0622336307692297,0.0
random_bp,expectation_value,pm_12q_bp_sweep,hea,RX_RY_RZ_CNOT,none,linear,cnot,local,12,2,2,same_entangling_gate_count,1,1,RZ,2,41,layer_001_wire_001_RZ,3,-2.772041819227569e-17,4.562632764401658e-34,2.7720418192275693e-17,1.0
random_bp,expectation_value,pm_12q_bp_sweep,hea,RX_RY_RZ_CNOT,none,linear,cnot,local,12,2,2,same_entangling_gate_count,1,2,RX,0,42,layer_001_wire_002_RX,3,0.002122588820612598,1.4730676348165333e-05,0.0035437776988731747,0.0
random_bp,expectation_value,pm_12q_bp_sweep,hea,RX_RY_RZ_CNOT,none,linear,cnot,local,12,2,2,same_entangling_gate_count,1,2,RY,1,43,layer_001_wire_002_RY,3,-0.008420682694217899,0.000715237147794629,0.02034955402718726,0.0
random_bp,expectation_value,pm_12q_bp_sweep,hea,RX_RY_RZ_CNOT,none,linear,cnot,local,12,2,2,same_entangling_gate_count,1,2,RZ,2,44,layer_001_wire_002_RZ,3,-2.7101328458280316e-17,6.001861885668118e-35,2.7101328458280316e-17,1.0
random_bp,expectation_value,pm_12q_bp_sweep,hea,RX_RY_RZ_CNOT,none,linear,cnot,local,12,2,2,same_entangling_gate_count,1,3,RX,0,45,layer_001_wire_003_RX,3,0.0022542272518231974,2.6143570124267807e-05,0.0036663924811847896,0.0
random_bp,expectation_value,pm_12q_bp_sweep,hea,RX_RY_RZ_CNOT,none,linear,cnot,local,12,2,2,same_entangling_gate_count,1,3,RY,1,46,layer_001_wire_003_RY,3,0.04912238711202767,0.007837600499358447,0.05572592516563422,0.0
random_bp,expectation_value,pm_12q_bp_sweep,hea,RX_RY_RZ_CNOT,none,linear,cnot,local,12,2,2,same_entangling_gate_count,1,3,RZ,2,47,layer_001_wire_003_RZ,3,2.861478908697203e-17,4.854909329449122e-34,2.8614789086972023e-17,1.0
random_bp,expectation_value,pm_12q_bp_sweep,hea,RX_RY_RZ_CNOT,none,linear,cnot,local,12,2,2,same_entangling_gate_count,1,4,RX,0,48,layer_001_wire_004_RX,3,0.004575632337429332,7.437562803421183e-06,0.004575632337429332,0.0
random_bp,expectation_value,pm_12q_bp_sweep,hea,RX_RY_RZ_CNOT,none,linear,cnot,local,12,2,2,same_entangling_gate_count,1,4,RY,1,49,layer_001_wire_004_RY,3,0.0013887053936574186,1.053483957718482e-05,0.0029148803120640754,0.0
random_bp,expectation_value,pm_12q_bp_sweep,hea,RX_RY_RZ_CNOT,none,linear,cnot,local,12,2,2,same_entangling_gate_count,1,4,RZ,2,50,layer_001_wire_004_RZ,3,-1.0130888988634115e-17,2.5763953576312143e-34,1.3274741173039361e-17,1.0
random_bp,expectation_value,pm_12q_bp_sweep,hea,RX_RY_RZ_CNOT,none,linear,cnot,local,12,2,2,same_entangling_gate_count,1,5,RX,0,51,layer_001_wire_005_RX,3,0.001996664913838167,4.0859763490748064e-05,0.004254825698562832,0.0
random_bp,expectation_value,pm_12q_bp_sweep,hea,RX_RY_RZ_CNOT,none,linear,cnot,local,12,2,2,same_entangling_gate_count,1,5,RY,1,52,layer_001_wire_005_RY,3,0.0023495860703332274,3.441401712631965e-05,0.005112526192561948,0.0
random_bp,expectation_value,pm_12q_bp_sweep,hea,RX_RY_RZ_CNOT,none,linear,cnot,local,12,2,2,same_entangling_gate_count,1,5,RZ,2,53,layer_001_wire_005_RZ,3,-9.112446618659366e-19,6.197691314540936e-35,5.7529819678142845e-18,1.0
random_bp,expectation_value,pm_12q_bp_sweep,hea,RX_RY_RZ_CNOT,none,linear,cnot,local,12,2,2,same_entangling_gate_count,1,6,RX,0,54,layer_001_wire_006_RX,3,0.0028369291019650265,1.1392252610959558e-06,0.0028369291019650265,0.0
random_bp,expectation_value,pm_12q_bp_sweep,hea,RX_RY_RZ_CNOT,none,linear,cnot,local,12,2,2,same_entangling_gate_count,1,6,RY,1,55,layer_001_wire_006_RY,3,0.0002688194595483904,8.680525096588972e-06,0.0020675993969980987,0.0
random_bp,expectation_value,pm_12q_bp_sweep,hea,RX_RY_RZ_CNOT,none,linear,cnot,local,12,2,2,same_entangling_gate_count,1,6,RZ,2,56,layer_001_wire_006_RZ,3,-3.387106069530922e-18,1.3745572001989951e-34,9.890634123012636e-18,1.0
random_bp,expectation_value,pm_12q_bp_sweep,hea,RX_RY_RZ_CNOT,none,linear,cnot,local,12,2,2,same_entangling_gate_count,1,7,RX,0,57,layer_001_wire_007_RX,3,0.0017655429141511154,1.0312490532468313e-06,0.0017655429141511154,0.0
random_bp,expectation_value,pm_12q_bp_sweep,hea,RX_RY_RZ_CNOT,none,linear,cnot,local,12,2,2,same_entangling_gate_count,1,7,RY,1,58,layer_001_wire_007_RY,3,0.002432488472838435,5.64870218594696e-06,0.0025973906909401907,0.0
random_bp,expectation_value,pm_12q_bp_sweep,hea,RX_RY_RZ_CNOT,none,linear,cnot,local,12,2,2,same_entangling_gate_count,1,7,RZ,2,59,layer_001_wire_007_RZ,3,-1.922011246459656e-19,1.082486591566683e-34,7.784496486813252e-18,1.0
random_bp,expectation_value,pm_12q_bp_sweep,hea,RX_RY_RZ_CNOT,none,linear,cnot,local,12,2,2,same_entangling_gate_count,1,8,RX,0,60,layer_001_wire_008_RX,3,-4.663175274669418e-06,1.9578203451810945e-06,0.0010746189891171394,0.0
random_bp,expectation_value,pm_12q_bp_sweep,hea,RX_RY_RZ_CNOT,none,linear,cnot,local,12,2,2,same_entangling_gate_count,1,8,RY,1,61,layer_001_wire_008_RY,3,-0.0027213743569812535,2.0017491261634686e-05,0.0032275355849809353,0.0
random_bp,expectation_value,pm_12q_bp_sweep,hea,RX_RY_RZ_CNOT,none,linear,cnot,local,12,2,2,same_entangling_gate_count,1,8,RZ,2,62,layer_001_wire_008_RZ,3,-4.696142010933773e-18,3.949823534229138e-35,5.911601622003645e-18,1.0
random_bp,expectation_value,pm_12q_bp_sweep,hea,RX_RY_RZ_CNOT,none,linear,cnot,local,12,2,2,same_entangling_gate_count,1,9,RX,0,63,layer_001_wire_009_RX,3,-0.0017603159967670874,2.238883322358054e-06,0.0017603159967670874,0.0
random_bp,expectation_value,pm_12q_bp_sweep,hea,RX_RY_RZ_CNOT,none,linear,cnot,local,12,2,2,same_entangling_gate_count,1,9,RY,1,64,layer_001_wire_009_RY,3,-0.004961295726250893,4.8659513240310246e-05,0.005128548651580912,0.0
random_bp,expectation_value,pm_12q_bp_sweep,hea,RX_RY_RZ_CNOT,none,linear,cnot,local,12,2,2,same_entangling_gate_count,1,9,RZ,2,65,layer_001_wire_009_RZ,3,2.319980431996938e-17,5.660364289135455e-33,5.714066989283575e-17,1.0
random_bp,expectation_value,pm_12q_bp_sweep,hea,RX_RY_RZ_CNOT,none,linear,cnot,local,12,2,2,same_entangling_gate_count,1,10,RX,0,66,layer_001_wire_010_RX,3,-0.0013773872801545219,4.667913002859912e-06,0.0013773872801545219,0.0
random_bp,expectation_value,pm_12q_bp_sweep,hea,RX_RY_RZ_CNOT,none,linear,cnot,local,12,2,2,same_entangling_gate_count,1,10,RY,1,67,layer_001_wire_010_RY,3,0.009098838999717552,0.0002490805499409545,0.009188436574491577,0.0
random_bp,expectation_value,pm_12q_bp_sweep,hea,RX_RY_RZ_CNOT,none,linear,cnot,local,12,2,2,same_entangling_gate_count,1,10,RZ,2,68,layer_001_wire_010_RZ,3,1.9472420180788974e-17,1.3034827080995743e-33,2.128259620066789e-17,1.0
random_bp,expectation_value,pm_12q_bp_sweep,hea,RX_RY_RZ_CNOT,none,linear,cnot,local,12,2,2,same_entangling_gate_count,1,11,RX,0,69,layer_001_wire_011_RX,3,0.0007354967601500857,1.3861818827908487e-06,0.0007354967601500857,0.0
random_bp,expectation_value,pm_12q_bp_sweep,hea,RX_RY_RZ_CNOT,none,linear,cnot,local,12,2,2,same_entangling_gate_count,1,11,RY,1,70,layer_001_wire_011_RY,3,-0.00040013757968423,2.3680960437129322e-07,0.00040013757968422993,0.0
random_bp,expectation_value,pm_12q_bp_sweep,hea,RX_RY_RZ_CNOT,none,linear,cnot,local,12,2,2,same_entangling_gate_count,1,11,RZ,2,71,layer_001_wire_011_RZ,3,-1.5658189177961766e-17,2.2674182950063172e-34,1.5962107657796107e-17,1.0
random_bp,expectation_value,pm_12q_bp_sweep,hea,RX_RY_RZ_CNOT,none,linear,cnot,global,12,2,2,same_entangling_gate_count,0,0,RX,0,0,layer_000_wire_000_RX,3,0.00010332284483546527,4.4320926762497484e-08,0.00012761044042684084,0.0
random_bp,expectation_value,pm_12q_bp_sweep,hea,RX_RY_RZ_CNOT,none,linear,cnot,global,12,2,2,same_entangling_gate_count,0,0,RY,1,1,layer_000_wire_000_RY,3,-0.000773469174328769,1.945945304693966e-06,0.00081886426980444,0.0
random_bp,expectation_value,pm_12q_bp_sweep,hea,RX_RY_RZ_CNOT,none,linear,cnot,global,12,2,2,same_entangling_gate_count,0,0,RZ,2,2,layer_000_wire_000_RZ,3,-8.346800015210991e-19,1.4696326284928459e-34,8.721739413018504e-18,1.0
random_bp,expectation_value,pm_12q_bp_sweep,hea,RX_RY_RZ_CNOT,none,linear,cnot,global,12,2,2,same_entangling_gate_count,0,1,RX,0,3,layer_000_wire_001_RX,3,-0.0005270327202900194,1.2040012517951054e-06,0.0007135664004003531,0.0
random_bp,expectation_value,pm_12q_bp_sweep,hea,RX_RY_RZ_CNOT,none,linear,cnot,global,12,2,2,same_entangling_gate_count,0,1,RY,1,4,layer_000_wire_001_RY,3,-0.00024620398922402703,4.909245303840497e-07,0.000448879070887163,0.0
random_bp,expectation_value,pm_12q_bp_sweep,hea,RX_RY_RZ_CNOT,none,linear,cnot,global,12,2,2,same_entangling_gate_count,0,1,RZ,2,5,layer_000_wire_001_RZ,3,0.0006485989566104122,8.050233964140279e-07,0.0006485989566104121,0.0
random_bp,expectation_value,pm_12q_bp_sweep,hea,RX_RY_RZ_CNOT,none,linear,cnot,global,12,2,2,same_entangling_gate_count,0,2,RX,0,6,layer_000_wire_002_RX,3,-0.0001740567026399587,2.0526437393941185e-07,0.0003318028057079437,0.0
random_bp,expectation_value,pm_12q_bp_sweep,hea,RX_RY_RZ_CNOT,none,linear,cnot,global,12,2,2,same_entangling_gate_count,0,2,RY,1,7,layer_000_wire_002_RY,3,-2.7756900114496454e-05,3.112957521868653e-08,0.00012608524725345988,0.0
random_bp,expectation_value,pm_12q_bp_sweep,hea,RX_RY_RZ_CNOT,none,linear,cnot,global,12,2,2,same_entangling_gate_count,0,2,RZ,2,8,layer_000_wire_002_RZ,3,0.00038246417597140325,1.0776778081309852e-07,0.0003824641759714033,0.0
random_bp,expectation_value,pm_12q_bp_sweep,hea,RX_RY_RZ_CNOT,none,linear,cnot,global,12,2,2,same_entangling_gate_count,0,3,RX,0,9,layer_000_wire_003_RX,3,-0.0003130164819859757,6.908104720904321e-07,0.0005345166162225847,0.0
random_bp,expectation_value,pm_12q_bp_sweep,hea,RX_RY_RZ_CNOT,none,linear,cnot,global,12,2,2,same_entangling_gate_count,0,3,RY,1,10,layer_000_wire_003_RY,3,-0.00025908957474719504,2.5615675657749486e-07,0.00039503569924769855,0.0
random_bp,expectation_value,pm_12q_bp_sweep,hea,RX_RY_RZ_CNOT,none,linear,cnot,global,12,2,2,same_entangling_gate_count,0,3,RZ,2,11,layer_000_wire_003_RZ,3,0.00011389404421626261,3.7057658159016244e-07,0.0004093131331281283,0.0
random_bp,expectation_value,pm_12q_bp_sweep,hea,RX_RY_RZ_CNOT,none,linear,cnot,global,12,2,2,same_entangling_gate_count,0,4,RX,0,12,layer_000_wire_004_RX,3,5.59214587539634e-05,6.156746264361889e-07,0.0005740537157887652,0.0
random_bp,expectation_value,pm_12q_bp_sweep,hea,RX_RY_RZ_CNOT,none,linear,cnot,global,12,2,2,same_entangling_gate_count,0,4,RY,1,13,layer_000_wire_004_RY,3,0.0010208912638220505,2.9563715536144112e-06,0.0013931417049181556,0.0
random_bp,expectation_value,pm_12q_bp_sweep,hea,RX_RY_RZ_CNOT,none,linear,cnot,global,12,2,2,same_entangling_gate_count,0,4,RZ,2,14,layer_000_wire_004_RZ,3,0.0004946068106106856,8.23902972556465e-08,0.0004946068106106858,0.0
random_bp,expectation_value,pm_12q_bp_sweep,hea,RX_RY_RZ_CNOT,none,linear,cnot,global,12,2,2,same_entangling_gate_count,0,5,RX,0,15,layer_000_wire_005_RX,3,-0.0006444412301251259,5.462962967463842e-07,0.0007820076065459706,0.0
random_bp,expectation_value,pm_12q_bp_sweep,hea,RX_RY_RZ_CNOT,none,linear,cnot,global,12,2,2,same_entangling_gate_count,0,5,RY,1,16,layer_000_wire_005_RY,3,1.2409486105724503e-05,3.1379295977727824e-07,0.00042956576822106036,0.0
random_bp,expectation_value,pm_12q_bp_sweep,hea,RX_RY_RZ_CNOT,none,linear,cnot,global,12,2,2,same_entangling_gate_count,0,5,RZ,2,17,layer_000_wire_005_RZ,3,0.00015232227570909058,1.725737595036517e-06,0.0009573927302488463,0.0
random_bp,expectation_value,pm_12q_bp_sweep,hea,RX_RY_RZ_CNOT,none,linear,cnot,global,12,2,2,same_entangling_gate_count,0,6,RX,0,18,layer_000_wire_006_RX,3,-9.839142469396827e-06,3.4630714811593232e-06,0.0012643813099560322,0.0
random_bp,expectation_value,pm_12q_bp_sweep,hea,RX_RY_RZ_CNOT,none,linear,cnot,global,12,2,2,same_entangling_gate_count,0,6,RY,1,19,layer_000_wire_006_RY,3,-0.0003825068315945512,6.827407181055927e-07,0.0005520499559871984,0.0
random_bp,expectation_value,pm_12q_bp_sweep,hea,RX_RY_RZ_CNOT,none,linear,cnot,global,12,2,2,same_entangling_gate_count,0,6,RZ,2,20,layer_000_wire_006_RZ,3,0.0008799896209018235,1.0607714793235e-05,0.002116610851152211,0.0
random_bp,expectation_value,pm_12q_bp_sweep,hea,RX_RY_RZ_CNOT,none,linear,cnot,global,12,2,2,same_entangling_gate_count,0,7,RX,0,21,layer_000_wire_007_RX,3,0.00021225899119315576,6.885774163086555e-07,0.000549446336590421,0.0
random_bp,expectation_value,pm_12q_bp_sweep,hea,RX_RY_RZ_CNOT,none,linear,cnot,global,12,2,2,same_entangling_gate_count,0,7,RY,1,22,layer_000_wire_007_RY,3,-5.6574345650296855e-05,5.803884761397427e-10,5.657434565029685e-05,0.0
random_bp,expectation_value,pm_12q_bp_sweep,hea,RX_RY_RZ_CNOT,none,linear,cnot,global,12,2,2,same_entangling_gate_count,0,7,RZ,2,23,layer_000_wire_007_RZ,3,-0.0001324170803636436,5.935192984793118e-07,0.0005488781898644843,0.0
random_bp,expectation_value,pm_12q_bp_sweep,hea,RX_RY_RZ_CNOT,none,linear,cnot,global,12,2,2,same_entangling_gate_count,0,8,RX,0,24,layer_000_wire_008_RX,3,-0.0008558457839293332,5.250506980207909e-07,0.0008558457839293333,0.0
random_bp,expectation_value,pm_12q_bp_sweep,hea,RX_RY_RZ_CNOT,none,linear,cnot,global,12,2,2,same_entangling_gate_count,0,8,RY,1,25,layer_000_wire_008_RY,3,-0.0004302095121354445,1.2255605155535167e-06,0.0006975131792250557,0.0
random_bp,expectation_value,pm_12q_bp_sweep,hea,RX_RY_RZ_CNOT,none,linear,cnot,global,12,2,2,same_entangling_gate_count,0,8,RZ,2,26,layer_000_wire_008_RZ,3,-0.00027726384478737225,2.598172542094322e-06,0.0010751707039192752,0.0
random_bp,expectation_value,pm_12q_bp_sweep,hea,RX_RY_RZ_CNOT,none,linear,cnot,global,12,2,2,same_entangling_gate_count,0,9,RX,0,27,layer_000_wire_009_RX,3,0.0012564268617178526,3.443415888206365e-06,0.0012564268617178528,0.0
random_bp,expectation_value,pm_12q_bp_sweep,hea,RX_RY_RZ_CNOT,none,linear,cnot,global,12,2,2,same_entangling_gate_count,0,9,RY,1,28,layer_000_wire_009_RY,3,1.5444899241177516e-05,2.6371240722428533e-09,3.437006408325486e-05,0.0
random_bp,expectation_value,pm_12q_bp_sweep,hea,RX_RY_RZ_CNOT,none,linear,cnot,global,12,2,2,same_entangling_gate_count,0,9,RZ,2,29,layer_000_wire_009_RZ,3,-0.000846716267259702,3.921110071374731e-06,0.0012303753417109147,0.0
random_bp,expectation_value,pm_12q_bp_sweep,hea,RX_RY_RZ_CNOT,none,linear,cnot,global,12,2,2,same_entangling_gate_count,0,10,RX,0,30,layer_000_wire_010_RX,3,0.0005858357671830197,9.956867114879588e-07,0.0006921806481306816,0.0
random_bp,expectation_value,pm_12q_bp_sweep,hea,RX_RY_RZ_CNOT,none,linear,cnot,global,12,2,2,same_entangling_gate_count,0,10,RY,1,31,layer_000_wire_010_RY,3,0.0004147014409676209,1.5507110558082127e-07,0.00044096875600417525,0.0
random_bp,expectation_value,pm_12q_bp_sweep,hea,RX_RY_RZ_CNOT,none,linear,cnot,global,12,2,2,same_entangling_gate_count,0,10,RZ,2,32,layer_000_wire_010_RZ,3,0.000693712134355711,1.8765483558773291e-06,0.0008222856599620081,0.0
random_bp,expectation_value,pm_12q_bp_sweep,hea,RX_RY_RZ_CNOT,none,linear,cnot,global,12,2,2,same_entangling_gate_count,0,11,RX,0,33,layer_000_wire_011_RX,3,-3.687839729874361e-05,4.96338123681947e-07,0.0004750571018403529,0.0
random_bp,expectation_value,pm_12q_bp_sweep,hea,RX_RY_RZ_CNOT,none,linear,cnot,global,12,2,2,same_entangling_gate_count,0,11,RY,1,34,layer_000_wire_011_RY,3,-0.00010761931245274109,3.8166143642634753e-08,0.00013504384507826044,0.0
random_bp,expectation_value,pm_12q_bp_sweep,hea,RX_RY_RZ_CNOT,none,linear,cnot,global,12,2,2,same_entangling_gate_count,0,11,RZ,2,35,layer_000_wire_011_RZ,3,-0.0006600544760543565,7.77688292712608e-07,0.0006600544760543564,0.0
random_bp,expectation_value,pm_12q_bp_sweep,hea,RX_RY_RZ_CNOT,none,linear,cnot,global,12,2,2,same_entangling_gate_count,1,0,RX,0,36,layer_001_wire_000_RX,3,-5.369483024802886e-19,8.224420426337059e-36,2.069654420536945e-18,1.0
random_bp,expectation_value,pm_12q_bp_sweep,hea,RX_RY_RZ_CNOT,none,linear,cnot,global,12,2,2,same_entangling_gate_count,1,0,RY,1,37,layer_001_wire_000_RY,3,5.404070203482436e-19,1.5406868108723044e-36,9.59405984923371e-19,1.0
random_bp,expectation_value,pm_12q_bp_sweep,hea,RX_RY_RZ_CNOT,none,linear,cnot,global,12,2,2,same_entangling_gate_count,1,0,RZ,2,38,layer_001_wire_000_RZ,3,5.887312989541924e-18,1.3610617876670246e-34,7.016761505196506e-18,1.0
random_bp,expectation_value,pm_12q_bp_sweep,hea,RX_RY_RZ_CNOT,none,linear,cnot,global,12,2,2,same_entangling_gate_count,1,1,RX,0,39,layer_001_wire_001_RX,3,4.4799321062803137e-05,3.891858226380256e-09,4.479932106280314e-05,0.0
random_bp,expectation_value,pm_12q_bp_sweep,hea,RX_RY_RZ_CNOT,none,linear,cnot,global,12,2,2,same_entangling_gate_count,1,1,RY,1,40,layer_001_wire_001_RY,3,0.0012903061769868002,5.340357608302502e-06,0.001418059171030628,0.0
random_bp,expectation_value,pm_12q_bp_sweep,hea,RX_RY_RZ_CNOT,none,linear,cnot,global,12,2,2,same_entangling_gate_count,1,1,RZ,2,41,layer_001_wire_001_RZ,3,-4.5991341853477415e-18,1.0579354220393302e-36,4.5991341853477415e-18,1.0
random_bp,expectation_value,pm_12q_bp_sweep,hea,RX_RY_RZ_CNOT,none,linear,cnot,global,12,2,2,same_entangling_gate_count,1,2,RX,0,42,layer_001_wire_002_RX,3,-1.4907779871675686e-18,1.4133115516730215e-35,2.791820594150174e-18,1.0
random_bp,expectation_value,pm_12q_bp_sweep,hea,RX_RY_RZ_CNOT,none,linear,cnot,global,12,2,2,same_entangling_gate_count,1,2,RY,1,43,layer_001_wire_002_RY,3,-7.694914925631027e-18,1.0151286508485686e-34,8.34543622912233e-18,1.0
random_bp,expectation_value,pm_12q_bp_sweep,hea,RX_RY_RZ_CNOT,none,linear,cnot,global,12,2,2,same_entangling_gate_count,1,2,RZ,2,44,layer_001_wire_002_RZ,3,-6.178594750660527e-18,1.5167105271698648e-34,8.421552538246877e-18,1.0
random_bp,expectation_value,pm_12q_bp_sweep,hea,RX_RY_RZ_CNOT,none,linear,cnot,global,12,2,2,same_entangling_gate_count,1,3,RX,0,45,layer_001_wire_003_RX,3,3.659709016315421e-05,9.785496387772149e-07,0.000667404266846648,0.0
random_bp,expectation_value,pm_12q_bp_sweep,hea,RX_RY_RZ_CNOT,none,linear,cnot,global,12,2,2,same_entangling_gate_count,1,3,RY,1,46,layer_001_wire_003_RY,3,-0.0016373471842715038,5.916119892009742e-07,0.0016373471842715036,0.0
random_bp,expectation_value,pm_12q_bp_sweep,hea,RX_RY_RZ_CNOT,none,linear,cnot,global,12,2,2,same_entangling_gate_count,1,3,RZ,2,47,layer_001_wire_003_RZ,3,-2.2339038494732203e-18,5.072531312800192e-35,4.5948041845350615e-18,1.0
random_bp,expectation_value,pm_12q_bp_sweep,hea,RX_RY_RZ_CNOT,none,linear,cnot,global,12,2,2,same_entangling_gate_count,1,4,RX,0,48,layer_001_wire_004_RX,3,-3.730897788339442e-18,2.69215307375868e-35,4.489839309079295e-18,1.0
random_bp,expectation_value,pm_12q_bp_sweep,hea,RX_RY_RZ_CNOT,none,linear,cnot,global,12,2,2,same_entangling_gate_count,1,4,RY,1,49,layer_001_wire_004_RY,3,4.226976751114711e-18,2.817800605940009e-35,4.753831244306885e-18,1.0
random_bp,expectation_value,pm_12q_bp_sweep,hea,RX_RY_RZ_CNOT,none,linear,cnot,global,12,2,2,same_entangling_gate_count,1,4,RZ,2,50,layer_001_wire_004_RZ,3,6.379348445025319e-20,1.6602889264797206e-34,8.987085089199028e-18,1.0
random_bp,expectation_value,pm_12q_bp_sweep,hea,RX_RY_RZ_CNOT,none,linear,cnot,global,12,2,2,same_entangling_gate_count,1,5,RX,0,51,layer_001_wire_005_RX,3,-0.00012079380419324111,8.174238313379814e-08,0.00025991564722989625,0.0
random_bp,expectation_value,pm_12q_bp_sweep,hea,RX_RY_RZ_CNOT,none,linear,cnot,global,12,2,2,same_entangling_gate_count,1,5,RY,1,52,layer_001_wire_005_RY,3,-0.0006187491870958991,1.6641343655424642e-07,0.0006187491870958991,0.0
random_bp,expectation_value,pm_12q_bp_sweep,hea,RX_RY_RZ_CNOT,none,linear,cnot,global,12,2,2,same_entangling_gate_count,1,5,RZ,2,53,layer_001_wire_005_RZ,3,-5.925802899229888e-19,1.502042640473577e-34,8.891900796000454e-18,1.0
random_bp,expectation_value,pm_12q_bp_sweep,hea,RX_RY_RZ_CNOT,none,linear,cnot,global,12,2,2,same_entangling_gate_count,1,6,RX,0,54,layer_001_wire_006_RX,3,-1.6268679473597594e-18,2.547796857347933e-35,3.486952299530203e-18,1.0
random_bp,expectation_value,pm_12q_bp_sweep,hea,RX_RY_RZ_CNOT,none,linear,cnot,global,12,2,2,same_entangling_gate_count,1,6,RY,1,55,layer_001_wire_006_RY,3,-8.14676288669186e-18,1.0047118964202282e-36,8.14676288669186e-18,1.0
random_bp,expectation_value,pm_12q_bp_sweep,hea,RX_RY_RZ_CNOT,none,linear,cnot,global,12,2,2,same_entangling_gate_count,1,6,RZ,2,56,layer_001_wire_006_RZ,3,1.1450064379682555e-18,2.301333275112647e-35,3.524042724403072e-18,1.0
random_bp,expectation_value,pm_12q_bp_sweep,hea,RX_RY_RZ_CNOT,none,linear,cnot,global,12,2,2,same_entangling_gate_count,1,7,RX,0,57,layer_001_wire_007_RX,3,6.241495116729382e-05,4.472036499886429e-08,0.0001571085666465079,0.0
random_bp,expectation_value,pm_12q_bp_sweep,hea,RX_RY_RZ_CNOT,none,linear,cnot,global,12,2,2,same_entangling_gate_count,1,7,RY,1,58,layer_001_wire_007_RY,3,-0.0002698829780585963,1.9325983995409068e-07,0.00028499266100813725,0.0
random_bp,expectation_value,pm_12q_bp_sweep,hea,RX_RY_RZ_CNOT,none,linear,cnot,global,12,2,2,same_entangling_gate_count,1,7,RZ,2,59,layer_001_wire_007_RZ,3,4.3749030054872754e-18,1.496465825267153e-34,7.839027366906375e-18,1.0
random_bp,expectation_value,pm_12q_bp_sweep,hea,RX_RY_RZ_CNOT,none,linear,cnot,global,12,2,2,same_entangling_gate_count,1,8,RX,0,60,layer_001_wire_008_RX,3,-6.4430972854477115e-18,1.627113808543231e-34,1.0976417619152726e-17,1.0
random_bp,expectation_value,pm_12q_bp_sweep,hea,RX_RY_RZ_CNOT,none,linear,cnot,global,12,2,2,same_entangling_gate_count,1,8,RY,1,61,layer_001_wire_008_RY,3,-4.370125319200687e-18,1.6142442690975755e-35,4.370125319200687e-18,1.0
random_bp,expectation_value,pm_12q_bp_sweep,hea,RX_RY_RZ_CNOT,none,linear,cnot,global,12,2,2,same_entangling_gate_count,1,8,RZ,2,62,layer_001_wire_008_RZ,3,1.1239161766552148e-18,2.615087867288899e-35,3.7734671950618524e-18,1.0
random_bp,expectation_value,pm_12q_bp_sweep,hea,RX_RY_RZ_CNOT,none,linear,cnot,global,12,2,2,same_entangling_gate_count,1,9,RX,0,63,layer_001_wire_009_RX,3,-3.439199602076529e-05,2.677109753567087e-07,0.00036371606052812053,0.0
random_bp,expectation_value,pm_12q_bp_sweep,hea,RX_RY_RZ_CNOT,none,linear,cnot,global,12,2,2,same_entangling_gate_count,1,9,RY,1,64,layer_001_wire_009_RY,3,6.077715017689188e-05,3.331671330291775e-08,0.00011915794008488493,0.0
random_bp,expectation_value,pm_12q_bp_sweep,hea,RX_RY_RZ_CNOT,none,linear,cnot,global,12,2,2,same_entangling_gate_count,1,9,RZ,2,65,layer_001_wire_009_RZ,3,1.327202084857373e-18,1.0540440762717757e-34,6.974337642439664e-18,1.0
random_bp,expectation_value,pm_12q_bp_sweep,hea,RX_RY_RZ_CNOT,none,linear,cnot,global,12,2,2,same_entangling_gate_count,1,10,RX,0,66,layer_001_wire_010_RX,3,1.5641875092629415e-18,8.025899284528233e-35,6.802239255083535e-18,1.0
random_bp,expectation_value,pm_12q_bp_sweep,hea,RX_RY_RZ_CNOT,none,linear,cnot,global,12,2,2,same_entangling_gate_count,1,10,RY,1,67,layer_001_wire_010_RY,3,-4.807194319983906e-18,2.6780884675220835e-35,5.384306101379836e-18,1.0
random_bp,expectation_value,pm_12q_bp_sweep,hea,RX_RY_RZ_CNOT,none,linear,cnot,global,12,2,2,same_entangling_gate_count,1,10,RZ,2,68,layer_001_wire_010_RZ,3,-4.807704692701678e-19,1.3851541965903199e-36,1.064530150692101e-18,1.0
random_bp,expectation_value,pm_12q_bp_sweep,hea,RX_RY_RZ_CNOT,none,linear,cnot,global,12,2,2,same_entangling_gate_count,1,11,RX,0,69,layer_001_wire_011_RX,3,-0.0004055732284765734,1.2795025073176578e-07,0.0004055732284765734,0.0
random_bp,expectation_value,pm_12q_bp_sweep,hea,RX_RY_RZ_CNOT,none,linear,cnot,global,12,2,2,same_entangling_gate_count,1,11,RY,1,70,layer_001_wire_011_RY,3,0.0007165037590970728,9.84034675511976e-07,0.000788526784752312,0.0
random_bp,expectation_value,pm_12q_bp_sweep,hea,RX_RY_RZ_CNOT,none,linear,cnot,global,12,2,2,same_entangling_gate_count,1,11,RZ,2,71,layer_001_wire_011_RZ,3,-1.3753273312718475e-18,1.1835066347610915e-35,3.017056079592954e-18,1.0
random_bp,expectation_value,pm_12q_bp_sweep,hea,RX_RY_RZ_CNOT,none,linear,cnot,local,12,4,4,same_entangling_gate_count,0,0,RX,0,0,layer_000_wire_000_RX,3,-0.0026248498521210754,0.0007237880075770155,0.018733023051582504,0.0
random_bp,expectation_value,pm_12q_bp_sweep,hea,RX_RY_RZ_CNOT,none,linear,cnot,local,12,4,4,same_entangling_gate_count,0,0,RY,1,1,layer_000_wire_000_RY,3,-0.0014893896970294902,8.058599924337026e-05,0.006153780974997375,0.0
random_bp,expectation_value,pm_12q_bp_sweep,hea,RX_RY_RZ_CNOT,none,linear,cnot,local,12,4,4,same_entangling_gate_count,0,0,RZ,2,2,layer_000_wire_000_RZ,3,-0.015171183141323832,0.00018987114383359584,0.015171183141323834,0.0
random_bp,expectation_value,pm_12q_bp_sweep,hea,RX_RY_RZ_CNOT,none,linear,cnot,local,12,4,4,same_entangling_gate_count,0,1,RX,0,3,layer_000_wire_001_RX,3,-0.001913382183967003,0.0009674124644072983,0.023733059605767992,0.0
random_bp,expectation_value,pm_12q_bp_sweep,hea,RX_RY_RZ_CNOT,none,linear,cnot,local,12,4,4,same_entangling_gate_count,0,1,RY,1,4,layer_000_wire_001_RY,3,-0.008759904207188978,0.00012442362140849717,0.01130210042566472,0.0
random_bp,expectation_value,pm_12q_bp_sweep,hea,RX_RY_RZ_CNOT,none,linear,cnot,local,12,4,4,same_entangling_gate_count,0,1,RZ,2,5,layer_000_wire_001_RZ,3,-0.006504014273330883,0.0005733482443815137,0.018605262037153954,0.0
random_bp,expectation_value,pm_12q_bp_sweep,hea,RX_RY_RZ_CNOT,none,linear,cnot,local,12,4,4,same_entangling_gate_count,0,2,RX,0,6,layer_000_wire_002_RX,3,-0.009234003401478844,0.00010266913392005308,0.009234003401478846,0.0
random_bp,expectation_value,pm_12q_bp_sweep,hea,RX_RY_RZ_CNOT,none,linear,cnot,local,12,4,4,same_entangling_gate_count,0,2,RY,1,7,layer_000_wire_002_RY,3,-0.008031417607726207,0.00023613380366225688,0.013251582442784805,0.0
random_bp,expectation_value,pm_12q_bp_sweep,hea,RX_RY_RZ_CNOT,none,linear,cnot,local,12,4,4,same_entangling_gate_count,0,2,RZ,2,8,layer_000_wire_002_RZ,3,-0.0006499130007365309,0.00047935293735725567,0.015145597604867875,0.0
random_bp,expectation_value,pm_12q_bp_sweep,hea,RX_RY_RZ_CNOT,none,linear,cnot,local,12,4,4,same_entangling_gate_count,0,3,RX,0,9,layer_000_wire_003_RX,3,-0.01442979002177977,0.0008463932257324373,0.026607953474053248,0.0
random_bp,expectation_value,pm_12q_bp_sweep,hea,RX_RY_RZ_CNOT,none,linear,cnot,local,12,4,4,same_entangling_gate_count,0,3,RY,1,10,layer_000_wire_003_RY,3,0.011696387265749736,0.0005611491440355904,0.020679683060327237,0.0
random_bp,expectation_value,pm_12q_bp_sweep,hea,RX_RY_RZ_CNOT,none,linear,cnot,local,12,4,4,same_entangling_gate_count,0,3,RZ,2,11,layer_000_wire_003_RZ,3,0.023353088472910174,7.959783467407567e-05,0.023353088472910177,0.0
random_bp,expectation_value,pm_12q_bp_sweep,hea,RX_RY_RZ_CNOT,none,linear,cnot,local,12,4,4,same_entangling_gate_count,0,4,RX,0,12,layer_000_wire_004_RX,3,-0.012523430668893715,0.00012593731357323388,0.012523430668893715,0.0
random_bp,expectation_value,pm_12q_bp_sweep,hea,RX_RY_RZ_CNOT,none,linear,cnot,local,12,4,4,same_entangling_gate_count,0,4,RY,1,13,layer_000_wire_004_RY,3,0.007928718679136719,1.572361956908327e-05,0.007928718679136719,0.0
random_bp,expectation_value,pm_12q_bp_sweep,hea,RX_RY_RZ_CNOT,none,linear,cnot,local,12,4,4,same_entangling_gate_count,0,4,RZ,2,14,layer_000_wire_004_RZ,3,0.00811093258697103,2.752241868528515e-05,0.00811093258697103,0.0
random_bp,expectation_value,pm_12q_bp_sweep,hea,RX_RY_RZ_CNOT,none,linear,cnot,local,12,4,4,same_entangling_gate_count,0,5,RX,0,15,layer_000_wire_005_RX,3,0.006755861895661031,0.00012091924199345223,0.007890922362938575,0.0
random_bp,expectation_value,pm_12q_bp_sweep,hea,RX_RY_RZ_CNOT,none,linear,cnot,local,12,4,4,same_entangling_gate_count,0,5,RY,1,16,layer_000_wire_005_RY,3,0.005518899641026776,0.00012870567732852802,0.007426894617978134,0.0
random_bp,expectation_value,pm_12q_bp_sweep,hea,RX_RY_RZ_CNOT,none,linear,cnot,local,12,4,4,same_entangling_gate_count,0,5,RZ,2,17,layer_000_wire_005_RZ,3,-0.010885755752871467,0.0005675014999312291,0.014704225630864577,0.0
random_bp,expectation_value,pm_12q_bp_sweep,hea,RX_RY_RZ_CNOT,none,linear,cnot,local,12,4,4,same_entangling_gate_count,0,6,RX,0,18,layer_000_wire_006_RX,3,0.004670434070136094,8.328068267654393e-05,0.005467964635595814,0.0
random_bp,expectation_value,pm_12q_bp_sweep,hea,RX_RY_RZ_CNOT,none,linear,cnot,local,12,4,4,same_entangling_gate_count,0,6,RY,1,19,layer_000_wire_006_RY,3,-0.0018289393853193035,2.944496194646625e-05,0.003511258198169359,0.0
random_bp,expectation_value,pm_12q_bp_sweep,hea,RX_RY_RZ_CNOT,none,linear,cnot,local,12,4,4,same_entangling_gate_count,0,6,RZ,2,20,layer_000_wire_006_RZ,3,0.009516652431844332,0.0002857812868510238,0.009841000660341446,0.0
random_bp,expectation_value,pm_12q_bp_sweep,hea,RX_RY_RZ_CNOT,none,linear,cnot,local,12,4,4,same_entangling_gate_count,0,7,RX,0,21,layer_000_wire_007_RX,3,-0.0016370091738024707,8.715112290296667e-06,0.002813167509314546,0.0
random_bp,expectation_value,pm_12q_bp_sweep,hea,RX_RY_RZ_CNOT,none,linear,cnot,local,12,4,4,same_entangling_gate_count,0,7,RY,1,22,layer_000_wire_007_RY,3,-0.001458172492388398,4.332318382294834e-06,0.001458172492388398,0.0
random_bp,expectation_value,pm_12q_bp_sweep,hea,RX_RY_RZ_CNOT,none,linear,cnot,local,12,4,4,same_entangling_gate_count,0,7,RZ,2,23,layer_000_wire_007_RZ,3,0.00013586879676036378,9.2632864123608e-06,0.00238703285399322,0.0
random_bp,expectation_value,pm_12q_bp_sweep,hea,RX_RY_RZ_CNOT,none,linear,cnot,local,12,4,4,same_entangling_gate_count,0,8,RX,0,24,layer_000_wire_008_RX,3,-0.001859070952058337,1.4740977229472273e-05,0.0035131256098828133,0.0
random_bp,expectation_value,pm_12q_bp_sweep,hea,RX_RY_RZ_CNOT,none,linear,cnot,local,12,4,4,same_entangling_gate_count,0,8,RY,1,25,layer_000_wire_008_RY,3,-0.00012656538584804186,5.82322250060898e-06,0.0017833770288899382,0.0
random_bp,expectation_value,pm_12q_bp_sweep,hea,RX_RY_RZ_CNOT,none,linear,cnot,local,12,4,4,same_entangling_gate_count,0,8,RZ,2,26,layer_000_wire_008_RZ,3,-0.000938660401650763,1.7124660950278863e-05,0.0034427538843278707,0.0
random_bp,expectation_value,pm_12q_bp_sweep,hea,RX_RY_RZ_CNOT,none,linear,cnot,local,12,4,4,same_entangling_gate_count,0,9,RX,0,27,layer_000_wire_009_RX,3,-0.0030203793504244214,5.11629448398176e-05,0.004493803423333615,0.0
random_bp,expectation_value,pm_12q_bp_sweep,hea,RX_RY_RZ_CNOT,none,linear,cnot,local,12,4,4,same_entangling_gate_count,0,9,RY,1,28,layer_000_wire_009_RY,3,0.001086824107270801,7.535168344760329e-06,0.001728695897633102,0.0
random_bp,expectation_value,pm_12q_bp_sweep,hea,RX_RY_RZ_CNOT,none,linear,cnot,local,12,4,4,same_entangling_gate_count,0,9,RZ,2,29,layer_000_wire_009_RZ,3,0.0044351954474783324,2.5950872031906626e-05,0.0044351954474783324,0.0
random_bp,expectation_value,pm_12q_bp_sweep,hea,RX_RY_RZ_CNOT,none,linear,cnot,local,12,4,4,same_entangling_gate_count,0,10,RX,0,30,layer_000_wire_010_RX,3,0.0009245070204470626,8.862374389515284e-06,0.0023634370480357567,0.0
random_bp,expectation_value,pm_12q_bp_sweep,hea,RX_RY_RZ_CNOT,none,linear,cnot,local,12,4,4,same_entangling_gate_count,0,10,RY,1,31,layer_000_wire_010_RY,3,-0.000990500626405192,3.7968143103293165e-06,0.0013653950338737449,0.0
random_bp,expectation_value,pm_12q_bp_sweep,hea,RX_RY_RZ_CNOT,none,linear,cnot,local,12,4,4,same_entangling_gate_count,0,10,RZ,2,32,layer_000_wire_010_RZ,3,-0.00035163146499281284,3.5131852019417334e-06,0.001549206248403819,0.0
random_bp,expectation_value,pm_12q_bp_sweep,hea,RX_RY_RZ_CNOT,none,linear,cnot,local,12,4,4,same_entangling_gate_count,0,11,RX,0,33,layer_000_wire_011_RX,3,-0.0017862846140420847,3.179279056879316e-06,0.0018833675361768591,0.0
random_bp,expectation_value,pm_12q_bp_sweep,hea,RX_RY_RZ_CNOT,none,linear,cnot,local,12,4,4,same_entangling_gate_count,0,11,RY,1,34,layer_000_wire_011_RY,3,0.000520155736162703,1.0948233849403956e-07,0.000520155736162703,0.0
random_bp,expectation_value,pm_12q_bp_sweep,hea,RX_RY_RZ_CNOT,none,linear,cnot,local,12,4,4,same_entangling_gate_count,0,11,RZ,2,35,layer_000_wire_011_RZ,3,0.0008421863069536862,2.7240676257601776e-07,0.0008421863069536861,0.0
random_bp,expectation_value,pm_12q_bp_sweep,hea,RX_RY_RZ_CNOT,none,linear,cnot,local,12,4,4,same_entangling_gate_count,1,0,RX,0,36,layer_001_wire_000_RX,3,-0.0007614347191108746,0.0015706915683405655,0.028144806747282383,0.0
random_bp,expectation_value,pm_12q_bp_sweep,hea,RX_RY_RZ_CNOT,none,linear,cnot,local,12,4,4,same_entangling_gate_count,1,0,RY,1,37,layer_001_wire_000_RY,3,0.0026149868767311843,0.0013495519758603058,0.025545068359573393,0.0
random_bp,expectation_value,pm_12q_bp_sweep,hea,RX_RY_RZ_CNOT,none,linear,cnot,local,12,4,4,same_entangling_gate_count,1,0,RZ,2,38,layer_001_wire_000_RZ,3,0.012951294527172839,0.0012888333364685519,0.023311149074889657,0.0
random_bp,expectation_value,pm_12q_bp_sweep,hea,RX_RY_RZ_CNOT,none,linear,cnot,local,12,4,4,same_entangling_gate_count,1,1,RX,0,39,layer_001_wire_001_RX,3,0.012525029962149978,8.137011105103756e-05,0.012525029962149978,0.0
random_bp,expectation_value,pm_12q_bp_sweep,hea,RX_RY_RZ_CNOT,none,linear,cnot,local,12,4,4,same_entangling_gate_count,1,1,RY,1,40,layer_001_wire_001_RY,3,-0.008490856697408029,0.002768939843378187,0.0367373722999424,0.0
random_bp,expectation_value,pm_12q_bp_sweep,hea,RX_RY_RZ_CNOT,none,linear,cnot,local,12,4,4,same_entangling_gate_count,1,1,RZ,2,41,layer_001_wire_001_RZ,3,-0.02312927277381128,0.00019300507068663208,0.023129272773811282,0.0
random_bp,expectation_value,pm_12q_bp_sweep,hea,RX_RY_RZ_CNOT,none,linear,cnot,local,12,4,4,same_entangling_gate_count,1,2,RX,0,42,layer_001_wire_002_RX,3,-0.004429361684570525,0.00033696772971277743,0.012497587361646835,0.0
random_bp,expectation_value,pm_12q_bp_sweep,hea,RX_RY_RZ_CNOT,none,linear,cnot,local,12,4,4,same_entangling_gate_count,1,2,RY,1,43,layer_001_wire_002_RY,3,-0.0013031733416949678,0.0001956162080391782,0.010035927199708526,0.0
random_bp,expectation_value,pm_12q_bp_sweep,hea,RX_RY_RZ_CNOT,none,linear,cnot,local,12,4,4,same_entangling_gate_count,1,2,RZ,2,44,layer_001_wire_002_RZ,3,-0.019790099709998968,0.000850987733070775,0.0271549713446486,0.0
random_bp,expectation_value,pm_12q_bp_sweep,hea,RX_RY_RZ_CNOT,none,linear,cnot,local,12,4,4,same_entangling_gate_count,1,3,RX,0,45,layer_001_wire_003_RX,3,-0.010008803710335606,0.00031702542518646673,0.01240468780791019,0.0
random_bp,expectation_value,pm_12q_bp_sweep,hea,RX_RY_RZ_CNOT,none,linear,cnot,local,12,4,4,same_entangling_gate_count,1,3,RY,1,46,layer_001_wire_003_RY,3,0.012638579113188332,0.0007232411576120066,0.01943754923923838,0.0
random_bp,expectation_value,pm_12q_bp_sweep,hea,RX_RY_RZ_CNOT,none,linear,cnot,local,12,4,4,same_entangling_gate_count,1,3,RZ,2,47,layer_001_wire_003_RZ,3,-0.00874026007985604,0.0006168099665163611,0.020718516578500993,0.0
random_bp,expectation_value,pm_12q_bp_sweep,hea,RX_RY_RZ_CNOT,none,linear,cnot,local,12,4,4,same_entangling_gate_count,1,4,RX,0,48,layer_001_wire_004_RX,3,0.0037409005615867885,0.00013926514324887697,0.007799005596622561,0.0
random_bp,expectation_value,pm_12q_bp_sweep,hea,RX_RY_RZ_CNOT,none,linear,cnot,local,12,4,4,same_entangling_gate_count,1,4,RY,1,49,layer_001_wire_004_RY,3,0.0001377869537751195,2.611068507368757e-05,0.0035422070510829555,0.0
random_bp,expectation_value,pm_12q_bp_sweep,hea,RX_RY_RZ_CNOT,none,linear,cnot,local,12,4,4,same_entangling_gate_count,1,4,RZ,2,50,layer_001_wire_004_RZ,3,-0.013061598971545924,0.00016974722765245284,0.013527053565894448,0.0
random_bp,expectation_value,pm_12q_bp_sweep,hea,RX_RY_RZ_CNOT,none,linear,cnot,local,12,4,4,same_entangling_gate_count,1,5,RX,0,51,layer_001_wire_005_RX,3,0.0010921028392412106,1.2308872952034068e-06,0.0010921028392412106,0.0
random_bp,expectation_value,pm_12q_bp_sweep,hea,RX_RY_RZ_CNOT,none,linear,cnot,local,12,4,4,same_entangling_gate_count,1,5,RY,1,52,layer_001_wire_005_RY,3,-0.0037675753434339545,2.4741079435293046e-05,0.003767575343433955,0.0
random_bp,expectation_value,pm_12q_bp_sweep,hea,RX_RY_RZ_CNOT,none,linear,cnot,local,12,4,4,same_entangling_gate_count,1,5,RZ,2,53,layer_001_wire_005_RZ,3,-0.0001539392753319568,7.032524433331709e-06,0.001926075608428227,0.0
random_bp,expectation_value,pm_12q_bp_sweep,hea,RX_RY_RZ_CNOT,none,linear,cnot,local,12,4,4,same_entangling_gate_count,1,6,RX,0,54,layer_001_wire_006_RX,3,0.002056729442818245,5.452450961918493e-05,0.005738959421946949,0.0
random_bp,expectation_value,pm_12q_bp_sweep,hea,RX_RY_RZ_CNOT,none,linear,cnot,local,12,4,4,same_entangling_gate_count,1,6,RY,1,55,layer_001_wire_006_RY,3,-0.0024410753486734816,4.921706633424566e-06,0.0024410753486734816,0.0
random_bp,expectation_value,pm_12q_bp_sweep,hea,RX_RY_RZ_CNOT,none,linear,cnot,local,12,4,4,same_entangling_gate_count,1,6,RZ,2,56,layer_001_wire_006_RZ,3,-0.0010153561716084738,3.490045669059675e-05,0.004760518513228642,0.0
random_bp,expectation_value,pm_12q_bp_sweep,hea,RX_RY_RZ_CNOT,none,linear,cnot,local,12,4,4,same_entangling_gate_count,1,7,RX,0,57,layer_001_wire_007_RX,3,-0.0012682608253554298,3.548893412393558e-06,0.0012682608253554298,0.0
random_bp,expectation_value,pm_12q_bp_sweep,hea,RX_RY_RZ_CNOT,none,linear,cnot,local,12,4,4,same_entangling_gate_count,1,7,RY,1,58,layer_001_wire_007_RY,3,-8.860791531703981e-05,3.684463904130458e-06,0.0012959242934188974,0.0
random_bp,expectation_value,pm_12q_bp_sweep,hea,RX_RY_RZ_CNOT,none,linear,cnot,local,12,4,4,same_entangling_gate_count,1,7,RZ,2,59,layer_001_wire_007_RZ,3,0.0006793844995693009,3.0352236654850716e-06,0.0010960889678368572,0.0
random_bp,expectation_value,pm_12q_bp_sweep,hea,RX_RY_RZ_CNOT,none,linear,cnot,local,12,4,4,same_entangling_gate_count,1,8,RX,0,60,layer_001_wire_008_RX,3,-0.0008648435421345649,2.71054002359714e-06,0.0011251804638808466,0.0
random_bp,expectation_value,pm_12q_bp_sweep,hea,RX_RY_RZ_CNOT,none,linear,cnot,local,12,4,4,same_entangling_gate_count,1,8,RY,1,61,layer_001_wire_008_RY,3,-0.0008658396173125637,1.81289444258548e-05,0.002801236774183731,0.0
random_bp,expectation_value,pm_12q_bp_sweep,hea,RX_RY_RZ_CNOT,none,linear,cnot,local,12,4,4,same_entangling_gate_count,1,8,RZ,2,62,layer_001_wire_008_RZ,3,-0.000723993898558823,4.956650427934436e-06,0.0014512172258601844,0.0
random_bp,expectation_value,pm_12q_bp_sweep,hea,RX_RY_RZ_CNOT,none,linear,cnot,local,12,4,4,same_entangling_gate_count,1,9,RX,0,63,layer_001_wire_009_RX,3,0.0031684445335393194,1.727494092858654e-05,0.0031684445335393194,0.0
random_bp,expectation_value,pm_12q_bp_sweep,hea,RX_RY_RZ_CNOT,none,linear,cnot,local,12,4,4,same_entangling_gate_count,1,9,RY,1,64,layer_001_wire_009_RY,3,-0.00019503312451630178,5.0474983867270755e-06,0.001615632800754797,0.0
random_bp,expectation_value,pm_12q_bp_sweep,hea,RX_RY_RZ_CNOT,none,linear,cnot,local,12,4,4,same_entangling_gate_count,1,9,RZ,2,65,layer_001_wire_009_RZ,3,0.001122529403109957,2.6955348788450584e-05,0.003530369542966963,0.0
random_bp,expectation_value,pm_12q_bp_sweep,hea,RX_RY_RZ_CNOT,none,linear,cnot,local,12,4,4,same_entangling_gate_count,1,10,RX,0,66,layer_001_wire_010_RX,3,0.0007947291629549881,3.252592347100904e-06,0.001450617327782351,0.0
random_bp,expectation_value,pm_12q_bp_sweep,hea,RX_RY_RZ_CNOT,none,linear,cnot,local,12,4,4,same_entangling_gate_count,1,10,RY,1,67,layer_001_wire_010_RY,3,-0.0006886316485817752,5.714816315261766e-06,0.0016018306417937796,0.0
random_bp,expectation_value,pm_12q_bp_sweep,hea,RX_RY_RZ_CNOT,none,linear,cnot,local,12,4,4,same_entangling_gate_count,1,10,RZ,2,68,layer_001_wire_010_RZ,3,0.00022101297676345756,7.226365743581517e-07,0.0005719458480566187,0.0
random_bp,expectation_value,pm_12q_bp_sweep,hea,RX_RY_RZ_CNOT,none,linear,cnot,local,12,4,4,same_entangling_gate_count,1,11,RX,0,69,layer_001_wire_011_RX,3,0.0007935718722653269,6.0066269896190724e-06,0.0017352599359561063,0.0
random_bp,expectation_value,pm_12q_bp_sweep,hea,RX_RY_RZ_CNOT,none,linear,cnot,local,12,4,4,same_entangling_gate_count,1,11,RY,1,70,layer_001_wire_011_RY,3,-0.0003043600959351779,2.761672110162688e-06,0.0011814399304751226,0.0
random_bp,expectation_value,pm_12q_bp_sweep,hea,RX_RY_RZ_CNOT,none,linear,cnot,local,12,4,4,same_entangling_gate_count,1,11,RZ,2,71,layer_001_wire_011_RZ,3,0.0016124508252235658,2.801395200371995e-06,0.0016124508252235656,0.0
random_bp,expectation_value,pm_12q_bp_sweep,hea,RX_RY_RZ_CNOT,none,linear,cnot,local,12,4,4,same_entangling_gate_count,2,0,RX,0,72,layer_002_wire_000_RX,3,0.00819419347625831,9.51605745430652e-05,0.00819419347625831,0.0
random_bp,expectation_value,pm_12q_bp_sweep,hea,RX_RY_RZ_CNOT,none,linear,cnot,local,12,4,4,same_entangling_gate_count,2,0,RY,1,73,layer_002_wire_000_RY,3,0.00845672675190956,0.002104310512356537,0.03343937411105432,0.0
random_bp,expectation_value,pm_12q_bp_sweep,hea,RX_RY_RZ_CNOT,none,linear,cnot,local,12,4,4,same_entangling_gate_count,2,0,RZ,2,74,layer_002_wire_000_RZ,3,0.007966333737378786,0.001656568508006716,0.03256099965493861,0.0
random_bp,expectation_value,pm_12q_bp_sweep,hea,RX_RY_RZ_CNOT,none,linear,cnot,local,12,4,4,same_entangling_gate_count,2,1,RX,0,75,layer_002_wire_001_RX,3,0.012200758088088254,0.0012008448700880012,0.02268700595082672,0.0
random_bp,expectation_value,pm_12q_bp_sweep,hea,RX_RY_RZ_CNOT,none,linear,cnot,local,12,4,4,same_entangling_gate_count,2,1,RY,1,76,layer_002_wire_001_RY,3,0.00745350742336439,0.000869183549157566,0.02347360387776257,0.0
random_bp,expectation_value,pm_12q_bp_sweep,hea,RX_RY_RZ_CNOT,none,linear,cnot,local,12,4,4,same_entangling_gate_count,2,1,RZ,2,77,layer_002_wire_001_RZ,3,-0.008302884926230785,0.000988420611547329,0.02139392135587564,0.0
random_bp,expectation_value,pm_12q_bp_sweep,hea,RX_RY_RZ_CNOT,none,linear,cnot,local,12,4,4,same_entangling_gate_count,2,2,RX,0,78,layer_002_wire_002_RX,3,-0.025271588895067143,0.0003384794549597362,0.02527158889506714,0.0
random_bp,expectation_value,pm_12q_bp_sweep,hea,RX_RY_RZ_CNOT,none,linear,cnot,local,12,4,4,same_entangling_gate_count,2,2,RY,1,79,layer_002_wire_002_RY,3,0.0012782072883053691,3.137085882142788e-05,0.003687607940058121,0.0
random_bp,expectation_value,pm_12q_bp_sweep,hea,RX_RY_RZ_CNOT,none,linear,cnot,local,12,4,4,same_entangling_gate_count,2,2,RZ,2,80,layer_002_wire_002_RZ,3,0.008652234107316577,0.0008774985247438944,0.024539995083423947,0.0
random_bp,expectation_value,pm_12q_bp_sweep,hea,RX_RY_RZ_CNOT,none,linear,cnot,local,12,4,4,same_entangling_gate_count,2,3,RX,0,81,layer_002_wire_003_RX,3,-0.011115455212645363,0.0003436949009517733,0.015351881643728816,0.0
random_bp,expectation_value,pm_12q_bp_sweep,hea,RX_RY_RZ_CNOT,none,linear,cnot,local,12,4,4,same_entangling_gate_count,2,3,RY,1,82,layer_002_wire_003_RY,3,0.005317194676950243,0.00017033219828534445,0.008737290567886268,0.0
random_bp,expectation_value,pm_12q_bp_sweep,hea,RX_RY_RZ_CNOT,none,linear,cnot,local,12,4,4,same_entangling_gate_count,2,3,RZ,2,83,layer_002_wire_003_RZ,3,0.0094383107481526,5.8940406836708475e-05,0.0094383107481526,0.0
random_bp,expectation_value,pm_12q_bp_sweep,hea,RX_RY_RZ_CNOT,none,linear,cnot,local,12,4,4,same_entangling_gate_count,2,4,RX,0,84,layer_002_wire_004_RX,3,0.006548671594618928,0.00014520941913045589,0.007975092774523228,0.0
random_bp,expectation_value,pm_12q_bp_sweep,hea,RX_RY_RZ_CNOT,none,linear,cnot,local,12,4,4,same_entangling_gate_count,2,4,RY,1,85,layer_002_wire_004_RY,3,0.004581330904574542,0.00010933108978754808,0.006504111862328565,0.0
random_bp,expectation_value,pm_12q_bp_sweep,hea,RX_RY_RZ_CNOT,none,linear,cnot,local,12,4,4,same_entangling_gate_count,2,4,RZ,2,86,layer_002_wire_004_RZ,3,-0.013290683898390204,0.0001430870078090483,0.013598249934418617,0.0
random_bp,expectation_value,pm_12q_bp_sweep,hea,RX_RY_RZ_CNOT,none,linear,cnot,local,12,4,4,same_entangling_gate_count,2,5,RX,0,87,layer_002_wire_005_RX,3,-0.003279915305749743,3.073521848700841e-05,0.004048759999288119,0.0
random_bp,expectation_value,pm_12q_bp_sweep,hea,RX_RY_RZ_CNOT,none,linear,cnot,local,12,4,4,same_entangling_gate_count,2,5,RY,1,88,layer_002_wire_005_RY,3,-0.003385071193544605,4.925172180653246e-05,0.006200758466680545,0.0
random_bp,expectation_value,pm_12q_bp_sweep,hea,RX_RY_RZ_CNOT,none,linear,cnot,local,12,4,4,same_entangling_gate_count,2,5,RZ,2,89,layer_002_wire_005_RZ,3,0.0012452639990605749,1.6768639037517296e-05,0.0029469895262048424,0.0
random_bp,expectation_value,pm_12q_bp_sweep,hea,RX_RY_RZ_CNOT,none,linear,cnot,local,12,4,4,same_entangling_gate_count,2,6,RX,0,90,layer_002_wire_006_RX,3,0.00021368876870298046,9.556951621395677e-06,0.0022791958490280644,0.0
random_bp,expectation_value,pm_12q_bp_sweep,hea,RX_RY_RZ_CNOT,none,linear,cnot,local,12,4,4,same_entangling_gate_count,2,6,RY,1,91,layer_002_wire_006_RY,3,0.0023743665438095436,4.671488400012816e-05,0.005191164787775756,0.0
random_bp,expectation_value,pm_12q_bp_sweep,hea,RX_RY_RZ_CNOT,none,linear,cnot,local,12,4,4,same_entangling_gate_count,2,6,RZ,2,92,layer_002_wire_006_RZ,3,0.0024879357546334037,5.166306193482703e-06,0.0024879357546334037,0.0
random_bp,expectation_value,pm_12q_bp_sweep,hea,RX_RY_RZ_CNOT,none,linear,cnot,local,12,4,4,same_entangling_gate_count,2,7,RX,0,93,layer_002_wire_007_RX,3,-8.334513005207753e-05,6.047012640101505e-07,0.0005867857127582929,0.0
random_bp,expectation_value,pm_12q_bp_sweep,hea,RX_RY_RZ_CNOT,none,linear,cnot,local,12,4,4,same_entangling_gate_count,2,7,RY,1,94,layer_002_wire_007_RY,3,0.0003893212077025371,1.2682640889889403e-05,0.002848236592754422,0.0
random_bp,expectation_value,pm_12q_bp_sweep,hea,RX_RY_RZ_CNOT,none,linear,cnot,local,12,4,4,same_entangling_gate_count,2,7,RZ,2,95,layer_002_wire_007_RZ,3,-0.0014935469960255428,1.5577762969372604e-05,0.0025505959541594456,0.0
random_bp,expectation_value,pm_12q_bp_sweep,hea,RX_RY_RZ_CNOT,none,linear,cnot,local,12,4,4,same_entangling_gate_count,2,8,RX,0,96,layer_002_wire_008_RX,3,0.0011465474920685913,1.5471121964916363e-06,0.0011465474920685913,0.0
random_bp,expectation_value,pm_12q_bp_sweep,hea,RX_RY_RZ_CNOT,none,linear,cnot,local,12,4,4,same_entangling_gate_count,2,8,RY,1,97,layer_002_wire_008_RY,3,-0.00564429815899532,6.0189776460300904e-05,0.00564429815899532,0.0
random_bp,expectation_value,pm_12q_bp_sweep,hea,RX_RY_RZ_CNOT,none,linear,cnot,local,12,4,4,same_entangling_gate_count,2,8,RZ,2,98,layer_002_wire_008_RZ,3,-0.00027050831271074454,6.695415864122264e-07,0.0006256517763905881,0.0
random_bp,expectation_value,pm_12q_bp_sweep,hea,RX_RY_RZ_CNOT,none,linear,cnot,local,12,4,4,same_entangling_gate_count,2,9,RX,0,99,layer_002_wire_009_RX,3,0.0001940102966073012,9.801498785717e-07,0.0006685563870832346,0.0
random_bp,expectation_value,pm_12q_bp_sweep,hea,RX_RY_RZ_CNOT,none,linear,cnot,local,12,4,4,same_entangling_gate_count,2,9,RY,1,100,layer_002_wire_009_RY,3,-0.0009334516690324441,5.441153525777478e-07,0.0009334516690324441,0.0
random_bp,expectation_value,pm_12q_bp_sweep,hea,RX_RY_RZ_CNOT,none,linear,cnot,local,12,4,4,same_entangling_gate_count,2,9,RZ,2,101,layer_002_wire_009_RZ,3,0.0014155959625391523,9.0673874735714e-06,0.0024253888219339984,0.0
random_bp,expectation_value,pm_12q_bp_sweep,hea,RX_RY_RZ_CNOT,none,linear,cnot,local,12,4,4,same_entangling_gate_count,2,10,RX,0,102,layer_002_wire_010_RX,3,0.00025997125203132453,2.1603583126882955e-09,0.00025997125203132453,0.0
random_bp,expectation_value,pm_12q_bp_sweep,hea,RX_RY_RZ_CNOT,none,linear,cnot,local,12,4,4,same_entangling_gate_count,2,10,RY,1,103,layer_002_wire_010_RY,3,0.0007851583253771033,5.6036132370967605e-06,0.00206939628543597,0.0
random_bp,expectation_value,pm_12q_bp_sweep,hea,RX_RY_RZ_CNOT,none,linear,cnot,local,12,4,4,same_entangling_gate_count,2,10,RZ,2,104,layer_002_wire_010_RZ,3,3.2167886986806356e-05,6.52992074024382e-06,0.0017477184260951651,0.0
random_bp,expectation_value,pm_12q_bp_sweep,hea,RX_RY_RZ_CNOT,none,linear,cnot,local,12,4,4,same_entangling_gate_count,2,11,RX,0,105,layer_002_wire_011_RX,3,-0.0006315846977956977,3.2078894769268728e-06,0.0015541164265143053,0.0
random_bp,expectation_value,pm_12q_bp_sweep,hea,RX_RY_RZ_CNOT,none,linear,cnot,local,12,4,4,same_entangling_gate_count,2,11,RY,1,106,layer_002_wire_011_RY,3,-0.0002602911071497669,1.248559801321203e-07,0.00035269862636328435,0.0
random_bp,expectation_value,pm_12q_bp_sweep,hea,RX_RY_RZ_CNOT,none,linear,cnot,local,12,4,4,same_entangling_gate_count,2,11,RZ,2,107,layer_002_wire_011_RZ,3,-0.0011154982783878557,1.434123466553981e-07,0.0011154982783878557,0.0
random_bp,expectation_value,pm_12q_bp_sweep,hea,RX_RY_RZ_CNOT,none,linear,cnot,local,12,4,4,same_entangling_gate_count,3,0,RX,0,108,layer_003_wire_000_RX,3,0.000391074886048433,1.1154917322608858e-05,0.002427785950464905,0.0
random_bp,expectation_value,pm_12q_bp_sweep,hea,RX_RY_RZ_CNOT,none,linear,cnot,local,12,4,4,same_entangling_gate_count,3,0,RY,1,109,layer_003_wire_000_RY,3,0.005523595915032977,0.0013158013915123812,0.024757546525850976,0.0
random_bp,expectation_value,pm_12q_bp_sweep,hea,RX_RY_RZ_CNOT,none,linear,cnot,local,12,4,4,same_entangling_gate_count,3,0,RZ,2,110,layer_003_wire_000_RZ,3,-2.566916085215195e-17,2.8878990179541546e-33,4.1405481505928385e-17,1.0
random_bp,expectation_value,pm_12q_bp_sweep,hea,RX_RY_RZ_CNOT,none,linear,cnot,local,12,4,4,same_entangling_gate_count,3,1,RX,0,111,layer_003_wire_001_RX,3,0.0037402429765434715,0.000136553865804532,0.00812932217474041,0.0
random_bp,expectation_value,pm_12q_bp_sweep,hea,RX_RY_RZ_CNOT,none,linear,cnot,local,12,4,4,same_entangling_gate_count,3,1,RY,1,112,layer_003_wire_001_RY,3,0.005087995753707671,0.0005792231475184179,0.020222693288662618,0.0
random_bp,expectation_value,pm_12q_bp_sweep,hea,RX_RY_RZ_CNOT,none,linear,cnot,local,12,4,4,same_entangling_gate_count,3,1,RZ,2,113,layer_003_wire_001_RZ,3,-1.8678497483877728e-17,2.4764614021383024e-33,3.472188767935867e-17,1.0
random_bp,expectation_value,pm_12q_bp_sweep,hea,RX_RY_RZ_CNOT,none,linear,cnot,local,12,4,4,same_entangling_gate_count,3,2,RX,0,114,layer_003_wire_002_RX,3,-0.005235361373918862,0.00016339303896372988,0.009852554009579165,0.0
random_bp,expectation_value,pm_12q_bp_sweep,hea,RX_RY_RZ_CNOT,none,linear,cnot,local,12,4,4,same_entangling_gate_count,3,2,RY,1,115,layer_003_wire_002_RY,3,-0.012302851678484357,0.00010033898118392149,0.012302851678484357,0.0
random_bp,expectation_value,pm_12q_bp_sweep,hea,RX_RY_RZ_CNOT,none,linear,cnot,local,12,4,4,same_entangling_gate_count,3,2,RZ,2,116,layer_003_wire_002_RZ,3,-8.768289798161118e-18,5.424427088981966e-36,8.768289798161118e-18,1.0
random_bp,expectation_value,pm_12q_bp_sweep,hea,RX_RY_RZ_CNOT,none,linear,cnot,local,12,4,4,same_entangling_gate_count,3,3,RX,0,117,layer_003_wire_003_RX,3,-0.006782093531740204,0.00014751774183727434,0.011079999951321542,0.0
random_bp,expectation_value,pm_12q_bp_sweep,hea,RX_RY_RZ_CNOT,none,linear,cnot,local,12,4,4,same_entangling_gate_count,3,3,RY,1,118,layer_003_wire_003_RY,3,-0.0032859563354565523,8.316757955160625e-07,0.0032859563354565523,0.0
random_bp,expectation_value,pm_12q_bp_sweep,hea,RX_RY_RZ_CNOT,none,linear,cnot,local,12,4,4,same_entangling_gate_count,3,3,RZ,2,119,layer_003_wire_003_RZ,3,-1.3242140535745568e-18,2.663959215868079e-35,4.409190011791644e-18,1.0
random_bp,expectation_value,pm_12q_bp_sweep,hea,RX_RY_RZ_CNOT,none,linear,cnot,local,12,4,4,same_entangling_gate_count,3,4,RX,0,120,layer_003_wire_004_RX,3,0.003511343620814052,1.689489826478207e-05,0.00354053867783846,0.0
random_bp,expectation_value,pm_12q_bp_sweep,hea,RX_RY_RZ_CNOT,none,linear,cnot,local,12,4,4,same_entangling_gate_count,3,4,RY,1,121,layer_003_wire_004_RY,3,-0.003926742098275488,0.00015757864038382045,0.010914413211979224,0.0
random_bp,expectation_value,pm_12q_bp_sweep,hea,RX_RY_RZ_CNOT,none,linear,cnot,local,12,4,4,same_entangling_gate_count,3,4,RZ,2,122,layer_003_wire_004_RZ,3,1.4591486217726496e-18,1.6764336002599303e-35,3.194187759601598e-18,1.0
random_bp,expectation_value,pm_12q_bp_sweep,hea,RX_RY_RZ_CNOT,none,linear,cnot,local,12,4,4,same_entangling_gate_count,3,5,RX,0,123,layer_003_wire_005_RX,3,-0.003996488519687186,3.317730325435292e-05,0.0041729166642422615,0.0
random_bp,expectation_value,pm_12q_bp_sweep,hea,RX_RY_RZ_CNOT,none,linear,cnot,local,12,4,4,same_entangling_gate_count,3,5,RY,1,124,layer_003_wire_005_RY,3,-0.003781230837682596,8.491063294915779e-05,0.007066182989104039,0.0
random_bp,expectation_value,pm_12q_bp_sweep,hea,RX_RY_RZ_CNOT,none,linear,cnot,local,12,4,4,same_entangling_gate_count,3,5,RZ,2,125,layer_003_wire_005_RZ,3,4.299972928800569e-18,1.6328622970341017e-36,4.299972928800569e-18,1.0
random_bp,expectation_value,pm_12q_bp_sweep,hea,RX_RY_RZ_CNOT,none,linear,cnot,local,12,4,4,same_entangling_gate_count,3,6,RX,0,126,layer_003_wire_006_RX,3,-0.0021101411816685585,4.880604177346806e-06,0.0021101411816685585,0.0
random_bp,expectation_value,pm_12q_bp_sweep,hea,RX_RY_RZ_CNOT,none,linear,cnot,local,12,4,4,same_entangling_gate_count,3,6,RY,1,127,layer_003_wire_006_RY,3,-0.0006000872457955337,9.212913907118803e-06,0.002021700689952838,0.0
random_bp,expectation_value,pm_12q_bp_sweep,hea,RX_RY_RZ_CNOT,none,linear,cnot,local,12,4,4,same_entangling_gate_count,3,6,RZ,2,128,layer_003_wire_006_RZ,3,-3.3111244349071074e-18,7.850127962542745e-36,3.3111244349071074e-18,1.0
random_bp,expectation_value,pm_12q_bp_sweep,hea,RX_RY_RZ_CNOT,none,linear,cnot,local,12,4,4,same_entangling_gate_count,3,7,RX,0,129,layer_003_wire_007_RX,3,-0.0031021215365571895,1.918661462858451e-05,0.003206383472065262,0.0
random_bp,expectation_value,pm_12q_bp_sweep,hea,RX_RY_RZ_CNOT,none,linear,cnot,local,12,4,4,same_entangling_gate_count,3,7,RY,1,130,layer_003_wire_007_RY,3,0.0005855096626924156,9.11475840726573e-06,0.002367484783160579,0.0
random_bp,expectation_value,pm_12q_bp_sweep,hea,RX_RY_RZ_CNOT,none,linear,cnot,local,12,4,4,same_entangling_gate_count,3,7,RZ,2,131,layer_003_wire_007_RZ,3,-1.587246413065731e-18,6.92783719747813e-37,1.587246413065731e-18,1.0
random_bp,expectation_value,pm_12q_bp_sweep,hea,RX_RY_RZ_CNOT,none,linear,cnot,local,12,4,4,same_entangling_gate_count,3,8,RX,0,132,layer_003_wire_008_RX,3,0.002143500862908583,8.624588439127378e-06,0.002143500862908583,0.0
random_bp,expectation_value,pm_12q_bp_sweep,hea,RX_RY_RZ_CNOT,none,linear,cnot,local,12,4,4,same_entangling_gate_count,3,8,RY,1,133,layer_003_wire_008_RY,3,0.0005913375473085414,2.7313724178063915e-05,0.004137259014804733,0.0
random_bp,expectation_value,pm_12q_bp_sweep,hea,RX_RY_RZ_CNOT,none,linear,cnot,local,12,4,4,same_entangling_gate_count,3,8,RZ,2,134,layer_003_wire_008_RZ,3,-5.612901751145898e-19,1.0024649753800965e-34,7.773133813461668e-18,1.0
random_bp,expectation_value,pm_12q_bp_sweep,hea,RX_RY_RZ_CNOT,none,linear,cnot,local,12,4,4,same_entangling_gate_count,3,9,RX,0,135,layer_003_wire_009_RX,3,-0.0002770409772520991,7.548891829139398e-06,0.001839284817369902,0.0
random_bp,expectation_value,pm_12q_bp_sweep,hea,RX_RY_RZ_CNOT,none,linear,cnot,local,12,4,4,same_entangling_gate_count,3,9,RY,1,136,layer_003_wire_009_RY,3,-0.000407599671489736,4.590994335501865e-06,0.001471392569035443,0.0
random_bp,expectation_value,pm_12q_bp_sweep,hea,RX_RY_RZ_CNOT,none,linear,cnot,local,12,4,4,same_entangling_gate_count,3,9,RZ,2,137,layer_003_wire_009_RZ,3,-1.7899372144019874e-17,1.939355107753048e-33,2.791576927728293e-17,1.0
random_bp,expectation_value,pm_12q_bp_sweep,hea,RX_RY_RZ_CNOT,none,linear,cnot,local,12,4,4,same_entangling_gate_count,3,10,RX,0,138,layer_003_wire_010_RX,3,-0.001363403230264995,3.976706545431913e-06,0.0015190159557837547,0.0
random_bp,expectation_value,pm_12q_bp_sweep,hea,RX_RY_RZ_CNOT,none,linear,cnot,local,12,4,4,same_entangling_gate_count,3,10,RY,1,139,layer_003_wire_010_RY,3,0.00019950695910139413,1.3612418706590552e-05,0.002544651424205216,0.0
random_bp,expectation_value,pm_12q_bp_sweep,hea,RX_RY_RZ_CNOT,none,linear,cnot,local,12,4,4,same_entangling_gate_count,3,10,RZ,2,140,layer_003_wire_010_RZ,3,1.1800225532916534e-17,3.219579105145614e-34,1.4312119863431086e-17,1.0
random_bp,expectation_value,pm_12q_bp_sweep,hea,RX_RY_RZ_CNOT,none,linear,cnot,local,12,4,4,same_entangling_gate_count,3,11,RX,0,141,layer_003_wire_011_RX,3,0.000619066586294072,8.486304301224255e-07,0.000619066586294072,0.0
random_bp,expectation_value,pm_12q_bp_sweep,hea,RX_RY_RZ_CNOT,none,linear,cnot,local,12,4,4,same_entangling_gate_count,3,11,RY,1,142,layer_003_wire_011_RY,3,0.0006374517686128174,2.2793371560177056e-06,0.0013430222586265858,0.0
random_bp,expectation_value,pm_12q_bp_sweep,hea,RX_RY_RZ_CNOT,none,linear,cnot,local,12,4,4,same_entangling_gate_count,3,11,RZ,2,143,layer_003_wire_011_RZ,3,-2.651269298970249e-17,5.294570204033936e-34,2.6512692989702494e-17,1.0
random_bp,expectation_value,pm_12q_bp_sweep,hea,RX_RY_RZ_CNOT,none,linear,cnot,global,12,4,4,same_entangling_gate_count,0,0,RX,0,0,layer_000_wire_000_RX,3,0.0029660877887577714,2.6870502705682727e-07,0.0029660877887577714,0.0
random_bp,expectation_value,pm_12q_bp_sweep,hea,RX_RY_RZ_CNOT,none,linear,cnot,global,12,4,4,same_entangling_gate_count,0,0,RY,1,1,layer_000_wire_000_RY,3,-0.0013050677010333282,3.865140892046329e-05,0.004200637526946007,0.0
random_bp,expectation_value,pm_12q_bp_sweep,hea,RX_RY_RZ_CNOT,none,linear,cnot,global,12,4,4,same_entangling_gate_count,0,0,RZ,2,2,layer_000_wire_000_RZ,3,0.0012806464935973844,6.722750362459794e-06,0.0022132634880623375,0.0
random_bp,expectation_value,pm_12q_bp_sweep,hea,RX_RY_RZ_CNOT,none,linear,cnot,global,12,4,4,same_entangling_gate_count,0,1,RX,0,3,layer_000_wire_001_RX,3,0.028023566148082928,0.001176051015126561,0.028023566148082924,0.0
random_bp,expectation_value,pm_12q_bp_sweep,hea,RX_RY_RZ_CNOT,none,linear,cnot,global,12,4,4,same_entangling_gate_count,0,1,RY,1,4,layer_000_wire_001_RY,3,0.005896188702776518,0.0003049495542583687,0.011158411816739518,0.0
random_bp,expectation_value,pm_12q_bp_sweep,hea,RX_RY_RZ_CNOT,none,linear,cnot,global,12,4,4,same_entangling_gate_count,0,1,RZ,2,5,layer_000_wire_001_RZ,3,-0.019173143106434608,0.0013946033920093546,0.024084550264888083,0.0
random_bp,expectation_value,pm_12q_bp_sweep,hea,RX_RY_RZ_CNOT,none,linear,cnot,global,12,4,4,same_entangling_gate_count,0,2,RX,0,6,layer_000_wire_002_RX,3,-0.0013697901300727695,0.00019660745949696314,0.010880334873795298,0.0
random_bp,expectation_value,pm_12q_bp_sweep,hea,RX_RY_RZ_CNOT,none,linear,cnot,global,12,4,4,same_entangling_gate_count,0,2,RY,1,7,layer_000_wire_002_RY,3,0.0010214696647940767,4.832507405961907e-05,0.004975992061736253,0.0
random_bp,expectation_value,pm_12q_bp_sweep,hea,RX_RY_RZ_CNOT,none,linear,cnot,global,12,4,4,same_entangling_gate_count,0,2,RZ,2,8,layer_000_wire_002_RZ,3,0.002896288923513162,0.0003046783273796526,0.014397457155409243,0.0
random_bp,expectation_value,pm_12q_bp_sweep,hea,RX_RY_RZ_CNOT,none,linear,cnot,global,12,4,4,same_entangling_gate_count,0,3,RX,0,9,layer_000_wire_003_RX,3,-0.0030779598303607974,0.00010539188485347468,0.006844536626109013,0.0
random_bp,expectation_value,pm_12q_bp_sweep,hea,RX_RY_RZ_CNOT,none,linear,cnot,global,12,4,4,same_entangling_gate_count,0,3,RY,1,10,layer_000_wire_003_RY,3,0.007902119472008022,2.722431464928948e-05,0.007902119472008024,0.0
random_bp,expectation_value,pm_12q_bp_sweep,hea,RX_RY_RZ_CNOT,none,linear,cnot,global,12,4,4,same_entangling_gate_count,0,3,RZ,2,11,layer_000_wire_003_RZ,3,0.005319336912076422,6.937882546317992e-05,0.005319336912076422,0.0
random_bp,expectation_value,pm_12q_bp_sweep,hea,RX_RY_RZ_CNOT,none,linear,cnot,global,12,4,4,same_entangling_gate_count,0,4,RX,0,12,layer_000_wire_004_RX,3,0.004040974138376624,9.11373478830466e-05,0.006001255780335772,0.0
random_bp,expectation_value,pm_12q_bp_sweep,hea,RX_RY_RZ_CNOT,none,linear,cnot,global,12,4,4,same_entangling_gate_count,0,4,RY,1,13,layer_000_wire_004_RY,3,0.012115359632983439,0.00041457918285334644,0.012115359632983437,0.0
random_bp,expectation_value,pm_12q_bp_sweep,hea,RX_RY_RZ_CNOT,none,linear,cnot,global,12,4,4,same_entangling_gate_count,0,4,RZ,2,14,layer_000_wire_004_RZ,3,0.016525409035996093,0.0006825755052163536,0.016525409035996093,0.0
random_bp,expectation_value,pm_12q_bp_sweep,hea,RX_RY_RZ_CNOT,none,linear,cnot,global,12,4,4,same_entangling_gate_count,0,5,RX,0,15,layer_000_wire_005_RX,3,0.0023818593148682093,9.017507677507508e-05,0.006471855259292492,0.0
random_bp,expectation_value,pm_12q_bp_sweep,hea,RX_RY_RZ_CNOT,none,linear,cnot,global,12,4,4,same_entangling_gate_count,0,5,RY,1,16,layer_000_wire_005_RY,3,-0.004092318455403341,3.560836943483246e-05,0.005219068517972267,0.0
random_bp,expectation_value,pm_12q_bp_sweep,hea,RX_RY_RZ_CNOT,none,linear,cnot,global,12,4,4,same_entangling_gate_count,0,5,RZ,2,17,layer_000_wire_005_RZ,3,-0.0032605813299077264,4.528442996808759e-06,0.0032605813299077264,0.0
random_bp,expectation_value,pm_12q_bp_sweep,hea,RX_RY_RZ_CNOT,none,linear,cnot,global,12,4,4,same_entangling_gate_count,0,6,RX,0,18,layer_000_wire_006_RX,3,-0.0006308765025353476,1.3533271461050227e-05,0.0026070167306518383,0.0
random_bp,expectation_value,pm_12q_bp_sweep,hea,RX_RY_RZ_CNOT,none,linear,cnot,global,12,4,4,same_entangling_gate_count,0,6,RY,1,19,layer_000_wire_006_RY,3,0.0037226232664988443,1.5303947742872418e-05,0.004003426724892208,0.0
random_bp,expectation_value,pm_12q_bp_sweep,hea,RX_RY_RZ_CNOT,none,linear,cnot,global,12,4,4,same_entangling_gate_count,0,6,RZ,2,20,layer_000_wire_006_RZ,3,-0.0029575095128172107,9.158399271598072e-05,0.006289853241265257,0.0
random_bp,expectation_value,pm_12q_bp_sweep,hea,RX_RY_RZ_CNOT,none,linear,cnot,global,12,4,4,same_entangling_gate_count,0,7,RX,0,21,layer_000_wire_007_RX,3,-0.0010147178054819078,4.439295272408729e-05,0.00469882393179179,0.0
random_bp,expectation_value,pm_12q_bp_sweep,hea,RX_RY_RZ_CNOT,none,linear,cnot,global,12,4,4,same_entangling_gate_count,0,7,RY,1,22,layer_000_wire_007_RY,3,-0.002856715352302976,6.654429652864516e-05,0.006214922643426384,0.0
random_bp,expectation_value,pm_12q_bp_sweep,hea,RX_RY_RZ_CNOT,none,linear,cnot,global,12,4,4,same_entangling_gate_count,0,7,RZ,2,23,layer_000_wire_007_RZ,3,0.003878177737583359,5.886104478774441e-05,0.005751700868598504,0.0
random_bp,expectation_value,pm_12q_bp_sweep,hea,RX_RY_RZ_CNOT,none,linear,cnot,global,12,4,4,same_entangling_gate_count,0,8,RX,0,24,layer_000_wire_008_RX,3,0.002554263764524661,0.0001146094099396337,0.007152515147801384,0.0
random_bp,expectation_value,pm_12q_bp_sweep,hea,RX_RY_RZ_CNOT,none,linear,cnot,global,12,4,4,same_entangling_gate_count,0,8,RY,1,25,layer_000_wire_008_RY,3,0.0011863893413071546,1.4235102534807235e-05,0.002641090356494053,0.0
random_bp,expectation_value,pm_12q_bp_sweep,hea,RX_RY_RZ_CNOT,none,linear,cnot,global,12,4,4,same_entangling_gate_count,0,8,RZ,2,26,layer_000_wire_008_RZ,3,0.003988162306861889,5.5582005882576196e-05,0.006937001533634977,0.0
random_bp,expectation_value,pm_12q_bp_sweep,hea,RX_RY_RZ_CNOT,none,linear,cnot,global,12,4,4,same_entangling_gate_count,0,9,RX,0,27,layer_000_wire_009_RX,3,0.0004320557907755225,9.070007455299237e-05,0.007269450491133772,0.0
random_bp,expectation_value,pm_12q_bp_sweep,hea,RX_RY_RZ_CNOT,none,linear,cnot,global,12,4,4,same_entangling_gate_count,0,9,RY,1,28,layer_000_wire_009_RY,3,0.0007829192246999434,4.0796601695143395e-06,0.001278071698305822,0.0
random_bp,expectation_value,pm_12q_bp_sweep,hea,RX_RY_RZ_CNOT,none,linear,cnot,global,12,4,4,same_entangling_gate_count,0,9,RZ,2,29,layer_000_wire_009_RZ,3,0.006135344128801553,1.0773259865694156e-05,0.006135344128801554,0.0
random_bp,expectation_value,pm_12q_bp_sweep,hea,RX_RY_RZ_CNOT,none,linear,cnot,global,12,4,4,same_entangling_gate_count,0,10,RX,0,30,layer_000_wire_010_RX,3,0.0014124899095663839,0.00012377480312999079,0.008229901777951201,0.0
random_bp,expectation_value,pm_12q_bp_sweep,hea,RX_RY_RZ_CNOT,none,linear,cnot,global,12,4,4,same_entangling_gate_count,0,10,RY,1,31,layer_000_wire_010_RY,3,-0.004583013912445612,6.162457933477528e-05,0.005710612589733954,0.0
random_bp,expectation_value,pm_12q_bp_sweep,hea,RX_RY_RZ_CNOT,none,linear,cnot,global,12,4,4,same_entangling_gate_count,0,10,RZ,2,32,layer_000_wire_010_RZ,3,-0.0024037026403306407,0.0001023505117440512,0.008375704409891967,0.0
random_bp,expectation_value,pm_12q_bp_sweep,hea,RX_RY_RZ_CNOT,none,linear,cnot,global,12,4,4,same_entangling_gate_count,0,11,RX,0,33,layer_000_wire_011_RX,3,0.002540473580865417,3.267869893315546e-05,0.003747131432424716,0.0
random_bp,expectation_value,pm_12q_bp_sweep,hea,RX_RY_RZ_CNOT,none,linear,cnot,global,12,4,4,same_entangling_gate_count,0,11,RY,1,34,layer_000_wire_011_RY,3,-0.004244143997273405,4.74310435182285e-05,0.005497288235326089,0.0
random_bp,expectation_value,pm_12q_bp_sweep,hea,RX_RY_RZ_CNOT,none,linear,cnot,global,12,4,4,same_entangling_gate_count,0,11,RZ,2,35,layer_000_wire_011_RZ,3,-0.004954842833297898,0.00018613091234699652,0.011413154464639525,0.0
random_bp,expectation_value,pm_12q_bp_sweep,hea,RX_RY_RZ_CNOT,none,linear,cnot,global,12,4,4,same_entangling_gate_count,1,0,RX,0,36,layer_001_wire_000_RX,3,0.006084084691545026,0.00024413454848834815,0.00987174008049275,0.0
random_bp,expectation_value,pm_12q_bp_sweep,hea,RX_RY_RZ_CNOT,none,linear,cnot,global,12,4,4,same_entangling_gate_count,1,0,RY,1,37,layer_001_wire_000_RY,3,0.006272540126183191,7.52555839960996e-05,0.006710646368760402,0.0
random_bp,expectation_value,pm_12q_bp_sweep,hea,RX_RY_RZ_CNOT,none,linear,cnot,global,12,4,4,same_entangling_gate_count,1,0,RZ,2,38,layer_001_wire_000_RZ,3,-0.0029091052189063136,0.00011604321991458096,0.007322431913594143,0.0
random_bp,expectation_value,pm_12q_bp_sweep,hea,RX_RY_RZ_CNOT,none,linear,cnot,global,12,4,4,same_entangling_gate_count,1,1,RX,0,39,layer_001_wire_001_RX,3,0.017341359072849005,0.00016797651893465004,0.017341359072849005,0.0
random_bp,expectation_value,pm_12q_bp_sweep,hea,RX_RY_RZ_CNOT,none,linear,cnot,global,12,4,4,same_entangling_gate_count,1,1,RY,1,40,layer_001_wire_001_RY,3,0.013588159271115688,0.0002363040195690615,0.013588159271115688,0.0
random_bp,expectation_value,pm_12q_bp_sweep,hea,RX_RY_RZ_CNOT,none,linear,cnot,global,12,4,4,same_entangling_gate_count,1,1,RZ,2,41,layer_001_wire_001_RZ,3,-0.014467671180802274,0.0003827606529885499,0.014467671180802276,0.0
random_bp,expectation_value,pm_12q_bp_sweep,hea,RX_RY_RZ_CNOT,none,linear,cnot,global,12,4,4,same_entangling_gate_count,1,2,RX,0,42,layer_001_wire_002_RX,3,-0.001308295718672736,1.822574419536013e-05,0.0034188828214192085,0.0
random_bp,expectation_value,pm_12q_bp_sweep,hea,RX_RY_RZ_CNOT,none,linear,cnot,global,12,4,4,same_entangling_gate_count,1,2,RY,1,43,layer_001_wire_002_RY,3,0.0018710991745260672,8.896275823208202e-06,0.002467070482857087,0.0
random_bp,expectation_value,pm_12q_bp_sweep,hea,RX_RY_RZ_CNOT,none,linear,cnot,global,12,4,4,same_entangling_gate_count,1,2,RZ,2,44,layer_001_wire_002_RZ,3,0.0032768187005438746,5.9531209662360135e-05,0.004806157108428854,0.0
random_bp,expectation_value,pm_12q_bp_sweep,hea,RX_RY_RZ_CNOT,none,linear,cnot,global,12,4,4,same_entangling_gate_count,1,3,RX,0,45,layer_001_wire_003_RX,3,-0.012391628911357984,0.0003781803719479711,0.012391628911357984,0.0
random_bp,expectation_value,pm_12q_bp_sweep,hea,RX_RY_RZ_CNOT,none,linear,cnot,global,12,4,4,same_entangling_gate_count,1,3,RY,1,46,layer_001_wire_003_RY,3,0.004343066309370397,3.3981486162872694e-05,0.004562914527078782,0.0
random_bp,expectation_value,pm_12q_bp_sweep,hea,RX_RY_RZ_CNOT,none,linear,cnot,global,12,4,4,same_entangling_gate_count,1,3,RZ,2,47,layer_001_wire_003_RZ,3,-0.01549705567159151,0.0001818859736388886,0.015497055671591512,0.0
random_bp,expectation_value,pm_12q_bp_sweep,hea,RX_RY_RZ_CNOT,none,linear,cnot,global,12,4,4,same_entangling_gate_count,1,4,RX,0,48,layer_001_wire_004_RX,3,-0.007095323291665412,6.466243316715668e-05,0.007686791648827136,0.0
random_bp,expectation_value,pm_12q_bp_sweep,hea,RX_RY_RZ_CNOT,none,linear,cnot,global,12,4,4,same_entangling_gate_count,1,4,RY,1,49,layer_001_wire_004_RY,3,-0.005349623217569098,2.4399751954671247e-05,0.005349623217569097,0.0
random_bp,expectation_value,pm_12q_bp_sweep,hea,RX_RY_RZ_CNOT,none,linear,cnot,global,12,4,4,same_entangling_gate_count,1,4,RZ,2,50,layer_001_wire_004_RZ,3,0.00783466954684462,3.360852220079936e-05,0.00783466954684462,0.0
random_bp,expectation_value,pm_12q_bp_sweep,hea,RX_RY_RZ_CNOT,none,linear,cnot,global,12,4,4,same_entangling_gate_count,1,5,RX,0,51,layer_001_wire_005_RX,3,0.008203043711999942,3.090627664319382e-05,0.008203043711999942,0.0
random_bp,expectation_value,pm_12q_bp_sweep,hea,RX_RY_RZ_CNOT,none,linear,cnot,global,12,4,4,same_entangling_gate_count,1,5,RY,1,52,layer_001_wire_005_RY,3,-0.004900143516747239,0.00021895979860534582,0.012200657328287004,0.0
random_bp,expectation_value,pm_12q_bp_sweep,hea,RX_RY_RZ_CNOT,none,linear,cnot,global,12,4,4,same_entangling_gate_count,1,5,RZ,2,53,layer_001_wire_005_RZ,3,0.0005628336553876346,2.4154686334804527e-05,0.00357823450811651,0.0
random_bp,expectation_value,pm_12q_bp_sweep,hea,RX_RY_RZ_CNOT,none,linear,cnot,global,12,4,4,same_entangling_gate_count,1,6,RX,0,54,layer_001_wire_006_RX,3,0.00014783423310463836,1.3951948215425645e-05,0.002802344682890586,0.0
random_bp,expectation_value,pm_12q_bp_sweep,hea,RX_RY_RZ_CNOT,none,linear,cnot,global,12,4,4,same_entangling_gate_count,1,6,RY,1,55,layer_001_wire_006_RY,3,-0.003634361325603252,0.00010325993350991445,0.00650357871633868,0.0
random_bp,expectation_value,pm_12q_bp_sweep,hea,RX_RY_RZ_CNOT,none,linear,cnot,global,12,4,4,same_entangling_gate_count,1,6,RZ,2,56,layer_001_wire_006_RZ,3,0.009369407498849992,2.6310951691016545e-05,0.009369407498849992,0.0
random_bp,expectation_value,pm_12q_bp_sweep,hea,RX_RY_RZ_CNOT,none,linear,cnot,global,12,4,4,same_entangling_gate_count,1,7,RX,0,57,layer_001_wire_007_RX,3,0.001294110080434962,4.265309938514733e-05,0.004570951914804313,0.0
random_bp,expectation_value,pm_12q_bp_sweep,hea,RX_RY_RZ_CNOT,none,linear,cnot,global,12,4,4,same_entangling_gate_count,1,7,RY,1,58,layer_001_wire_007_RY,3,-0.00524854100955009,8.063724779009158e-05,0.008569835618120062,0.0
random_bp,expectation_value,pm_12q_bp_sweep,hea,RX_RY_RZ_CNOT,none,linear,cnot,global,12,4,4,same_entangling_gate_count,1,7,RZ,2,59,layer_001_wire_007_RZ,3,0.0035714605338830656,9.401792476985702e-05,0.008653994774677778,0.0
random_bp,expectation_value,pm_12q_bp_sweep,hea,RX_RY_RZ_CNOT,none,linear,cnot,global,12,4,4,same_entangling_gate_count,1,8,RX,0,60,layer_001_wire_008_RX,3,-0.0021745926653660014,0.000101847291446042,0.008485151666678297,0.0
random_bp,expectation_value,pm_12q_bp_sweep,hea,RX_RY_RZ_CNOT,none,linear,cnot,global,12,4,4,same_entangling_gate_count,1,8,RY,1,61,layer_001_wire_008_RY,3,8.390952796176151e-05,5.8447573119265196e-06,0.0018813138900431728,0.0
random_bp,expectation_value,pm_12q_bp_sweep,hea,RX_RY_RZ_CNOT,none,linear,cnot,global,12,4,4,same_entangling_gate_count,1,8,RZ,2,62,layer_001_wire_008_RZ,3,-0.0038320605109394635,7.596033074753583e-05,0.007872155560000036,0.0
random_bp,expectation_value,pm_12q_bp_sweep,hea,RX_RY_RZ_CNOT,none,linear,cnot,global,12,4,4,same_entangling_gate_count,1,9,RX,0,63,layer_001_wire_009_RX,3,0.0008966730373893385,2.0105188421234197e-05,0.002977048576360452,0.0
random_bp,expectation_value,pm_12q_bp_sweep,hea,RX_RY_RZ_CNOT,none,linear,cnot,global,12,4,4,same_entangling_gate_count,1,9,RY,1,64,layer_001_wire_009_RY,3,0.005937361003664964,0.00012436956312524743,0.01044588674261806,0.0
random_bp,expectation_value,pm_12q_bp_sweep,hea,RX_RY_RZ_CNOT,none,linear,cnot,global,12,4,4,same_entangling_gate_count,1,9,RZ,2,65,layer_001_wire_009_RZ,3,0.0012243827134342613,6.690129081307024e-05,0.005660487606722346,0.0
random_bp,expectation_value,pm_12q_bp_sweep,hea,RX_RY_RZ_CNOT,none,linear,cnot,global,12,4,4,same_entangling_gate_count,1,10,RX,0,66,layer_001_wire_010_RX,3,0.0010719804525397283,1.5880708371488547e-07,0.0010719804525397283,0.0
random_bp,expectation_value,pm_12q_bp_sweep,hea,RX_RY_RZ_CNOT,none,linear,cnot,global,12,4,4,same_entangling_gate_count,1,10,RY,1,67,layer_001_wire_010_RY,3,-0.0009687069412704554,8.551111026592815e-07,0.0009687069412704554,0.0
random_bp,expectation_value,pm_12q_bp_sweep,hea,RX_RY_RZ_CNOT,none,linear,cnot,global,12,4,4,same_entangling_gate_count,1,10,RZ,2,68,layer_001_wire_010_RZ,3,-0.004200752542769827,8.221603018531638e-06,0.004200752542769827,0.0
random_bp,expectation_value,pm_12q_bp_sweep,hea,RX_RY_RZ_CNOT,none,linear,cnot,global,12,4,4,same_entangling_gate_count,1,11,RX,0,69,layer_001_wire_011_RX,3,0.003528173368098349,1.2482202934471802e-05,0.0037680391487717496,0.0
random_bp,expectation_value,pm_12q_bp_sweep,hea,RX_RY_RZ_CNOT,none,linear,cnot,global,12,4,4,same_entangling_gate_count,1,11,RY,1,70,layer_001_wire_011_RY,3,0.0008250224862164539,1.4161681235542563e-05,0.0025990508654500292,0.0
random_bp,expectation_value,pm_12q_bp_sweep,hea,RX_RY_RZ_CNOT,none,linear,cnot,global,12,4,4,same_entangling_gate_count,1,11,RZ,2,71,layer_001_wire_011_RZ,3,0.011931448658739522,0.0005084337251285603,0.017290468603114468,0.0
random_bp,expectation_value,pm_12q_bp_sweep,hea,RX_RY_RZ_CNOT,none,linear,cnot,global,12,4,4,same_entangling_gate_count,2,0,RX,0,72,layer_002_wire_000_RX,3,0.007224944477200908,1.9020761578514744e-05,0.007224944477200908,0.0
random_bp,expectation_value,pm_12q_bp_sweep,hea,RX_RY_RZ_CNOT,none,linear,cnot,global,12,4,4,same_entangling_gate_count,2,0,RY,1,73,layer_002_wire_000_RY,3,-0.013073108928373448,0.00029690140629719405,0.013073108928373446,0.0
random_bp,expectation_value,pm_12q_bp_sweep,hea,RX_RY_RZ_CNOT,none,linear,cnot,global,12,4,4,same_entangling_gate_count,2,0,RZ,2,74,layer_002_wire_000_RZ,3,8.883001611001328e-18,6.827388923158067e-34,1.688541271381802e-17,1.0
random_bp,expectation_value,pm_12q_bp_sweep,hea,RX_RY_RZ_CNOT,none,linear,cnot,global,12,4,4,same_entangling_gate_count,2,1,RX,0,75,layer_002_wire_001_RX,3,-0.0030197227449564137,2.8362904367525726e-05,0.004902252413130322,0.0
random_bp,expectation_value,pm_12q_bp_sweep,hea,RX_RY_RZ_CNOT,none,linear,cnot,global,12,4,4,same_entangling_gate_count,2,1,RY,1,76,layer_002_wire_001_RY,3,0.0021496209861573135,8.405768412226483e-05,0.006244603090009032,0.0
random_bp,expectation_value,pm_12q_bp_sweep,hea,RX_RY_RZ_CNOT,none,linear,cnot,global,12,4,4,same_entangling_gate_count,2,1,RZ,2,77,layer_002_wire_001_RZ,3,-0.0011236733056054157,4.9848167646237275e-06,0.001412210808467906,0.0
random_bp,expectation_value,pm_12q_bp_sweep,hea,RX_RY_RZ_CNOT,none,linear,cnot,global,12,4,4,same_entangling_gate_count,2,2,RX,0,78,layer_002_wire_002_RX,3,-0.011637606013340495,3.8050555066825256e-05,0.011637606013340495,0.0
random_bp,expectation_value,pm_12q_bp_sweep,hea,RX_RY_RZ_CNOT,none,linear,cnot,global,12,4,4,same_entangling_gate_count,2,2,RY,1,79,layer_002_wire_002_RY,3,-0.004481616079069903,0.00015391702223721337,0.010815578554470478,0.0
random_bp,expectation_value,pm_12q_bp_sweep,hea,RX_RY_RZ_CNOT,none,linear,cnot,global,12,4,4,same_entangling_gate_count,2,2,RZ,2,80,layer_002_wire_002_RZ,3,0.0033804756057473784,0.00011387470067384806,0.007387803200105069,0.0
random_bp,expectation_value,pm_12q_bp_sweep,hea,RX_RY_RZ_CNOT,none,linear,cnot,global,12,4,4,same_entangling_gate_count,2,3,RX,0,81,layer_002_wire_003_RX,3,-0.002016933097411911,6.673187831008798e-07,0.002016933097411911,0.0
random_bp,expectation_value,pm_12q_bp_sweep,hea,RX_RY_RZ_CNOT,none,linear,cnot,global,12,4,4,same_entangling_gate_count,2,3,RY,1,82,layer_002_wire_003_RY,3,-0.005945718297749826,8.469533509127027e-05,0.006354890104108148,0.0
random_bp,expectation_value,pm_12q_bp_sweep,hea,RX_RY_RZ_CNOT,none,linear,cnot,global,12,4,4,same_entangling_gate_count,2,3,RZ,2,83,layer_002_wire_003_RZ,3,-0.0021995002681329326,1.600402711077738e-05,0.003471740825316706,0.0
random_bp,expectation_value,pm_12q_bp_sweep,hea,RX_RY_RZ_CNOT,none,linear,cnot,global,12,4,4,same_entangling_gate_count,2,4,RX,0,84,layer_002_wire_004_RX,3,-0.0007879612535520628,7.358761408589158e-05,0.00659530482233684,0.0
random_bp,expectation_value,pm_12q_bp_sweep,hea,RX_RY_RZ_CNOT,none,linear,cnot,global,12,4,4,same_entangling_gate_count,2,4,RY,1,85,layer_002_wire_004_RY,3,0.010134198820037608,0.0002866166124984102,0.012242503202305332,0.0
random_bp,expectation_value,pm_12q_bp_sweep,hea,RX_RY_RZ_CNOT,none,linear,cnot,global,12,4,4,same_entangling_gate_count,2,4,RZ,2,86,layer_002_wire_004_RZ,3,-0.004726910581206774,4.007734475873167e-05,0.006441465207246359,0.0
random_bp,expectation_value,pm_12q_bp_sweep,hea,RX_RY_RZ_CNOT,none,linear,cnot,global,12,4,4,same_entangling_gate_count,2,5,RX,0,87,layer_002_wire_005_RX,3,0.009175740292289344,7.820834385642611e-05,0.009175740292289342,0.0
random_bp,expectation_value,pm_12q_bp_sweep,hea,RX_RY_RZ_CNOT,none,linear,cnot,global,12,4,4,same_entangling_gate_count,2,5,RY,1,88,layer_002_wire_005_RY,3,-0.007349799806341768,0.00013523317916458414,0.011189547268480357,0.0
random_bp,expectation_value,pm_12q_bp_sweep,hea,RX_RY_RZ_CNOT,none,linear,cnot,global,12,4,4,same_entangling_gate_count,2,5,RZ,2,89,layer_002_wire_005_RZ,3,0.006163562523510234,7.675044501552085e-05,0.007162785775687606,0.0
random_bp,expectation_value,pm_12q_bp_sweep,hea,RX_RY_RZ_CNOT,none,linear,cnot,global,12,4,4,same_entangling_gate_count,2,6,RX,0,90,layer_002_wire_006_RX,3,0.0032166449795496266,1.6386347672249743e-05,0.0032166449795496266,0.0
random_bp,expectation_value,pm_12q_bp_sweep,hea,RX_RY_RZ_CNOT,none,linear,cnot,global,12,4,4,same_entangling_gate_count,2,6,RY,1,91,layer_002_wire_006_RY,3,-0.004384973803330014,3.355496070928989e-05,0.005641146054686239,0.0
random_bp,expectation_value,pm_12q_bp_sweep,hea,RX_RY_RZ_CNOT,none,linear,cnot,global,12,4,4,same_entangling_gate_count,2,6,RZ,2,92,layer_002_wire_006_RZ,3,0.0031903987202782586,3.7308399273922914e-05,0.004456809400051093,0.0
random_bp,expectation_value,pm_12q_bp_sweep,hea,RX_RY_RZ_CNOT,none,linear,cnot,global,12,4,4,same_entangling_gate_count,2,7,RX,0,93,layer_002_wire_007_RX,3,-0.0023610612968526326,1.4841202141087984e-05,0.0037525564044834946,0.0
random_bp,expectation_value,pm_12q_bp_sweep,hea,RX_RY_RZ_CNOT,none,linear,cnot,global,12,4,4,same_entangling_gate_count,2,7,RY,1,94,layer_002_wire_007_RY,3,0.002048539005581473,2.3985904724138852e-05,0.0034351954908650984,0.0
random_bp,expectation_value,pm_12q_bp_sweep,hea,RX_RY_RZ_CNOT,none,linear,cnot,global,12,4,4,same_entangling_gate_count,2,7,RZ,2,95,layer_002_wire_007_RZ,3,-0.0022720429427468647,3.007170937667293e-05,0.004943827114165862,0.0
random_bp,expectation_value,pm_12q_bp_sweep,hea,RX_RY_RZ_CNOT,none,linear,cnot,global,12,4,4,same_entangling_gate_count,2,8,RX,0,96,layer_002_wire_008_RX,3,0.00045255691606653665,8.201871194982951e-05,0.0070876553537519175,0.0
random_bp,expectation_value,pm_12q_bp_sweep,hea,RX_RY_RZ_CNOT,none,linear,cnot,global,12,4,4,same_entangling_gate_count,2,8,RY,1,97,layer_002_wire_008_RY,3,-0.002724936586457463,7.795704688676748e-06,0.0028929603534316242,0.0
random_bp,expectation_value,pm_12q_bp_sweep,hea,RX_RY_RZ_CNOT,none,linear,cnot,global,12,4,4,same_entangling_gate_count,2,8,RZ,2,98,layer_002_wire_008_RZ,3,0.009818913395384782,0.0003947877534144047,0.012582045011084368,0.0
random_bp,expectation_value,pm_12q_bp_sweep,hea,RX_RY_RZ_CNOT,none,linear,cnot,global,12,4,4,same_entangling_gate_count,2,9,RX,0,99,layer_002_wire_009_RX,3,0.010342106444377991,1.6762667041933018e-05,0.010342106444377991,0.0
random_bp,expectation_value,pm_12q_bp_sweep,hea,RX_RY_RZ_CNOT,none,linear,cnot,global,12,4,4,same_entangling_gate_count,2,9,RY,1,100,layer_002_wire_009_RY,3,-0.0016972489782109,4.279030218412806e-05,0.005021826705512116,0.0
random_bp,expectation_value,pm_12q_bp_sweep,hea,RX_RY_RZ_CNOT,none,linear,cnot,global,12,4,4,same_entangling_gate_count,2,9,RZ,2,101,layer_002_wire_009_RZ,3,-0.005452816284773475,0.00025270510261687863,0.013644560664683584,0.0
random_bp,expectation_value,pm_12q_bp_sweep,hea,RX_RY_RZ_CNOT,none,linear,cnot,global,12,4,4,same_entangling_gate_count,2,10,RX,0,102,layer_002_wire_010_RX,3,0.003557478584056835,1.3477979822544421e-05,0.003659655541428168,0.0
random_bp,expectation_value,pm_12q_bp_sweep,hea,RX_RY_RZ_CNOT,none,linear,cnot,global,12,4,4,same_entangling_gate_count,2,10,RY,1,103,layer_002_wire_010_RY,3,-0.0034145958107479808,8.335368580170566e-07,0.0034145958107479808,0.0
random_bp,expectation_value,pm_12q_bp_sweep,hea,RX_RY_RZ_CNOT,none,linear,cnot,global,12,4,4,same_entangling_gate_count,2,10,RZ,2,104,layer_002_wire_010_RZ,3,-0.0015211117732496313,0.00010977859006743528,0.007732607543241833,0.0
random_bp,expectation_value,pm_12q_bp_sweep,hea,RX_RY_RZ_CNOT,none,linear,cnot,global,12,4,4,same_entangling_gate_count,2,11,RX,0,105,layer_002_wire_011_RX,3,3.022253036328096e-06,5.4881589954708836e-05,0.005276987007052145,0.0
random_bp,expectation_value,pm_12q_bp_sweep,hea,RX_RY_RZ_CNOT,none,linear,cnot,global,12,4,4,same_entangling_gate_count,2,11,RY,1,106,layer_002_wire_011_RY,3,0.006905993509031017,0.00018155521164582336,0.009774676672796375,0.0
random_bp,expectation_value,pm_12q_bp_sweep,hea,RX_RY_RZ_CNOT,none,linear,cnot,global,12,4,4,same_entangling_gate_count,2,11,RZ,2,107,layer_002_wire_011_RZ,3,0.0034808044226981426,8.817893311440396e-05,0.006328584422918439,0.0
random_bp,expectation_value,pm_12q_bp_sweep,hea,RX_RY_RZ_CNOT,none,linear,cnot,global,12,4,4,same_entangling_gate_count,3,0,RX,0,108,layer_003_wire_000_RX,3,3.1157259931802184e-17,5.807138621023878e-34,3.1157259931802184e-17,1.0
random_bp,expectation_value,pm_12q_bp_sweep,hea,RX_RY_RZ_CNOT,none,linear,cnot,global,12,4,4,same_entangling_gate_count,3,0,RY,1,109,layer_003_wire_000_RY,3,-2.6526813153478677e-17,2.1292591205634698e-33,2.7249614601802346e-17,1.0
random_bp,expectation_value,pm_12q_bp_sweep,hea,RX_RY_RZ_CNOT,none,linear,cnot,global,12,4,4,same_entangling_gate_count,3,0,RZ,2,110,layer_003_wire_000_RZ,3,-6.520602138765581e-18,1.7947357505491127e-35,6.5206021387655825e-18,1.0
random_bp,expectation_value,pm_12q_bp_sweep,hea,RX_RY_RZ_CNOT,none,linear,cnot,global,12,4,4,same_entangling_gate_count,3,1,RX,0,111,layer_003_wire_001_RX,3,-0.0015724559820904714,6.559964454805724e-05,0.005496196462459982,0.0
random_bp,expectation_value,pm_12q_bp_sweep,hea,RX_RY_RZ_CNOT,none,linear,cnot,global,12,4,4,same_entangling_gate_count,3,1,RY,1,112,layer_003_wire_001_RY,3,0.016582133464238966,0.0002482480963665511,0.016582133464238966,0.0
random_bp,expectation_value,pm_12q_bp_sweep,hea,RX_RY_RZ_CNOT,none,linear,cnot,global,12,4,4,same_entangling_gate_count,3,1,RZ,2,113,layer_003_wire_001_RZ,3,2.688352490402294e-18,9.12448131302644e-35,7.366197610502796e-18,1.0
random_bp,expectation_value,pm_12q_bp_sweep,hea,RX_RY_RZ_CNOT,none,linear,cnot,global,12,4,4,same_entangling_gate_count,3,2,RX,0,114,layer_003_wire_002_RX,3,1.4456028966473395e-18,9.410224109782686e-35,7.517135062566164e-18,1.0
random_bp,expectation_value,pm_12q_bp_sweep,hea,RX_RY_RZ_CNOT,none,linear,cnot,global,12,4,4,same_entangling_gate_count,3,2,RY,1,115,layer_003_wire_002_RY,3,7.950815931560365e-18,5.498178910246112e-35,7.950815931560365e-18,1.0
random_bp,expectation_value,pm_12q_bp_sweep,hea,RX_RY_RZ_CNOT,none,linear,cnot,global,12,4,4,same_entangling_gate_count,3,2,RZ,2,116,layer_003_wire_002_RZ,3,-2.8840919989329616e-18,5.5310310194505256e-34,1.6083638204892735e-17,1.0
random_bp,expectation_value,pm_12q_bp_sweep,hea,RX_RY_RZ_CNOT,none,linear,cnot,global,12,4,4,same_entangling_gate_count,3,3,RX,0,117,layer_003_wire_003_RX,3,-0.019401855013890475,0.0009157455332730363,0.019401855013890475,0.0
random_bp,expectation_value,pm_12q_bp_sweep,hea,RX_RY_RZ_CNOT,none,linear,cnot,global,12,4,4,same_entangling_gate_count,3,3,RY,1,118,layer_003_wire_003_RY,3,-0.011215860585981181,0.0006972489170935159,0.016588211407670545,0.0
random_bp,expectation_value,pm_12q_bp_sweep,hea,RX_RY_RZ_CNOT,none,linear,cnot,global,12,4,4,same_entangling_gate_count,3,3,RZ,2,119,layer_003_wire_003_RZ,3,-1.4370489457862289e-18,7.192161208103485e-36,2.527612312320701e-18,1.0
random_bp,expectation_value,pm_12q_bp_sweep,hea,RX_RY_RZ_CNOT,none,linear,cnot,global,12,4,4,same_entangling_gate_count,3,4,RX,0,120,layer_003_wire_004_RX,3,6.9027538314910454e-18,1.566150306745561e-35,6.902753831491045e-18,1.0
random_bp,expectation_value,pm_12q_bp_sweep,hea,RX_RY_RZ_CNOT,none,linear,cnot,global,12,4,4,same_entangling_gate_count,3,4,RY,1,121,layer_003_wire_004_RY,3,1.120342244901688e-18,1.1323928912921369e-36,1.1926223897340549e-18,1.0
random_bp,expectation_value,pm_12q_bp_sweep,hea,RX_RY_RZ_CNOT,none,linear,cnot,global,12,4,4,same_entangling_gate_count,3,4,RZ,2,122,layer_003_wire_004_RZ,3,2.8433938354996794e-19,4.776824258470617e-35,5.0700458130814275e-18,1.0
random_bp,expectation_value,pm_12q_bp_sweep,hea,RX_RY_RZ_CNOT,none,linear,cnot,global,12,4,4,same_entangling_gate_count,3,5,RX,0,123,layer_003_wire_005_RX,3,-0.005845192445944258,0.00010295449941534844,0.006140124808998819,0.0
random_bp,expectation_value,pm_12q_bp_sweep,hea,RX_RY_RZ_CNOT,none,linear,cnot,global,12,4,4,same_entangling_gate_count,3,5,RY,1,124,layer_003_wire_005_RY,3,-0.0011476262666271528,3.64102091523923e-05,0.004001497334888173,0.0
random_bp,expectation_value,pm_12q_bp_sweep,hea,RX_RY_RZ_CNOT,none,linear,cnot,global,12,4,4,same_entangling_gate_count,3,5,RZ,2,125,layer_003_wire_005_RZ,3,3.5912085644442e-18,1.2193829731312521e-34,8.765443003964733e-18,1.0
random_bp,expectation_value,pm_12q_bp_sweep,hea,RX_RY_RZ_CNOT,none,linear,cnot,global,12,4,4,same_entangling_gate_count,3,6,RX,0,126,layer_003_wire_006_RX,3,1.3010426069826053e-18,4.871248589807559e-35,5.637851296924623e-18,1.0
random_bp,expectation_value,pm_12q_bp_sweep,hea,RX_RY_RZ_CNOT,none,linear,cnot,global,12,4,4,same_entangling_gate_count,3,6,RY,1,127,layer_003_wire_006_RY,3,-1.0119220276531375e-18,9.10929755597218e-35,6.794333614242494e-18,1.0
random_bp,expectation_value,pm_12q_bp_sweep,hea,RX_RY_RZ_CNOT,none,linear,cnot,global,12,4,4,same_entangling_gate_count,3,6,RZ,2,128,layer_003_wire_006_RZ,3,-1.6043102148591352e-18,3.522083342722457e-35,4.482560927543476e-18,1.0
random_bp,expectation_value,pm_12q_bp_sweep,hea,RX_RY_RZ_CNOT,none,linear,cnot,global,12,4,4,same_entangling_gate_count,3,7,RX,0,129,layer_003_wire_007_RX,3,-0.004690046983015255,0.00013011297343631259,0.007216997304691882,0.0
random_bp,expectation_value,pm_12q_bp_sweep,hea,RX_RY_RZ_CNOT,none,linear,cnot,global,12,4,4,same_entangling_gate_count,3,7,RY,1,130,layer_003_wire_007_RY,3,-0.0029182425424368955,0.00011024994004335407,0.008901282162439732,0.0
random_bp,expectation_value,pm_12q_bp_sweep,hea,RX_RY_RZ_CNOT,none,linear,cnot,global,12,4,4,same_entangling_gate_count,3,7,RZ,2,131,layer_003_wire_007_RZ,3,-3.876689862103646e-18,1.0294644768713129e-35,3.876689862103646e-18,1.0
random_bp,expectation_value,pm_12q_bp_sweep,hea,RX_RY_RZ_CNOT,none,linear,cnot,global,12,4,4,same_entangling_gate_count,3,8,RX,0,132,layer_003_wire_008_RX,3,-1.6434697931259436e-17,1.1502273446460188e-33,2.0572736222912447e-17,1.0
random_bp,expectation_value,pm_12q_bp_sweep,hea,RX_RY_RZ_CNOT,none,linear,cnot,global,12,4,4,same_entangling_gate_count,3,8,RY,1,133,layer_003_wire_008_RY,3,-5.059610138265688e-18,3.368183146556128e-35,5.204170427930421e-18,1.0
random_bp,expectation_value,pm_12q_bp_sweep,hea,RX_RY_RZ_CNOT,none,linear,cnot,global,12,4,4,same_entangling_gate_count,3,8,RZ,2,134,layer_003_wire_008_RZ,3,-4.832778718154029e-18,2.9453393184409026e-35,4.832778718154028e-18,1.0
random_bp,expectation_value,pm_12q_bp_sweep,hea,RX_RY_RZ_CNOT,none,linear,cnot,global,12,4,4,same_entangling_gate_count,3,9,RX,0,135,layer_003_wire_009_RX,3,-0.0033851747884094162,9.641018208041872e-06,0.003385174788409416,0.0
random_bp,expectation_value,pm_12q_bp_sweep,hea,RX_RY_RZ_CNOT,none,linear,cnot,global,12,4,4,same_entangling_gate_count,3,9,RY,1,136,layer_003_wire_009_RY,3,-0.0008416559460832519,0.00018024775712163456,0.009362803826259808,0.0
random_bp,expectation_value,pm_12q_bp_sweep,hea,RX_RY_RZ_CNOT,none,linear,cnot,global,12,4,4,same_entangling_gate_count,3,9,RZ,2,137,layer_003_wire_009_RZ,3,-3.183572380546833e-18,7.590695610242645e-35,7.202780007159149e-18,1.0
random_bp,expectation_value,pm_12q_bp_sweep,hea,RX_RY_RZ_CNOT,none,linear,cnot,global,12,4,4,same_entangling_gate_count,3,10,RX,0,138,layer_003_wire_010_RX,3,8.673617379884035e-19,7.165813562612665e-35,5.782411586589357e-18,1.0
random_bp,expectation_value,pm_12q_bp_sweep,hea,RX_RY_RZ_CNOT,none,linear,cnot,global,12,4,4,same_entangling_gate_count,3,10,RY,1,139,layer_003_wire_010_RY,3,6.3103954570445375e-18,7.262276132847391e-35,8.62336009168028e-18,1.0
random_bp,expectation_value,pm_12q_bp_sweep,hea,RX_RY_RZ_CNOT,none,linear,cnot,global,12,4,4,same_entangling_gate_count,3,10,RZ,2,140,layer_003_wire_010_RZ,3,-2.444127873774103e-18,7.564488397953342e-36,2.541494461254083e-18,1.0
random_bp,expectation_value,pm_12q_bp_sweep,hea,RX_RY_RZ_CNOT,none,linear,cnot,global,12,4,4,same_entangling_gate_count,3,11,RX,0,141,layer_003_wire_011_RX,3,-0.004804545688652752,6.433662405932012e-05,0.007325037374904767,0.0
random_bp,expectation_value,pm_12q_bp_sweep,hea,RX_RY_RZ_CNOT,none,linear,cnot,global,12,4,4,same_entangling_gate_count,3,11,RY,1,142,layer_003_wire_011_RY,3,-0.017382460736159296,2.733073787625958e-05,0.017382460736159292,0.0
random_bp,expectation_value,pm_12q_bp_sweep,hea,RX_RY_RZ_CNOT,none,linear,cnot,global,12,4,4,same_entangling_gate_count,3,11,RZ,2,143,layer_003_wire_011_RZ,3,-1.2794244399706466e-17,1.4900864718104354e-34,1.279424439970647e-17,1.0
random_bp,expectation_value,pm_12q_bp_sweep,hea,RX_RY_RZ_CNOT,none,linear,cnot,local,12,8,8,same_entangling_gate_count,0,0,RX,0,0,layer_000_wire_000_RX,3,0.0003036881751995123,1.9894901250009975e-05,0.002981561632581171,0.0
random_bp,expectation_value,pm_12q_bp_sweep,hea,RX_RY_RZ_CNOT,none,linear,cnot,local,12,8,8,same_entangling_gate_count,0,0,RY,1,1,layer_000_wire_000_RY,3,0.0024849375776770247,1.7121015402634677e-05,0.0025642163924835854,0.0
random_bp,expectation_value,pm_12q_bp_sweep,hea,RX_RY_RZ_CNOT,none,linear,cnot,local,12,8,8,same_entangling_gate_count,0,0,RZ,2,2,layer_000_wire_000_RZ,3,-0.0017581149421555214,2.9814798388333823e-06,0.0018124602887520942,0.0
random_bp,expectation_value,pm_12q_bp_sweep,hea,RX_RY_RZ_CNOT,none,linear,cnot,local,12,8,8,same_entangling_gate_count,0,1,RX,0,3,layer_000_wire_001_RX,3,0.0020490186203017654,1.7913588790577894e-05,0.0030716128340152354,0.0
random_bp,expectation_value,pm_12q_bp_sweep,hea,RX_RY_RZ_CNOT,none,linear,cnot,local,12,8,8,same_entangling_gate_count,0,1,RY,1,4,layer_000_wire_001_RY,3,-0.008076864377861056,2.544231196634734e-05,0.008076864377861056,0.0
random_bp,expectation_value,pm_12q_bp_sweep,hea,RX_RY_RZ_CNOT,none,linear,cnot,local,12,8,8,same_entangling_gate_count,0,1,RZ,2,5,layer_000_wire_001_RZ,3,-0.0018586847004645633,1.3202067189506312e-05,0.002933533861741354,0.0
random_bp,expectation_value,pm_12q_bp_sweep,hea,RX_RY_RZ_CNOT,none,linear,cnot,local,12,8,8,same_entangling_gate_count,0,2,RX,0,6,layer_000_wire_002_RX,3,0.002642064838058003,0.00022508685268340567,0.01058216008376879,0.0
random_bp,expectation_value,pm_12q_bp_sweep,hea,RX_RY_RZ_CNOT,none,linear,cnot,local,12,8,8,same_entangling_gate_count,0,2,RY,1,7,layer_000_wire_002_RY,3,-0.0027652225210697315,3.173233851028622e-05,0.005143117162953593,0.0
random_bp,expectation_value,pm_12q_bp_sweep,hea,RX_RY_RZ_CNOT,none,linear,cnot,local,12,8,8,same_entangling_gate_count,0,2,RZ,2,8,layer_000_wire_002_RZ,3,0.014863255980409822,3.0287080518137456e-05,0.014863255980409822,0.0
random_bp,expectation_value,pm_12q_bp_sweep,hea,RX_RY_RZ_CNOT,none,linear,cnot,local,12,8,8,same_entangling_gate_count,0,3,RX,0,9,layer_000_wire_003_RX,3,-0.008630973104687904,0.0001161182513331187,0.011172029452142233,0.0
random_bp,expectation_value,pm_12q_bp_sweep,hea,RX_RY_RZ_CNOT,none,linear,cnot,local,12,8,8,same_entangling_gate_count,0,3,RY,1,10,layer_000_wire_003_RY,3,-0.002715551787392267,0.00014856410778107935,0.008774268185577744,0.0
random_bp,expectation_value,pm_12q_bp_sweep,hea,RX_RY_RZ_CNOT,none,linear,cnot,local,12,8,8,same_entangling_gate_count,0,3,RZ,2,11,layer_000_wire_003_RZ,3,0.01237424309913008,4.3768682629839345e-06,0.01237424309913008,0.0
random_bp,expectation_value,pm_12q_bp_sweep,hea,RX_RY_RZ_CNOT,none,linear,cnot,local,12,8,8,same_entangling_gate_count,0,4,RX,0,12,layer_000_wire_004_RX,3,0.0015882678950516161,1.7667919643359067e-05,0.00361071078631851,0.0
random_bp,expectation_value,pm_12q_bp_sweep,hea,RX_RY_RZ_CNOT,none,linear,cnot,local,12,8,8,same_entangling_gate_count,0,4,RY,1,13,layer_000_wire_004_RY,3,-0.0014211615975336287,4.48491467948663e-05,0.004624056759401536,0.0
random_bp,expectation_value,pm_12q_bp_sweep,hea,RX_RY_RZ_CNOT,none,linear,cnot,local,12,8,8,same_entangling_gate_count,0,4,RZ,2,14,layer_000_wire_004_RZ,3,-0.003338161416547409,3.691788197617268e-05,0.004610220812898722,0.0
random_bp,expectation_value,pm_12q_bp_sweep,hea,RX_RY_RZ_CNOT,none,linear,cnot,local,12,8,8,same_entangling_gate_count,0,5,RX,0,15,layer_000_wire_005_RX,3,-0.014493051614463825,7.39543890487171e-05,0.014493051614463825,0.0
random_bp,expectation_value,pm_12q_bp_sweep,hea,RX_RY_RZ_CNOT,none,linear,cnot,local,12,8,8,same_entangling_gate_count,0,5,RY,1,16,layer_000_wire_005_RY,3,-0.00017340247611678274,6.169387828296953e-05,0.00606888960275721,0.0
random_bp,expectation_value,pm_12q_bp_sweep,hea,RX_RY_RZ_CNOT,none,linear,cnot,local,12,8,8,same_entangling_gate_count,0,5,RZ,2,17,layer_000_wire_005_RZ,3,0.0009610593816436071,0.00022330309899857713,0.011787776507096193,0.0
random_bp,expectation_value,pm_12q_bp_sweep,hea,RX_RY_RZ_CNOT,none,linear,cnot,local,12,8,8,same_entangling_gate_count,0,6,RX,0,18,layer_000_wire_006_RX,3,-0.0003628704265155859,2.0632067107970796e-06,0.0009470788819076762,0.0
random_bp,expectation_value,pm_12q_bp_sweep,hea,RX_RY_RZ_CNOT,none,linear,cnot,local,12,8,8,same_entangling_gate_count,0,6,RY,1,19,layer_000_wire_006_RY,3,-0.0006008027267001182,1.4172999879005955e-06,0.0007139303324197106,0.0
random_bp,expectation_value,pm_12q_bp_sweep,hea,RX_RY_RZ_CNOT,none,linear,cnot,local,12,8,8,same_entangling_gate_count,0,6,RZ,2,20,layer_000_wire_006_RZ,3,0.001489532308404557,1.3429561853495816e-05,0.002698690779945395,0.0
random_bp,expectation_value,pm_12q_bp_sweep,hea,RX_RY_RZ_CNOT,none,linear,cnot,local,12,8,8,same_entangling_gate_count,0,7,RX,0,21,layer_000_wire_007_RX,3,0.00595274117526174,3.494122596084775e-05,0.00595274117526174,0.0
random_bp,expectation_value,pm_12q_bp_sweep,hea,RX_RY_RZ_CNOT,none,linear,cnot,local,12,8,8,same_entangling_gate_count,0,7,RY,1,22,layer_000_wire_007_RY,3,0.003513129817373595,2.3390536298782752e-05,0.004762436258882102,0.0
random_bp,expectation_value,pm_12q_bp_sweep,hea,RX_RY_RZ_CNOT,none,linear,cnot,local,12,8,8,same_entangling_gate_count,0,7,RZ,2,23,layer_000_wire_007_RZ,3,-0.0001150428591893786,8.26084243383907e-05,0.006591112636347763,0.0
random_bp,expectation_value,pm_12q_bp_sweep,hea,RX_RY_RZ_CNOT,none,linear,cnot,local,12,8,8,same_entangling_gate_count,0,8,RX,0,24,layer_000_wire_008_RX,3,-0.0017371724721699908,3.924794026570173e-06,0.0020529015257488097,0.0
random_bp,expectation_value,pm_12q_bp_sweep,hea,RX_RY_RZ_CNOT,none,linear,cnot,local,12,8,8,same_entangling_gate_count,0,8,RY,1,25,layer_000_wire_008_RY,3,-0.0010434066305303057,1.4985984613715325e-06,0.0010434066305303055,0.0
random_bp,expectation_value,pm_12q_bp_sweep,hea,RX_RY_RZ_CNOT,none,linear,cnot,local,12,8,8,same_entangling_gate_count,0,8,RZ,2,26,layer_000_wire_008_RZ,3,0.000369501176874714,7.655327106353653e-06,0.0018990749692966095,0.0
random_bp,expectation_value,pm_12q_bp_sweep,hea,RX_RY_RZ_CNOT,none,linear,cnot,local,12,8,8,same_entangling_gate_count,0,9,RX,0,27,layer_000_wire_009_RX,3,-0.002248453812568464,2.658566874248954e-06,0.002248453812568464,0.0
random_bp,expectation_value,pm_12q_bp_sweep,hea,RX_RY_RZ_CNOT,none,linear,cnot,local,12,8,8,same_entangling_gate_count,0,9,RY,1,28,layer_000_wire_009_RY,3,-0.0014463686998512598,8.069063071721157e-06,0.0017188281634261053,0.0
random_bp,expectation_value,pm_12q_bp_sweep,hea,RX_RY_RZ_CNOT,none,linear,cnot,local,12,8,8,same_entangling_gate_count,0,9,RZ,2,29,layer_000_wire_009_RZ,3,-0.0009868671184198408,7.564952510387828e-06,0.0022822594390765837,0.0
random_bp,expectation_value,pm_12q_bp_sweep,hea,RX_RY_RZ_CNOT,none,linear,cnot,local,12,8,8,same_entangling_gate_count,0,10,RX,0,30,layer_000_wire_010_RX,3,-0.00039751317332208384,8.616881877301788e-06,0.0020047951814622334,0.0
random_bp,expectation_value,pm_12q_bp_sweep,hea,RX_RY_RZ_CNOT,none,linear,cnot,local,12,8,8,same_entangling_gate_count,0,10,RY,1,31,layer_000_wire_010_RY,3,0.0006742530567850034,1.998468942168309e-06,0.0008633456158437308,0.0
random_bp,expectation_value,pm_12q_bp_sweep,hea,RX_RY_RZ_CNOT,none,linear,cnot,local,12,8,8,same_entangling_gate_count,0,10,RZ,2,32,layer_000_wire_010_RZ,3,0.0003585785285119183,1.3327978240740823e-05,0.0026422255356785586,0.0
random_bp,expectation_value,pm_12q_bp_sweep,hea,RX_RY_RZ_CNOT,none,linear,cnot,local,12,8,8,same_entangling_gate_count,0,11,RX,0,33,layer_000_wire_011_RX,3,-0.0005982168916609862,8.171142811456339e-06,0.0021636182754583293,0.0
random_bp,expectation_value,pm_12q_bp_sweep,hea,RX_RY_RZ_CNOT,none,linear,cnot,local,12,8,8,same_entangling_gate_count,0,11,RY,1,34,layer_000_wire_011_RY,3,1.3423685054601164e-06,4.435722476331627e-08,0.00016025912245737762,0.0
random_bp,expectation_value,pm_12q_bp_sweep,hea,RX_RY_RZ_CNOT,none,linear,cnot,local,12,8,8,same_entangling_gate_count,0,11,RZ,2,35,layer_000_wire_011_RZ,3,0.0003981216279935382,3.1892375757622885e-06,0.001228611871549961,0.0
random_bp,expectation_value,pm_12q_bp_sweep,hea,RX_RY_RZ_CNOT,none,linear,cnot,local,12,8,8,same_entangling_gate_count,1,0,RX,0,36,layer_001_wire_000_RX,3,0.002697576593614497,1.0273637607967477e-05,0.002698520502363583,0.0
random_bp,expectation_value,pm_12q_bp_sweep,hea,RX_RY_RZ_CNOT,none,linear,cnot,local,12,8,8,same_entangling_gate_count,1,0,RY,1,37,layer_001_wire_000_RY,3,-0.00033015974677344604,7.898588159443563e-05,0.006208815899969619,0.0
random_bp,expectation_value,pm_12q_bp_sweep,hea,RX_RY_RZ_CNOT,none,linear,cnot,local,12,8,8,same_entangling_gate_count,1,0,RZ,2,38,layer_001_wire_000_RZ,3,-0.001844892409321417,8.356179160076702e-06,0.0028397172171865707,0.0
random_bp,expectation_value,pm_12q_bp_sweep,hea,RX_RY_RZ_CNOT,none,linear,cnot,local,12,8,8,same_entangling_gate_count,1,1,RX,0,39,layer_001_wire_001_RX,3,0.006336699124570272,1.8846107858398024e-05,0.006336699124570273,0.0
random_bp,expectation_value,pm_12q_bp_sweep,hea,RX_RY_RZ_CNOT,none,linear,cnot,local,12,8,8,same_entangling_gate_count,1,1,RY,1,40,layer_001_wire_001_RY,3,0.0039207587696196795,1.4048778542461934e-05,0.004168680145414061,0.0
random_bp,expectation_value,pm_12q_bp_sweep,hea,RX_RY_RZ_CNOT,none,linear,cnot,local,12,8,8,same_entangling_gate_count,1,1,RZ,2,41,layer_001_wire_001_RZ,3,-0.004431904598324363,3.421452529450717e-05,0.00596966530525338,0.0
random_bp,expectation_value,pm_12q_bp_sweep,hea,RX_RY_RZ_CNOT,none,linear,cnot,local,12,8,8,same_entangling_gate_count,1,2,RX,0,42,layer_001_wire_002_RX,3,-0.005885178036309135,6.467493673405565e-05,0.008122307775088803,0.0
random_bp,expectation_value,pm_12q_bp_sweep,hea,RX_RY_RZ_CNOT,none,linear,cnot,local,12,8,8,same_entangling_gate_count,1,2,RY,1,43,layer_001_wire_002_RY,3,0.0036887362896109253,0.00013483565092750778,0.007560182435640466,0.0
random_bp,expectation_value,pm_12q_bp_sweep,hea,RX_RY_RZ_CNOT,none,linear,cnot,local,12,8,8,same_entangling_gate_count,1,2,RZ,2,44,layer_001_wire_002_RZ,3,-0.0006118982457095894,0.00032374259704714725,0.013950867125446366,0.0
random_bp,expectation_value,pm_12q_bp_sweep,hea,RX_RY_RZ_CNOT,none,linear,cnot,local,12,8,8,same_entangling_gate_count,1,3,RX,0,45,layer_001_wire_003_RX,3,-0.0016041840346057192,1.3985344387666853e-05,0.002329180806475818,0.0
random_bp,expectation_value,pm_12q_bp_sweep,hea,RX_RY_RZ_CNOT,none,linear,cnot,local,12,8,8,same_entangling_gate_count,1,3,RY,1,46,layer_001_wire_003_RY,3,0.0040907918548172256,0.00010232546686775616,0.006410060268373755,0.0
random_bp,expectation_value,pm_12q_bp_sweep,hea,RX_RY_RZ_CNOT,none,linear,cnot,local,12,8,8,same_entangling_gate_count,1,3,RZ,2,47,layer_001_wire_003_RZ,3,-0.002369725851917048,4.457360793503319e-05,0.00583313801969042,0.0
random_bp,expectation_value,pm_12q_bp_sweep,hea,RX_RY_RZ_CNOT,none,linear,cnot,local,12,8,8,same_entangling_gate_count,1,4,RX,0,48,layer_001_wire_004_RX,3,0.00601669902626091,0.00015225666489489267,0.01097676204239381,0.0
random_bp,expectation_value,pm_12q_bp_sweep,hea,RX_RY_RZ_CNOT,none,linear,cnot,local,12,8,8,same_entangling_gate_count,1,4,RY,1,49,layer_001_wire_004_RY,3,0.010263874344215697,2.0447941556348695e-05,0.010263874344215697,0.0
random_bp,expectation_value,pm_12q_bp_sweep,hea,RX_RY_RZ_CNOT,none,linear,cnot,local,12,8,8,same_entangling_gate_count,1,4,RZ,2,50,layer_001_wire_004_RZ,3,-0.005438233565348394,0.0001312393797522888,0.007002896118383679,0.0
random_bp,expectation_value,pm_12q_bp_sweep,hea,RX_RY_RZ_CNOT,none,linear,cnot,local,12,8,8,same_entangling_gate_count,1,5,RX,0,51,layer_001_wire_005_RX,3,-0.008968044749596856,0.00013245429955864005,0.010399728313407937,0.0
random_bp,expectation_value,pm_12q_bp_sweep,hea,RX_RY_RZ_CNOT,none,linear,cnot,local,12,8,8,same_entangling_gate_count,1,5,RY,1,52,layer_001_wire_005_RY,3,0.000146445969823392,0.0001322564210679098,0.008784699424598795,0.0
random_bp,expectation_value,pm_12q_bp_sweep,hea,RX_RY_RZ_CNOT,none,linear,cnot,local,12,8,8,same_entangling_gate_count,1,5,RZ,2,53,layer_001_wire_005_RZ,3,-0.0031192306552817826,0.00023229909275799296,0.010296957776784145,0.0
random_bp,expectation_value,pm_12q_bp_sweep,hea,RX_RY_RZ_CNOT,none,linear,cnot,local,12,8,8,same_entangling_gate_count,1,6,RX,0,54,layer_001_wire_006_RX,3,-0.0010755292132279752,1.9888603507598784e-05,0.0032671620130868256,0.0
random_bp,expectation_value,pm_12q_bp_sweep,hea,RX_RY_RZ_CNOT,none,linear,cnot,local,12,8,8,same_entangling_gate_count,1,6,RY,1,55,layer_001_wire_006_RY,3,-0.0029838028753887426,2.5086785823795087e-05,0.003294669539361453,0.0
random_bp,expectation_value,pm_12q_bp_sweep,hea,RX_RY_RZ_CNOT,none,linear,cnot,local,12,8,8,same_entangling_gate_count,1,6,RZ,2,56,layer_001_wire_006_RZ,3,-0.005052607510873478,3.718395874662031e-05,0.005052607510873477,0.0
random_bp,expectation_value,pm_12q_bp_sweep,hea,RX_RY_RZ_CNOT,none,linear,cnot,local,12,8,8,same_entangling_gate_count,1,7,RX,0,57,layer_001_wire_007_RX,3,-0.0022711759098691794,6.87323033894874e-06,0.0022711759098691794,0.0
random_bp,expectation_value,pm_12q_bp_sweep,hea,RX_RY_RZ_CNOT,none,linear,cnot,local,12,8,8,same_entangling_gate_count,1,7,RY,1,58,layer_001_wire_007_RY,3,-0.0009495348042664186,1.9845822817335185e-05,0.003073329761192977,0.0
random_bp,expectation_value,pm_12q_bp_sweep,hea,RX_RY_RZ_CNOT,none,linear,cnot,local,12,8,8,same_entangling_gate_count,1,7,RZ,2,59,layer_001_wire_007_RZ,3,-0.0026183257013976742,1.2371947375192288e-05,0.0026183257013976742,0.0
random_bp,expectation_value,pm_12q_bp_sweep,hea,RX_RY_RZ_CNOT,none,linear,cnot,local,12,8,8,same_entangling_gate_count,1,8,RX,0,60,layer_001_wire_008_RX,3,0.00016492088700204976,2.9485758537892136e-06,0.001349529845074946,0.0
random_bp,expectation_value,pm_12q_bp_sweep,hea,RX_RY_RZ_CNOT,none,linear,cnot,local,12,8,8,same_entangling_gate_count,1,8,RY,1,61,layer_001_wire_008_RY,3,0.0020281673441264535,1.819481361720171e-06,0.0020281673441264535,0.0
random_bp,expectation_value,pm_12q_bp_sweep,hea,RX_RY_RZ_CNOT,none,linear,cnot,local,12,8,8,same_entangling_gate_count,1,8,RZ,2,62,layer_001_wire_008_RZ,3,0.00032797393832168377,2.5027546432230766e-06,0.0013058097290459952,0.0
random_bp,expectation_value,pm_12q_bp_sweep,hea,RX_RY_RZ_CNOT,none,linear,cnot,local,12,8,8,same_entangling_gate_count,1,9,RX,0,63,layer_001_wire_009_RX,3,-0.0012390837052161034,2.5078620358146625e-06,0.0014671269447361825,0.0
random_bp,expectation_value,pm_12q_bp_sweep,hea,RX_RY_RZ_CNOT,none,linear,cnot,local,12,8,8,same_entangling_gate_count,1,9,RY,1,64,layer_001_wire_009_RY,3,-0.0028208667767946807,3.6304949909635267e-08,0.0028208667767946807,0.0
random_bp,expectation_value,pm_12q_bp_sweep,hea,RX_RY_RZ_CNOT,none,linear,cnot,local,12,8,8,same_entangling_gate_count,1,9,RZ,2,65,layer_001_wire_009_RZ,3,-0.002148145444567154,2.821869818816272e-07,0.002148145444567154,0.0
random_bp,expectation_value,pm_12q_bp_sweep,hea,RX_RY_RZ_CNOT,none,linear,cnot,local,12,8,8,same_entangling_gate_count,1,10,RX,0,66,layer_001_wire_010_RX,3,-6.878912387577789e-05,1.547608367905998e-05,0.002980381964961524,0.0
random_bp,expectation_value,pm_12q_bp_sweep,hea,RX_RY_RZ_CNOT,none,linear,cnot,local,12,8,8,same_entangling_gate_count,1,10,RY,1,67,layer_001_wire_010_RY,3,-0.00036634120687324456,2.112617965555676e-06,0.000987589924830622,0.0
random_bp,expectation_value,pm_12q_bp_sweep,hea,RX_RY_RZ_CNOT,none,linear,cnot,local,12,8,8,same_entangling_gate_count,1,10,RZ,2,68,layer_001_wire_010_RZ,3,0.0022498694749486,6.7850831244961e-06,0.002752811535135298,0.0
random_bp,expectation_value,pm_12q_bp_sweep,hea,RX_RY_RZ_CNOT,none,linear,cnot,local,12,8,8,same_entangling_gate_count,1,11,RX,0,69,layer_001_wire_011_RX,3,-0.0013910662352236123,7.425992801199422e-07,0.0013910662352236123,0.0
random_bp,expectation_value,pm_12q_bp_sweep,hea,RX_RY_RZ_CNOT,none,linear,cnot,local,12,8,8,same_entangling_gate_count,1,11,RY,1,70,layer_001_wire_011_RY,3,0.0011796956793477887,8.744015544763166e-06,0.0025857108313873498,0.0
random_bp,expectation_value,pm_12q_bp_sweep,hea,RX_RY_RZ_CNOT,none,linear,cnot,local,12,8,8,same_entangling_gate_count,1,11,RZ,2,71,layer_001_wire_011_RZ,3,-0.002393400803719709,3.021108363220723e-06,0.002393400803719709,0.0
random_bp,expectation_value,pm_12q_bp_sweep,hea,RX_RY_RZ_CNOT,none,linear,cnot,local,12,8,8,same_entangling_gate_count,2,0,RX,0,72,layer_002_wire_000_RX,3,0.0002566938145513254,2.9742890622011325e-05,0.003837653450025777,0.0
random_bp,expectation_value,pm_12q_bp_sweep,hea,RX_RY_RZ_CNOT,none,linear,cnot,local,12,8,8,same_entangling_gate_count,2,0,RY,1,73,layer_002_wire_000_RY,3,0.000331594515413121,2.1471237657221754e-05,0.0036479187951008064,0.0
random_bp,expectation_value,pm_12q_bp_sweep,hea,RX_RY_RZ_CNOT,none,linear,cnot,local,12,8,8,same_entangling_gate_count,2,0,RZ,2,74,layer_002_wire_000_RZ,3,-0.0017727438438408024,1.7208305346971248e-05,0.0037622111192327974,0.0
random_bp,expectation_value,pm_12q_bp_sweep,hea,RX_RY_RZ_CNOT,none,linear,cnot,local,12,8,8,same_entangling_gate_count,2,1,RX,0,75,layer_002_wire_001_RX,3,0.0007596154107444822,5.256796138808212e-05,0.005322820900542188,0.0
random_bp,expectation_value,pm_12q_bp_sweep,hea,RX_RY_RZ_CNOT,none,linear,cnot,local,12,8,8,same_entangling_gate_count,2,1,RY,1,76,layer_002_wire_001_RY,3,0.01156798941875524,0.00029466322564335634,0.01280602076909114,0.0
random_bp,expectation_value,pm_12q_bp_sweep,hea,RX_RY_RZ_CNOT,none,linear,cnot,local,12,8,8,same_entangling_gate_count,2,1,RZ,2,77,layer_002_wire_001_RZ,3,0.0034800050932658464,2.4131322083334202e-05,0.004683380577046915,0.0
random_bp,expectation_value,pm_12q_bp_sweep,hea,RX_RY_RZ_CNOT,none,linear,cnot,local,12,8,8,same_entangling_gate_count,2,2,RX,0,78,layer_002_wire_002_RX,3,-0.005153517048908965,3.85524340883533e-05,0.005601942420416167,0.0
random_bp,expectation_value,pm_12q_bp_sweep,hea,RX_RY_RZ_CNOT,none,linear,cnot,local,12,8,8,same_entangling_gate_count,2,2,RY,1,79,layer_002_wire_002_RY,3,0.007451240379754997,0.00013935117302561737,0.010672730560870992,0.0
random_bp,expectation_value,pm_12q_bp_sweep,hea,RX_RY_RZ_CNOT,none,linear,cnot,local,12,8,8,same_entangling_gate_count,2,2,RZ,2,80,layer_002_wire_002_RZ,3,-0.007319882032203582,6.017022351282412e-07,0.0073198820322035825,0.0
random_bp,expectation_value,pm_12q_bp_sweep,hea,RX_RY_RZ_CNOT,none,linear,cnot,local,12,8,8,same_entangling_gate_count,2,3,RX,0,81,layer_002_wire_003_RX,3,0.00412953319779945,2.2678105864862937e-06,0.004129533197799449,0.0
random_bp,expectation_value,pm_12q_bp_sweep,hea,RX_RY_RZ_CNOT,none,linear,cnot,local,12,8,8,same_entangling_gate_count,2,3,RY,1,82,layer_002_wire_003_RY,3,-0.004989785862535368,1.0773349107287973e-05,0.004989785862535368,0.0
random_bp,expectation_value,pm_12q_bp_sweep,hea,RX_RY_RZ_CNOT,none,linear,cnot,local,12,8,8,same_entangling_gate_count,2,3,RZ,2,83,layer_002_wire_003_RZ,3,-6.452794231208425e-05,9.057995386802843e-05,0.007123559149293117,0.0
random_bp,expectation_value,pm_12q_bp_sweep,hea,RX_RY_RZ_CNOT,none,linear,cnot,local,12,8,8,same_entangling_gate_count,2,4,RX,0,84,layer_002_wire_004_RX,3,0.003697974866223749,1.7950207022089517e-05,0.00369797486622375,0.0
random_bp,expectation_value,pm_12q_bp_sweep,hea,RX_RY_RZ_CNOT,none,linear,cnot,local,12,8,8,same_entangling_gate_count,2,4,RY,1,85,layer_002_wire_004_RY,3,0.002705034888039536,4.178333693215309e-05,0.005501343300076844,0.0
random_bp,expectation_value,pm_12q_bp_sweep,hea,RX_RY_RZ_CNOT,none,linear,cnot,local,12,8,8,same_entangling_gate_count,2,4,RZ,2,86,layer_002_wire_004_RZ,3,-0.0035974249962120205,8.639050083236805e-05,0.006015016474251796,0.0
random_bp,expectation_value,pm_12q_bp_sweep,hea,RX_RY_RZ_CNOT,none,linear,cnot,local,12,8,8,same_entangling_gate_count,2,5,RX,0,87,layer_002_wire_005_RX,3,0.003638947600298009,4.544113673686443e-05,0.006297133637159305,0.0
random_bp,expectation_value,pm_12q_bp_sweep,hea,RX_RY_RZ_CNOT,none,linear,cnot,local,12,8,8,same_entangling_gate_count,2,5,RY,1,88,layer_002_wire_005_RY,3,-0.0019602266093242653,3.2315532484439434e-05,0.004725926118243666,0.0
random_bp,expectation_value,pm_12q_bp_sweep,hea,RX_RY_RZ_CNOT,none,linear,cnot,local,12,8,8,same_entangling_gate_count,2,5,RZ,2,89,layer_002_wire_005_RZ,3,0.0009477756603406769,1.5793604353412203e-06,0.001197450948477167,0.0
random_bp,expectation_value,pm_12q_bp_sweep,hea,RX_RY_RZ_CNOT,none,linear,cnot,local,12,8,8,same_entangling_gate_count,2,6,RX,0,90,layer_002_wire_006_RX,3,0.0006658101672234813,2.575153302691228e-05,0.003414946751602485,0.0
random_bp,expectation_value,pm_12q_bp_sweep,hea,RX_RY_RZ_CNOT,none,linear,cnot,local,12,8,8,same_entangling_gate_count,2,6,RY,1,91,layer_002_wire_006_RY,3,0.0004903199699411143,1.0526257891087976e-05,0.0026422201401115016,0.0
random_bp,expectation_value,pm_12q_bp_sweep,hea,RX_RY_RZ_CNOT,none,linear,cnot,local,12,8,8,same_entangling_gate_count,2,6,RZ,2,92,layer_002_wire_006_RZ,3,0.0038855277095615403,8.219911332888892e-06,0.00388552770956154,0.0
random_bp,expectation_value,pm_12q_bp_sweep,hea,RX_RY_RZ_CNOT,none,linear,cnot,local,12,8,8,same_entangling_gate_count,2,7,RX,0,93,layer_002_wire_007_RX,3,0.0006996538759867376,2.4222807365666613e-06,0.001368193460333244,0.0
random_bp,expectation_value,pm_12q_bp_sweep,hea,RX_RY_RZ_CNOT,none,linear,cnot,local,12,8,8,same_entangling_gate_count,2,7,RY,1,94,layer_002_wire_007_RY,3,0.001379779071462548,1.7508293761520022e-05,0.0027076869339825254,0.0
random_bp,expectation_value,pm_12q_bp_sweep,hea,RX_RY_RZ_CNOT,none,linear,cnot,local,12,8,8,same_entangling_gate_count,2,7,RZ,2,95,layer_002_wire_007_RZ,3,0.0011078069910768346,5.988726787952645e-07,0.0011078069910768346,0.0
random_bp,expectation_value,pm_12q_bp_sweep,hea,RX_RY_RZ_CNOT,none,linear,cnot,local,12,8,8,same_entangling_gate_count,2,8,RX,0,96,layer_002_wire_008_RX,3,0.0001432004558712776,5.139280079323391e-06,0.0017041811229113232,0.0
random_bp,expectation_value,pm_12q_bp_sweep,hea,RX_RY_RZ_CNOT,none,linear,cnot,local,12,8,8,same_entangling_gate_count,2,8,RY,1,97,layer_002_wire_008_RY,3,0.0002574705908578198,1.513454435331292e-05,0.002900508247371522,0.0
random_bp,expectation_value,pm_12q_bp_sweep,hea,RX_RY_RZ_CNOT,none,linear,cnot,local,12,8,8,same_entangling_gate_count,2,8,RZ,2,98,layer_002_wire_008_RZ,3,-0.0005488317656250262,3.3272201397455592e-06,0.001508004922102071,0.0
random_bp,expectation_value,pm_12q_bp_sweep,hea,RX_RY_RZ_CNOT,none,linear,cnot,local,12,8,8,same_entangling_gate_count,2,9,RX,0,99,layer_002_wire_009_RX,3,-0.0008190079063862931,1.0812055950657008e-05,0.0022408924378376056,0.0
random_bp,expectation_value,pm_12q_bp_sweep,hea,RX_RY_RZ_CNOT,none,linear,cnot,local,12,8,8,same_entangling_gate_count,2,9,RY,1,100,layer_002_wire_009_RY,3,-0.0015450751458610103,7.852404185403292e-06,0.0016887494377839636,0.0
random_bp,expectation_value,pm_12q_bp_sweep,hea,RX_RY_RZ_CNOT,none,linear,cnot,local,12,8,8,same_entangling_gate_count,2,9,RZ,2,101,layer_002_wire_009_RZ,3,0.0028853857598930255,9.652692208757895e-06,0.003200183633729085,0.0
random_bp,expectation_value,pm_12q_bp_sweep,hea,RX_RY_RZ_CNOT,none,linear,cnot,local,12,8,8,same_entangling_gate_count,2,10,RX,0,102,layer_002_wire_010_RX,3,0.0006970257950136005,2.6918165871404287e-06,0.0014473488400663884,0.0
random_bp,expectation_value,pm_12q_bp_sweep,hea,RX_RY_RZ_CNOT,none,linear,cnot,local,12,8,8,same_entangling_gate_count,2,10,RY,1,103,layer_002_wire_010_RY,3,3.6871540961965795e-05,1.9747682996213385e-07,0.0003167252262640761,0.0
random_bp,expectation_value,pm_12q_bp_sweep,hea,RX_RY_RZ_CNOT,none,linear,cnot,local,12,8,8,same_entangling_gate_count,2,10,RZ,2,104,layer_002_wire_010_RZ,3,-0.0005715075315132744,3.6987981901497047e-06,0.001580754406646424,0.0
random_bp,expectation_value,pm_12q_bp_sweep,hea,RX_RY_RZ_CNOT,none,linear,cnot,local,12,8,8,same_entangling_gate_count,2,11,RX,0,105,layer_002_wire_011_RX,3,0.0006840982166877687,7.622523797884215e-06,0.00214042002752909,0.0
random_bp,expectation_value,pm_12q_bp_sweep,hea,RX_RY_RZ_CNOT,none,linear,cnot,local,12,8,8,same_entangling_gate_count,2,11,RY,1,106,layer_002_wire_011_RY,3,-0.001020986449630279,6.4256666555807216e-06,0.0016105081269237986,0.0
random_bp,expectation_value,pm_12q_bp_sweep,hea,RX_RY_RZ_CNOT,none,linear,cnot,local,12,8,8,same_entangling_gate_count,2,11,RZ,2,107,layer_002_wire_011_RZ,3,0.0005469449649034922,4.576671533182156e-06,0.0015977654344564213,0.0
random_bp,expectation_value,pm_12q_bp_sweep,hea,RX_RY_RZ_CNOT,none,linear,cnot,local,12,8,8,same_entangling_gate_count,3,0,RX,0,108,layer_003_wire_000_RX,3,3.692322637688676e-05,1.2239026176778402e-05,0.0023666678964283784,0.0
random_bp,expectation_value,pm_12q_bp_sweep,hea,RX_RY_RZ_CNOT,none,linear,cnot,local,12,8,8,same_entangling_gate_count,3,0,RY,1,109,layer_003_wire_000_RY,3,-0.009808057299540608,3.468297629495359e-06,0.009808057299540608,0.0
random_bp,expectation_value,pm_12q_bp_sweep,hea,RX_RY_RZ_CNOT,none,linear,cnot,local,12,8,8,same_entangling_gate_count,3,0,RZ,2,110,layer_003_wire_000_RZ,3,0.0002134757275653492,6.4436555626914755e-06,0.0017053616904985946,0.0
random_bp,expectation_value,pm_12q_bp_sweep,hea,RX_RY_RZ_CNOT,none,linear,cnot,local,12,8,8,same_entangling_gate_count,3,1,RX,0,111,layer_003_wire_001_RX,3,-0.007843216068357372,2.3589421789611597e-05,0.00784321606835737,0.0
random_bp,expectation_value,pm_12q_bp_sweep,hea,RX_RY_RZ_CNOT,none,linear,cnot,local,12,8,8,same_entangling_gate_count,3,1,RY,1,112,layer_003_wire_001_RY,3,0.0011020613986216289,2.5117563401029643e-05,0.0033821626132653996,0.0
random_bp,expectation_value,pm_12q_bp_sweep,hea,RX_RY_RZ_CNOT,none,linear,cnot,local,12,8,8,same_entangling_gate_count,3,1,RZ,2,113,layer_003_wire_001_RZ,3,-0.003450836421597793,7.360062832563676e-05,0.005434673220253224,0.0
random_bp,expectation_value,pm_12q_bp_sweep,hea,RX_RY_RZ_CNOT,none,linear,cnot,local,12,8,8,same_entangling_gate_count,3,2,RX,0,114,layer_003_wire_002_RX,3,-0.011675407188637302,8.570481240148852e-06,0.011675407188637304,0.0
random_bp,expectation_value,pm_12q_bp_sweep,hea,RX_RY_RZ_CNOT,none,linear,cnot,local,12,8,8,same_entangling_gate_count,3,2,RY,1,115,layer_003_wire_002_RY,3,-0.00232949524457708,2.9649221170459963e-06,0.00232949524457708,0.0
random_bp,expectation_value,pm_12q_bp_sweep,hea,RX_RY_RZ_CNOT,none,linear,cnot,local,12,8,8,same_entangling_gate_count,3,2,RZ,2,116,layer_003_wire_002_RZ,3,-0.009151937577780904,0.000267929316001537,0.015486008661816757,0.0
random_bp,expectation_value,pm_12q_bp_sweep,hea,RX_RY_RZ_CNOT,none,linear,cnot,local,12,8,8,same_entangling_gate_count,3,3,RX,0,117,layer_003_wire_003_RX,3,-0.002730594063269133,4.9737252702091635e-05,0.004518270725795975,0.0
random_bp,expectation_value,pm_12q_bp_sweep,hea,RX_RY_RZ_CNOT,none,linear,cnot,local,12,8,8,same_entangling_gate_count,3,3,RY,1,118,layer_003_wire_003_RY,3,0.005604869793834292,0.0001454376109227785,0.00741013738094581,0.0
random_bp,expectation_value,pm_12q_bp_sweep,hea,RX_RY_RZ_CNOT,none,linear,cnot,local,12,8,8,same_entangling_gate_count,3,3,RZ,2,119,layer_003_wire_003_RZ,3,-0.0007054259719522621,3.500822032223741e-05,0.004245976511667676,0.0
random_bp,expectation_value,pm_12q_bp_sweep,hea,RX_RY_RZ_CNOT,none,linear,cnot,local,12,8,8,same_entangling_gate_count,3,4,RX,0,120,layer_003_wire_004_RX,3,-0.004847795674445305,2.744009052007453e-05,0.0048477956744453045,0.0
random_bp,expectation_value,pm_12q_bp_sweep,hea,RX_RY_RZ_CNOT,none,linear,cnot,local,12,8,8,same_entangling_gate_count,3,4,RY,1,121,layer_003_wire_004_RY,3,0.006882385753809574,2.8802697917157544e-05,0.006882385753809575,0.0
random_bp,expectation_value,pm_12q_bp_sweep,hea,RX_RY_RZ_CNOT,none,linear,cnot,local,12,8,8,same_entangling_gate_count,3,4,RZ,2,122,layer_003_wire_004_RZ,3,0.0009213345803146133,1.3175815453354759e-05,0.0024152640742232663,0.0
random_bp,expectation_value,pm_12q_bp_sweep,hea,RX_RY_RZ_CNOT,none,linear,cnot,local,12,8,8,same_entangling_gate_count,3,5,RX,0,123,layer_003_wire_005_RX,3,-0.0033668885756521355,9.297821024738072e-05,0.006416996406562386,0.0
random_bp,expectation_value,pm_12q_bp_sweep,hea,RX_RY_RZ_CNOT,none,linear,cnot,local,12,8,8,same_entangling_gate_count,3,5,RY,1,124,layer_003_wire_005_RY,3,0.0043909209327098854,1.6114310414583386e-05,0.0043909209327098854,0.0
random_bp,expectation_value,pm_12q_bp_sweep,hea,RX_RY_RZ_CNOT,none,linear,cnot,local,12,8,8,same_entangling_gate_count,3,5,RZ,2,125,layer_003_wire_005_RZ,3,-0.005079606539576909,8.74892970637086e-05,0.007882470946607075,0.0
random_bp,expectation_value,pm_12q_bp_sweep,hea,RX_RY_RZ_CNOT,none,linear,cnot,local,12,8,8,same_entangling_gate_count,3,6,RX,0,126,layer_003_wire_006_RX,3,0.0014208463973194977,3.52537722299483e-06,0.0017222535450978702,0.0
random_bp,expectation_value,pm_12q_bp_sweep,hea,RX_RY_RZ_CNOT,none,linear,cnot,local,12,8,8,same_entangling_gate_count,3,6,RY,1,127,layer_003_wire_006_RY,3,0.003852875921085968,2.6665098990965425e-06,0.003852875921085968,0.0
random_bp,expectation_value,pm_12q_bp_sweep,hea,RX_RY_RZ_CNOT,none,linear,cnot,local,12,8,8,same_entangling_gate_count,3,6,RZ,2,128,layer_003_wire_006_RZ,3,-0.0005643450911012053,7.856608566812424e-06,0.0022514116189723504,0.0
random_bp,expectation_value,pm_12q_bp_sweep,hea,RX_RY_RZ_CNOT,none,linear,cnot,local,12,8,8,same_entangling_gate_count,3,7,RX,0,129,layer_003_wire_007_RX,3,0.00020546294814252077,5.699750485406047e-06,0.0017668189386427192,0.0
random_bp,expectation_value,pm_12q_bp_sweep,hea,RX_RY_RZ_CNOT,none,linear,cnot,local,12,8,8,same_entangling_gate_count,3,7,RY,1,130,layer_003_wire_007_RY,3,-0.0005701924170546638,9.689935237851055e-06,0.002365070859413249,0.0
random_bp,expectation_value,pm_12q_bp_sweep,hea,RX_RY_RZ_CNOT,none,linear,cnot,local,12,8,8,same_entangling_gate_count,3,7,RZ,2,131,layer_003_wire_007_RZ,3,0.0003034834634266803,5.742240016749146e-06,0.0018062834655149234,0.0
random_bp,expectation_value,pm_12q_bp_sweep,hea,RX_RY_RZ_CNOT,none,linear,cnot,local,12,8,8,same_entangling_gate_count,3,8,RX,0,132,layer_003_wire_008_RX,3,0.002483550960186403,2.0771512679766537e-06,0.002483550960186403,0.0
random_bp,expectation_value,pm_12q_bp_sweep,hea,RX_RY_RZ_CNOT,none,linear,cnot,local,12,8,8,same_entangling_gate_count,3,8,RY,1,133,layer_003_wire_008_RY,3,-0.0018654587095926283,6.6294421889538046e-06,0.00251502048558744,0.0
random_bp,expectation_value,pm_12q_bp_sweep,hea,RX_RY_RZ_CNOT,none,linear,cnot,local,12,8,8,same_entangling_gate_count,3,8,RZ,2,134,layer_003_wire_008_RZ,3,0.001616180708399677,4.707048947023703e-06,0.0021988278371608016,0.0
random_bp,expectation_value,pm_12q_bp_sweep,hea,RX_RY_RZ_CNOT,none,linear,cnot,local,12,8,8,same_entangling_gate_count,3,9,RX,0,135,layer_003_wire_009_RX,3,0.0026493200212006243,1.2655171820701075e-06,0.0026493200212006243,0.0
random_bp,expectation_value,pm_12q_bp_sweep,hea,RX_RY_RZ_CNOT,none,linear,cnot,local,12,8,8,same_entangling_gate_count,3,9,RY,1,136,layer_003_wire_009_RY,3,0.0015828729288992923,6.365794188990306e-07,0.0015828729288992923,0.0
random_bp,expectation_value,pm_12q_bp_sweep,hea,RX_RY_RZ_CNOT,none,linear,cnot,local,12,8,8,same_entangling_gate_count,3,9,RZ,2,137,layer_003_wire_009_RZ,3,-0.0015441921280279114,5.767069888750024e-06,0.002293197997700473,0.0
random_bp,expectation_value,pm_12q_bp_sweep,hea,RX_RY_RZ_CNOT,none,linear,cnot,local,12,8,8,same_entangling_gate_count,3,10,RX,0,138,layer_003_wire_010_RX,3,0.0009636555963923471,3.7649228764129926e-06,0.0017290164594669453,0.0
random_bp,expectation_value,pm_12q_bp_sweep,hea,RX_RY_RZ_CNOT,none,linear,cnot,local,12,8,8,same_entangling_gate_count,3,10,RY,1,139,layer_003_wire_010_RY,3,-0.00029872562914176344,3.7469234027818348e-06,0.0013390256534519058,0.0
random_bp,expectation_value,pm_12q_bp_sweep,hea,RX_RY_RZ_CNOT,none,linear,cnot,local,12,8,8,same_entangling_gate_count,3,10,RZ,2,140,layer_003_wire_010_RZ,3,0.00025498684946259295,8.968398406280737e-06,0.0023371139685641443,0.0
random_bp,expectation_value,pm_12q_bp_sweep,hea,RX_RY_RZ_CNOT,none,linear,cnot,local,12,8,8,same_entangling_gate_count,3,11,RX,0,141,layer_003_wire_011_RX,3,-0.00018598862734368855,2.761322019670993e-06,0.0012153475487705725,0.0
random_bp,expectation_value,pm_12q_bp_sweep,hea,RX_RY_RZ_CNOT,none,linear,cnot,local,12,8,8,same_entangling_gate_count,3,11,RY,1,142,layer_003_wire_011_RY,3,0.0001400387014736514,5.708242378284374e-06,0.0016993859541569283,0.0
random_bp,expectation_value,pm_12q_bp_sweep,hea,RX_RY_RZ_CNOT,none,linear,cnot,local,12,8,8,same_entangling_gate_count,3,11,RZ,2,143,layer_003_wire_011_RZ,3,0.0007728116056759309,8.300767324631708e-07,0.0009116263310992315,0.0
random_bp,expectation_value,pm_12q_bp_sweep,hea,RX_RY_RZ_CNOT,none,linear,cnot,local,12,8,8,same_entangling_gate_count,4,0,RX,0,144,layer_004_wire_000_RX,3,0.0036034290677168083,4.063080237065976e-06,0.0036034290677168083,0.0
random_bp,expectation_value,pm_12q_bp_sweep,hea,RX_RY_RZ_CNOT,none,linear,cnot,local,12,8,8,same_entangling_gate_count,4,0,RY,1,145,layer_004_wire_000_RY,3,-0.0031099662471007583,0.00011389210434228377,0.007175970555889699,0.0
random_bp,expectation_value,pm_12q_bp_sweep,hea,RX_RY_RZ_CNOT,none,linear,cnot,local,12,8,8,same_entangling_gate_count,4,0,RZ,2,146,layer_004_wire_000_RZ,3,-0.004885581624768203,6.860480094493731e-05,0.007416907300221543,0.0
random_bp,expectation_value,pm_12q_bp_sweep,hea,RX_RY_RZ_CNOT,none,linear,cnot,local,12,8,8,same_entangling_gate_count,4,1,RX,0,147,layer_004_wire_001_RX,3,-0.004036733729372349,0.0001865314902596409,0.009167234702518656,0.0
random_bp,expectation_value,pm_12q_bp_sweep,hea,RX_RY_RZ_CNOT,none,linear,cnot,local,12,8,8,same_entangling_gate_count,4,1,RY,1,148,layer_004_wire_001_RY,3,-0.01628045580536309,9.91566000878185e-05,0.01628045580536309,0.0
random_bp,expectation_value,pm_12q_bp_sweep,hea,RX_RY_RZ_CNOT,none,linear,cnot,local,12,8,8,same_entangling_gate_count,4,1,RZ,2,149,layer_004_wire_001_RZ,3,0.0006446512421358196,0.00012095191966182375,0.008680532852525418,0.0
random_bp,expectation_value,pm_12q_bp_sweep,hea,RX_RY_RZ_CNOT,none,linear,cnot,local,12,8,8,same_entangling_gate_count,4,2,RX,0,150,layer_004_wire_002_RX,3,-0.003815128668781256,1.5426342029495466e-05,0.0038151286687812566,0.0
random_bp,expectation_value,pm_12q_bp_sweep,hea,RX_RY_RZ_CNOT,none,linear,cnot,local,12,8,8,same_entangling_gate_count,4,2,RY,1,151,layer_004_wire_002_RY,3,0.0017878940982206703,0.00013783120696641562,0.008290014683521304,0.0
random_bp,expectation_value,pm_12q_bp_sweep,hea,RX_RY_RZ_CNOT,none,linear,cnot,local,12,8,8,same_entangling_gate_count,4,2,RZ,2,152,layer_004_wire_002_RZ,3,-0.004396014990313127,1.4840819237067582e-05,0.004396014990313126,0.0
random_bp,expectation_value,pm_12q_bp_sweep,hea,RX_RY_RZ_CNOT,none,linear,cnot,local,12,8,8,same_entangling_gate_count,4,3,RX,0,153,layer_004_wire_003_RX,3,-0.0007082778401748795,0.00010626572728101989,0.007667353819703913,0.0
random_bp,expectation_value,pm_12q_bp_sweep,hea,RX_RY_RZ_CNOT,none,linear,cnot,local,12,8,8,same_entangling_gate_count,4,3,RY,1,154,layer_004_wire_003_RY,3,-0.0012882726421008309,0.00012078203404099514,0.00872172936943926,0.0
random_bp,expectation_value,pm_12q_bp_sweep,hea,RX_RY_RZ_CNOT,none,linear,cnot,local,12,8,8,same_entangling_gate_count,4,3,RZ,2,155,layer_004_wire_003_RZ,3,-0.0005533968986245668,0.0001530076281201972,0.008966658684531578,0.0
random_bp,expectation_value,pm_12q_bp_sweep,hea,RX_RY_RZ_CNOT,none,linear,cnot,local,12,8,8,same_entangling_gate_count,4,4,RX,0,156,layer_004_wire_004_RX,3,-0.003727318497507082,2.8872012065666497e-05,0.004275268830243313,0.0
random_bp,expectation_value,pm_12q_bp_sweep,hea,RX_RY_RZ_CNOT,none,linear,cnot,local,12,8,8,same_entangling_gate_count,4,4,RY,1,157,layer_004_wire_004_RY,3,-0.0025132424121763596,2.9203453123160322e-05,0.004968299328371396,0.0
random_bp,expectation_value,pm_12q_bp_sweep,hea,RX_RY_RZ_CNOT,none,linear,cnot,local,12,8,8,same_entangling_gate_count,4,4,RZ,2,158,layer_004_wire_004_RZ,3,0.0030759435060885958,9.600822096796443e-06,0.0030759435060885958,0.0
random_bp,expectation_value,pm_12q_bp_sweep,hea,RX_RY_RZ_CNOT,none,linear,cnot,local,12,8,8,same_entangling_gate_count,4,5,RX,0,159,layer_004_wire_005_RX,3,-0.0028505698612727105,4.320811135096597e-05,0.0057289761438019835,0.0
random_bp,expectation_value,pm_12q_bp_sweep,hea,RX_RY_RZ_CNOT,none,linear,cnot,local,12,8,8,same_entangling_gate_count,4,5,RY,1,160,layer_004_wire_005_RY,3,0.003275549217778644,1.7101795665655982e-05,0.004013349085185352,0.0
random_bp,expectation_value,pm_12q_bp_sweep,hea,RX_RY_RZ_CNOT,none,linear,cnot,local,12,8,8,same_entangling_gate_count,4,5,RZ,2,161,layer_004_wire_005_RZ,3,0.0024263312879615625,2.0264557921859446e-05,0.0026547984101611913,0.0
random_bp,expectation_value,pm_12q_bp_sweep,hea,RX_RY_RZ_CNOT,none,linear,cnot,local,12,8,8,same_entangling_gate_count,4,6,RX,0,162,layer_004_wire_006_RX,3,0.0013214432120377585,7.080990033903715e-06,0.00212405329549018,0.0
random_bp,expectation_value,pm_12q_bp_sweep,hea,RX_RY_RZ_CNOT,none,linear,cnot,local,12,8,8,same_entangling_gate_count,4,6,RY,1,163,layer_004_wire_006_RY,3,-0.0008107458405791138,1.0805481232051908e-05,0.0027108912772691764,0.0
random_bp,expectation_value,pm_12q_bp_sweep,hea,RX_RY_RZ_CNOT,none,linear,cnot,local,12,8,8,same_entangling_gate_count,4,6,RZ,2,164,layer_004_wire_006_RZ,3,-7.990946864609185e-05,2.485060624013487e-06,0.0011843986543913973,0.0
random_bp,expectation_value,pm_12q_bp_sweep,hea,RX_RY_RZ_CNOT,none,linear,cnot,local,12,8,8,same_entangling_gate_count,4,7,RX,0,165,layer_004_wire_007_RX,3,0.0007002021293791278,6.601764546500753e-07,0.0007427944422918513,0.0
random_bp,expectation_value,pm_12q_bp_sweep,hea,RX_RY_RZ_CNOT,none,linear,cnot,local,12,8,8,same_entangling_gate_count,4,7,RY,1,166,layer_004_wire_007_RY,3,0.001223274909490235,1.2151204360655076e-05,0.0030235181071380872,0.0
random_bp,expectation_value,pm_12q_bp_sweep,hea,RX_RY_RZ_CNOT,none,linear,cnot,local,12,8,8,same_entangling_gate_count,4,7,RZ,2,167,layer_004_wire_007_RZ,3,-7.031127056134163e-05,2.2267970307410536e-07,0.0003711517829603907,0.0
random_bp,expectation_value,pm_12q_bp_sweep,hea,RX_RY_RZ_CNOT,none,linear,cnot,local,12,8,8,same_entangling_gate_count,4,8,RX,0,168,layer_004_wire_008_RX,3,-0.0014202570647490144,2.270638043039782e-06,0.0014229487752677264,0.0
random_bp,expectation_value,pm_12q_bp_sweep,hea,RX_RY_RZ_CNOT,none,linear,cnot,local,12,8,8,same_entangling_gate_count,4,8,RY,1,169,layer_004_wire_008_RY,3,0.0010598368183054904,3.967952344517304e-06,0.0018206274717662103,0.0
random_bp,expectation_value,pm_12q_bp_sweep,hea,RX_RY_RZ_CNOT,none,linear,cnot,local,12,8,8,same_entangling_gate_count,4,8,RZ,2,170,layer_004_wire_008_RZ,3,-0.00011528853298180318,2.012411050025467e-06,0.0011191426922394143,0.0
random_bp,expectation_value,pm_12q_bp_sweep,hea,RX_RY_RZ_CNOT,none,linear,cnot,local,12,8,8,same_entangling_gate_count,4,9,RX,0,171,layer_004_wire_009_RX,3,-0.0008590179810714973,1.8092465291131889e-06,0.001243252981719542,0.0
random_bp,expectation_value,pm_12q_bp_sweep,hea,RX_RY_RZ_CNOT,none,linear,cnot,local,12,8,8,same_entangling_gate_count,4,9,RY,1,172,layer_004_wire_009_RY,3,0.0005065899058079404,1.3775796708266204e-06,0.0010413383984878373,0.0
random_bp,expectation_value,pm_12q_bp_sweep,hea,RX_RY_RZ_CNOT,none,linear,cnot,local,12,8,8,same_entangling_gate_count,4,9,RZ,2,173,layer_004_wire_009_RZ,3,-0.000986098757604199,3.362804405842078e-06,0.001275546024296719,0.0
random_bp,expectation_value,pm_12q_bp_sweep,hea,RX_RY_RZ_CNOT,none,linear,cnot,local,12,8,8,same_entangling_gate_count,4,10,RX,0,174,layer_004_wire_010_RX,3,-0.0002688569884251641,4.265387658188305e-06,0.0013920142326431437,0.0
random_bp,expectation_value,pm_12q_bp_sweep,hea,RX_RY_RZ_CNOT,none,linear,cnot,local,12,8,8,same_entangling_gate_count,4,10,RY,1,175,layer_004_wire_010_RY,3,-0.00021757463823917348,1.0852182114362447e-06,0.000808253883703332,0.0
random_bp,expectation_value,pm_12q_bp_sweep,hea,RX_RY_RZ_CNOT,none,linear,cnot,local,12,8,8,same_entangling_gate_count,4,10,RZ,2,176,layer_004_wire_010_RZ,3,-0.0013692108031825524,1.8499297514698812e-06,0.0013692108031825524,0.0
random_bp,expectation_value,pm_12q_bp_sweep,hea,RX_RY_RZ_CNOT,none,linear,cnot,local,12,8,8,same_entangling_gate_count,4,11,RX,0,177,layer_004_wire_011_RX,3,0.0009352872458199223,1.7350718863898389e-06,0.0013253833002077372,0.0
random_bp,expectation_value,pm_12q_bp_sweep,hea,RX_RY_RZ_CNOT,none,linear,cnot,local,12,8,8,same_entangling_gate_count,4,11,RY,1,178,layer_004_wire_011_RY,3,0.00023263935715313192,1.0314993098629653e-06,0.0007042189512929554,0.0
random_bp,expectation_value,pm_12q_bp_sweep,hea,RX_RY_RZ_CNOT,none,linear,cnot,local,12,8,8,same_entangling_gate_count,4,11,RZ,2,179,layer_004_wire_011_RZ,3,0.0015448924999351236,2.976301550881953e-06,0.0018022304241090928,0.0
random_bp,expectation_value,pm_12q_bp_sweep,hea,RX_RY_RZ_CNOT,none,linear,cnot,local,12,8,8,same_entangling_gate_count,5,0,RX,0,180,layer_005_wire_000_RX,3,0.0036795782673593657,0.00017883662690356485,0.008845765095148242,0.0
random_bp,expectation_value,pm_12q_bp_sweep,hea,RX_RY_RZ_CNOT,none,linear,cnot,local,12,8,8,same_entangling_gate_count,5,0,RY,1,181,layer_005_wire_000_RY,3,0.004195373078091314,6.435642169781347e-05,0.00716026832959217,0.0
random_bp,expectation_value,pm_12q_bp_sweep,hea,RX_RY_RZ_CNOT,none,linear,cnot,local,12,8,8,same_entangling_gate_count,5,0,RZ,2,182,layer_005_wire_000_RZ,3,0.003539216919525341,0.000248594967958287,0.012265289670551583,0.0
random_bp,expectation_value,pm_12q_bp_sweep,hea,RX_RY_RZ_CNOT,none,linear,cnot,local,12,8,8,same_entangling_gate_count,5,1,RX,0,183,layer_005_wire_001_RX,3,-0.0006004353265762802,8.682733174042421e-05,0.007275926884193821,0.0
random_bp,expectation_value,pm_12q_bp_sweep,hea,RX_RY_RZ_CNOT,none,linear,cnot,local,12,8,8,same_entangling_gate_count,5,1,RY,1,184,layer_005_wire_001_RY,3,0.00017630229106135572,1.2548044279618879e-05,0.002572712270365871,0.0
random_bp,expectation_value,pm_12q_bp_sweep,hea,RX_RY_RZ_CNOT,none,linear,cnot,local,12,8,8,same_entangling_gate_count,5,1,RZ,2,185,layer_005_wire_001_RZ,3,-0.004364772514511022,0.00012708587624647938,0.010031243738322893,0.0
random_bp,expectation_value,pm_12q_bp_sweep,hea,RX_RY_RZ_CNOT,none,linear,cnot,local,12,8,8,same_entangling_gate_count,5,2,RX,0,186,layer_005_wire_002_RX,3,-0.001657716789936324,0.000128961097299564,0.008709772980523613,0.0
random_bp,expectation_value,pm_12q_bp_sweep,hea,RX_RY_RZ_CNOT,none,linear,cnot,local,12,8,8,same_entangling_gate_count,5,2,RY,1,187,layer_005_wire_002_RY,3,-0.001658459101977794,7.074627227169784e-05,0.00560430603442042,0.0
random_bp,expectation_value,pm_12q_bp_sweep,hea,RX_RY_RZ_CNOT,none,linear,cnot,local,12,8,8,same_entangling_gate_count,5,2,RZ,2,188,layer_005_wire_002_RZ,3,-0.0036493381261559843,0.00010198443312961673,0.008806901506530136,0.0
random_bp,expectation_value,pm_12q_bp_sweep,hea,RX_RY_RZ_CNOT,none,linear,cnot,local,12,8,8,same_entangling_gate_count,5,3,RX,0,189,layer_005_wire_003_RX,3,0.009586638262799183,4.0625137592331014e-05,0.009586638262799181,0.0
random_bp,expectation_value,pm_12q_bp_sweep,hea,RX_RY_RZ_CNOT,none,linear,cnot,local,12,8,8,same_entangling_gate_count,5,3,RY,1,190,layer_005_wire_003_RY,3,0.0031801597283643655,1.3716064370711044e-05,0.0038981953131609812,0.0
random_bp,expectation_value,pm_12q_bp_sweep,hea,RX_RY_RZ_CNOT,none,linear,cnot,local,12,8,8,same_entangling_gate_count,5,3,RZ,2,191,layer_005_wire_003_RZ,3,0.0037289386789904236,6.871142934498854e-05,0.0051378254214121755,0.0
random_bp,expectation_value,pm_12q_bp_sweep,hea,RX_RY_RZ_CNOT,none,linear,cnot,local,12,8,8,same_entangling_gate_count,5,4,RX,0,192,layer_005_wire_004_RX,3,0.0011685191216382047,1.204924435095306e-05,0.0028136552484941957,0.0
random_bp,expectation_value,pm_12q_bp_sweep,hea,RX_RY_RZ_CNOT,none,linear,cnot,local,12,8,8,same_entangling_gate_count,5,4,RY,1,193,layer_005_wire_004_RY,3,-0.004542088695683521,1.5679633269901646e-05,0.004542088695683521,0.0
random_bp,expectation_value,pm_12q_bp_sweep,hea,RX_RY_RZ_CNOT,none,linear,cnot,local,12,8,8,same_entangling_gate_count,5,4,RZ,2,194,layer_005_wire_004_RZ,3,0.0005038035695884638,1.2285896444645442e-05,0.0025300057857208513,0.0
random_bp,expectation_value,pm_12q_bp_sweep,hea,RX_RY_RZ_CNOT,none,linear,cnot,local,12,8,8,same_entangling_gate_count,5,5,RX,0,195,layer_005_wire_005_RX,3,0.001312577547668291,1.3437521391110825e-06,0.0013274192187858276,0.0
random_bp,expectation_value,pm_12q_bp_sweep,hea,RX_RY_RZ_CNOT,none,linear,cnot,local,12,8,8,same_entangling_gate_count,5,5,RY,1,196,layer_005_wire_005_RY,3,0.0031996120245708247,4.9881675686825654e-06,0.0031996120245708242,0.0
random_bp,expectation_value,pm_12q_bp_sweep,hea,RX_RY_RZ_CNOT,none,linear,cnot,local,12,8,8,same_entangling_gate_count,5,5,RZ,2,197,layer_005_wire_005_RZ,3,-0.0003421072213078477,4.074413391322262e-06,0.001439336954150964,0.0
random_bp,expectation_value,pm_12q_bp_sweep,hea,RX_RY_RZ_CNOT,none,linear,cnot,local,12,8,8,same_entangling_gate_count,5,6,RX,0,198,layer_005_wire_006_RX,3,-0.0010496707071986932,1.850098542158975e-05,0.0028561359194186563,0.0
random_bp,expectation_value,pm_12q_bp_sweep,hea,RX_RY_RZ_CNOT,none,linear,cnot,local,12,8,8,same_entangling_gate_count,5,6,RY,1,199,layer_005_wire_006_RY,3,-0.0006625441222256928,5.834103518876759e-07,0.0006625441222256928,0.0
random_bp,expectation_value,pm_12q_bp_sweep,hea,RX_RY_RZ_CNOT,none,linear,cnot,local,12,8,8,same_entangling_gate_count,5,6,RZ,2,200,layer_005_wire_006_RZ,3,-0.004441511212445319,1.5089014544119458e-06,0.0044415112124453196,0.0
random_bp,expectation_value,pm_12q_bp_sweep,hea,RX_RY_RZ_CNOT,none,linear,cnot,local,12,8,8,same_entangling_gate_count,5,7,RX,0,201,layer_005_wire_007_RX,3,0.0028687301229158436,2.2803562883741307e-06,0.002868730122915844,0.0
random_bp,expectation_value,pm_12q_bp_sweep,hea,RX_RY_RZ_CNOT,none,linear,cnot,local,12,8,8,same_entangling_gate_count,5,7,RY,1,202,layer_005_wire_007_RY,3,-0.0004487268516196999,1.1529417512726165e-05,0.002463926016789748,0.0
random_bp,expectation_value,pm_12q_bp_sweep,hea,RX_RY_RZ_CNOT,none,linear,cnot,local,12,8,8,same_entangling_gate_count,5,7,RZ,2,203,layer_005_wire_007_RZ,3,0.0006581389209473537,1.1863397975135023e-05,0.002491503193253722,0.0
random_bp,expectation_value,pm_12q_bp_sweep,hea,RX_RY_RZ_CNOT,none,linear,cnot,local,12,8,8,same_entangling_gate_count,5,8,RX,0,204,layer_005_wire_008_RX,3,0.0005316176629648881,8.426038182900098e-06,0.002031414322434822,0.0
random_bp,expectation_value,pm_12q_bp_sweep,hea,RX_RY_RZ_CNOT,none,linear,cnot,local,12,8,8,same_entangling_gate_count,5,8,RY,1,205,layer_005_wire_008_RY,3,0.0006416626696754383,1.6217431014815522e-06,0.0009760744449893716,0.0
random_bp,expectation_value,pm_12q_bp_sweep,hea,RX_RY_RZ_CNOT,none,linear,cnot,local,12,8,8,same_entangling_gate_count,5,8,RZ,2,206,layer_005_wire_008_RZ,3,0.002414139083141341,1.4103303575483066e-06,0.002414139083141341,0.0
random_bp,expectation_value,pm_12q_bp_sweep,hea,RX_RY_RZ_CNOT,none,linear,cnot,local,12,8,8,same_entangling_gate_count,5,9,RX,0,207,layer_005_wire_009_RX,3,-0.0037581394457320786,2.4726607889669886e-06,0.0037581394457320786,0.0
random_bp,expectation_value,pm_12q_bp_sweep,hea,RX_RY_RZ_CNOT,none,linear,cnot,local,12,8,8,same_entangling_gate_count,5,9,RY,1,208,layer_005_wire_009_RY,3,-0.0003206155879019999,6.808531365348373e-06,0.001901551047420678,0.0
random_bp,expectation_value,pm_12q_bp_sweep,hea,RX_RY_RZ_CNOT,none,linear,cnot,local,12,8,8,same_entangling_gate_count,5,9,RZ,2,209,layer_005_wire_009_RZ,3,0.000729365221575671,1.900736556845512e-06,0.0012975663115017799,0.0
random_bp,expectation_value,pm_12q_bp_sweep,hea,RX_RY_RZ_CNOT,none,linear,cnot,local,12,8,8,same_entangling_gate_count,5,10,RX,0,210,layer_005_wire_010_RX,3,-0.0002813886035563956,2.1138789149746615e-06,0.0012130215971156275,0.0
random_bp,expectation_value,pm_12q_bp_sweep,hea,RX_RY_RZ_CNOT,none,linear,cnot,local,12,8,8,same_entangling_gate_count,5,10,RY,1,211,layer_005_wire_010_RY,3,0.0003315448373564443,3.1723808702325908e-06,0.0014786954865590666,0.0
random_bp,expectation_value,pm_12q_bp_sweep,hea,RX_RY_RZ_CNOT,none,linear,cnot,local,12,8,8,same_entangling_gate_count,5,10,RZ,2,212,layer_005_wire_010_RZ,3,0.00011707303959427933,1.6061138541673951e-06,0.0009330977262451649,0.0
random_bp,expectation_value,pm_12q_bp_sweep,hea,RX_RY_RZ_CNOT,none,linear,cnot,local,12,8,8,same_entangling_gate_count,5,11,RX,0,213,layer_005_wire_011_RX,3,-0.0008943743979791192,1.6759402140424015e-06,0.0011359786217781931,0.0
random_bp,expectation_value,pm_12q_bp_sweep,hea,RX_RY_RZ_CNOT,none,linear,cnot,local,12,8,8,same_entangling_gate_count,5,11,RY,1,214,layer_005_wire_011_RY,3,-0.0005310632267542893,8.534969597633473e-07,0.0008784756136019463,0.0
random_bp,expectation_value,pm_12q_bp_sweep,hea,RX_RY_RZ_CNOT,none,linear,cnot,local,12,8,8,same_entangling_gate_count,5,11,RZ,2,215,layer_005_wire_011_RZ,3,-0.0009447251360217219,2.630927390999477e-06,0.0014233747788056008,0.0
random_bp,expectation_value,pm_12q_bp_sweep,hea,RX_RY_RZ_CNOT,none,linear,cnot,local,12,8,8,same_entangling_gate_count,6,0,RX,0,216,layer_006_wire_000_RX,3,-0.0017105986083842703,0.00012772836967435823,0.00812569043391872,0.0
random_bp,expectation_value,pm_12q_bp_sweep,hea,RX_RY_RZ_CNOT,none,linear,cnot,local,12,8,8,same_entangling_gate_count,6,0,RY,1,217,layer_006_wire_000_RY,3,0.0006306516789415964,8.620374239366252e-05,0.007357238408611054,0.0
random_bp,expectation_value,pm_12q_bp_sweep,hea,RX_RY_RZ_CNOT,none,linear,cnot,local,12,8,8,same_entangling_gate_count,6,0,RZ,2,218,layer_006_wire_000_RZ,3,-0.007929124156238181,0.0002509130447792007,0.014707323434873349,0.0
random_bp,expectation_value,pm_12q_bp_sweep,hea,RX_RY_RZ_CNOT,none,linear,cnot,local,12,8,8,same_entangling_gate_count,6,1,RX,0,219,layer_006_wire_001_RX,3,0.00769844213794565,3.4602351287352944e-05,0.00769844213794565,0.0
random_bp,expectation_value,pm_12q_bp_sweep,hea,RX_RY_RZ_CNOT,none,linear,cnot,local,12,8,8,same_entangling_gate_count,6,1,RY,1,220,layer_006_wire_001_RY,3,0.013668645330045906,1.4522921615055499e-05,0.013668645330045906,0.0
random_bp,expectation_value,pm_12q_bp_sweep,hea,RX_RY_RZ_CNOT,none,linear,cnot,local,12,8,8,same_entangling_gate_count,6,1,RZ,2,221,layer_006_wire_001_RZ,3,0.003494242991882202,0.00010483514156662468,0.008817475361056036,0.0
random_bp,expectation_value,pm_12q_bp_sweep,hea,RX_RY_RZ_CNOT,none,linear,cnot,local,12,8,8,same_entangling_gate_count,6,2,RX,0,222,layer_006_wire_002_RX,3,-0.004237520399897977,8.769956335151125e-05,0.006970532045224232,0.0
random_bp,expectation_value,pm_12q_bp_sweep,hea,RX_RY_RZ_CNOT,none,linear,cnot,local,12,8,8,same_entangling_gate_count,6,2,RY,1,223,layer_006_wire_002_RY,3,0.003259510904484112,2.3119979692067038e-05,0.0032595109044841115,0.0
random_bp,expectation_value,pm_12q_bp_sweep,hea,RX_RY_RZ_CNOT,none,linear,cnot,local,12,8,8,same_entangling_gate_count,6,2,RZ,2,224,layer_006_wire_002_RZ,3,-0.003284155393051266,3.1607959629687655e-05,0.005398381195570283,0.0
random_bp,expectation_value,pm_12q_bp_sweep,hea,RX_RY_RZ_CNOT,none,linear,cnot,local,12,8,8,same_entangling_gate_count,6,3,RX,0,225,layer_006_wire_003_RX,3,0.0028019497644496323,1.4421027054589967e-06,0.0028019497644496323,0.0
random_bp,expectation_value,pm_12q_bp_sweep,hea,RX_RY_RZ_CNOT,none,linear,cnot,local,12,8,8,same_entangling_gate_count,6,3,RY,1,226,layer_006_wire_003_RY,3,-0.00228192796419097,3.93812226751568e-07,0.00228192796419097,0.0
random_bp,expectation_value,pm_12q_bp_sweep,hea,RX_RY_RZ_CNOT,none,linear,cnot,local,12,8,8,same_entangling_gate_count,6,3,RZ,2,227,layer_006_wire_003_RZ,3,-0.000672055754602816,2.5824531636054155e-05,0.0036681760624415988,0.0
random_bp,expectation_value,pm_12q_bp_sweep,hea,RX_RY_RZ_CNOT,none,linear,cnot,local,12,8,8,same_entangling_gate_count,6,4,RX,0,228,layer_006_wire_004_RX,3,0.0027852053538976206,3.562412161786844e-06,0.0027852053538976206,0.0
random_bp,expectation_value,pm_12q_bp_sweep,hea,RX_RY_RZ_CNOT,none,linear,cnot,local,12,8,8,same_entangling_gate_count,6,4,RY,1,229,layer_006_wire_004_RY,3,0.00264125515985005,2.3786625659960754e-06,0.00264125515985005,0.0
random_bp,expectation_value,pm_12q_bp_sweep,hea,RX_RY_RZ_CNOT,none,linear,cnot,local,12,8,8,same_entangling_gate_count,6,4,RZ,2,230,layer_006_wire_004_RZ,3,0.00011210579831354324,3.27115716708005e-05,0.004413508447964486,0.0
random_bp,expectation_value,pm_12q_bp_sweep,hea,RX_RY_RZ_CNOT,none,linear,cnot,local,12,8,8,same_entangling_gate_count,6,5,RX,0,231,layer_006_wire_005_RX,3,0.0008140453775850686,1.6607018025983212e-06,0.0011057339785740378,0.0
random_bp,expectation_value,pm_12q_bp_sweep,hea,RX_RY_RZ_CNOT,none,linear,cnot,local,12,8,8,same_entangling_gate_count,6,5,RY,1,232,layer_006_wire_005_RY,3,0.002276389216208141,4.3186619615462924e-06,0.002276389216208141,0.0
random_bp,expectation_value,pm_12q_bp_sweep,hea,RX_RY_RZ_CNOT,none,linear,cnot,local,12,8,8,same_entangling_gate_count,6,5,RZ,2,233,layer_006_wire_005_RZ,3,7.684117065663939e-05,8.283276413580848e-06,0.0019709501828346,0.0
random_bp,expectation_value,pm_12q_bp_sweep,hea,RX_RY_RZ_CNOT,none,linear,cnot,local,12,8,8,same_entangling_gate_count,6,6,RX,0,234,layer_006_wire_006_RX,3,-0.00012339855891941958,2.032852972908286e-06,0.0009774792998539644,0.0
random_bp,expectation_value,pm_12q_bp_sweep,hea,RX_RY_RZ_CNOT,none,linear,cnot,local,12,8,8,same_entangling_gate_count,6,6,RY,1,235,layer_006_wire_006_RY,3,0.003432096279971361,8.912502644027341e-06,0.003432096279971361,0.0
random_bp,expectation_value,pm_12q_bp_sweep,hea,RX_RY_RZ_CNOT,none,linear,cnot,local,12,8,8,same_entangling_gate_count,6,6,RZ,2,236,layer_006_wire_006_RZ,3,8.587253821345565e-05,5.471070011738886e-06,0.001769115740300503,0.0
random_bp,expectation_value,pm_12q_bp_sweep,hea,RX_RY_RZ_CNOT,none,linear,cnot,local,12,8,8,same_entangling_gate_count,6,7,RX,0,237,layer_006_wire_007_RX,3,-0.000618016313696927,8.95317956920348e-06,0.002344754471076386,0.0
random_bp,expectation_value,pm_12q_bp_sweep,hea,RX_RY_RZ_CNOT,none,linear,cnot,local,12,8,8,same_entangling_gate_count,6,7,RY,1,238,layer_006_wire_007_RY,3,0.0012394587523188066,7.624712951152356e-06,0.0018751089840335561,0.0
random_bp,expectation_value,pm_12q_bp_sweep,hea,RX_RY_RZ_CNOT,none,linear,cnot,local,12,8,8,same_entangling_gate_count,6,7,RZ,2,239,layer_006_wire_007_RZ,3,0.00011038817811874675,2.140791312070999e-06,0.0011269189713622645,0.0
random_bp,expectation_value,pm_12q_bp_sweep,hea,RX_RY_RZ_CNOT,none,linear,cnot,local,12,8,8,same_entangling_gate_count,6,8,RX,0,240,layer_006_wire_008_RX,3,0.00021018487645857003,1.3298641879869183e-06,0.0008029361576677294,0.0
random_bp,expectation_value,pm_12q_bp_sweep,hea,RX_RY_RZ_CNOT,none,linear,cnot,local,12,8,8,same_entangling_gate_count,6,8,RY,1,241,layer_006_wire_008_RY,3,0.00020657256158891591,7.27830399412639e-06,0.0021273606396752776,0.0
random_bp,expectation_value,pm_12q_bp_sweep,hea,RX_RY_RZ_CNOT,none,linear,cnot,local,12,8,8,same_entangling_gate_count,6,8,RZ,2,242,layer_006_wire_008_RZ,3,0.0008198941067437211,1.3169233414787692e-06,0.0011559206629186381,0.0
random_bp,expectation_value,pm_12q_bp_sweep,hea,RX_RY_RZ_CNOT,none,linear,cnot,local,12,8,8,same_entangling_gate_count,6,9,RX,0,243,layer_006_wire_009_RX,3,-0.0006023738035796169,6.026095891223573e-07,0.0007840685445696692,0.0
random_bp,expectation_value,pm_12q_bp_sweep,hea,RX_RY_RZ_CNOT,none,linear,cnot,local,12,8,8,same_entangling_gate_count,6,9,RY,1,244,layer_006_wire_009_RY,3,0.00029415655385569097,5.479375523470183e-07,0.0004715746207914529,0.0
random_bp,expectation_value,pm_12q_bp_sweep,hea,RX_RY_RZ_CNOT,none,linear,cnot,local,12,8,8,same_entangling_gate_count,6,9,RZ,2,245,layer_006_wire_009_RZ,3,-0.0008126057899854712,3.859660453470792e-07,0.0008126057899854712,0.0
random_bp,expectation_value,pm_12q_bp_sweep,hea,RX_RY_RZ_CNOT,none,linear,cnot,local,12,8,8,same_entangling_gate_count,6,10,RX,0,246,layer_006_wire_010_RX,3,-0.0009851357453593062,3.299602449051461e-06,0.0013839677671704754,0.0
random_bp,expectation_value,pm_12q_bp_sweep,hea,RX_RY_RZ_CNOT,none,linear,cnot,local,12,8,8,same_entangling_gate_count,6,10,RY,1,247,layer_006_wire_010_RY,3,0.0002778752565815741,3.054392185500125e-07,0.0005041936226631181,0.0
random_bp,expectation_value,pm_12q_bp_sweep,hea,RX_RY_RZ_CNOT,none,linear,cnot,local,12,8,8,same_entangling_gate_count,6,10,RZ,2,248,layer_006_wire_010_RZ,3,-3.074383256766882e-05,2.550053092338002e-07,0.0003395721301867768,0.0
random_bp,expectation_value,pm_12q_bp_sweep,hea,RX_RY_RZ_CNOT,none,linear,cnot,local,12,8,8,same_entangling_gate_count,6,11,RX,0,249,layer_006_wire_011_RX,3,-0.0012973264950766011,2.1500627382401195e-06,0.0012973264950766011,0.0
random_bp,expectation_value,pm_12q_bp_sweep,hea,RX_RY_RZ_CNOT,none,linear,cnot,local,12,8,8,same_entangling_gate_count,6,11,RY,1,250,layer_006_wire_011_RY,3,0.0005611122167484843,2.5354730391977656e-07,0.0005611122167484843,0.0
random_bp,expectation_value,pm_12q_bp_sweep,hea,RX_RY_RZ_CNOT,none,linear,cnot,local,12,8,8,same_entangling_gate_count,6,11,RZ,2,251,layer_006_wire_011_RZ,3,-0.0007723247847633695,3.682129071225569e-06,0.0013381284126400732,0.0
random_bp,expectation_value,pm_12q_bp_sweep,hea,RX_RY_RZ_CNOT,none,linear,cnot,local,12,8,8,same_entangling_gate_count,7,0,RX,0,252,layer_007_wire_000_RX,3,-0.008446312881978132,2.4909831820061536e-05,0.008446312881978132,0.0
random_bp,expectation_value,pm_12q_bp_sweep,hea,RX_RY_RZ_CNOT,none,linear,cnot,local,12,8,8,same_entangling_gate_count,7,0,RY,1,253,layer_007_wire_000_RY,3,-8.286850211213902e-05,0.00013107801565246643,0.008612015136016215,0.0
random_bp,expectation_value,pm_12q_bp_sweep,hea,RX_RY_RZ_CNOT,none,linear,cnot,local,12,8,8,same_entangling_gate_count,7,0,RZ,2,254,layer_007_wire_000_RZ,3,-1.9396132575256172e-18,1.5021171077258837e-34,8.660539044785045e-18,1.0
random_bp,expectation_value,pm_12q_bp_sweep,hea,RX_RY_RZ_CNOT,none,linear,cnot,local,12,8,8,same_entangling_gate_count,7,1,RX,0,255,layer_007_wire_001_RX,3,-0.000337057054810584,3.2606308826948806e-06,0.0013705913704972884,0.0
random_bp,expectation_value,pm_12q_bp_sweep,hea,RX_RY_RZ_CNOT,none,linear,cnot,local,12,8,8,same_entangling_gate_count,7,1,RY,1,256,layer_007_wire_001_RY,3,-0.014740515631492665,5.278294399097459e-05,0.014740515631492665,0.0
random_bp,expectation_value,pm_12q_bp_sweep,hea,RX_RY_RZ_CNOT,none,linear,cnot,local,12,8,8,same_entangling_gate_count,7,1,RZ,2,257,layer_007_wire_001_RZ,3,1.408344198844934e-17,2.6552264080414406e-34,1.710154453341316e-17,1.0
random_bp,expectation_value,pm_12q_bp_sweep,hea,RX_RY_RZ_CNOT,none,linear,cnot,local,12,8,8,same_entangling_gate_count,7,2,RX,0,258,layer_007_wire_002_RX,3,0.0008903382586650621,9.289912855383153e-07,0.0009281899960610116,0.0
random_bp,expectation_value,pm_12q_bp_sweep,hea,RX_RY_RZ_CNOT,none,linear,cnot,local,12,8,8,same_entangling_gate_count,7,2,RY,1,259,layer_007_wire_002_RY,3,0.0021980444831550283,2.2223521620702555e-06,0.0021980444831550283,0.0
random_bp,expectation_value,pm_12q_bp_sweep,hea,RX_RY_RZ_CNOT,none,linear,cnot,local,12,8,8,same_entangling_gate_count,7,2,RZ,2,260,layer_007_wire_002_RZ,3,-1.064679245845365e-17,8.670956955051924e-35,1.064679245845365e-17,1.0
random_bp,expectation_value,pm_12q_bp_sweep,hea,RX_RY_RZ_CNOT,none,linear,cnot,local,12,8,8,same_entangling_gate_count,7,3,RX,0,261,layer_007_wire_003_RX,3,-0.002070578242962435,4.34017039950906e-06,0.0022613962260531395,0.0
random_bp,expectation_value,pm_12q_bp_sweep,hea,RX_RY_RZ_CNOT,none,linear,cnot,local,12,8,8,same_entangling_gate_count,7,3,RY,1,262,layer_007_wire_003_RY,3,-0.005518016735628818,7.570444963429982e-06,0.005518016735628818,0.0
random_bp,expectation_value,pm_12q_bp_sweep,hea,RX_RY_RZ_CNOT,none,linear,cnot,local,12,8,8,same_entangling_gate_count,7,3,RZ,2,263,layer_007_wire_003_RZ,3,-1.5915404338298953e-18,7.71506185273716e-35,6.059435977198503e-18,1.0
random_bp,expectation_value,pm_12q_bp_sweep,hea,RX_RY_RZ_CNOT,none,linear,cnot,local,12,8,8,same_entangling_gate_count,7,4,RX,0,264,layer_007_wire_004_RX,3,0.002023468236533413,1.2107730714420876e-05,0.0032054986844866806,0.0
random_bp,expectation_value,pm_12q_bp_sweep,hea,RX_RY_RZ_CNOT,none,linear,cnot,local,12,8,8,same_entangling_gate_count,7,4,RY,1,265,layer_007_wire_004_RY,3,-0.0024570704783102694,1.015591188384181e-05,0.0031614639563521275,0.0
random_bp,expectation_value,pm_12q_bp_sweep,hea,RX_RY_RZ_CNOT,none,linear,cnot,local,12,8,8,same_entangling_gate_count,7,4,RZ,2,266,layer_007_wire_004_RZ,3,1.637281488615139e-18,5.319010536133955e-36,2.29172119003193e-18,1.0
random_bp,expectation_value,pm_12q_bp_sweep,hea,RX_RY_RZ_CNOT,none,linear,cnot,local,12,8,8,same_entangling_gate_count,7,5,RX,0,267,layer_007_wire_005_RX,3,0.0017193964318325341,1.1735259539204681e-05,0.002107259244274224,0.0
random_bp,expectation_value,pm_12q_bp_sweep,hea,RX_RY_RZ_CNOT,none,linear,cnot,local,12,8,8,same_entangling_gate_count,7,5,RY,1,268,layer_007_wire_005_RY,3,-0.0009316145322751558,1.8878521247324337e-05,0.003000732989351728,0.0
random_bp,expectation_value,pm_12q_bp_sweep,hea,RX_RY_RZ_CNOT,none,linear,cnot,local,12,8,8,same_entangling_gate_count,7,5,RZ,2,269,layer_007_wire_005_RZ,3,-1.582656673542794e-18,6.873313399315472e-36,2.4977925981821407e-18,1.0
random_bp,expectation_value,pm_12q_bp_sweep,hea,RX_RY_RZ_CNOT,none,linear,cnot,local,12,8,8,same_entangling_gate_count,7,6,RX,0,270,layer_007_wire_006_RX,3,0.00020629039604641043,3.881500023682545e-06,0.0014019061007768995,0.0
random_bp,expectation_value,pm_12q_bp_sweep,hea,RX_RY_RZ_CNOT,none,linear,cnot,local,12,8,8,same_entangling_gate_count,7,6,RY,1,271,layer_007_wire_006_RY,3,0.0022643375931749804,1.0853184159186174e-05,0.00284003352884271,0.0
random_bp,expectation_value,pm_12q_bp_sweep,hea,RX_RY_RZ_CNOT,none,linear,cnot,local,12,8,8,same_entangling_gate_count,7,6,RZ,2,272,layer_007_wire_006_RZ,3,3.992867466530902e-18,2.7027164192121514e-35,4.887369909654102e-18,1.0
random_bp,expectation_value,pm_12q_bp_sweep,hea,RX_RY_RZ_CNOT,none,linear,cnot,local,12,8,8,same_entangling_gate_count,7,7,RX,0,273,layer_007_wire_007_RX,3,-0.0016161193976886247,3.2339397668333247e-06,0.0018546436636107477,0.0
random_bp,expectation_value,pm_12q_bp_sweep,hea,RX_RY_RZ_CNOT,none,linear,cnot,local,12,8,8,same_entangling_gate_count,7,7,RY,1,274,layer_007_wire_007_RY,3,-0.0016139511571772788,5.3205368391594764e-06,0.001898661239090203,0.0
random_bp,expectation_value,pm_12q_bp_sweep,hea,RX_RY_RZ_CNOT,none,linear,cnot,local,12,8,8,same_entangling_gate_count,7,7,RZ,2,275,layer_007_wire_007_RZ,3,-4.099375387467126e-19,2.3560326892195983e-36,1.0208432894108615e-18,1.0
random_bp,expectation_value,pm_12q_bp_sweep,hea,RX_RY_RZ_CNOT,none,linear,cnot,local,12,8,8,same_entangling_gate_count,7,8,RX,0,276,layer_007_wire_008_RX,3,0.0006648052185604217,2.269301738649749e-06,0.0011193049041151668,0.0
random_bp,expectation_value,pm_12q_bp_sweep,hea,RX_RY_RZ_CNOT,none,linear,cnot,local,12,8,8,same_entangling_gate_count,7,8,RY,1,277,layer_007_wire_008_RY,3,-0.0025055840193009874,1.7548092075643522e-06,0.0025055840193009874,0.0
random_bp,expectation_value,pm_12q_bp_sweep,hea,RX_RY_RZ_CNOT,none,linear,cnot,local,12,8,8,same_entangling_gate_count,7,8,RZ,2,278,layer_007_wire_008_RZ,3,-3.2103641425106416e-18,3.2897235908760527e-35,3.4075935007026863e-18,1.0
random_bp,expectation_value,pm_12q_bp_sweep,hea,RX_RY_RZ_CNOT,none,linear,cnot,local,12,8,8,same_entangling_gate_count,7,9,RX,0,279,layer_007_wire_009_RX,3,0.0020307609940165027,2.945062547337794e-06,0.0020307609940165027,0.0
random_bp,expectation_value,pm_12q_bp_sweep,hea,RX_RY_RZ_CNOT,none,linear,cnot,local,12,8,8,same_entangling_gate_count,7,9,RY,1,280,layer_007_wire_009_RY,3,0.00015285970512670906,9.183615701166556e-06,0.0022818836627737436,0.0
random_bp,expectation_value,pm_12q_bp_sweep,hea,RX_RY_RZ_CNOT,none,linear,cnot,local,12,8,8,same_entangling_gate_count,7,9,RZ,2,281,layer_007_wire_009_RZ,3,1.9222106136164e-18,5.467369012923582e-36,2.0990498439134772e-18,1.0
random_bp,expectation_value,pm_12q_bp_sweep,hea,RX_RY_RZ_CNOT,none,linear,cnot,local,12,8,8,same_entangling_gate_count,7,10,RX,0,282,layer_007_wire_010_RX,3,0.0006866875127708358,3.2562554147135574e-06,0.0013841930873575027,0.0
random_bp,expectation_value,pm_12q_bp_sweep,hea,RX_RY_RZ_CNOT,none,linear,cnot,local,12,8,8,same_entangling_gate_count,7,10,RY,1,283,layer_007_wire_010_RY,3,0.0006702868729238549,5.677666696076697e-06,0.0019149333357461346,0.0
random_bp,expectation_value,pm_12q_bp_sweep,hea,RX_RY_RZ_CNOT,none,linear,cnot,local,12,8,8,same_entangling_gate_count,7,10,RZ,2,284,layer_007_wire_010_RZ,3,2.408659805078188e-18,1.4609100846353729e-35,3.4680381796711033e-18,1.0
random_bp,expectation_value,pm_12q_bp_sweep,hea,RX_RY_RZ_CNOT,none,linear,cnot,local,12,8,8,same_entangling_gate_count,7,11,RX,0,285,layer_007_wire_011_RX,3,0.0004675706741565798,8.848809724180959e-08,0.00046757067415657973,0.0
random_bp,expectation_value,pm_12q_bp_sweep,hea,RX_RY_RZ_CNOT,none,linear,cnot,local,12,8,8,same_entangling_gate_count,7,11,RY,1,286,layer_007_wire_011_RY,3,0.00016534089390368226,4.345814155760258e-07,0.0004338444656790338,0.0
random_bp,expectation_value,pm_12q_bp_sweep,hea,RX_RY_RZ_CNOT,none,linear,cnot,local,12,8,8,same_entangling_gate_count,7,11,RZ,2,287,layer_007_wire_011_RZ,3,-8.85041495495583e-18,3.796661973553183e-34,1.6109124861733217e-17,1.0
random_bp,expectation_value,pm_12q_bp_sweep,hea,RX_RY_RZ_CNOT,none,linear,cnot,global,12,8,8,same_entangling_gate_count,0,0,RX,0,0,layer_000_wire_000_RX,3,-0.0009173714664688598,0.0001715751863979419,0.010192296032519409,0.0
random_bp,expectation_value,pm_12q_bp_sweep,hea,RX_RY_RZ_CNOT,none,linear,cnot,global,12,8,8,same_entangling_gate_count,0,0,RY,1,1,layer_000_wire_000_RY,3,-0.0028428789727652616,8.350473126927755e-06,0.0031481849241848394,0.0
random_bp,expectation_value,pm_12q_bp_sweep,hea,RX_RY_RZ_CNOT,none,linear,cnot,global,12,8,8,same_entangling_gate_count,0,0,RZ,2,2,layer_000_wire_000_RZ,3,-0.007625313190452712,1.4338199138064078e-05,0.007625313190452712,0.0
random_bp,expectation_value,pm_12q_bp_sweep,hea,RX_RY_RZ_CNOT,none,linear,cnot,global,12,8,8,same_entangling_gate_count,0,1,RX,0,3,layer_000_wire_001_RX,3,-0.009776529818362597,9.836211941920298e-06,0.009776529818362597,0.0
random_bp,expectation_value,pm_12q_bp_sweep,hea,RX_RY_RZ_CNOT,none,linear,cnot,global,12,8,8,same_entangling_gate_count,0,1,RY,1,4,layer_000_wire_001_RY,3,-0.010096617072457544,9.467824635675027e-06,0.010096617072457544,0.0
random_bp,expectation_value,pm_12q_bp_sweep,hea,RX_RY_RZ_CNOT,none,linear,cnot,global,12,8,8,same_entangling_gate_count,0,1,RZ,2,5,layer_000_wire_001_RZ,3,0.0005707290922058346,6.114743036448296e-05,0.0061353013572393355,0.0
random_bp,expectation_value,pm_12q_bp_sweep,hea,RX_RY_RZ_CNOT,none,linear,cnot,global,12,8,8,same_entangling_gate_count,0,2,RX,0,6,layer_000_wire_002_RX,3,-0.0016816739092159571,2.4803969268349433e-05,0.003380252262618226,0.0
random_bp,expectation_value,pm_12q_bp_sweep,hea,RX_RY_RZ_CNOT,none,linear,cnot,global,12,8,8,same_entangling_gate_count,0,2,RY,1,7,layer_000_wire_002_RY,3,0.0032077668704950566,2.528746898080889e-05,0.004499119792574041,0.0
random_bp,expectation_value,pm_12q_bp_sweep,hea,RX_RY_RZ_CNOT,none,linear,cnot,global,12,8,8,same_entangling_gate_count,0,2,RZ,2,8,layer_000_wire_002_RZ,3,-0.0017997606613746045,1.4782232127373526e-05,0.0031295843561821904,0.0
random_bp,expectation_value,pm_12q_bp_sweep,hea,RX_RY_RZ_CNOT,none,linear,cnot,global,12,8,8,same_entangling_gate_count,0,3,RX,0,9,layer_000_wire_003_RX,3,0.0018936437629747188,0.00010591100362153871,0.006983227476954178,0.0
random_bp,expectation_value,pm_12q_bp_sweep,hea,RX_RY_RZ_CNOT,none,linear,cnot,global,12,8,8,same_entangling_gate_count,0,3,RY,1,10,layer_000_wire_003_RY,3,0.008355591813343036,3.633286190050524e-05,0.008355591813343036,0.0
random_bp,expectation_value,pm_12q_bp_sweep,hea,RX_RY_RZ_CNOT,none,linear,cnot,global,12,8,8,same_entangling_gate_count,0,3,RZ,2,11,layer_000_wire_003_RZ,3,0.0004727981468989626,0.00014402546258047983,0.009386866677969868,0.0
random_bp,expectation_value,pm_12q_bp_sweep,hea,RX_RY_RZ_CNOT,none,linear,cnot,global,12,8,8,same_entangling_gate_count,0,4,RX,0,12,layer_000_wire_004_RX,3,-0.0055337716626648725,0.00027272611656730555,0.01402167839463562,0.0
random_bp,expectation_value,pm_12q_bp_sweep,hea,RX_RY_RZ_CNOT,none,linear,cnot,global,12,8,8,same_entangling_gate_count,0,4,RY,1,13,layer_000_wire_004_RY,3,-0.002164629507784838,3.08925720043476e-06,0.002164629507784838,0.0
random_bp,expectation_value,pm_12q_bp_sweep,hea,RX_RY_RZ_CNOT,none,linear,cnot,global,12,8,8,same_entangling_gate_count,0,4,RZ,2,14,layer_000_wire_004_RZ,3,0.001095457502275403,0.0002059425120200407,0.010267210524760798,0.0
random_bp,expectation_value,pm_12q_bp_sweep,hea,RX_RY_RZ_CNOT,none,linear,cnot,global,12,8,8,same_entangling_gate_count,0,5,RX,0,15,layer_000_wire_005_RX,3,-0.011156993815723859,9.941013006452153e-07,0.011156993815723859,0.0
random_bp,expectation_value,pm_12q_bp_sweep,hea,RX_RY_RZ_CNOT,none,linear,cnot,global,12,8,8,same_entangling_gate_count,0,5,RY,1,16,layer_000_wire_005_RY,3,0.003980939668673182,8.752764846112688e-05,0.008386155141196512,0.0
random_bp,expectation_value,pm_12q_bp_sweep,hea,RX_RY_RZ_CNOT,none,linear,cnot,global,12,8,8,same_entangling_gate_count,0,5,RZ,2,17,layer_000_wire_005_RZ,3,0.0015518916762625994,0.0001626800740015382,0.009299586450504696,0.0
random_bp,expectation_value,pm_12q_bp_sweep,hea,RX_RY_RZ_CNOT,none,linear,cnot,global,12,8,8,same_entangling_gate_count,0,6,RX,0,18,layer_000_wire_006_RX,3,-4.14298982873082e-05,0.00016156901791093662,0.008900026893007862,0.0
random_bp,expectation_value,pm_12q_bp_sweep,hea,RX_RY_RZ_CNOT,none,linear,cnot,global,12,8,8,same_entangling_gate_count,0,6,RY,1,19,layer_000_wire_006_RY,3,-0.008055503868264091,0.0001730752377367769,0.008837645903069,0.0
random_bp,expectation_value,pm_12q_bp_sweep,hea,RX_RY_RZ_CNOT,none,linear,cnot,global,12,8,8,same_entangling_gate_count,0,6,RZ,2,20,layer_000_wire_006_RZ,3,-0.0024476934448298465,0.0001614733505398632,0.010200634147423485,0.0
random_bp,expectation_value,pm_12q_bp_sweep,hea,RX_RY_RZ_CNOT,none,linear,cnot,global,12,8,8,same_entangling_gate_count,0,7,RX,0,21,layer_000_wire_007_RX,3,0.003012163344779399,3.66932998375342e-05,0.004199824555839927,0.0
random_bp,expectation_value,pm_12q_bp_sweep,hea,RX_RY_RZ_CNOT,none,linear,cnot,global,12,8,8,same_entangling_gate_count,0,7,RY,1,22,layer_000_wire_007_RY,3,0.0019453284472442421,5.466004365767757e-06,0.0024470040203936638,0.0
random_bp,expectation_value,pm_12q_bp_sweep,hea,RX_RY_RZ_CNOT,none,linear,cnot,global,12,8,8,same_entangling_gate_count,0,7,RZ,2,23,layer_000_wire_007_RZ,3,0.0002525023745009211,3.310529237612475e-05,0.0045026667955070775,0.0
random_bp,expectation_value,pm_12q_bp_sweep,hea,RX_RY_RZ_CNOT,none,linear,cnot,global,12,8,8,same_entangling_gate_count,0,8,RX,0,24,layer_000_wire_008_RX,3,-0.004080993720630043,5.953384944530992e-05,0.006796518176444634,0.0
random_bp,expectation_value,pm_12q_bp_sweep,hea,RX_RY_RZ_CNOT,none,linear,cnot,global,12,8,8,same_entangling_gate_count,0,8,RY,1,25,layer_000_wire_008_RY,3,0.005615944933624476,4.239098592777851e-05,0.005615944933624477,0.0
random_bp,expectation_value,pm_12q_bp_sweep,hea,RX_RY_RZ_CNOT,none,linear,cnot,global,12,8,8,same_entangling_gate_count,0,8,RZ,2,26,layer_000_wire_008_RZ,3,0.005330370644617774,1.7355190358477382e-06,0.005330370644617774,0.0
random_bp,expectation_value,pm_12q_bp_sweep,hea,RX_RY_RZ_CNOT,none,linear,cnot,global,12,8,8,same_entangling_gate_count,0,9,RX,0,27,layer_000_wire_009_RX,3,-0.006541249529679925,0.0001139230864633706,0.010218162393571102,0.0
random_bp,expectation_value,pm_12q_bp_sweep,hea,RX_RY_RZ_CNOT,none,linear,cnot,global,12,8,8,same_entangling_gate_count,0,9,RY,1,28,layer_000_wire_009_RY,3,0.0055661684251115204,6.138186570283277e-05,0.00556616842511152,0.0
random_bp,expectation_value,pm_12q_bp_sweep,hea,RX_RY_RZ_CNOT,none,linear,cnot,global,12,8,8,same_entangling_gate_count,0,9,RZ,2,29,layer_000_wire_009_RZ,3,0.003521781588775196,0.00012659830565038254,0.009789356719402903,0.0
random_bp,expectation_value,pm_12q_bp_sweep,hea,RX_RY_RZ_CNOT,none,linear,cnot,global,12,8,8,same_entangling_gate_count,0,10,RX,0,30,layer_000_wire_010_RX,3,-0.004165352011806175,0.00031863725004026457,0.012352735662895192,0.0
random_bp,expectation_value,pm_12q_bp_sweep,hea,RX_RY_RZ_CNOT,none,linear,cnot,global,12,8,8,same_entangling_gate_count,0,10,RY,1,31,layer_000_wire_010_RY,3,-0.003807336200781286,3.260313167376582e-06,0.003807336200781286,0.0
random_bp,expectation_value,pm_12q_bp_sweep,hea,RX_RY_RZ_CNOT,none,linear,cnot,global,12,8,8,same_entangling_gate_count,0,10,RZ,2,32,layer_000_wire_010_RZ,3,-0.0056356326907305975,8.475968449900627e-05,0.006590406575606895,0.0
random_bp,expectation_value,pm_12q_bp_sweep,hea,RX_RY_RZ_CNOT,none,linear,cnot,global,12,8,8,same_entangling_gate_count,0,11,RX,0,33,layer_000_wire_011_RX,3,0.005924471984041406,5.7980791939129045e-05,0.007498811687994786,0.0
random_bp,expectation_value,pm_12q_bp_sweep,hea,RX_RY_RZ_CNOT,none,linear,cnot,global,12,8,8,same_entangling_gate_count,0,11,RY,1,34,layer_000_wire_011_RY,3,-0.0011957324524812594,1.3896638492050769e-05,0.0025169368793344703,0.0
random_bp,expectation_value,pm_12q_bp_sweep,hea,RX_RY_RZ_CNOT,none,linear,cnot,global,12,8,8,same_entangling_gate_count,0,11,RZ,2,35,layer_000_wire_011_RZ,3,-0.011922979542082185,0.0002968246220024294,0.013754954455651008,0.0
random_bp,expectation_value,pm_12q_bp_sweep,hea,RX_RY_RZ_CNOT,none,linear,cnot,global,12,8,8,same_entangling_gate_count,1,0,RX,0,36,layer_001_wire_000_RX,3,0.0009821913183370953,0.0003071249371540861,0.012982843081793082,0.0
random_bp,expectation_value,pm_12q_bp_sweep,hea,RX_RY_RZ_CNOT,none,linear,cnot,global,12,8,8,same_entangling_gate_count,1,0,RY,1,37,layer_001_wire_000_RY,3,0.0028544773565138877,7.291956293820623e-05,0.006500178106382517,0.0
random_bp,expectation_value,pm_12q_bp_sweep,hea,RX_RY_RZ_CNOT,none,linear,cnot,global,12,8,8,same_entangling_gate_count,1,0,RZ,2,38,layer_001_wire_000_RZ,3,0.004549505648795884,0.00012210121768439585,0.0069707082201953706,0.0
random_bp,expectation_value,pm_12q_bp_sweep,hea,RX_RY_RZ_CNOT,none,linear,cnot,global,12,8,8,same_entangling_gate_count,1,1,RX,0,39,layer_001_wire_001_RX,3,6.358230810396548e-07,6.400277563212195e-05,0.0060817517194710164,0.0
random_bp,expectation_value,pm_12q_bp_sweep,hea,RX_RY_RZ_CNOT,none,linear,cnot,global,12,8,8,same_entangling_gate_count,1,1,RY,1,40,layer_001_wire_001_RY,3,-0.005826706955992022,4.9204977871620855e-05,0.005826706955992022,0.0
random_bp,expectation_value,pm_12q_bp_sweep,hea,RX_RY_RZ_CNOT,none,linear,cnot,global,12,8,8,same_entangling_gate_count,1,1,RZ,2,41,layer_001_wire_001_RZ,3,-0.0034285958389125523,5.6906530939112256e-05,0.006492101098357655,0.0
random_bp,expectation_value,pm_12q_bp_sweep,hea,RX_RY_RZ_CNOT,none,linear,cnot,global,12,8,8,same_entangling_gate_count,1,2,RX,0,42,layer_001_wire_002_RX,3,0.0016602356354977312,1.1036954038076818e-05,0.002890020106216132,0.0
random_bp,expectation_value,pm_12q_bp_sweep,hea,RX_RY_RZ_CNOT,none,linear,cnot,global,12,8,8,same_entangling_gate_count,1,2,RY,1,43,layer_001_wire_002_RY,3,-0.00010490427570042805,0.00030539635575697703,0.012997534789054228,0.0
random_bp,expectation_value,pm_12q_bp_sweep,hea,RX_RY_RZ_CNOT,none,linear,cnot,global,12,8,8,same_entangling_gate_count,1,2,RZ,2,44,layer_001_wire_002_RZ,3,-0.0008588018554434518,6.266073217532836e-07,0.0008588018554434518,0.0
random_bp,expectation_value,pm_12q_bp_sweep,hea,RX_RY_RZ_CNOT,none,linear,cnot,global,12,8,8,same_entangling_gate_count,1,3,RX,0,45,layer_001_wire_003_RX,3,-0.002137855910142497,3.0948016794038728e-06,0.002137855910142497,0.0
random_bp,expectation_value,pm_12q_bp_sweep,hea,RX_RY_RZ_CNOT,none,linear,cnot,global,12,8,8,same_entangling_gate_count,1,3,RY,1,46,layer_001_wire_003_RY,3,-0.0003836150138900982,0.00038161117874156074,0.014525035793632615,0.0
random_bp,expectation_value,pm_12q_bp_sweep,hea,RX_RY_RZ_CNOT,none,linear,cnot,global,12,8,8,same_entangling_gate_count,1,3,RZ,2,47,layer_001_wire_003_RZ,3,-0.0021127340096411245,1.0194388395996748e-05,0.0026464605198628886,0.0
random_bp,expectation_value,pm_12q_bp_sweep,hea,RX_RY_RZ_CNOT,none,linear,cnot,global,12,8,8,same_entangling_gate_count,1,4,RX,0,48,layer_001_wire_004_RX,3,0.0032944693849277524,0.00014753321817708798,0.008741905233954243,0.0
random_bp,expectation_value,pm_12q_bp_sweep,hea,RX_RY_RZ_CNOT,none,linear,cnot,global,12,8,8,same_entangling_gate_count,1,4,RY,1,49,layer_001_wire_004_RY,3,-0.005579514203071467,4.2846290849617424e-05,0.0068879900559728644,0.0
random_bp,expectation_value,pm_12q_bp_sweep,hea,RX_RY_RZ_CNOT,none,linear,cnot,global,12,8,8,same_entangling_gate_count,1,4,RZ,2,50,layer_001_wire_004_RZ,3,-0.0028290688511378665,0.00015320375366015482,0.008517388762088842,0.0
random_bp,expectation_value,pm_12q_bp_sweep,hea,RX_RY_RZ_CNOT,none,linear,cnot,global,12,8,8,same_entangling_gate_count,1,5,RX,0,51,layer_001_wire_005_RX,3,-0.01659655875596507,0.00018267285008040756,0.01659655875596507,0.0
random_bp,expectation_value,pm_12q_bp_sweep,hea,RX_RY_RZ_CNOT,none,linear,cnot,global,12,8,8,same_entangling_gate_count,1,5,RY,1,52,layer_001_wire_005_RY,3,-0.00044747401427457236,5.03535274368505e-07,0.0006744381887461822,0.0
random_bp,expectation_value,pm_12q_bp_sweep,hea,RX_RY_RZ_CNOT,none,linear,cnot,global,12,8,8,same_entangling_gate_count,1,5,RZ,2,53,layer_001_wire_005_RZ,3,0.0019327385769743102,0.0004140098622799046,0.014959823723943519,0.0
random_bp,expectation_value,pm_12q_bp_sweep,hea,RX_RY_RZ_CNOT,none,linear,cnot,global,12,8,8,same_entangling_gate_count,1,6,RX,0,54,layer_001_wire_006_RX,3,0.0029216503394081375,3.430480883650296e-06,0.002921650339408137,0.0
random_bp,expectation_value,pm_12q_bp_sweep,hea,RX_RY_RZ_CNOT,none,linear,cnot,global,12,8,8,same_entangling_gate_count,1,6,RY,1,55,layer_001_wire_006_RY,3,0.004481844959198952,0.00025686660060826344,0.010759503583455496,0.0
random_bp,expectation_value,pm_12q_bp_sweep,hea,RX_RY_RZ_CNOT,none,linear,cnot,global,12,8,8,same_entangling_gate_count,1,6,RZ,2,56,layer_001_wire_006_RZ,3,0.0071267587225107825,5.348291474896965e-05,0.00746573317301328,0.0
random_bp,expectation_value,pm_12q_bp_sweep,hea,RX_RY_RZ_CNOT,none,linear,cnot,global,12,8,8,same_entangling_gate_count,1,7,RX,0,57,layer_001_wire_007_RX,3,0.0019744599052605445,8.770475502077626e-06,0.0028826626294963464,0.0
random_bp,expectation_value,pm_12q_bp_sweep,hea,RX_RY_RZ_CNOT,none,linear,cnot,global,12,8,8,same_entangling_gate_count,1,7,RY,1,58,layer_001_wire_007_RY,3,-0.0024752302458857754,0.00018941459446089902,0.011402147561017496,0.0
random_bp,expectation_value,pm_12q_bp_sweep,hea,RX_RY_RZ_CNOT,none,linear,cnot,global,12,8,8,same_entangling_gate_count,1,7,RZ,2,59,layer_001_wire_007_RZ,3,-0.0007930316327400828,6.412258977604027e-06,0.002156289578507291,0.0
random_bp,expectation_value,pm_12q_bp_sweep,hea,RX_RY_RZ_CNOT,none,linear,cnot,global,12,8,8,same_entangling_gate_count,1,8,RX,0,60,layer_001_wire_008_RX,3,-0.0022632897421094845,7.999824801651899e-05,0.006959970929264362,0.0
random_bp,expectation_value,pm_12q_bp_sweep,hea,RX_RY_RZ_CNOT,none,linear,cnot,global,12,8,8,same_entangling_gate_count,1,8,RY,1,61,layer_001_wire_008_RY,3,-0.005406305533862479,0.0003873549456698744,0.013368576964474459,0.0
random_bp,expectation_value,pm_12q_bp_sweep,hea,RX_RY_RZ_CNOT,none,linear,cnot,global,12,8,8,same_entangling_gate_count,1,8,RZ,2,62,layer_001_wire_008_RZ,3,0.0006898195167400342,0.000263567500949535,0.011530498808506135,0.0
random_bp,expectation_value,pm_12q_bp_sweep,hea,RX_RY_RZ_CNOT,none,linear,cnot,global,12,8,8,same_entangling_gate_count,1,9,RX,0,63,layer_001_wire_009_RX,3,0.001830807031730091,0.0001151165239708401,0.007506384921192596,0.0
random_bp,expectation_value,pm_12q_bp_sweep,hea,RX_RY_RZ_CNOT,none,linear,cnot,global,12,8,8,same_entangling_gate_count,1,9,RY,1,64,layer_001_wire_009_RY,3,-0.008598891488589243,0.00016282134320295152,0.012062487218991863,0.0
random_bp,expectation_value,pm_12q_bp_sweep,hea,RX_RY_RZ_CNOT,none,linear,cnot,global,12,8,8,same_entangling_gate_count,1,9,RZ,2,65,layer_001_wire_009_RZ,3,-0.004163673282445604,4.022028230169586e-05,0.0060118207049280475,0.0
random_bp,expectation_value,pm_12q_bp_sweep,hea,RX_RY_RZ_CNOT,none,linear,cnot,global,12,8,8,same_entangling_gate_count,1,10,RX,0,66,layer_001_wire_010_RX,3,0.007421022126675314,8.695831175312619e-06,0.007421022126675313,0.0
random_bp,expectation_value,pm_12q_bp_sweep,hea,RX_RY_RZ_CNOT,none,linear,cnot,global,12,8,8,same_entangling_gate_count,1,10,RY,1,67,layer_001_wire_010_RY,3,-0.009478064892225753,0.00015187220079290316,0.011112561387078829,0.0
random_bp,expectation_value,pm_12q_bp_sweep,hea,RX_RY_RZ_CNOT,none,linear,cnot,global,12,8,8,same_entangling_gate_count,1,10,RZ,2,68,layer_001_wire_010_RZ,3,-0.002186489687029772,3.569429276805476e-05,0.003791078082117301,0.0
random_bp,expectation_value,pm_12q_bp_sweep,hea,RX_RY_RZ_CNOT,none,linear,cnot,global,12,8,8,same_entangling_gate_count,1,11,RX,0,69,layer_001_wire_011_RX,3,0.0006315622136330741,6.732068055085003e-06,0.0019896447339164294,0.0
random_bp,expectation_value,pm_12q_bp_sweep,hea,RX_RY_RZ_CNOT,none,linear,cnot,global,12,8,8,same_entangling_gate_count,1,11,RY,1,70,layer_001_wire_011_RY,3,0.0002879543508124511,0.0005856164295693548,0.0184396937235078,0.0
random_bp,expectation_value,pm_12q_bp_sweep,hea,RX_RY_RZ_CNOT,none,linear,cnot,global,12,8,8,same_entangling_gate_count,1,11,RZ,2,71,layer_001_wire_011_RZ,3,-0.002015292352481949,4.2810458573983545e-06,0.0022500570715726464,0.0
random_bp,expectation_value,pm_12q_bp_sweep,hea,RX_RY_RZ_CNOT,none,linear,cnot,global,12,8,8,same_entangling_gate_count,2,0,RX,0,72,layer_002_wire_000_RX,3,0.0009110217805351098,0.0002465068233234206,0.011729783953171286,0.0
random_bp,expectation_value,pm_12q_bp_sweep,hea,RX_RY_RZ_CNOT,none,linear,cnot,global,12,8,8,same_entangling_gate_count,2,0,RY,1,73,layer_002_wire_000_RY,3,0.0021927241624818514,1.543250893006805e-05,0.003456502017510164,0.0
random_bp,expectation_value,pm_12q_bp_sweep,hea,RX_RY_RZ_CNOT,none,linear,cnot,global,12,8,8,same_entangling_gate_count,2,0,RZ,2,74,layer_002_wire_000_RZ,3,0.002850764724328245,0.00018601634902257517,0.011437618221813016,0.0
random_bp,expectation_value,pm_12q_bp_sweep,hea,RX_RY_RZ_CNOT,none,linear,cnot,global,12,8,8,same_entangling_gate_count,2,1,RX,0,75,layer_002_wire_001_RX,3,0.007096820684402129,4.173193094923188e-05,0.007096820684402128,0.0
random_bp,expectation_value,pm_12q_bp_sweep,hea,RX_RY_RZ_CNOT,none,linear,cnot,global,12,8,8,same_entangling_gate_count,2,1,RY,1,76,layer_002_wire_001_RY,3,-0.009798923986555325,1.8873752712512674e-05,0.009798923986555325,0.0
random_bp,expectation_value,pm_12q_bp_sweep,hea,RX_RY_RZ_CNOT,none,linear,cnot,global,12,8,8,same_entangling_gate_count,2,1,RZ,2,77,layer_002_wire_001_RZ,3,-0.0021936061516361757,0.00015542358589044474,0.008616274540402787,0.0
random_bp,expectation_value,pm_12q_bp_sweep,hea,RX_RY_RZ_CNOT,none,linear,cnot,global,12,8,8,same_entangling_gate_count,2,2,RX,0,78,layer_002_wire_002_RX,3,-0.00960909889753429,4.814056081079094e-05,0.009609098897534292,0.0
random_bp,expectation_value,pm_12q_bp_sweep,hea,RX_RY_RZ_CNOT,none,linear,cnot,global,12,8,8,same_entangling_gate_count,2,2,RY,1,79,layer_002_wire_002_RY,3,0.0022260411966643786,5.370490528234335e-05,0.005469495617000989,0.0
random_bp,expectation_value,pm_12q_bp_sweep,hea,RX_RY_RZ_CNOT,none,linear,cnot,global,12,8,8,same_entangling_gate_count,2,2,RZ,2,80,layer_002_wire_002_RZ,3,-0.0006212228840646658,6.135331133934088e-05,0.00548611579563095,0.0
random_bp,expectation_value,pm_12q_bp_sweep,hea,RX_RY_RZ_CNOT,none,linear,cnot,global,12,8,8,same_entangling_gate_count,2,3,RX,0,81,layer_002_wire_003_RX,3,-0.0005673926181960394,0.00024189422055447978,0.010852215477011115,0.0
random_bp,expectation_value,pm_12q_bp_sweep,hea,RX_RY_RZ_CNOT,none,linear,cnot,global,12,8,8,same_entangling_gate_count,2,3,RY,1,82,layer_002_wire_003_RY,3,-0.011250804617541596,1.9407218418030277e-05,0.011250804617541596,0.0
random_bp,expectation_value,pm_12q_bp_sweep,hea,RX_RY_RZ_CNOT,none,linear,cnot,global,12,8,8,same_entangling_gate_count,2,3,RZ,2,83,layer_002_wire_003_RZ,3,-0.0015219693815060938,0.00014628451213267188,0.008166844922707094,0.0
random_bp,expectation_value,pm_12q_bp_sweep,hea,RX_RY_RZ_CNOT,none,linear,cnot,global,12,8,8,same_entangling_gate_count,2,4,RX,0,84,layer_002_wire_004_RX,3,-0.0011272896282274333,2.354982885574939e-05,0.003943867207050747,0.0
random_bp,expectation_value,pm_12q_bp_sweep,hea,RX_RY_RZ_CNOT,none,linear,cnot,global,12,8,8,same_entangling_gate_count,2,4,RY,1,85,layer_002_wire_004_RY,3,0.00041282288991206464,2.6102141093676143e-06,0.0013805128547938336,0.0
random_bp,expectation_value,pm_12q_bp_sweep,hea,RX_RY_RZ_CNOT,none,linear,cnot,global,12,8,8,same_entangling_gate_count,2,4,RZ,2,86,layer_002_wire_004_RZ,3,0.00016043704625680897,2.5265652492944498e-05,0.0038627913273371604,0.0
random_bp,expectation_value,pm_12q_bp_sweep,hea,RX_RY_RZ_CNOT,none,linear,cnot,global,12,8,8,same_entangling_gate_count,2,5,RX,0,87,layer_002_wire_005_RX,3,-0.003667510428600677,4.9331868829117896e-05,0.004396048379796534,0.0
random_bp,expectation_value,pm_12q_bp_sweep,hea,RX_RY_RZ_CNOT,none,linear,cnot,global,12,8,8,same_entangling_gate_count,2,5,RY,1,88,layer_002_wire_005_RY,3,0.0008783072681410986,0.0001676890997615612,0.009827231135351446,0.0
random_bp,expectation_value,pm_12q_bp_sweep,hea,RX_RY_RZ_CNOT,none,linear,cnot,global,12,8,8,same_entangling_gate_count,2,5,RZ,2,89,layer_002_wire_005_RZ,3,-0.008979573286121985,1.5005020267932699e-06,0.008979573286121985,0.0
random_bp,expectation_value,pm_12q_bp_sweep,hea,RX_RY_RZ_CNOT,none,linear,cnot,global,12,8,8,same_entangling_gate_count,2,6,RX,0,90,layer_002_wire_006_RX,3,-0.008116455602414198,0.00014045368521417318,0.011662103337129049,0.0
random_bp,expectation_value,pm_12q_bp_sweep,hea,RX_RY_RZ_CNOT,none,linear,cnot,global,12,8,8,same_entangling_gate_count,2,6,RY,1,91,layer_002_wire_006_RY,3,0.0015393674776597152,9.81316256845094e-06,0.0021898687899637565,0.0
random_bp,expectation_value,pm_12q_bp_sweep,hea,RX_RY_RZ_CNOT,none,linear,cnot,global,12,8,8,same_entangling_gate_count,2,6,RZ,2,92,layer_002_wire_006_RZ,3,-0.002568195835206282,4.2217637842725996e-05,0.005305813256910091,0.0
random_bp,expectation_value,pm_12q_bp_sweep,hea,RX_RY_RZ_CNOT,none,linear,cnot,global,12,8,8,same_entangling_gate_count,2,7,RX,0,93,layer_002_wire_007_RX,3,0.005995914231692512,3.244615831112398e-05,0.005995914231692513,0.0
random_bp,expectation_value,pm_12q_bp_sweep,hea,RX_RY_RZ_CNOT,none,linear,cnot,global,12,8,8,same_entangling_gate_count,2,7,RY,1,94,layer_002_wire_007_RY,3,0.0049511074767556165,0.0001500289842513469,0.010232275897156357,0.0
random_bp,expectation_value,pm_12q_bp_sweep,hea,RX_RY_RZ_CNOT,none,linear,cnot,global,12,8,8,same_entangling_gate_count,2,7,RZ,2,95,layer_002_wire_007_RZ,3,0.00871158562995418,2.260712791864664e-05,0.00871158562995418,0.0
random_bp,expectation_value,pm_12q_bp_sweep,hea,RX_RY_RZ_CNOT,none,linear,cnot,global,12,8,8,same_entangling_gate_count,2,8,RX,0,96,layer_002_wire_008_RX,3,0.0023187464261985465,0.00023021606469820127,0.011472888555012273,0.0
random_bp,expectation_value,pm_12q_bp_sweep,hea,RX_RY_RZ_CNOT,none,linear,cnot,global,12,8,8,same_entangling_gate_count,2,8,RY,1,97,layer_002_wire_008_RY,3,0.0007756965299047895,0.0005849155016908984,0.018746940473161586,0.0
random_bp,expectation_value,pm_12q_bp_sweep,hea,RX_RY_RZ_CNOT,none,linear,cnot,global,12,8,8,same_entangling_gate_count,2,8,RZ,2,98,layer_002_wire_008_RZ,3,-0.005755000985889525,2.565386600701836e-05,0.005755000985889526,0.0
random_bp,expectation_value,pm_12q_bp_sweep,hea,RX_RY_RZ_CNOT,none,linear,cnot,global,12,8,8,same_entangling_gate_count,2,9,RX,0,99,layer_002_wire_009_RX,3,0.003371409572821161,0.00032204791023347,0.012670548909945387,0.0
random_bp,expectation_value,pm_12q_bp_sweep,hea,RX_RY_RZ_CNOT,none,linear,cnot,global,12,8,8,same_entangling_gate_count,2,9,RY,1,100,layer_002_wire_009_RY,3,-0.008634525538978406,0.00014957681514616628,0.010397929449460037,0.0
random_bp,expectation_value,pm_12q_bp_sweep,hea,RX_RY_RZ_CNOT,none,linear,cnot,global,12,8,8,same_entangling_gate_count,2,9,RZ,2,101,layer_002_wire_009_RZ,3,0.004609202910172365,0.00010933726037079488,0.0078007224592042445,0.0
random_bp,expectation_value,pm_12q_bp_sweep,hea,RX_RY_RZ_CNOT,none,linear,cnot,global,12,8,8,same_entangling_gate_count,2,10,RX,0,102,layer_002_wire_010_RX,3,0.0047641622575069435,8.733015459045368e-05,0.006340563831606656,0.0
random_bp,expectation_value,pm_12q_bp_sweep,hea,RX_RY_RZ_CNOT,none,linear,cnot,global,12,8,8,same_entangling_gate_count,2,10,RY,1,103,layer_002_wire_010_RY,3,0.0025489164192304425,0.00013281991067773117,0.007611919978226749,0.0
random_bp,expectation_value,pm_12q_bp_sweep,hea,RX_RY_RZ_CNOT,none,linear,cnot,global,12,8,8,same_entangling_gate_count,2,10,RZ,2,104,layer_002_wire_010_RZ,3,-0.004725188752419687,7.769060245828177e-05,0.00586021832765335,0.0
random_bp,expectation_value,pm_12q_bp_sweep,hea,RX_RY_RZ_CNOT,none,linear,cnot,global,12,8,8,same_entangling_gate_count,2,11,RX,0,105,layer_002_wire_011_RX,3,0.0028832508287492597,3.5313262739097635e-05,0.004367058066934055,0.0
random_bp,expectation_value,pm_12q_bp_sweep,hea,RX_RY_RZ_CNOT,none,linear,cnot,global,12,8,8,same_entangling_gate_count,2,11,RY,1,106,layer_002_wire_011_RY,3,0.002371218581901415,6.480998314560624e-05,0.005406017709929836,0.0
random_bp,expectation_value,pm_12q_bp_sweep,hea,RX_RY_RZ_CNOT,none,linear,cnot,global,12,8,8,same_entangling_gate_count,2,11,RZ,2,107,layer_002_wire_011_RZ,3,-0.004183564230726538,0.00011855384642456141,0.009438346029497778,0.0
random_bp,expectation_value,pm_12q_bp_sweep,hea,RX_RY_RZ_CNOT,none,linear,cnot,global,12,8,8,same_entangling_gate_count,3,0,RX,0,108,layer_003_wire_000_RX,3,0.004918750010641943,8.425085034125622e-05,0.00817212112881186,0.0
random_bp,expectation_value,pm_12q_bp_sweep,hea,RX_RY_RZ_CNOT,none,linear,cnot,global,12,8,8,same_entangling_gate_count,3,0,RY,1,109,layer_003_wire_000_RY,3,-0.010824911345990782,2.124165019050468e-05,0.010824911345990782,0.0
random_bp,expectation_value,pm_12q_bp_sweep,hea,RX_RY_RZ_CNOT,none,linear,cnot,global,12,8,8,same_entangling_gate_count,3,0,RZ,2,110,layer_003_wire_000_RZ,3,-0.00047473185227785413,0.0001394088554566484,0.008924180795819553,0.0
random_bp,expectation_value,pm_12q_bp_sweep,hea,RX_RY_RZ_CNOT,none,linear,cnot,global,12,8,8,same_entangling_gate_count,3,1,RX,0,111,layer_003_wire_001_RX,3,0.006937654545672211,5.856821892757443e-05,0.006937654545672211,0.0
random_bp,expectation_value,pm_12q_bp_sweep,hea,RX_RY_RZ_CNOT,none,linear,cnot,global,12,8,8,same_entangling_gate_count,3,1,RY,1,112,layer_003_wire_001_RY,3,0.003198901932058901,1.842524955227211e-05,0.0035053482190951,0.0
random_bp,expectation_value,pm_12q_bp_sweep,hea,RX_RY_RZ_CNOT,none,linear,cnot,global,12,8,8,same_entangling_gate_count,3,1,RZ,2,113,layer_003_wire_001_RZ,3,0.002009643023603397,0.00013085848607762046,0.007851734172523562,0.0
random_bp,expectation_value,pm_12q_bp_sweep,hea,RX_RY_RZ_CNOT,none,linear,cnot,global,12,8,8,same_entangling_gate_count,3,2,RX,0,114,layer_003_wire_002_RX,3,-0.0059048879273122514,1.2716724426784107e-06,0.0059048879273122514,0.0
random_bp,expectation_value,pm_12q_bp_sweep,hea,RX_RY_RZ_CNOT,none,linear,cnot,global,12,8,8,same_entangling_gate_count,3,2,RY,1,115,layer_003_wire_002_RY,3,-0.0017447693438209647,1.1191960420963441e-05,0.003067887194145767,0.0
random_bp,expectation_value,pm_12q_bp_sweep,hea,RX_RY_RZ_CNOT,none,linear,cnot,global,12,8,8,same_entangling_gate_count,3,2,RZ,2,116,layer_003_wire_002_RZ,3,0.0004794078740035755,0.00014503397680474102,0.009200773125124033,0.0
random_bp,expectation_value,pm_12q_bp_sweep,hea,RX_RY_RZ_CNOT,none,linear,cnot,global,12,8,8,same_entangling_gate_count,3,3,RX,0,117,layer_003_wire_003_RX,3,-0.005714652678624383,0.00011982540803815521,0.006519408715182103,0.0
random_bp,expectation_value,pm_12q_bp_sweep,hea,RX_RY_RZ_CNOT,none,linear,cnot,global,12,8,8,same_entangling_gate_count,3,3,RY,1,118,layer_003_wire_003_RY,3,-0.005198715374458638,6.84213847083056e-05,0.00564224844360058,0.0
random_bp,expectation_value,pm_12q_bp_sweep,hea,RX_RY_RZ_CNOT,none,linear,cnot,global,12,8,8,same_entangling_gate_count,3,3,RZ,2,119,layer_003_wire_003_RZ,3,0.007360831290684406,7.348561683692115e-05,0.008084198213024174,0.0
random_bp,expectation_value,pm_12q_bp_sweep,hea,RX_RY_RZ_CNOT,none,linear,cnot,global,12,8,8,same_entangling_gate_count,3,4,RX,0,120,layer_003_wire_004_RX,3,-0.007682680107484709,0.00022823388338180038,0.013984567794751828,0.0
random_bp,expectation_value,pm_12q_bp_sweep,hea,RX_RY_RZ_CNOT,none,linear,cnot,global,12,8,8,same_entangling_gate_count,3,4,RY,1,121,layer_003_wire_004_RY,3,-0.004713773233930528,2.325058175405248e-05,0.005234500249418662,0.0
random_bp,expectation_value,pm_12q_bp_sweep,hea,RX_RY_RZ_CNOT,none,linear,cnot,global,12,8,8,same_entangling_gate_count,3,4,RZ,2,122,layer_003_wire_004_RZ,3,0.0022096716449306938,0.0004064274421887126,0.015905713379878957,0.0
random_bp,expectation_value,pm_12q_bp_sweep,hea,RX_RY_RZ_CNOT,none,linear,cnot,global,12,8,8,same_entangling_gate_count,3,5,RX,0,123,layer_003_wire_005_RX,3,-0.0026473486613115067,1.2098192971887114e-07,0.0026473486613115067,0.0
random_bp,expectation_value,pm_12q_bp_sweep,hea,RX_RY_RZ_CNOT,none,linear,cnot,global,12,8,8,same_entangling_gate_count,3,5,RY,1,124,layer_003_wire_005_RY,3,-0.004445885775482401,6.258234815726909e-05,0.006799021899542874,0.0
random_bp,expectation_value,pm_12q_bp_sweep,hea,RX_RY_RZ_CNOT,none,linear,cnot,global,12,8,8,same_entangling_gate_count,3,5,RZ,2,125,layer_003_wire_005_RZ,3,-0.0029596936413927772,1.0225918721732529e-06,0.0029596936413927772,0.0
random_bp,expectation_value,pm_12q_bp_sweep,hea,RX_RY_RZ_CNOT,none,linear,cnot,global,12,8,8,same_entangling_gate_count,3,6,RX,0,126,layer_003_wire_006_RX,3,0.00033216073428485185,6.663726412419091e-05,0.006347281797604173,0.0
random_bp,expectation_value,pm_12q_bp_sweep,hea,RX_RY_RZ_CNOT,none,linear,cnot,global,12,8,8,same_entangling_gate_count,3,6,RY,1,127,layer_003_wire_006_RY,3,0.0007697378478383858,0.00013367308321605704,0.009095126665868276,0.0
random_bp,expectation_value,pm_12q_bp_sweep,hea,RX_RY_RZ_CNOT,none,linear,cnot,global,12,8,8,same_entangling_gate_count,3,6,RZ,2,128,layer_003_wire_006_RZ,3,-0.004854925550708933,7.480055906172308e-05,0.008003910227862737,0.0
random_bp,expectation_value,pm_12q_bp_sweep,hea,RX_RY_RZ_CNOT,none,linear,cnot,global,12,8,8,same_entangling_gate_count,3,7,RX,0,129,layer_003_wire_007_RX,3,0.004041865287903568,0.00014910693432696864,0.00785622219413729,0.0
random_bp,expectation_value,pm_12q_bp_sweep,hea,RX_RY_RZ_CNOT,none,linear,cnot,global,12,8,8,same_entangling_gate_count,3,7,RY,1,130,layer_003_wire_007_RY,3,-0.007424979968397338,4.638953175831512e-05,0.007424979968397337,0.0
random_bp,expectation_value,pm_12q_bp_sweep,hea,RX_RY_RZ_CNOT,none,linear,cnot,global,12,8,8,same_entangling_gate_count,3,7,RZ,2,131,layer_003_wire_007_RZ,3,0.0014518990464699182,3.7772322264703384e-05,0.00511149592982366,0.0
random_bp,expectation_value,pm_12q_bp_sweep,hea,RX_RY_RZ_CNOT,none,linear,cnot,global,12,8,8,same_entangling_gate_count,3,8,RX,0,132,layer_003_wire_008_RX,3,-0.007891451198718176,1.1046209349831276e-05,0.007891451198718176,0.0
random_bp,expectation_value,pm_12q_bp_sweep,hea,RX_RY_RZ_CNOT,none,linear,cnot,global,12,8,8,same_entangling_gate_count,3,8,RY,1,133,layer_003_wire_008_RY,3,-0.008424386356407625,0.00017601727929969946,0.00854007931071835,0.0
random_bp,expectation_value,pm_12q_bp_sweep,hea,RX_RY_RZ_CNOT,none,linear,cnot,global,12,8,8,same_entangling_gate_count,3,8,RZ,2,134,layer_003_wire_008_RZ,3,0.011935970412815352,0.00013832972264091892,0.01193597041281535,0.0
random_bp,expectation_value,pm_12q_bp_sweep,hea,RX_RY_RZ_CNOT,none,linear,cnot,global,12,8,8,same_entangling_gate_count,3,9,RX,0,135,layer_003_wire_009_RX,3,0.0009431222546658932,8.843953146741513e-07,0.0009431222546658932,0.0
random_bp,expectation_value,pm_12q_bp_sweep,hea,RX_RY_RZ_CNOT,none,linear,cnot,global,12,8,8,same_entangling_gate_count,3,9,RY,1,136,layer_003_wire_009_RY,3,0.004449446124957493,0.00035999249663633346,0.013054751774440548,0.0
random_bp,expectation_value,pm_12q_bp_sweep,hea,RX_RY_RZ_CNOT,none,linear,cnot,global,12,8,8,same_entangling_gate_count,3,9,RZ,2,137,layer_003_wire_009_RZ,3,0.003823374316841795,9.983708022658089e-05,0.00629514794454427,0.0
random_bp,expectation_value,pm_12q_bp_sweep,hea,RX_RY_RZ_CNOT,none,linear,cnot,global,12,8,8,same_entangling_gate_count,3,10,RX,0,138,layer_003_wire_010_RX,3,0.0046236758576795305,0.0004973549725053358,0.01760016958890581,0.0
random_bp,expectation_value,pm_12q_bp_sweep,hea,RX_RY_RZ_CNOT,none,linear,cnot,global,12,8,8,same_entangling_gate_count,3,10,RY,1,139,layer_003_wire_010_RY,3,0.00457082376819827,5.9502651739462393e-05,0.005267309994409282,0.0
random_bp,expectation_value,pm_12q_bp_sweep,hea,RX_RY_RZ_CNOT,none,linear,cnot,global,12,8,8,same_entangling_gate_count,3,10,RZ,2,140,layer_003_wire_010_RZ,3,0.00010103406132472119,0.00038808449724087377,0.01351945038234355,0.0
random_bp,expectation_value,pm_12q_bp_sweep,hea,RX_RY_RZ_CNOT,none,linear,cnot,global,12,8,8,same_entangling_gate_count,3,11,RX,0,141,layer_003_wire_011_RX,3,0.0022000642541617323,8.489981368984104e-05,0.006064730910352302,0.0
random_bp,expectation_value,pm_12q_bp_sweep,hea,RX_RY_RZ_CNOT,none,linear,cnot,global,12,8,8,same_entangling_gate_count,3,11,RY,1,142,layer_003_wire_011_RY,3,-0.0127186318595189,7.48438299001479e-05,0.0127186318595189,0.0
random_bp,expectation_value,pm_12q_bp_sweep,hea,RX_RY_RZ_CNOT,none,linear,cnot,global,12,8,8,same_entangling_gate_count,3,11,RZ,2,143,layer_003_wire_011_RZ,3,-0.003580585530218805,2.6001313152425215e-05,0.0036140668125603918,0.0
random_bp,expectation_value,pm_12q_bp_sweep,hea,RX_RY_RZ_CNOT,none,linear,cnot,global,12,8,8,same_entangling_gate_count,4,0,RX,0,144,layer_004_wire_000_RX,3,0.0066464120809884035,1.866818632931512e-05,0.0066464120809884035,0.0
random_bp,expectation_value,pm_12q_bp_sweep,hea,RX_RY_RZ_CNOT,none,linear,cnot,global,12,8,8,same_entangling_gate_count,4,0,RY,1,145,layer_004_wire_000_RY,3,-0.009757435372288717,0.00011370366487124643,0.011080136277544297,0.0
random_bp,expectation_value,pm_12q_bp_sweep,hea,RX_RY_RZ_CNOT,none,linear,cnot,global,12,8,8,same_entangling_gate_count,4,0,RZ,2,146,layer_004_wire_000_RZ,3,-0.004826552452163427,8.103066507545299e-05,0.008166325112680279,0.0
random_bp,expectation_value,pm_12q_bp_sweep,hea,RX_RY_RZ_CNOT,none,linear,cnot,global,12,8,8,same_entangling_gate_count,4,1,RX,0,147,layer_004_wire_001_RX,3,-0.001997733348147823,0.00020914827800896907,0.009932709788847095,0.0
random_bp,expectation_value,pm_12q_bp_sweep,hea,RX_RY_RZ_CNOT,none,linear,cnot,global,12,8,8,same_entangling_gate_count,4,1,RY,1,148,layer_004_wire_001_RY,3,-0.013666996786955495,8.880061899860562e-06,0.013666996786955495,0.0
random_bp,expectation_value,pm_12q_bp_sweep,hea,RX_RY_RZ_CNOT,none,linear,cnot,global,12,8,8,same_entangling_gate_count,4,1,RZ,2,149,layer_004_wire_001_RZ,3,0.0009939216631011918,6.5292991193933276e-06,0.0022962258027306123,0.0
random_bp,expectation_value,pm_12q_bp_sweep,hea,RX_RY_RZ_CNOT,none,linear,cnot,global,12,8,8,same_entangling_gate_count,4,2,RX,0,150,layer_004_wire_002_RX,3,-0.003437007870430112,9.867835302352021e-05,0.008774854597870219,0.0
random_bp,expectation_value,pm_12q_bp_sweep,hea,RX_RY_RZ_CNOT,none,linear,cnot,global,12,8,8,same_entangling_gate_count,4,2,RY,1,151,layer_004_wire_002_RY,3,-0.002565993966966476,5.3744628947760456e-05,0.004968022465209454,0.0
random_bp,expectation_value,pm_12q_bp_sweep,hea,RX_RY_RZ_CNOT,none,linear,cnot,global,12,8,8,same_entangling_gate_count,4,2,RZ,2,152,layer_004_wire_002_RZ,3,-0.0010048992712875311,9.31803329119012e-05,0.007212803431020401,0.0
random_bp,expectation_value,pm_12q_bp_sweep,hea,RX_RY_RZ_CNOT,none,linear,cnot,global,12,8,8,same_entangling_gate_count,4,3,RX,0,153,layer_004_wire_003_RX,3,-0.006014374338511103,2.4185958674104863e-05,0.006014374338511104,0.0
random_bp,expectation_value,pm_12q_bp_sweep,hea,RX_RY_RZ_CNOT,none,linear,cnot,global,12,8,8,same_entangling_gate_count,4,3,RY,1,154,layer_004_wire_003_RY,3,0.0017547715414564955,3.9901953576926294e-05,0.004715424567814099,0.0
random_bp,expectation_value,pm_12q_bp_sweep,hea,RX_RY_RZ_CNOT,none,linear,cnot,global,12,8,8,same_entangling_gate_count,4,3,RZ,2,155,layer_004_wire_003_RZ,3,0.0008188460919936196,6.653569092865053e-05,0.005635958831373096,0.0
random_bp,expectation_value,pm_12q_bp_sweep,hea,RX_RY_RZ_CNOT,none,linear,cnot,global,12,8,8,same_entangling_gate_count,4,4,RX,0,156,layer_004_wire_004_RX,3,0.007023259693292696,6.139572715925073e-05,0.007843522815071682,0.0
random_bp,expectation_value,pm_12q_bp_sweep,hea,RX_RY_RZ_CNOT,none,linear,cnot,global,12,8,8,same_entangling_gate_count,4,4,RY,1,157,layer_004_wire_004_RY,3,0.008425656784825979,0.0005071872299942788,0.016647984222480185,0.0
random_bp,expectation_value,pm_12q_bp_sweep,hea,RX_RY_RZ_CNOT,none,linear,cnot,global,12,8,8,same_entangling_gate_count,4,4,RZ,2,158,layer_004_wire_004_RZ,3,0.0022261014011616693,8.488398338774201e-05,0.006816264455650944,0.0
random_bp,expectation_value,pm_12q_bp_sweep,hea,RX_RY_RZ_CNOT,none,linear,cnot,global,12,8,8,same_entangling_gate_count,4,5,RX,0,159,layer_004_wire_005_RX,3,0.00015487013752135117,2.9346562051931045e-05,0.003882589658613317,0.0
random_bp,expectation_value,pm_12q_bp_sweep,hea,RX_RY_RZ_CNOT,none,linear,cnot,global,12,8,8,same_entangling_gate_count,4,5,RY,1,160,layer_004_wire_005_RY,3,-0.0032330470093755994,1.0371969241422732e-05,0.003233047009375599,0.0
random_bp,expectation_value,pm_12q_bp_sweep,hea,RX_RY_RZ_CNOT,none,linear,cnot,global,12,8,8,same_entangling_gate_count,4,5,RZ,2,161,layer_004_wire_005_RZ,3,0.0067736549793479695,5.0272855821725054e-05,0.0074879360299016096,0.0
random_bp,expectation_value,pm_12q_bp_sweep,hea,RX_RY_RZ_CNOT,none,linear,cnot,global,12,8,8,same_entangling_gate_count,4,6,RX,0,162,layer_004_wire_006_RX,3,0.00015682958316250942,0.0001272450867623578,0.00824858407315113,0.0
random_bp,expectation_value,pm_12q_bp_sweep,hea,RX_RY_RZ_CNOT,none,linear,cnot,global,12,8,8,same_entangling_gate_count,4,6,RY,1,163,layer_004_wire_006_RY,3,-0.00347981422265817,0.00011161912812169693,0.006975052052586718,0.0
random_bp,expectation_value,pm_12q_bp_sweep,hea,RX_RY_RZ_CNOT,none,linear,cnot,global,12,8,8,same_entangling_gate_count,4,6,RZ,2,164,layer_004_wire_006_RZ,3,-0.009603699685774679,2.0098231325839014e-05,0.009603699685774679,0.0
random_bp,expectation_value,pm_12q_bp_sweep,hea,RX_RY_RZ_CNOT,none,linear,cnot,global,12,8,8,same_entangling_gate_count,4,7,RX,0,165,layer_004_wire_007_RX,3,0.009833909704982637,0.0001303479624856953,0.01033870810599931,0.0
random_bp,expectation_value,pm_12q_bp_sweep,hea,RX_RY_RZ_CNOT,none,linear,cnot,global,12,8,8,same_entangling_gate_count,4,7,RY,1,166,layer_004_wire_007_RY,3,-0.006185467204196578,2.8227110954609716e-05,0.006185467204196579,0.0
random_bp,expectation_value,pm_12q_bp_sweep,hea,RX_RY_RZ_CNOT,none,linear,cnot,global,12,8,8,same_entangling_gate_count,4,7,RZ,2,167,layer_004_wire_007_RZ,3,0.010244354074085643,7.520476799479189e-05,0.010244354074085643,0.0
random_bp,expectation_value,pm_12q_bp_sweep,hea,RX_RY_RZ_CNOT,none,linear,cnot,global,12,8,8,same_entangling_gate_count,4,8,RX,0,168,layer_004_wire_008_RX,3,-0.007343164190235313,7.385176558146318e-05,0.007343164190235312,0.0
random_bp,expectation_value,pm_12q_bp_sweep,hea,RX_RY_RZ_CNOT,none,linear,cnot,global,12,8,8,same_entangling_gate_count,4,8,RY,1,169,layer_004_wire_008_RY,3,-0.0031210274305435645,0.000508327663122295,0.01561712204210832,0.0
random_bp,expectation_value,pm_12q_bp_sweep,hea,RX_RY_RZ_CNOT,none,linear,cnot,global,12,8,8,same_entangling_gate_count,4,8,RZ,2,170,layer_004_wire_008_RZ,3,-0.0064701559072100935,9.583272087187794e-05,0.0065831584873098,0.0
random_bp,expectation_value,pm_12q_bp_sweep,hea,RX_RY_RZ_CNOT,none,linear,cnot,global,12,8,8,same_entangling_gate_count,4,9,RX,0,171,layer_004_wire_009_RX,3,0.006126803966192424,0.0001905610023540067,0.011804945777150527,0.0
random_bp,expectation_value,pm_12q_bp_sweep,hea,RX_RY_RZ_CNOT,none,linear,cnot,global,12,8,8,same_entangling_gate_count,4,9,RY,1,172,layer_004_wire_009_RY,3,-0.008701378852807466,3.0859035812580214e-05,0.008701378852807466,0.0
random_bp,expectation_value,pm_12q_bp_sweep,hea,RX_RY_RZ_CNOT,none,linear,cnot,global,12,8,8,same_entangling_gate_count,4,9,RZ,2,173,layer_004_wire_009_RZ,3,0.011891725047314726,4.8263881051531464e-05,0.011891725047314726,0.0
random_bp,expectation_value,pm_12q_bp_sweep,hea,RX_RY_RZ_CNOT,none,linear,cnot,global,12,8,8,same_entangling_gate_count,4,10,RX,0,174,layer_004_wire_010_RX,3,-0.0009166312481451956,0.00014987490526635435,0.009507463418643738,0.0
random_bp,expectation_value,pm_12q_bp_sweep,hea,RX_RY_RZ_CNOT,none,linear,cnot,global,12,8,8,same_entangling_gate_count,4,10,RY,1,175,layer_004_wire_010_RY,3,-0.009828350292999628,0.00015841307100346086,0.009828350292999628,0.0
random_bp,expectation_value,pm_12q_bp_sweep,hea,RX_RY_RZ_CNOT,none,linear,cnot,global,12,8,8,same_entangling_gate_count,4,10,RZ,2,176,layer_004_wire_010_RZ,3,0.005141210306279373,0.000287196190975316,0.014261998973958717,0.0
random_bp,expectation_value,pm_12q_bp_sweep,hea,RX_RY_RZ_CNOT,none,linear,cnot,global,12,8,8,same_entangling_gate_count,4,11,RX,0,177,layer_004_wire_011_RX,3,-0.00303936018775422,0.0001932084696597442,0.011636088140259715,0.0
random_bp,expectation_value,pm_12q_bp_sweep,hea,RX_RY_RZ_CNOT,none,linear,cnot,global,12,8,8,same_entangling_gate_count,4,11,RY,1,178,layer_004_wire_011_RY,3,0.0017251020765029015,6.483736164915688e-06,0.0025095296147205955,0.0
random_bp,expectation_value,pm_12q_bp_sweep,hea,RX_RY_RZ_CNOT,none,linear,cnot,global,12,8,8,same_entangling_gate_count,4,11,RZ,2,179,layer_004_wire_011_RZ,3,0.0037734509287065286,0.00016351768615946024,0.010959181607768513,0.0
random_bp,expectation_value,pm_12q_bp_sweep,hea,RX_RY_RZ_CNOT,none,linear,cnot,global,12,8,8,same_entangling_gate_count,5,0,RX,0,180,layer_005_wire_000_RX,3,-0.0044246964204743885,7.965885193813588e-05,0.006656862433089598,0.0
random_bp,expectation_value,pm_12q_bp_sweep,hea,RX_RY_RZ_CNOT,none,linear,cnot,global,12,8,8,same_entangling_gate_count,5,0,RY,1,181,layer_005_wire_000_RY,3,0.002973353762920537,7.820618569001357e-05,0.006003826154652174,0.0
random_bp,expectation_value,pm_12q_bp_sweep,hea,RX_RY_RZ_CNOT,none,linear,cnot,global,12,8,8,same_entangling_gate_count,5,0,RZ,2,182,layer_005_wire_000_RZ,3,-0.0035669917728645747,0.00010711658759741545,0.007763010795329863,0.0
random_bp,expectation_value,pm_12q_bp_sweep,hea,RX_RY_RZ_CNOT,none,linear,cnot,global,12,8,8,same_entangling_gate_count,5,1,RX,0,183,layer_005_wire_001_RX,3,0.007578117140952128,0.00012637420105072366,0.009307831581941558,0.0
random_bp,expectation_value,pm_12q_bp_sweep,hea,RX_RY_RZ_CNOT,none,linear,cnot,global,12,8,8,same_entangling_gate_count,5,1,RY,1,184,layer_005_wire_001_RY,3,-0.0067547021819632826,0.00020611181113375536,0.008771802671366308,0.0
random_bp,expectation_value,pm_12q_bp_sweep,hea,RX_RY_RZ_CNOT,none,linear,cnot,global,12,8,8,same_entangling_gate_count,5,1,RZ,2,185,layer_005_wire_001_RZ,3,-0.0016149989730286068,1.8732270027717904e-05,0.003558831033921104,0.0
random_bp,expectation_value,pm_12q_bp_sweep,hea,RX_RY_RZ_CNOT,none,linear,cnot,global,12,8,8,same_entangling_gate_count,5,2,RX,0,186,layer_005_wire_002_RX,3,0.0023068925787371637,0.00020077121272118605,0.011477732967477715,0.0
random_bp,expectation_value,pm_12q_bp_sweep,hea,RX_RY_RZ_CNOT,none,linear,cnot,global,12,8,8,same_entangling_gate_count,5,2,RY,1,187,layer_005_wire_002_RY,3,-0.003638664915596711,1.7676904050919383e-06,0.003638664915596711,0.0
random_bp,expectation_value,pm_12q_bp_sweep,hea,RX_RY_RZ_CNOT,none,linear,cnot,global,12,8,8,same_entangling_gate_count,5,2,RZ,2,188,layer_005_wire_002_RZ,3,0.00906827184900707,0.00011556431428958345,0.011119742526470537,0.0
random_bp,expectation_value,pm_12q_bp_sweep,hea,RX_RY_RZ_CNOT,none,linear,cnot,global,12,8,8,same_entangling_gate_count,5,3,RX,0,189,layer_005_wire_003_RX,3,0.0015007132846995837,0.00013367082642015655,0.00835641969013381,0.0
random_bp,expectation_value,pm_12q_bp_sweep,hea,RX_RY_RZ_CNOT,none,linear,cnot,global,12,8,8,same_entangling_gate_count,5,3,RY,1,190,layer_005_wire_003_RY,3,-0.007125636030178894,0.00023491588620212897,0.013722385872499491,0.0
random_bp,expectation_value,pm_12q_bp_sweep,hea,RX_RY_RZ_CNOT,none,linear,cnot,global,12,8,8,same_entangling_gate_count,5,3,RZ,2,191,layer_005_wire_003_RZ,3,-0.0022453261255831643,0.00011270243949922378,0.0074061390872374065,0.0
random_bp,expectation_value,pm_12q_bp_sweep,hea,RX_RY_RZ_CNOT,none,linear,cnot,global,12,8,8,same_entangling_gate_count,5,4,RX,0,192,layer_005_wire_004_RX,3,0.0005314938574983868,7.583112250101726e-05,0.00597003096448536,0.0
random_bp,expectation_value,pm_12q_bp_sweep,hea,RX_RY_RZ_CNOT,none,linear,cnot,global,12,8,8,same_entangling_gate_count,5,4,RY,1,193,layer_005_wire_004_RY,3,-0.005224094816353437,0.00023635201707115095,0.011639842040300196,0.0
random_bp,expectation_value,pm_12q_bp_sweep,hea,RX_RY_RZ_CNOT,none,linear,cnot,global,12,8,8,same_entangling_gate_count,5,4,RZ,2,194,layer_005_wire_004_RZ,3,0.008824193910720313,8.712268297637317e-05,0.008824193910720314,0.0
random_bp,expectation_value,pm_12q_bp_sweep,hea,RX_RY_RZ_CNOT,none,linear,cnot,global,12,8,8,same_entangling_gate_count,5,5,RX,0,195,layer_005_wire_005_RX,3,-0.007980146182136362,0.0001287329647683145,0.010174013938531162,0.0
random_bp,expectation_value,pm_12q_bp_sweep,hea,RX_RY_RZ_CNOT,none,linear,cnot,global,12,8,8,same_entangling_gate_count,5,5,RY,1,196,layer_005_wire_005_RY,3,0.008044482422043387,1.6306346146868733e-05,0.008044482422043387,0.0
random_bp,expectation_value,pm_12q_bp_sweep,hea,RX_RY_RZ_CNOT,none,linear,cnot,global,12,8,8,same_entangling_gate_count,5,5,RZ,2,197,layer_005_wire_005_RZ,3,0.006609947059041458,8.573068014735293e-05,0.008902352293752216,0.0
random_bp,expectation_value,pm_12q_bp_sweep,hea,RX_RY_RZ_CNOT,none,linear,cnot,global,12,8,8,same_entangling_gate_count,5,6,RX,0,198,layer_005_wire_006_RX,3,-0.009057485334628431,3.028175073265977e-05,0.009057485334628431,0.0
random_bp,expectation_value,pm_12q_bp_sweep,hea,RX_RY_RZ_CNOT,none,linear,cnot,global,12,8,8,same_entangling_gate_count,5,6,RY,1,199,layer_005_wire_006_RY,3,0.007819004614137641,8.297986103431163e-05,0.00781900461413764,0.0
random_bp,expectation_value,pm_12q_bp_sweep,hea,RX_RY_RZ_CNOT,none,linear,cnot,global,12,8,8,same_entangling_gate_count,5,6,RZ,2,200,layer_005_wire_006_RZ,3,0.00017044228437569875,2.038390278832509e-05,0.0032171626920458572,0.0
random_bp,expectation_value,pm_12q_bp_sweep,hea,RX_RY_RZ_CNOT,none,linear,cnot,global,12,8,8,same_entangling_gate_count,5,7,RX,0,201,layer_005_wire_007_RX,3,-0.005637861176910106,2.2587034336862837e-05,0.005637861176910106,0.0
random_bp,expectation_value,pm_12q_bp_sweep,hea,RX_RY_RZ_CNOT,none,linear,cnot,global,12,8,8,same_entangling_gate_count,5,7,RY,1,202,layer_005_wire_007_RY,3,1.3041657891711743e-05,4.543391461010802e-07,0.000508407189560219,0.0
random_bp,expectation_value,pm_12q_bp_sweep,hea,RX_RY_RZ_CNOT,none,linear,cnot,global,12,8,8,same_entangling_gate_count,5,7,RZ,2,203,layer_005_wire_007_RZ,3,0.013173587250005045,8.800053302099062e-05,0.013173587250005045,0.0
random_bp,expectation_value,pm_12q_bp_sweep,hea,RX_RY_RZ_CNOT,none,linear,cnot,global,12,8,8,same_entangling_gate_count,5,8,RX,0,204,layer_005_wire_008_RX,3,0.0011770725789694925,0.0001716340412366501,0.010298880035491467,0.0
random_bp,expectation_value,pm_12q_bp_sweep,hea,RX_RY_RZ_CNOT,none,linear,cnot,global,12,8,8,same_entangling_gate_count,5,8,RY,1,205,layer_005_wire_008_RY,3,-0.0028487106308710828,1.853371516799182e-05,0.0032624061927407355,0.0
random_bp,expectation_value,pm_12q_bp_sweep,hea,RX_RY_RZ_CNOT,none,linear,cnot,global,12,8,8,same_entangling_gate_count,5,8,RZ,2,206,layer_005_wire_008_RZ,3,0.003573168900305556,8.428343660294165e-05,0.007706525726602429,0.0
random_bp,expectation_value,pm_12q_bp_sweep,hea,RX_RY_RZ_CNOT,none,linear,cnot,global,12,8,8,same_entangling_gate_count,5,9,RX,0,207,layer_005_wire_009_RX,3,-0.0034223271455662094,3.4919486540319774e-05,0.004208790950705045,0.0
random_bp,expectation_value,pm_12q_bp_sweep,hea,RX_RY_RZ_CNOT,none,linear,cnot,global,12,8,8,same_entangling_gate_count,5,9,RY,1,208,layer_005_wire_009_RY,3,0.003937407416497165,4.157541459924813e-05,0.006160143005818334,0.0
random_bp,expectation_value,pm_12q_bp_sweep,hea,RX_RY_RZ_CNOT,none,linear,cnot,global,12,8,8,same_entangling_gate_count,5,9,RZ,2,209,layer_005_wire_009_RZ,3,0.010641630757825732,7.360192896216338e-05,0.010641630757825732,0.0
random_bp,expectation_value,pm_12q_bp_sweep,hea,RX_RY_RZ_CNOT,none,linear,cnot,global,12,8,8,same_entangling_gate_count,5,10,RX,0,210,layer_005_wire_010_RX,3,-0.0056567687912306855,8.314330785904926e-05,0.0071026954840131065,0.0
random_bp,expectation_value,pm_12q_bp_sweep,hea,RX_RY_RZ_CNOT,none,linear,cnot,global,12,8,8,same_entangling_gate_count,5,10,RY,1,211,layer_005_wire_010_RY,3,0.004455726932988382,0.00014983172252331143,0.008630008423659056,0.0
random_bp,expectation_value,pm_12q_bp_sweep,hea,RX_RY_RZ_CNOT,none,linear,cnot,global,12,8,8,same_entangling_gate_count,5,10,RZ,2,212,layer_005_wire_010_RZ,3,-0.00257815764749805,0.0005600078256337937,0.017293814598522677,0.0
random_bp,expectation_value,pm_12q_bp_sweep,hea,RX_RY_RZ_CNOT,none,linear,cnot,global,12,8,8,same_entangling_gate_count,5,11,RX,0,213,layer_005_wire_011_RX,3,-0.0030674253705415566,6.4453610397624e-05,0.0065266452450675775,0.0
random_bp,expectation_value,pm_12q_bp_sweep,hea,RX_RY_RZ_CNOT,none,linear,cnot,global,12,8,8,same_entangling_gate_count,5,11,RY,1,214,layer_005_wire_011_RY,3,0.01610382058451061,0.00016039739443565957,0.01610382058451061,0.0
random_bp,expectation_value,pm_12q_bp_sweep,hea,RX_RY_RZ_CNOT,none,linear,cnot,global,12,8,8,same_entangling_gate_count,5,11,RZ,2,215,layer_005_wire_011_RZ,3,-0.010740308524907623,2.0305709808379797e-05,0.010740308524907623,0.0
random_bp,expectation_value,pm_12q_bp_sweep,hea,RX_RY_RZ_CNOT,none,linear,cnot,global,12,8,8,same_entangling_gate_count,6,0,RX,0,216,layer_006_wire_000_RX,3,-0.003324456754274123,2.337071181905678e-05,0.004785409376904638,0.0
random_bp,expectation_value,pm_12q_bp_sweep,hea,RX_RY_RZ_CNOT,none,linear,cnot,global,12,8,8,same_entangling_gate_count,6,0,RY,1,217,layer_006_wire_000_RY,3,-0.002256349145021949,0.0006269874058633278,0.017139702544844152,0.0
random_bp,expectation_value,pm_12q_bp_sweep,hea,RX_RY_RZ_CNOT,none,linear,cnot,global,12,8,8,same_entangling_gate_count,6,0,RZ,2,218,layer_006_wire_000_RZ,3,-3.669690226177738e-18,6.710071999504895e-35,6.052895672597085e-18,1.0
random_bp,expectation_value,pm_12q_bp_sweep,hea,RX_RY_RZ_CNOT,none,linear,cnot,global,12,8,8,same_entangling_gate_count,6,1,RX,0,219,layer_006_wire_001_RX,3,0.00011258583710977398,0.00033517388830033013,0.013671133368421117,0.0
random_bp,expectation_value,pm_12q_bp_sweep,hea,RX_RY_RZ_CNOT,none,linear,cnot,global,12,8,8,same_entangling_gate_count,6,1,RY,1,220,layer_006_wire_001_RY,3,0.0032724374981716164,0.00011123648986679982,0.006988856970542435,0.0
random_bp,expectation_value,pm_12q_bp_sweep,hea,RX_RY_RZ_CNOT,none,linear,cnot,global,12,8,8,same_entangling_gate_count,6,1,RZ,2,221,layer_006_wire_001_RZ,3,-0.0028981625992188947,0.00017399380043848722,0.011101081457964805,0.0
random_bp,expectation_value,pm_12q_bp_sweep,hea,RX_RY_RZ_CNOT,none,linear,cnot,global,12,8,8,same_entangling_gate_count,6,2,RX,0,222,layer_006_wire_002_RX,3,0.0035052923146625488,6.252814830637644e-05,0.006473469053478354,0.0
random_bp,expectation_value,pm_12q_bp_sweep,hea,RX_RY_RZ_CNOT,none,linear,cnot,global,12,8,8,same_entangling_gate_count,6,2,RY,1,223,layer_006_wire_002_RY,3,-0.004974820667184915,9.189640444352896e-05,0.008284981918648519,0.0
random_bp,expectation_value,pm_12q_bp_sweep,hea,RX_RY_RZ_CNOT,none,linear,cnot,global,12,8,8,same_entangling_gate_count,6,2,RZ,2,224,layer_006_wire_002_RZ,3,-0.004359616000245141,8.519902273163959e-05,0.00785136283273632,0.0
random_bp,expectation_value,pm_12q_bp_sweep,hea,RX_RY_RZ_CNOT,none,linear,cnot,global,12,8,8,same_entangling_gate_count,6,3,RX,0,225,layer_006_wire_003_RX,3,0.0073904335043786405,5.8368603222043504e-05,0.0073904335043786405,0.0
random_bp,expectation_value,pm_12q_bp_sweep,hea,RX_RY_RZ_CNOT,none,linear,cnot,global,12,8,8,same_entangling_gate_count,6,3,RY,1,226,layer_006_wire_003_RY,3,0.009413653626703579,6.685204718232275e-05,0.009413653626703579,0.0
random_bp,expectation_value,pm_12q_bp_sweep,hea,RX_RY_RZ_CNOT,none,linear,cnot,global,12,8,8,same_entangling_gate_count,6,3,RZ,2,227,layer_006_wire_003_RZ,3,-0.0011638701470964158,0.00026750283265936493,0.011981351074900115,0.0
random_bp,expectation_value,pm_12q_bp_sweep,hea,RX_RY_RZ_CNOT,none,linear,cnot,global,12,8,8,same_entangling_gate_count,6,4,RX,0,228,layer_006_wire_004_RX,3,0.004876253426321671,2.4916897749913658e-05,0.004876253426321671,0.0
random_bp,expectation_value,pm_12q_bp_sweep,hea,RX_RY_RZ_CNOT,none,linear,cnot,global,12,8,8,same_entangling_gate_count,6,4,RY,1,229,layer_006_wire_004_RY,3,-0.00735390688122735,5.5767620911303896e-05,0.007912650895275678,0.0
random_bp,expectation_value,pm_12q_bp_sweep,hea,RX_RY_RZ_CNOT,none,linear,cnot,global,12,8,8,same_entangling_gate_count,6,4,RZ,2,230,layer_006_wire_004_RZ,3,0.008264605045341347,0.00021588324654280374,0.011147006434914578,0.0
random_bp,expectation_value,pm_12q_bp_sweep,hea,RX_RY_RZ_CNOT,none,linear,cnot,global,12,8,8,same_entangling_gate_count,6,5,RX,0,231,layer_006_wire_005_RX,3,0.001824576509312437,3.287347536482206e-05,0.004628733430985793,0.0
random_bp,expectation_value,pm_12q_bp_sweep,hea,RX_RY_RZ_CNOT,none,linear,cnot,global,12,8,8,same_entangling_gate_count,6,5,RY,1,232,layer_006_wire_005_RY,3,0.0038607812664452575,3.986526927899084e-05,0.00435460223669166,0.0
random_bp,expectation_value,pm_12q_bp_sweep,hea,RX_RY_RZ_CNOT,none,linear,cnot,global,12,8,8,same_entangling_gate_count,6,5,RZ,2,233,layer_006_wire_005_RZ,3,-0.0025982640899751275,0.0003179551948332289,0.01196011204541024,0.0
random_bp,expectation_value,pm_12q_bp_sweep,hea,RX_RY_RZ_CNOT,none,linear,cnot,global,12,8,8,same_entangling_gate_count,6,6,RX,0,234,layer_006_wire_006_RX,3,-0.003346192499894148,4.103149408354006e-05,0.005408332634723589,0.0
random_bp,expectation_value,pm_12q_bp_sweep,hea,RX_RY_RZ_CNOT,none,linear,cnot,global,12,8,8,same_entangling_gate_count,6,6,RY,1,235,layer_006_wire_006_RY,3,0.007603650699671564,6.741563779748033e-05,0.008842789387117892,0.0
random_bp,expectation_value,pm_12q_bp_sweep,hea,RX_RY_RZ_CNOT,none,linear,cnot,global,12,8,8,same_entangling_gate_count,6,6,RZ,2,236,layer_006_wire_006_RZ,3,0.0011212390953153186,0.00019833888560327577,0.010897724004586851,0.0
random_bp,expectation_value,pm_12q_bp_sweep,hea,RX_RY_RZ_CNOT,none,linear,cnot,global,12,8,8,same_entangling_gate_count,6,7,RX,0,237,layer_006_wire_007_RX,3,0.010327111874209023,6.117049144592856e-05,0.010327111874209023,0.0
random_bp,expectation_value,pm_12q_bp_sweep,hea,RX_RY_RZ_CNOT,none,linear,cnot,global,12,8,8,same_entangling_gate_count,6,7,RY,1,238,layer_006_wire_007_RY,3,-0.0035517078732122433,6.97115612807353e-05,0.0053689750621971595,0.0
random_bp,expectation_value,pm_12q_bp_sweep,hea,RX_RY_RZ_CNOT,none,linear,cnot,global,12,8,8,same_entangling_gate_count,6,7,RZ,2,239,layer_006_wire_007_RZ,3,-0.005888760327585423,5.221913090161161e-05,0.005888760327585424,0.0
random_bp,expectation_value,pm_12q_bp_sweep,hea,RX_RY_RZ_CNOT,none,linear,cnot,global,12,8,8,same_entangling_gate_count,6,8,RX,0,240,layer_006_wire_008_RX,3,-0.007076374210932079,1.937176652649782e-05,0.007076374210932078,0.0
random_bp,expectation_value,pm_12q_bp_sweep,hea,RX_RY_RZ_CNOT,none,linear,cnot,global,12,8,8,same_entangling_gate_count,6,8,RY,1,241,layer_006_wire_008_RY,3,0.009483597532983565,3.7529235911396964e-05,0.009483597532983565,0.0
random_bp,expectation_value,pm_12q_bp_sweep,hea,RX_RY_RZ_CNOT,none,linear,cnot,global,12,8,8,same_entangling_gate_count,6,8,RZ,2,242,layer_006_wire_008_RZ,3,-0.0018378741005474878,1.556666137816463e-05,0.0024150212090058207,0.0
random_bp,expectation_value,pm_12q_bp_sweep,hea,RX_RY_RZ_CNOT,none,linear,cnot,global,12,8,8,same_entangling_gate_count,6,9,RX,0,243,layer_006_wire_009_RX,3,-0.00840741399434896,4.2968541866983974e-05,0.00840741399434896,0.0
random_bp,expectation_value,pm_12q_bp_sweep,hea,RX_RY_RZ_CNOT,none,linear,cnot,global,12,8,8,same_entangling_gate_count,6,9,RY,1,244,layer_006_wire_009_RY,3,0.0006019070235955607,9.812568812239878e-05,0.007645001968751706,0.0
random_bp,expectation_value,pm_12q_bp_sweep,hea,RX_RY_RZ_CNOT,none,linear,cnot,global,12,8,8,same_entangling_gate_count,6,9,RZ,2,245,layer_006_wire_009_RZ,3,-0.005556320465349776,8.553908989589328e-05,0.007119921259984209,0.0
random_bp,expectation_value,pm_12q_bp_sweep,hea,RX_RY_RZ_CNOT,none,linear,cnot,global,12,8,8,same_entangling_gate_count,6,10,RX,0,246,layer_006_wire_010_RX,3,0.00946479193103885,7.611683263870239e-05,0.00946479193103885,0.0
random_bp,expectation_value,pm_12q_bp_sweep,hea,RX_RY_RZ_CNOT,none,linear,cnot,global,12,8,8,same_entangling_gate_count,6,10,RY,1,247,layer_006_wire_010_RY,3,0.00030903487439851163,4.6121469813193667e-05,0.00460602555677186,0.0
random_bp,expectation_value,pm_12q_bp_sweep,hea,RX_RY_RZ_CNOT,none,linear,cnot,global,12,8,8,same_entangling_gate_count,6,10,RZ,2,248,layer_006_wire_010_RZ,3,0.010963346537343198,0.00022032439263187334,0.01388428369609983,0.0
random_bp,expectation_value,pm_12q_bp_sweep,hea,RX_RY_RZ_CNOT,none,linear,cnot,global,12,8,8,same_entangling_gate_count,6,11,RX,0,249,layer_006_wire_011_RX,3,-0.0018235381915650073,0.00012510953041874835,0.00843534042372316,0.0
random_bp,expectation_value,pm_12q_bp_sweep,hea,RX_RY_RZ_CNOT,none,linear,cnot,global,12,8,8,same_entangling_gate_count,6,11,RY,1,250,layer_006_wire_011_RY,3,-0.002346648669808374,0.0001553358539427785,0.008805231711810581,0.0
random_bp,expectation_value,pm_12q_bp_sweep,hea,RX_RY_RZ_CNOT,none,linear,cnot,global,12,8,8,same_entangling_gate_count,6,11,RZ,2,251,layer_006_wire_011_RZ,3,0.0039828463561635856,8.687152081358683e-05,0.00756000430105194,0.0
random_bp,expectation_value,pm_12q_bp_sweep,hea,RX_RY_RZ_CNOT,none,linear,cnot,global,12,8,8,same_entangling_gate_count,7,0,RX,0,252,layer_007_wire_000_RX,3,3.0899761915836876e-18,4.5988277740044943e-35,5.077680174473779e-18,1.0
random_bp,expectation_value,pm_12q_bp_sweep,hea,RX_RY_RZ_CNOT,none,linear,cnot,global,12,8,8,same_entangling_gate_count,7,0,RY,1,253,layer_007_wire_000_RY,3,-1.0715531471398403e-17,1.0316236380678962e-34,1.0715531471398402e-17,1.0
random_bp,expectation_value,pm_12q_bp_sweep,hea,RX_RY_RZ_CNOT,none,linear,cnot,global,12,8,8,same_entangling_gate_count,7,0,RZ,2,254,layer_007_wire_000_RZ,3,2.5438558711482423e-18,1.2463906767931015e-34,7.913312383664213e-18,1.0
random_bp,expectation_value,pm_12q_bp_sweep,hea,RX_RY_RZ_CNOT,none,linear,cnot,global,12,8,8,same_entangling_gate_count,7,1,RX,0,255,layer_007_wire_001_RX,3,0.01095093590242481,0.00011248924020565955,0.011252979178201122,0.0
random_bp,expectation_value,pm_12q_bp_sweep,hea,RX_RY_RZ_CNOT,none,linear,cnot,global,12,8,8,same_entangling_gate_count,7,1,RY,1,256,layer_007_wire_001_RY,3,0.006978630206477012,0.00020435442874472922,0.00864926034238763,0.0
random_bp,expectation_value,pm_12q_bp_sweep,hea,RX_RY_RZ_CNOT,none,linear,cnot,global,12,8,8,same_entangling_gate_count,7,1,RZ,2,257,layer_007_wire_001_RZ,3,9.223927928306873e-19,1.9053046856496142e-34,1.0581229248873002e-17,1.0
random_bp,expectation_value,pm_12q_bp_sweep,hea,RX_RY_RZ_CNOT,none,linear,cnot,global,12,8,8,same_entangling_gate_count,7,2,RX,0,258,layer_007_wire_002_RX,3,-1.3371826793987889e-18,4.141658429397193e-36,1.9154238380577246e-18,1.0
random_bp,expectation_value,pm_12q_bp_sweep,hea,RX_RY_RZ_CNOT,none,linear,cnot,global,12,8,8,same_entangling_gate_count,7,2,RY,1,259,layer_007_wire_002_RY,3,-2.421384851884293e-18,2.9661640785749056e-36,2.421384851884293e-18,1.0
random_bp,expectation_value,pm_12q_bp_sweep,hea,RX_RY_RZ_CNOT,none,linear,cnot,global,12,8,8,same_entangling_gate_count,7,2,RZ,2,260,layer_007_wire_002_RZ,3,4.265304768635367e-18,2.5508636191441103e-35,4.9856327033379134e-18,1.0
random_bp,expectation_value,pm_12q_bp_sweep,hea,RX_RY_RZ_CNOT,none,linear,cnot,global,12,8,8,same_entangling_gate_count,7,3,RX,0,261,layer_007_wire_003_RX,3,-0.004908860895684222,3.421080681935873e-05,0.005996027199966604,0.0
random_bp,expectation_value,pm_12q_bp_sweep,hea,RX_RY_RZ_CNOT,none,linear,cnot,global,12,8,8,same_entangling_gate_count,7,3,RY,1,262,layer_007_wire_003_RY,3,-0.0007705546456254679,0.00021816749363240398,0.010412873096853967,0.0
random_bp,expectation_value,pm_12q_bp_sweep,hea,RX_RY_RZ_CNOT,none,linear,cnot,global,12,8,8,same_entangling_gate_count,7,3,RZ,2,263,layer_007_wire_003_RZ,3,3.1969213779414324e-18,8.182780050786663e-35,7.914425173063544e-18,1.0
random_bp,expectation_value,pm_12q_bp_sweep,hea,RX_RY_RZ_CNOT,none,linear,cnot,global,12,8,8,same_entangling_gate_count,7,4,RX,0,264,layer_007_wire_004_RX,3,-1.0444480928277026e-17,3.9312449406000037e-35,1.0444480928277026e-17,1.0
random_bp,expectation_value,pm_12q_bp_sweep,hea,RX_RY_RZ_CNOT,none,linear,cnot,global,12,8,8,same_entangling_gate_count,7,4,RY,1,265,layer_007_wire_004_RY,3,2.8912057932946786e-18,2.58295292020684e-35,3.469446951953614e-18,1.0
random_bp,expectation_value,pm_12q_bp_sweep,hea,RX_RY_RZ_CNOT,none,linear,cnot,global,12,8,8,same_entangling_gate_count,7,4,RZ,2,266,layer_007_wire_004_RZ,3,-9.24700553576746e-19,3.244215172943296e-35,4.049913948007765e-18,1.0
random_bp,expectation_value,pm_12q_bp_sweep,hea,RX_RY_RZ_CNOT,none,linear,cnot,global,12,8,8,same_entangling_gate_count,7,5,RX,0,267,layer_007_wire_005_RX,3,-0.00426399602308402,1.3090431325902366e-05,0.00426399602308402,0.0
random_bp,expectation_value,pm_12q_bp_sweep,hea,RX_RY_RZ_CNOT,none,linear,cnot,global,12,8,8,same_entangling_gate_count,7,5,RY,1,268,layer_007_wire_005_RY,3,-0.0017071212386502808,0.00036882119136757557,0.013378738371047354,0.0
random_bp,expectation_value,pm_12q_bp_sweep,hea,RX_RY_RZ_CNOT,none,linear,cnot,global,12,8,8,same_entangling_gate_count,7,5,RZ,2,269,layer_007_wire_005_RZ,3,3.060953921364105e-18,4.4785355130948206e-35,4.122423649912398e-18,1.0
random_bp,expectation_value,pm_12q_bp_sweep,hea,RX_RY_RZ_CNOT,none,linear,cnot,global,12,8,8,same_entangling_gate_count,7,6,RX,0,270,layer_007_wire_006_RX,3,-1.9109063290057016e-18,3.290116852455425e-35,4.80211212230038e-18,1.0
random_bp,expectation_value,pm_12q_bp_sweep,hea,RX_RY_RZ_CNOT,none,linear,cnot,global,12,8,8,same_entangling_gate_count,7,6,RY,1,271,layer_007_wire_006_RY,3,3.6140072416183488e-19,5.2818879496948116e-36,1.5178830414797062e-18,1.0
random_bp,expectation_value,pm_12q_bp_sweep,hea,RX_RY_RZ_CNOT,none,linear,cnot,global,12,8,8,same_entangling_gate_count,7,6,RZ,2,272,layer_007_wire_006_RZ,3,1.8986471784338296e-18,7.271658800646322e-35,6.805984798922891e-18,1.0
random_bp,expectation_value,pm_12q_bp_sweep,hea,RX_RY_RZ_CNOT,none,linear,cnot,global,12,8,8,same_entangling_gate_count,7,7,RX,0,273,layer_007_wire_007_RX,3,-0.0016465673948023681,0.00024617724983106294,0.011210679587817038,0.0
random_bp,expectation_value,pm_12q_bp_sweep,hea,RX_RY_RZ_CNOT,none,linear,cnot,global,12,8,8,same_entangling_gate_count,7,7,RY,1,274,layer_007_wire_007_RY,3,0.0002485908601592736,0.00015115839985739132,0.008292026014418212,0.0
random_bp,expectation_value,pm_12q_bp_sweep,hea,RX_RY_RZ_CNOT,none,linear,cnot,global,12,8,8,same_entangling_gate_count,7,7,RZ,2,275,layer_007_wire_007_RZ,3,9.842556207184275e-19,1.2857245532670689e-35,3.032889155532794e-18,1.0
random_bp,expectation_value,pm_12q_bp_sweep,hea,RX_RY_RZ_CNOT,none,linear,cnot,global,12,8,8,same_entangling_gate_count,7,8,RX,0,276,layer_007_wire_008_RX,3,5.195135409826375e-18,1.7282215903651837e-36,5.195135409826375e-18,1.0
random_bp,expectation_value,pm_12q_bp_sweep,hea,RX_RY_RZ_CNOT,none,linear,cnot,global,12,8,8,same_entangling_gate_count,7,8,RY,1,277,layer_007_wire_008_RY,3,5.5881586973523705e-18,1.0337450380291458e-34,9.156990848450489e-18,1.0
random_bp,expectation_value,pm_12q_bp_sweep,hea,RX_RY_RZ_CNOT,none,linear,cnot,global,12,8,8,same_entangling_gate_count,7,8,RZ,2,278,layer_007_wire_008_RZ,3,-2.5301657930079096e-18,1.6710585468318214e-35,2.610577068358165e-18,1.0
random_bp,expectation_value,pm_12q_bp_sweep,hea,RX_RY_RZ_CNOT,none,linear,cnot,global,12,8,8,same_entangling_gate_count,7,9,RX,0,279,layer_007_wire_009_RX,3,0.005322710133969436,9.776543536123939e-05,0.006939109775881077,0.0
random_bp,expectation_value,pm_12q_bp_sweep,hea,RX_RY_RZ_CNOT,none,linear,cnot,global,12,8,8,same_entangling_gate_count,7,9,RY,1,280,layer_007_wire_009_RY,3,0.010132894294788022,1.9865675879273664e-05,0.010132894294788022,0.0
random_bp,expectation_value,pm_12q_bp_sweep,hea,RX_RY_RZ_CNOT,none,linear,cnot,global,12,8,8,same_entangling_gate_count,7,9,RZ,2,281,layer_007_wire_009_RZ,3,-8.82704023977238e-19,1.7074589922094456e-35,3.2781203275800454e-18,1.0
random_bp,expectation_value,pm_12q_bp_sweep,hea,RX_RY_RZ_CNOT,none,linear,cnot,global,12,8,8,same_entangling_gate_count,7,10,RX,0,282,layer_007_wire_010_RX,3,1.2179204404253833e-17,2.7087308157448247e-35,1.2179204404253833e-17,1.0
random_bp,expectation_value,pm_12q_bp_sweep,hea,RX_RY_RZ_CNOT,none,linear,cnot,global,12,8,8,same_entangling_gate_count,7,10,RY,1,283,layer_007_wire_010_RY,3,-9.86623976961809e-18,7.660696684308848e-35,1.0010800059282824e-17,1.0
random_bp,expectation_value,pm_12q_bp_sweep,hea,RX_RY_RZ_CNOT,none,linear,cnot,global,12,8,8,same_entangling_gate_count,7,10,RZ,2,284,layer_007_wire_010_RZ,3,6.081975533166639e-18,4.882864285898575e-35,6.08197553316664e-18,1.0
random_bp,expectation_value,pm_12q_bp_sweep,hea,RX_RY_RZ_CNOT,none,linear,cnot,global,12,8,8,same_entangling_gate_count,7,11,RX,0,285,layer_007_wire_011_RX,3,0.004480556731915631,1.2147442200693391e-05,0.0044805567319156315,0.0
random_bp,expectation_value,pm_12q_bp_sweep,hea,RX_RY_RZ_CNOT,none,linear,cnot,global,12,8,8,same_entangling_gate_count,7,11,RY,1,286,layer_007_wire_011_RY,3,-0.0007125183945179024,7.421352663414053e-05,0.0068637857581725845,0.0
random_bp,expectation_value,pm_12q_bp_sweep,hea,RX_RY_RZ_CNOT,none,linear,cnot,global,12,8,8,same_entangling_gate_count,7,11,RZ,2,287,layer_007_wire_011_RZ,3,-7.225281678153245e-18,1.6475743024835214e-34,1.0646732518612559e-17,1.0
